pdf_file;page;group;label;pattern;context
/Users/programming/PycharmProjects/Find_Bibliography_NEw/data/azk_library/langmaier-konstantin-m__17.pdf;1;series;MAGZ (Mitteilungen der Antiquarischen Gesellschaft in Zürich);mitteilungen[\s \-]+der[\s \-]+antiquarischen[\s \-]+gesellschaft[\s \-]+in[\s \-]+z[üu]rich;Zeitschrift: Mitteilungen der Antiquarischen Gesellschaft in Zürich Herausgeber: Antiquarische Gesellschaft in Zürich Band: 73 (2006) Artike
/Users/programming/PycharmProjects/Find_Bibliography_NEw/data/azk_library/langmaier-konstantin-m__17.pdf;2;generic;Schlacht-/Kriegserzählungen;\bschlacht(?:en)?\b;nthart (hier «Jacob Güntert»), Bannervorträger der Zürcher in der Schlacht bei Wollerau vom 16. Dezember 1445, der «ohngeachtet der vielen e
/Users/programming/PycharmProjects/Find_Bibliography_NEw/data/azk_library/langmaier-konstantin-m__17.pdf;3;work;Schilling (ungenau);\bschilling\b;r Bevölkerung von Freienbach erlaubt, sich gegen einen Lohn von 5 Schilling pro Leiche, dem damals üblichen Totengräbertarif, an der Arbeit
/Users/programming/PycharmProjects/Find_Bibliography_NEw/data/azk_library/langmaier-konstantin-m__17.pdf;3;generic;Schlacht-/Kriegserzählungen;\bschlacht(?:en)?\b;len die Leichen der Soldaten bergen, die vier Tage zuvor in einer Schlacht gegen eidgenössische Truppen in der Nähe von Wollerau umgekommen
/Users/programming/PycharmProjects/Find_Bibliography_NEw/data/azk_library/langmaier-konstantin-m__17.pdf;3;generic;Schlacht-/Kriegserzählungen;\bschlacht(?:en)?\b;er zu retten. Die Nachhut der Zürcher entdeckte Günthart nach der Schlacht am Seeufer in Freienbach und konnte ihn in ihr Schiff aufnehmen,
/Users/programming/PycharmProjects/Find_Bibliography_NEw/data/azk_library/langmaier-konstantin-m__17.pdf;3;generic;Schlacht-/Kriegserzählungen;\bschlacht(?:en)?\b;museum in Zürich, nachdem esAdamNäfvon Hausen amAlbis 1531 in der Schlacht bei Kappel noch einmal hatte retten müssen, ebenfalls nach dem To
/Users/programming/PycharmProjects/Find_Bibliography_NEw/data/azk_library/langmaier-konstantin-m__17.pdf;4;work;Fründ (Hans Fründ);hans[\s \-]+fr[üu]nd;men, nämlich vom Schwyzer Landschreiber und «Chefpropagandisten» Hans Fründ. Fründ begleitete die Schwyzer Truppen in amtlicher Funktion übe
/Users/programming/PycharmProjects/Find_Bibliography_NEw/data/azk_library/langmaier-konstantin-m__17.pdf;4;work;Fründ (Hans Fründ);\bfr[üu]nd\b;n, nämlich vom Schwyzer Landschreiber und «Chefpropagandisten» Hans Fründ. Fründ begleitete die Schwyzer Truppen in amtlicher Funktion über
/Users/programming/PycharmProjects/Find_Bibliography_NEw/data/azk_library/langmaier-konstantin-m__17.pdf;4;work;Fründ (Hans Fründ);\bfr[üu]nd\b;ich vom Schwyzer Landschreiber und «Chefpropagandisten» Hans Fründ. Fründ begleitete die Schwyzer Truppen in amtlicher Funktion über weite S
/Users/programming/PycharmProjects/Find_Bibliography_NEw/data/azk_library/langmaier-konstantin-m__17.pdf;4;work;Fründ (Hans Fründ);\bfr[üu]nd\b;.4 Für das erste Gefecht bei Freienbach am 22. Mai 1443 überliefert Fründ die Zahl von 40 getöteten Feinden, die man in eine Grube gelegt ha
/Users/programming/PycharmProjects/Find_Bibliography_NEw/data/azk_library/langmaier-konstantin-m__17.pdf;4;work;Fründ (Hans Fründ);\bfr[üu]nd\b;n der Sihl vor Zürich, beim heutigen Stauffacher, am 22. Juli kommt Fründ auf mindestens 300 Tote, ermittelt durch Zählung der erbeuteten Ha
/Users/programming/PycharmProjects/Find_Bibliography_NEw/data/azk_library/langmaier-konstantin-m__17.pdf;4;generic;Chronik/Chroniken;\bchronik(?:en)?\b;recken und führte dabei ein Kriegstagebuch, das er später zu einer Chronik umarbeitete.4 Für das erste Gefecht bei Freienbach am 22. Mai 144
/Users/programming/PycharmProjects/Find_Bibliography_NEw/data/azk_library/langmaier-konstantin-m__17.pdf;4;generic;Schlacht-/Kriegserzählungen;\bschlacht(?:en)?\b;"Feinden, die man in eine Grube gelegt habe; für die erste grosse Schlacht an der Letzi im Raum Hirzel/Horgenberg nur zwei Tage später nennt"
/Users/programming/PycharmProjects/Find_Bibliography_NEw/data/azk_library/langmaier-konstantin-m__17.pdf;4;generic;Schlacht-/Kriegserzählungen;\bschlacht(?:en)?\b;h Zählung der Leichen auf dem Schlachtfeld. Für die zweite grosse Schlacht bei St. Jakob an der Sihl vor Zürich, beim heutigen Stauffacher,
/Users/programming/PycharmProjects/Find_Bibliography_NEw/data/azk_library/langmaier-konstantin-m__17.pdf;4;generic;Schlacht-/Kriegserzählungen;\bkrieg(?:e|en)?\b;Augenzeugen des Sezessionskriegs Walt Whitman, wonach der wirkliche Krieg nie in die Geschichtsbücher gelangt,3 gilt auch für den Alten Züri
/Users/programming/PycharmProjects/Find_Bibliography_NEw/data/azk_library/langmaier-konstantin-m__17.pdf;4;generic;Schlacht-/Kriegserzählungen;\bkrieg(?:e|en)?\b;gilt auch für den Alten Zürichkrieg. Obwohl bis heute kein anderer Krieg die Stadt Zürich und ihr Herrschaftsgebiet mit der dort lebenden B
/Users/programming/PycharmProjects/Find_Bibliography_NEw/data/azk_library/langmaier-konstantin-m__17.pdf;4;generic;Schlacht-/Kriegserzählungen;\bkrieg(?:e|en)?\b;1436-1441 und 1442-1450, in denen bei weitem nicht ständig offener Krieg herrschte. In der ersten Phase beschränkten sich die Kampfhandlung
/Users/programming/PycharmProjects/Find_Bibliography_NEw/data/azk_library/langmaier-konstantin-m__17.pdf;4;generic;Schlacht-/Kriegserzählungen;\bkrieg(?:e|en)?\b;April 1444 bis Juni 1446, also während zweieinhalb Jahren, offener Krieg herrschte - mit entsprechend gravierenderen Folgen. Von dieser Zei
/Users/programming/PycharmProjects/Find_Bibliography_NEw/data/azk_library/langmaier-konstantin-m__17.pdf;4;generic;Schlacht-/Kriegserzählungen;\bkrieg(?:e|en)?\b;Raum Basel. Eidgenössisches Gebiet war nur in Grenzlagen direkt vom Krieg betroffen, so Freienbach und Wollerau sowie Zuger Gebiete. Themati
/Users/programming/PycharmProjects/Find_Bibliography_NEw/data/azk_library/langmaier-konstantin-m__17.pdf;4;generic;Schlacht-/Kriegserzählungen;\bkrieg(?:e|en)?\b;gen einige Bemerkungen zur Nachkriegszeit und zur Erinnerung an den Krieg. Die Gefallenen Die grössten Verluste erlitten die Zürcher Truppen
/Users/programming/PycharmProjects/Find_Bibliography_NEw/data/azk_library/langmaier-konstantin-m__17.pdf;5;work;Fründ (Hans Fründ);hans[\s \-]+fr[üu]nd;neten wie die Gegenseite.15 Dort erfasste wiederum Landschreiber Hans Fründ alle Schwyzer Toten mit Namen für ein grosses Schlachten- 67
/Users/programming/PycharmProjects/Find_Bibliography_NEw/data/azk_library/langmaier-konstantin-m__17.pdf;5;work;Fründ (Hans Fründ);\bfr[üu]nd\b;nach der Schlacht bei Wollerau geborgenen 102 Toten findet sich bei Fründ und beruht auf einer Zählung der Leichen, wie sie auch in modernen
/Users/programming/PycharmProjects/Find_Bibliography_NEw/data/azk_library/langmaier-konstantin-m__17.pdf;5;work;Fründ (Hans Fründ);\bfr[üu]nd\b;(rund 4000) und die Landschaft.11 Wie verlässlich aber sind die von Fründ genannten Zahlen, und weshalb fehlen entsprechend exakte Angaben v
/Users/programming/PycharmProjects/Find_Bibliography_NEw/data/azk_library/langmaier-konstantin-m__17.pdf;5;work;Fründ (Hans Fründ);\bfr[üu]nd\b;reienbach ist exakt von 42 Toten die Rede, was mit den 40 Toten bei Fründ übereinstimmt. Die weitaus höheren Opferzahlen der Schlachten am H
/Users/programming/PycharmProjects/Find_Bibliography_NEw/data/azk_library/langmaier-konstantin-m__17.pdf;5;work;Fründ (Hans Fründ);\bfr[üu]nd\b;ei. Auf dieser Grundlage lässt sich abschätzen, dass die Zahlen von Fründ nicht zu hoch gegriffen sind. Die Liste aus der Pfarrei Küsnacht n
/Users/programming/PycharmProjects/Find_Bibliography_NEw/data/azk_library/langmaier-konstantin-m__17.pdf;5;work;Fründ (Hans Fründ);\bfr[üu]nd\b;ten wie die Gegenseite.15 Dort erfasste wiederum Landschreiber Hans Fründ alle Schwyzer Toten mit Namen für ein grosses Schlachten- 67
/Users/programming/PycharmProjects/Find_Bibliography_NEw/data/azk_library/langmaier-konstantin-m__17.pdf;5;generic;Schlacht-/Kriegserzählungen;\bschlacht(?:en)?\b;genannte Zahl der nach der Schlacht bei Wollerau geborgenen 102 Toten findet sich bei Fründ und beruht auf einer Zählung der Leichen, wie si
/Users/programming/PycharmProjects/Find_Bibliography_NEw/data/azk_library/langmaier-konstantin-m__17.pdf;5;generic;Schlacht-/Kriegserzählungen;\bschlacht(?:en)?\b;ten bei Fründ übereinstimmt. Die weitaus höheren Opferzahlen der Schlachten am Hirzel und bei St. Jakob an der Sihl machte die Zürcher Stadt
/Users/programming/PycharmProjects/Find_Bibliography_NEw/data/azk_library/langmaier-konstantin-m__17.pdf;5;generic;Schlacht-/Kriegserzählungen;\bschlacht(?:en)?\b;700 Menschen in Küsnacht, Erlenbach und Herrliberg. Allein in der Schlacht am Hirzel sind 55 Männer aus den drei Gemeinden umgekommen, darun
/Users/programming/PycharmProjects/Find_Bibliography_NEw/data/azk_library/langmaier-konstantin-m__17.pdf;5;generic;Schlacht-/Kriegserzählungen;\bschlacht(?:en)?\b;"en und Hirzel zählten, 34 Namen; sie beschränkt sich aber auf die Schlacht am Hirzel.13 Schliesslich finden sich in den Jahrzeitbüchern des"
/Users/programming/PycharmProjects/Find_Bibliography_NEw/data/azk_library/langmaier-konstantin-m__17.pdf;5;generic;Schlacht-/Kriegserzählungen;\bschlacht(?:en)?\b;hreiber Hans Fründ alle Schwyzer Toten mit Namen für ein grosses Schlachten- 67
/Users/programming/PycharmProjects/Find_Bibliography_NEw/data/azk_library/langmaier-konstantin-m__17.pdf;5;generic;Schlacht-/Kriegserzählungen;\bkrieg(?:e|en)?\b;und beruht auf einer Zählung der Leichen, wie sie auch in modernen Kriegen als «body count» anzutreffen ist.6 Zusammen ergibt das für die vi
/Users/programming/PycharmProjects/Find_Bibliography_NEw/data/azk_library/langmaier-konstantin-m__17.pdf;6;work;Fründ (Hans Fründ);\bfr[üu]nd\b;fecht bei Freienbach wissen wir, dass die 42 Toten nicht in der von Fründ erwähnten Grube blieben, sondern - ebenfalls mit offizieller Erlau
/Users/programming/PycharmProjects/Find_Bibliography_NEw/data/azk_library/langmaier-konstantin-m__17.pdf;6;work;Fründ (Hans Fründ);\bfr[üu]nd\b;n Schlachten am Hirzel und bei St. Jakob an der Sihl. Landschreiber Fründ berichtet jedenfalls von Massengräbern, die er nach dem Krieg name
/Users/programming/PycharmProjects/Find_Bibliography_NEw/data/azk_library/langmaier-konstantin-m__17.pdf;6;work;Bullinger (Heinrich Bullinger, historiographische Werke);heinrich[\s \-]+bullinger;chen auf, die man den Gefallenen von 1443 zuwies,22 und auch Heinrich Bullinger sah 1512 als achtjähriger Knabe in der Nähe seiner Heimatsta
/Users/programming/PycharmProjects/Find_Bibliography_NEw/data/azk_library/langmaier-konstantin-m__17.pdf;6;work;Bullinger (Heinrich Bullinger, historiographische Werke);\bbullinger\b;auf, die man den Gefallenen von 1443 zuwies,22 und auch Heinrich Bullinger sah 1512 als achtjähriger Knabe in der Nähe seiner Heimatstadt B
/Users/programming/PycharmProjects/Find_Bibliography_NEw/data/azk_library/langmaier-konstantin-m__17.pdf;6;generic;Schlacht-/Kriegserzählungen;\bschlacht(?:en)?\b;"tten,17 wie auch die oben geschilderte Bergung der Gefallenen der Schlacht von Wollerau erkennen lässt; diese wurden übrigens mehrheitlich a"
/Users/programming/PycharmProjects/Find_Bibliography_NEw/data/azk_library/langmaier-konstantin-m__17.pdf;6;generic;Schlacht-/Kriegserzählungen;\bschlacht(?:en)?\b;utz konnten im März 1446 Frauen und Geistliche die Toten nach der Schlacht bei Ragaz abtransportieren.20 Schwieriger war die Bergung - allei
/Users/programming/PycharmProjects/Find_Bibliography_NEw/data/azk_library/langmaier-konstantin-m__17.pdf;6;generic;Schlacht-/Kriegserzählungen;\bschlacht(?:en)?\b;n, aber auch wegen der Fortsetzung der Kampfhandlungen- nach den Schlachten am Hirzel und bei St. Jakob an der Sihl. Landschreiber Fründ ber
/Users/programming/PycharmProjects/Find_Bibliography_NEw/data/azk_library/langmaier-konstantin-m__17.pdf;6;generic;Schlacht-/Kriegserzählungen;\bschlacht(?:en)?\b;ich in diesem Zusammenhang ein Blick auf die besser dokumentierte Schlacht bei Kappel 1531. Dort wurde die Mehrheit der Gefallenen, nämlich
/Users/programming/PycharmProjects/Find_Bibliography_NEw/data/azk_library/langmaier-konstantin-m__17.pdf;6;generic;Schlacht-/Kriegserzählungen;\bkrieg(?:e|en)?\b;eiber Fründ berichtet jedenfalls von Massengräbern, die er nach dem Krieg namentlich an beiden Ufern des Zürichsees gesehen habe.21 Zweifell
/Users/programming/PycharmProjects/Find_Bibliography_NEw/data/azk_library/langmaier-konstantin-m__17.pdf;8;work;Fründ (Hans Fründ);\bfr[üu]nd\b;iegsrat machen es deutlich, und selbst im Bericht von Landschreiber Fründ ist ein Unbehagen über die Hinrichtung spürbar. Traf die Strafe di
/Users/programming/PycharmProjects/Find_Bibliography_NEw/data/azk_library/langmaier-konstantin-m__17.pdf;8;work;Fründ (Hans Fründ);\bfr[üu]nd\b;Verbot, Wohnhäuser von Wöchnerinnen anzuzünden. Auch Landschreiber Fründ schildert, wie er sich anlässlich der Belagerung von Greifensee pe
/Users/programming/PycharmProjects/Find_Bibliography_NEw/data/azk_library/langmaier-konstantin-m__17.pdf;8;work;Fründ (Hans Fründ);\bfr[üu]nd\b;evölkerung. Es ist einmal mehr das Kriegstagebuch von Landschreiber Fründ, in dem wir diesbezüglich die aufschlussreichsten Schilderungen fi
/Users/programming/PycharmProjects/Find_Bibliography_NEw/data/azk_library/langmaier-konstantin-m__17.pdf;8;work;Fründ (Hans Fründ);\bfr[üu]nd\b;chts mehr zu zerstören gibt, ziehen die Truppen weiter. So schreibt Fründ 70
/Users/programming/PycharmProjects/Find_Bibliography_NEw/data/azk_library/langmaier-konstantin-m__17.pdf;8;work;Edlibach (Gerold Edlibach, Zürcher Chronik);gerold[\s \-]+edlibach;an der Hand, die um Gnade flehten, wie es der Zürcher Chronist Gerold Edlibach aufgrund von Augenzeugenberichten eindrücklich beschreibt.Am
/Users/programming/PycharmProjects/Find_Bibliography_NEw/data/azk_library/langmaier-konstantin-m__17.pdf;8;work;Edlibach (Gerold Edlibach, Zürcher Chronik);\bedlibach\b;er Hand, die um Gnade flehten, wie es der Zürcher Chronist Gerold Edlibach aufgrund von Augenzeugenberichten eindrücklich beschreibt.Am Schl
/Users/programming/PycharmProjects/Find_Bibliography_NEw/data/azk_library/langmaier-konstantin-m__17.pdf;8;generic;Schlacht-/Kriegserzählungen;\bkrieg(?:e|en)?\b;der Politik der Zürcher Stadtführung, in der die eigentlich für den Krieg Verantwortlichen sassen? Die Zivilbevölkerung auf der Landschaft N
/Users/programming/PycharmProjects/Find_Bibliography_NEw/data/azk_library/langmaier-konstantin-m__17.pdf;8;generic;Schlacht-/Kriegserzählungen;\bkrieg(?:e|en)?\b;he kommen, und zwar zunächst auf der Zürcher Landschaft, wo man dem Krieg weitaus schutzloser ausgeliefert war als in der Stadt. So wie beid
/Users/programming/PycharmProjects/Find_Bibliography_NEw/data/azk_library/langmaier-konstantin-m__17.pdf;9;work;Fründ (Hans Fründ);\bfr[üu]nd\b;r ainer sin bruoder, der ander sin sun, ainer sin wib und ander sin fründ vor der statt [Rapperswil] hat [...] und kament also alle tag frow
/Users/programming/PycharmProjects/Find_Bibliography_NEw/data/azk_library/langmaier-konstantin-m__17.pdf;9;work;Fründ (Hans Fründ);\bfr[üu]nd\b;elf Häuser zum Opfer fielen. Am rechten Zürichseeufer, so berichtet Fründ, habe man sich anschliessend darauf beschränkt, hie und da ein «gu
/Users/programming/PycharmProjects/Find_Bibliography_NEw/data/azk_library/langmaier-konstantin-m__17.pdf;9;work;Fründ (Hans Fründ);\bfr[üu]nd\b;als sichtbares Zeichen («Wortzeichen») dafür, «das man da was», wie Fründ hinzufügt.35 Glück hatte die Zivilbevölkerung namentlich dann, wen
/Users/programming/PycharmProjects/Find_Bibliography_NEw/data/azk_library/langmaier-konstantin-m__17.pdf;9;work;Klingenberger/Rapperswiler Chronik (Eberhard Wüest);klingenberger[\s \-]+chronik;n nur noch die Türschlösser rauben können, heisst es in der Klingenberger Chronik überspitzt. Andernorts wurden Familien auseinandergerissen
/Users/programming/PycharmProjects/Find_Bibliography_NEw/data/azk_library/langmaier-konstantin-m__17.pdf;9;generic;Chronik/Chroniken;\bchronik(?:en)?\b;och die Türschlösser rauben können, heisst es in der Klingenberger Chronik überspitzt. Andernorts wurden Familien auseinandergerissen, wie e
/Users/programming/PycharmProjects/Find_Bibliography_NEw/data/azk_library/langmaier-konstantin-m__17.pdf;9;generic;Schlacht-/Kriegserzählungen;\bschlacht(?:en)?\b;zur Situation nach der Schlacht bei St. Jakob an der Sihl: «Als sy [die Eidgenossen] nu [...] vor Zürich lagent, und da verbrant und gewuost
/Users/programming/PycharmProjects/Find_Bibliography_NEw/data/azk_library/langmaier-konstantin-m__17.pdf;9;generic;Schlacht-/Kriegserzählungen;\bschlacht(?:en)?\b;n wie im bösen.Zu Beginn des Kriegs, als die Eidgenossen nach der Schlacht am Hirzel bis in die Vorstadt von Zürich zogen, traf es die Bevöl
/Users/programming/PycharmProjects/Find_Bibliography_NEw/data/azk_library/langmaier-konstantin-m__17.pdf;9;generic;Schlacht-/Kriegserzählungen;\bkrieg(?:e|en)?\b;Seeufer lautete die Bilanz 180 zerstörte Wohnhäuser.32 Wie in jedem Krieg gab es Flüchtlinge. Viele Bewohner der Zürcher Landschaft flohen i
/Users/programming/PycharmProjects/Find_Bibliography_NEw/data/azk_library/langmaier-konstantin-m__17.pdf;10;work;Fründ (Hans Fründ);\bfr[üu]nd\b;zu müssen- «durch die eschen [Asche]», wie Fründ bildhaft schreibt. Auch während der Belagerung von Greifensee klagt ein Berner in einem Bri
/Users/programming/PycharmProjects/Find_Bibliography_NEw/data/azk_library/langmaier-konstantin-m__17.pdf;10;work;Fründ (Hans Fründ);\bfr[üu]nd\b;"Zürich und kämpften gegen ihre Nachbarn am Zürichsee; Landschreiber Fründ lobt sie ausdrücklich als «byderb lüt», die «sich mit den Eidgnoss"
/Users/programming/PycharmProjects/Find_Bibliography_NEw/data/azk_library/langmaier-konstantin-m__17.pdf;10;work;Fründ (Hans Fründ);\bfr[üu]nd\b;37 Von ganz anderer Art als die Schilderungen im Kriegstagebuch von Fründ sind die Zeugnisse von Zerstörungen im Urkunden- und Aktenmaterial
/Users/programming/PycharmProjects/Find_Bibliography_NEw/data/azk_library/langmaier-konstantin-m__17.pdf;10;work;Edlibach (Gerold Edlibach, Zürcher Chronik);\bedlibach\b;h als «byderb lüt», die «sich mit den Eidgnossen bewärtent». Nach Edlibach sollen die Grüninger sogar dafür verantwortlich gewesen sein, das
/Users/programming/PycharmProjects/Find_Bibliography_NEw/data/azk_library/langmaier-konstantin-m__17.pdf;10;generic;Schlacht-/Kriegserzählungen;\bkrieg(?:e|en)?\b;"Bewohner beteiligten sich sogar aktiv auf eidgenössischer Seite am Krieg gegen Zürich und kämpften gegen ihre Nachbarn am Zürichsee; Landsc"
/Users/programming/PycharmProjects/Find_Bibliography_NEw/data/azk_library/langmaier-konstantin-m__17.pdf;10;generic;Schlacht-/Kriegserzählungen;\bkrieg(?:e|en)?\b;uine belehnen, nämlich mit der Hofstätte, auf der «nechst vor disem krieg» sein Haus stand, wie es im Lehensbrief heisst.39 Die Zivilbevölke
/Users/programming/PycharmProjects/Find_Bibliography_NEw/data/azk_library/langmaier-konstantin-m__17.pdf;11;work;Klingenberger/Rapperswiler Chronik (Eberhard Wüest);klingenberger[\s \-]+chronik;ereits auf die andere Seite der Limmat flüchteten. Laut der Klingenberger Chronik war die Stadt in jenem Moment so gefährdet wie nie zuvor i
/Users/programming/PycharmProjects/Find_Bibliography_NEw/data/azk_library/langmaier-konstantin-m__17.pdf;11;generic;Chronik/Chroniken;\bchronik(?:en)?\b;auf die andere Seite der Limmat flüchteten. Laut der Klingenberger Chronik war die Stadt in jenem Moment so gefährdet wie nie zuvor in ihrem
/Users/programming/PycharmProjects/Find_Bibliography_NEw/data/azk_library/langmaier-konstantin-m__17.pdf;11;generic;Schlacht-/Kriegserzählungen;\bschlacht(?:en)?\b;mal wurde es brenzlig für die Stadt. Zunächst 1443 anlässlich der Schlacht bei St. Jakob an der Sihl, als vom Rennwegtor her die Eroberung d
/Users/programming/PycharmProjects/Find_Bibliography_NEw/data/azk_library/langmaier-konstantin-m__17.pdf;11;generic;Schlacht-/Kriegserzählungen;\bkrieg(?:e|en)?\b;ine Unterscheidung zwischen zulässigem und unzulässigemVerhalten im Krieg gab es aber, wie erwähnt, auch damals. Der Sempacherbrief und deta
/Users/programming/PycharmProjects/Find_Bibliography_NEw/data/azk_library/langmaier-konstantin-m__17.pdf;12;generic;Schlacht-/Kriegserzählungen;\bschlacht(?:en)?\b;ie die Schändung der Leiche Bürgermeister Rudolf Stüssis nach der Schlacht bei St. Jakob an der Sihl.46 Die Zürcher setzten die Zeugenaussag
/Users/programming/PycharmProjects/Find_Bibliography_NEw/data/azk_library/langmaier-konstantin-m__17.pdf;12;generic;Schlacht-/Kriegserzählungen;\bkrieg(?:e|en)?\b;spezielle Vollmachten, damit die Pfarrer reuige Krieger von den im Krieg begangenen Sünden lossprechen konnten, und zwar auch in solchen Fä
/Users/programming/PycharmProjects/Find_Bibliography_NEw/data/azk_library/langmaier-konstantin-m__17.pdf;12;generic;Schlacht-/Kriegserzählungen;\bkrieg(?:e|en)?\b;en niedergebrannten Kirche. In Stallikon musste die Kirche nach dem Krieg neu geweiht werden, nachdem sie durch Brandstiftung grossen Schade
/Users/programming/PycharmProjects/Find_Bibliography_NEw/data/azk_library/langmaier-konstantin-m__17.pdf;12;generic;Schlacht-/Kriegserzählungen;\bkrieg(?:e|en)?\b;Fall der Kirche von Höngg packte die Schwyzer und Glarner nach dem Krieg selbst die Reue: ein halbes Jahr nach dem Waffenstillstand erliess
/Users/programming/PycharmProjects/Find_Bibliography_NEw/data/azk_library/langmaier-konstantin-m__17.pdf;12;generic;Schlacht-/Kriegserzählungen;\bkrieg(?:e|en)?\b;sen sie einen Spendenaufruf zugunsten der «jetz in disem vergangnen krieg verbrennten und gantz gewüsten und verhergeten» Kirche, wie es in
/Users/programming/PycharmProjects/Find_Bibliography_NEw/data/azk_library/langmaier-konstantin-m__17.pdf;13;generic;Schlacht-/Kriegserzählungen;\bkrieg(?:e|en)?\b;quellenmässig nachweisbar sind. Mit Dreiecken markiert sind die im Krieg nachweislich zerstörten oder beschädigten 30 Kirchen und Kapellen.
/Users/programming/PycharmProjects/Find_Bibliography_NEw/data/azk_library/langmaier-konstantin-m__17.pdf;14;work;Fründ (Hans Fründ);\bfr[üu]nd\b;eg.56 Nicht geringer war das menschliche Leid. Selbst Landschreiber Fründ klagt am Ende seiner Chronik, dass der Krieg viele Frauen und Kind
/Users/programming/PycharmProjects/Find_Bibliography_NEw/data/azk_library/langmaier-konstantin-m__17.pdf;14;generic;Chronik/Chroniken;\bchronik(?:en)?\b;menschliche Leid. Selbst Landschreiber Fründ klagt am Ende seiner Chronik, dass der Krieg viele Frauen und Kinder zu Witwen und Waisen gema
/Users/programming/PycharmProjects/Find_Bibliography_NEw/data/azk_library/langmaier-konstantin-m__17.pdf;14;generic;Schlacht-/Kriegserzählungen;\bkrieg(?:e|en)?\b;der Waffenstillstand in Kraft, den Pfalzgraf Ludwig, die höchste am Krieg unbeteiligte Autorität im Reich, in Konstanz ausgehandelt hatte. A
/Users/programming/PycharmProjects/Find_Bibliography_NEw/data/azk_library/langmaier-konstantin-m__17.pdf;14;generic;Schlacht-/Kriegserzählungen;\bkrieg(?:e|en)?\b;war von Dauer und wurde eingehalten. Nur einige wenige, die sich am Krieg auf eigene Faust beteiligt hatten, waren verärgert, weil sie nun i
/Users/programming/PycharmProjects/Find_Bibliography_NEw/data/azk_library/langmaier-konstantin-m__17.pdf;14;generic;Schlacht-/Kriegserzählungen;\bkrieg(?:e|en)?\b;kehrte ein, nicht aber Normalität. Welche ökonomischen Schäden der Krieg verursacht hatte, wurde bereits erwähnt. Die Stadt Zürich forderte
/Users/programming/PycharmProjects/Find_Bibliography_NEw/data/azk_library/langmaier-konstantin-m__17.pdf;14;generic;Schlacht-/Kriegserzählungen;\bkrieg(?:e|en)?\b;in den Jahren 1425-1455 um ein Viertel, sicher verursacht durch den Krieg.56 Nicht geringer war das menschliche Leid. Selbst Landschreiber F
/Users/programming/PycharmProjects/Find_Bibliography_NEw/data/azk_library/langmaier-konstantin-m__17.pdf;14;generic;Schlacht-/Kriegserzählungen;\bkrieg(?:e|en)?\b;. Selbst Landschreiber Fründ klagt am Ende seiner Chronik, dass der Krieg viele Frauen und Kinder zu Witwen und Waisen gemacht hatte.57 Die
/Users/programming/PycharmProjects/Find_Bibliography_NEw/data/azk_library/langmaier-konstantin-m__17.pdf;15;work;Edlibach (Gerold Edlibach, Zürcher Chronik);gerold[\s \-]+edlibach;r begrebte by der kilchen Uster habend». Später liess Landvogt Gerold Edlibach eine neue Gedenkkapelle errrichten, und noch im Jahr 1543 erh
/Users/programming/PycharmProjects/Find_Bibliography_NEw/data/azk_library/langmaier-konstantin-m__17.pdf;15;work;Edlibach (Gerold Edlibach, Zürcher Chronik);gerold[\s \-]+edlibach;en Krieg wachgehalten: Der eben erwähnte Landvogt und Chronist Gerold Edlibach (1454—1530) kannte ihn 77
/Users/programming/PycharmProjects/Find_Bibliography_NEw/data/azk_library/langmaier-konstantin-m__17.pdf;15;work;Edlibach (Gerold Edlibach, Zürcher Chronik);\bedlibach\b;grebte by der kilchen Uster habend». Später liess Landvogt Gerold Edlibach eine neue Gedenkkapelle errrichten, und noch im Jahr 1543 erhielt
/Users/programming/PycharmProjects/Find_Bibliography_NEw/data/azk_library/langmaier-konstantin-m__17.pdf;15;work;Edlibach (Gerold Edlibach, Zürcher Chronik);\bedlibach\b;rieg wachgehalten: Der eben erwähnte Landvogt und Chronist Gerold Edlibach (1454—1530) kannte ihn 77
/Users/programming/PycharmProjects/Find_Bibliography_NEw/data/azk_library/langmaier-konstantin-m__17.pdf;15;generic;Gesta/Acta;\bacta\b;lebten aber noch. Sie legten die Kriegsjahre im wörtlichen Sinn «ad acta», indem sie das ganze Aktenmaterial im Archiv deponierten.63 Ein of
/Users/programming/PycharmProjects/Find_Bibliography_NEw/data/azk_library/langmaier-konstantin-m__17.pdf;15;generic;Schlacht-/Kriegserzählungen;\bschlacht(?:en)?\b;sweise ein Zürcher Fähnlein, das der Glarner Landschreiber in der Schlacht bei St. Jakob an der Sihl erbeutet hatte.60 Raubgut sollte gemäss
/Users/programming/PycharmProjects/Find_Bibliography_NEw/data/azk_library/langmaier-konstantin-m__17.pdf;15;generic;Schlacht-/Kriegserzählungen;\bschlacht(?:en)?\b;"lf Stüssi und Stadtschreiber Michael Stebler - waren beide in der Schlacht bei St. Jakob an der Sihl umgekommen; viele Ratsherren, die ihre"
/Users/programming/PycharmProjects/Find_Bibliography_NEw/data/azk_library/langmaier-konstantin-m__17.pdf;15;generic;Schlacht-/Kriegserzählungen;\bkrieg(?:e|en)?\b;tten sich Zürcher und Eidgenossen 1451 lautstark, wer die Schuld am Krieg trug und ob die Hinrichtung der Besatzung von Greifensee gerechtfe
/Users/programming/PycharmProjects/Find_Bibliography_NEw/data/azk_library/langmaier-konstantin-m__17.pdf;15;generic;Schlacht-/Kriegserzählungen;\bkrieg(?:e|en)?\b;t war.62 Die Erinnerung bleibt Das offizielle Zürich verdrängte den Krieg nach Möglichkeit. Die Architekten der gescheiterten Politik - Bürg
/Users/programming/PycharmProjects/Find_Bibliography_NEw/data/azk_library/langmaier-konstantin-m__17.pdf;15;generic;Schlacht-/Kriegserzählungen;\bkrieg(?:e|en)?\b;hörte.65 Auch im innerfamiliären Rahmen wurde die Erinnerung an den Krieg wachgehalten: Der eben erwähnte Landvogt und Chronist Gerold Edlib
/Users/programming/PycharmProjects/Find_Bibliography_NEw/data/azk_library/langmaier-konstantin-m__17.pdf;16;work;Edlibach (Gerold Edlibach, Zürcher Chronik);\bedlibach\b;ie nicht unterdessen verschriftlicht wurden, wie eben im Fall von Edlibach, Fabri und Bullinger. Heinrich Bullinger verdanken wir auch einig
/Users/programming/PycharmProjects/Find_Bibliography_NEw/data/azk_library/langmaier-konstantin-m__17.pdf;16;work;Bullinger (Heinrich Bullinger, historiographische Werke);heinrich[\s \-]+bullinger;zeitlebens von seiner Kindheit im Krieg geprägt, und selbst Heinrich Bullinger (1504-1575) hörte als junger Knabe aufmerksam seiner Grossmu
/Users/programming/PycharmProjects/Find_Bibliography_NEw/data/azk_library/langmaier-konstantin-m__17.pdf;16;work;Bullinger (Heinrich Bullinger, historiographische Werke);heinrich[\s \-]+bullinger;wurden, wie eben im Fall von Edlibach, Fabri und Bullinger. Heinrich Bullinger verdanken wir auch einige Kriegserinnerungen aus anderen Zür
/Users/programming/PycharmProjects/Find_Bibliography_NEw/data/azk_library/langmaier-konstantin-m__17.pdf;16;work;Bullinger (Heinrich Bullinger, historiographische Werke);\bbullinger\b;tlebens von seiner Kindheit im Krieg geprägt, und selbst Heinrich Bullinger (1504-1575) hörte als junger Knabe aufmerksam seiner Grossmutter
/Users/programming/PycharmProjects/Find_Bibliography_NEw/data/azk_library/langmaier-konstantin-m__17.pdf;16;work;Bullinger (Heinrich Bullinger, historiographische Werke);\bbullinger\b;verschriftlicht wurden, wie eben im Fall von Edlibach, Fabri und Bullinger. Heinrich Bullinger verdanken wir auch einige Kriegserinnerungen
/Users/programming/PycharmProjects/Find_Bibliography_NEw/data/azk_library/langmaier-konstantin-m__17.pdf;16;work;Bullinger (Heinrich Bullinger, historiographische Werke);\bbullinger\b;den, wie eben im Fall von Edlibach, Fabri und Bullinger. Heinrich Bullinger verdanken wir auch einige Kriegserinnerungen aus anderen Zürcher
/Users/programming/PycharmProjects/Find_Bibliography_NEw/data/azk_library/langmaier-konstantin-m__17.pdf;16;generic;Schlacht-/Kriegserzählungen;\bschlacht(?:en)?\b;hrte Dominikaner Felix Fabri (1438-1502), der seinen Vater in der Schlacht bei St. Jakob an der Sihl verloren hatte und bei seinem Onkel Osw
/Users/programming/PycharmProjects/Find_Bibliography_NEw/data/azk_library/langmaier-konstantin-m__17.pdf;16;generic;Schlacht-/Kriegserzählungen;\bschlacht(?:en)?\b;69 Auch die eingangs geschilderte Rettung des Stadtbanners in der Schlacht bei Wollerau durch Heini Günthart beruht vermutlich teilweise auf
/Users/programming/PycharmProjects/Find_Bibliography_NEw/data/azk_library/langmaier-konstantin-m__17.pdf;16;generic;Schlacht-/Kriegserzählungen;\bkrieg(?:e|en)?\b;t auf der Kyburg, aufwuchs, blieb zeitlebens von seiner Kindheit im Krieg geprägt, und selbst Heinrich Bullinger (1504-1575) hörte als junge
/Users/programming/PycharmProjects/Find_Bibliography_NEw/data/azk_library/langmaier-konstantin-m__17.pdf;16;generic;Schlacht-/Kriegserzählungen;\bkrieg(?:e|en)?\b;5) hörte als junger Knabe aufmerksam seiner Grossmutter zu, die den Krieg als vier- oder fünfjähriges Mädchen in Brugg im Aargau miterlebt h
/Users/programming/PycharmProjects/Find_Bibliography_NEw/data/azk_library/langmaier-konstantin-m__17.pdf;16;generic;Schlacht-/Kriegserzählungen;\bkrieg(?:e|en)?\b;en haben- kaum zufällig- dieselbe Botschaft, nämlich: Auch wenn der Krieg für Zürich verlorenging, so haben sich doch einzelne durch Tapferk
/Users/programming/PycharmProjects/Find_Bibliography_NEw/data/azk_library/langmaier-konstantin-m__17.pdf;16;generic;Schlacht-/Kriegserzählungen;\bkrieg(?:e|en)?\b;riegsdienst bewährt und einen persönlichen Sieg errungen.70 Schluss Krieg wurde im Spätmittelalter und weit darüber hinaus viel stärker als
/Users/programming/PycharmProjects/Find_Bibliography_NEw/data/azk_library/langmaier-konstantin-m__17.pdf;16;generic;Schlacht-/Kriegserzählungen;\bkrieg(?:e|en)?\b;s heute nach den zwei Weltkriegen der Fall ist. Der Ruf «Nie wieder Krieg!» ist deshalb nach dem Alten Zürichkrieg und mit Blick auf die Bur
/Users/programming/PycharmProjects/Find_Bibliography_NEw/data/azk_library/langmaier-konstantin-m__17.pdf;16;generic;Schlacht-/Kriegserzählungen;\bkrieg(?:e|en)?\b;te über frühere Rechtsverhältnisse oder Ereignisse taucht der «alte krieg» immer wieder als Datierungshilfe auf, als zeitlicher Orientierung
/Users/programming/PycharmProjects/Find_Bibliography_NEw/data/azk_library/langmaier-konstantin-m__17.pdf;16;generic;Schlacht-/Kriegserzählungen;\bkrieg(?:e|en)?\b;ch drei Generationen später in der Reformationszeit, als wieder ein Krieg zwischen Zürich und den Eidgenossen drohte und sich dieVertreter d
/Users/programming/PycharmProjects/Find_Bibliography_NEw/data/azk_library/langmaier-konstantin-m__17.pdf;16;generic;Schlacht-/Kriegserzählungen;\bkrieg(?:e|en)?\b;ngewiesen und «wellint nit mer verbrent werden, wie im alten Zürich krieg syg beschächen».72 In zwei Fällen reicht das Gedenken sogar bis in
/Users/programming/PycharmProjects/Find_Bibliography_NEw/data/azk_library/langmaier-konstantin-m__17.pdf;17;work;Bullinger (Heinrich Bullinger, historiographische Werke);\bbullinger\b;Eremit - Nikolaus von Flüe im Alten Zürichkrieg Ein Nachtrag zum Bullinger-Jahr Robert Durrer (1867-1934), Staatsarchivar von Nidwaiden, ha
/Users/programming/PycharmProjects/Find_Bibliography_NEw/data/azk_library/langmaier-konstantin-m__17.pdf;17;generic;Schlacht-/Kriegserzählungen;\bkrieg(?:e|en)?\b;enn auch um 1501: «Nikolaus nahm nur auf obrigkeitlichen Befehl an Kriegen teil. Er war der grösste Freund des Friedens. Doch wo es galt für
/Users/programming/PycharmProjects/Find_Bibliography_NEw/data/azk_library/langmaier-konstantin-m__17.pdf;18;work;Stumpf (Johannes Stumpf, Schweizerchronik);johannes[\s \-]+stumpf;«Historia des allten tödtlichen sibenjärigen Zürychkriegs» von Johannes Stumpf, von der Bullinger durch Rudolf Güder eine Abschrift herstell
/Users/programming/PycharmProjects/Find_Bibliography_NEw/data/azk_library/langmaier-konstantin-m__17.pdf;18;work;Bullinger (Heinrich Bullinger, historiographische Werke);heinrich[\s \-]+bullinger;us von Flüe amAlten Zürichkrieg und zu deren Interpretation. Heinrich Bullinger nun überliefert - was bisher übersehen wurde - in seiner «Ei
/Users/programming/PycharmProjects/Find_Bibliography_NEw/data/azk_library/langmaier-konstantin-m__17.pdf;18;work;Bullinger (Heinrich Bullinger, historiographische Werke);\bbullinger\b;on Flüe amAlten Zürichkrieg und zu deren Interpretation. Heinrich Bullinger nun überliefert - was bisher übersehen wurde - in seiner «Eidgen
/Users/programming/PycharmProjects/Find_Bibliography_NEw/data/azk_library/langmaier-konstantin-m__17.pdf;18;work;Bullinger (Heinrich Bullinger, historiographische Werke);\bbullinger\b;ödtlichen sibenjärigen Zürychkriegs» von Johannes Stumpf, von der Bullinger durch Rudolf Güder eine Abschrift herstellen liess, die er dann
/Users/programming/PycharmProjects/Find_Bibliography_NEw/data/azk_library/langmaier-konstantin-m__17.pdf;18;work;Bullinger (Heinrich Bullinger, historiographische Werke);\bbullinger\b;r imm Zürychkrieg zuo Cappell hätte gehulffen übel huß halten.»86 Bullinger hatte also, mutmasslich während seiner Zeit als Schulmeister im
/Users/programming/PycharmProjects/Find_Bibliography_NEw/data/azk_library/langmaier-konstantin-m__17.pdf;18;generic;Chronik/Chroniken;\bchronik(?:en)?\b;rliefert - was bisher übersehen wurde - in seiner «Eidgenössischen Chronik» von 1568, die im Abschnitt über den Alten Zürichkrieg noch stark
/Users/programming/PycharmProjects/Find_Bibliography_NEw/data/azk_library/langmaier-konstantin-m__17.pdf;18;generic;Historia/Historiae;\bhistori[ae]\b;3. Sie findet sich als eigenhändige Randbemerkung Bullingers zur «Historia des allten tödtlichen sibenjärigen Zürychkriegs» von Johannes Stu
/Users/programming/PycharmProjects/Find_Bibliography_NEw/data/azk_library/langmaier-konstantin-m__17.pdf;18;generic;Schlacht-/Kriegserzählungen;\bkrieg(?:e|en)?\b;Bonstetten betont, Nikolaus von Flüe habe nie als Söldner an einem Krieg teilgenommen («er ist nie [...] vermerckt [...] in kriegen durch e
/Users/programming/PycharmProjects/Find_Bibliography_NEw/data/azk_library/langmaier-konstantin-m__17.pdf;18;generic;Schlacht-/Kriegserzählungen;\bkrieg(?:e|en)?\b;an einem Krieg teilgenommen («er ist nie [...] vermerckt [...] in kriegen durch eigen bewegnis»),83 was jedoch eine Teilnahme am Alten Züri
/Users/programming/PycharmProjects/Find_Bibliography_NEw/data/azk_library/langmaier-konstantin-m__17.pdf;18;generic;Schlacht-/Kriegserzählungen;\bkrieg(?:e|en)?\b;"ereits verheiratet und Familienvater war - was auf das Verhalten im Krieg einen Einfluss haben konnte84 -, steht nicht fest; seine Eheschlie"
/Users/programming/PycharmProjects/Find_Bibliography_NEw/data/azk_library/langmaier-konstantin-m__17.pdf;19;work;Bullinger (Heinrich Bullinger, historiographische Werke);heinrich[\s \-]+bullinger;ber vergoldet (Durchmesser 42,9 mm), und Bildnismedaille von Heinrich Bullinger, 1566, Silber (Durchmesser 41,5 mm: Schweizerisches Landesmu
/Users/programming/PycharmProjects/Find_Bibliography_NEw/data/azk_library/langmaier-konstantin-m__17.pdf;19;work;Bullinger (Heinrich Bullinger, historiographische Werke);\bbullinger\b;vergoldet (Durchmesser 42,9 mm), und Bildnismedaille von Heinrich Bullinger, 1566, Silber (Durchmesser 41,5 mm: Schweizerisches Landesmuseum
/Users/programming/PycharmProjects/Find_Bibliography_NEw/data/azk_library/langmaier-konstantin-m__17.pdf;19;work;Bullinger (Heinrich Bullinger, historiographische Werke);\bbullinger\b;ür die Eidgenossen ebenfalls ein potentielles Angriffsziel war.90 Bullinger beschäftigte sich intensiv mit der Geschichte des Klosters Kappe
/Users/programming/PycharmProjects/Find_Bibliography_NEw/data/azk_library/langmaier-konstantin-m__17.pdf;19;work;Bullinger (Heinrich Bullinger, historiographische Werke);\bbullinger\b;enen Beobachtungen zur Geschichte des Alten Zürichkriegs, wie sie Bullinger als Historiker systematisch und sein Leben lang sammelte.92 Als
/Users/programming/PycharmProjects/Find_Bibliography_NEw/data/azk_library/langmaier-konstantin-m__17.pdf;20;work;Fründ (Hans Fründ);hans[\s \-]+fr[üu]nd;uck New York 1995,80. 4 Bernhard Stettier: Zur Überlieferung von Hans Fründs Darstellung des Alten Zürichkriegs, in: Tschudi, Bd. 12,122*-13
/Users/programming/PycharmProjects/Find_Bibliography_NEw/data/azk_library/langmaier-konstantin-m__17.pdf;20;work;Fründ (Hans Fründ);\bfr[üu]nd\b;"he Lektüre des Textes danke ich sehr herzlich Peter Niederhäuser. 2 Fründ, 251-256; URStAZ, Bd. 6, Nr. 9121 sowie Nr. 8098 (Banner); Heinric"
/Users/programming/PycharmProjects/Find_Bibliography_NEw/data/azk_library/langmaier-konstantin-m__17.pdf;20;work;Fründ (Hans Fründ);\bfr[üu]nd\b;"Darstellung des Alten Zürichkriegs, in: Tschudi, Bd. 12,122*-134*; Fründ, 224: «ich han je nach und nach die Sachen geschriben, [wie] ich d"
/Users/programming/PycharmProjects/Find_Bibliography_NEw/data/azk_library/langmaier-konstantin-m__17.pdf;20;work;Fründ (Hans Fründ);\bfr[üu]nd\b;"wie] ich die Sachen in miner gedenknisse und memorie gehept han.» 5 Fründ, 132 (Freienbach), 138 (Hirzel; vgl. auch [Thuner] Missive aus der"
/Users/programming/PycharmProjects/Find_Bibliography_NEw/data/azk_library/langmaier-konstantin-m__17.pdf;20;work;Stumpf (Johannes Stumpf, Schweizerchronik);johannes[\s \-]+stumpf;eydgnoschafft, ZBZ, Ms. A14-15, hier Ms.A 14, fol. 328 v (nach Johannes Stumpf), und Ms. A15, 51 (aus «alten Zürych Chroniken»), 107 f. (nac
/Users/programming/PycharmProjects/Find_Bibliography_NEw/data/azk_library/langmaier-konstantin-m__17.pdf;20;work;Tschudi (Aegidius/Gilg Tschudi, Chronicon Helveticum);\btschudi\b;"rlieferung von Hans Fründs Darstellung des Alten Zürichkriegs, in: Tschudi, Bd. 12,122*-134*; Fründ, 224: «ich han je nach und nach die Sach"
/Users/programming/PycharmProjects/Find_Bibliography_NEw/data/azk_library/langmaier-konstantin-m__17.pdf;20;work;Bullinger (Heinrich Bullinger, historiographische Werke);heinrich[\s \-]+bullinger;"d, 251-256; URStAZ, Bd. 6, Nr. 9121 sowie Nr. 8098 (Banner); Heinrich Bullinger: Historia gemeiner loblicher eydgnoschafft, ZBZ, Ms. A14-15,"
/Users/programming/PycharmProjects/Find_Bibliography_NEw/data/azk_library/langmaier-konstantin-m__17.pdf;20;work;Bullinger (Heinrich Bullinger, historiographische Werke);\bbullinger\b;1 in der Schlacht von Kappel gefallen, noch am Leben war.)93 Wenn Bullinger die Nachricht später nicht in seine Tigurinerchronik übernahm, o
/Users/programming/PycharmProjects/Find_Bibliography_NEw/data/azk_library/langmaier-konstantin-m__17.pdf;20;work;Bullinger (Heinrich Bullinger, historiographische Werke);\bbullinger\b;richt allenfalls möglich gewesen wäre, lag weder im Interesse von Bullinger noch der Reformierten im allgemeinen. In der Bilanz kann deshalb
/Users/programming/PycharmProjects/Find_Bibliography_NEw/data/azk_library/langmaier-konstantin-m__17.pdf;20;work;Bullinger (Heinrich Bullinger, historiographische Werke);\bbullinger\b;allgemeinen. In der Bilanz kann deshalb festgehalten werden, dass Bullinger die Nachricht wohl zuverlässig, das heisst ohne Verfälschung dur
/Users/programming/PycharmProjects/Find_Bibliography_NEw/data/azk_library/langmaier-konstantin-m__17.pdf;20;work;Bullinger (Heinrich Bullinger, historiographische Werke);\bbullinger\b;"51-256; URStAZ, Bd. 6, Nr. 9121 sowie Nr. 8098 (Banner); Heinrich Bullinger: Historia gemeiner loblicher eydgnoschafft, ZBZ, Ms. A14-15, hie"
/Users/programming/PycharmProjects/Find_Bibliography_NEw/data/azk_library/langmaier-konstantin-m__17.pdf;20;generic;Chronik/Chroniken;\bchronik(?:en)?\b;"328 v (nach Johannes Stumpf), und Ms. A15, 51 (aus «alten Zürych Chroniken»), 107 f. (nach Hans Füessli); StAZ, G I 96, fol. 258 r-v (9. Au"
/Users/programming/PycharmProjects/Find_Bibliography_NEw/data/azk_library/langmaier-konstantin-m__17.pdf;20;generic;Historia/Historiae;\bhistori[ae]\b;"tAZ, Bd. 6, Nr. 9121 sowie Nr. 8098 (Banner); Heinrich Bullinger: Historia gemeiner loblicher eydgnoschafft, ZBZ, Ms. A14-15, hier Ms.A 14,"
/Users/programming/PycharmProjects/Find_Bibliography_NEw/data/azk_library/langmaier-konstantin-m__17.pdf;20;generic;Eydgenossenschaft/Helvetia (frühneuzeitl. Schreibungen);eydt?g?nosch[aä]fft;"8098 (Banner); Heinrich Bullinger: Historia gemeiner loblicher eydgnoschafft, ZBZ, Ms. A14-15, hier Ms.A 14, fol. 328 v (nach Johannes Stum"
/Users/programming/PycharmProjects/Find_Bibliography_NEw/data/azk_library/langmaier-konstantin-m__17.pdf;20;generic;Schlacht-/Kriegserzählungen;\bschlacht(?:en)?\b;nur Wolfgang Joner, 1520-1527 selbst Abt und 1531 in der Schlacht von Kappel gefallen, noch am Leben war.)93 Wenn Bullinger die Nachricht sp
/Users/programming/PycharmProjects/Find_Bibliography_NEw/data/azk_library/langmaier-konstantin-m__17.pdf;20;generic;Schlacht-/Kriegserzählungen;\bschlacht(?:en)?\b;5636). Zur zweiten Rettung des Banners vgl.: Friedrich Hegi: Die Schlacht bei Kappel und das Näfengeschlecht, in: Zwingliana 3 (1916), 211-
/Users/programming/PycharmProjects/Find_Bibliography_NEw/data/azk_library/langmaier-konstantin-m__17.pdf;20;generic;Schlacht-/Kriegserzählungen;\bschlacht(?:en)?\b;"echt, in: Zwingliana 3 (1916), 211-221;Adrian Corrodi-Sulzer: Die Schlacht bei Kappel und das Näfengeschlecht, in: Zwingliana 4 (1925), 276-"
/Users/programming/PycharmProjects/Find_Bibliography_NEw/data/azk_library/langmaier-konstantin-m__17.pdf;20;generic;Schlacht-/Kriegserzählungen;\bkrieg(?:e|en)?\b;sondern auch hinsichtlich der Vermeidung unnötiger Zerstörungen im Krieg zu relativieren. Was bleibt, ist die Tatsache, dass Gewaltverzicht
/Users/programming/PycharmProjects/Find_Bibliography_NEw/data/azk_library/langmaier-konstantin-m__17.pdf;21;work;Fründ (Hans Fründ);\bfr[üu]nd\b;ser. 10 Das einzige Beispiel mit einer Zählung der toten Feinde bei Fründ, 216 (Scharmützel bei Erlenbach am 13. Oktober 1444 mit 27 Toten,
/Users/programming/PycharmProjects/Find_Bibliography_NEw/data/azk_library/langmaier-konstantin-m__17.pdf;21;work;Fründ (Hans Fründ);\bfr[üu]nd\b;"ssen, wurde nach Blutspuren als Hinweis auf Verluste gesucht. Vgl.: Fründ, 238, 249; Thuner Missive (wie Anm. 5), 455, Nr. 94. 11 Vgl. URStA"
/Users/programming/PycharmProjects/Find_Bibliography_NEw/data/azk_library/langmaier-konstantin-m__17.pdf;21;work;Fründ (Hans Fründ);\bfr[üu]nd\b;"i St. Jakob an der Birs. 17 Belege für die eidgenössische Seite bei Fründ, 138,159 f., 198,208; Das Schlachtenj ahrzeit der Eidgenossen nach"
/Users/programming/PycharmProjects/Find_Bibliography_NEw/data/azk_library/langmaier-konstantin-m__17.pdf;21;work;Fründ (Hans Fründ);\bfr[üu]nd\b;", «Datenbanken Staatsarchiv: STASZ-Hauptarchiv, Urkundensammlung»); Fründ, 132. 20 Fründ, 263. 21 Fründ, 138 f. 22 Paul Schweizer: Chronik v"
/Users/programming/PycharmProjects/Find_Bibliography_NEw/data/azk_library/langmaier-konstantin-m__17.pdf;21;work;Fründ (Hans Fründ);\bfr[üu]nd\b;"Staatsarchiv: STASZ-Hauptarchiv, Urkundensammlung»); Fründ, 132. 20 Fründ, 263. 21 Fründ, 138 f. 22 Paul Schweizer: Chronik von einem Sohn d"
/Users/programming/PycharmProjects/Find_Bibliography_NEw/data/azk_library/langmaier-konstantin-m__17.pdf;21;work;Fründ (Hans Fründ);\bfr[üu]nd\b;"TASZ-Hauptarchiv, Urkundensammlung»); Fründ, 132. 20 Fründ, 263. 21 Fründ, 138 f. 22 Paul Schweizer: Chronik von einem Sohn des Bannerherm H"
/Users/programming/PycharmProjects/Find_Bibliography_NEw/data/azk_library/langmaier-konstantin-m__17.pdf;21;work;Hemmerlin (Felix Hemmerlin/Malleolus);felix[\s \-]+hemmerlin;", einer Handschrift aus dem Kloster Rheinau); Balthasar Reber: Felix Hemmerlin von Zürich, Zürich 1846,269 (St. Jakob nach Hemmerli: 151 Tot"
/Users/programming/PycharmProjects/Find_Bibliography_NEw/data/azk_library/langmaier-konstantin-m__17.pdf;21;work;Hemmerlin (Felix Hemmerlin/Malleolus);\bhemmerlin\b;"iner Handschrift aus dem Kloster Rheinau); Balthasar Reber: Felix Hemmerlin von Zürich, Zürich 1846,269 (St. Jakob nach Hemmerli: 151 Tote);"
/Users/programming/PycharmProjects/Find_Bibliography_NEw/data/azk_library/langmaier-konstantin-m__17.pdf;21;work;Edlibach (Gerold Edlibach, Zürcher Chronik);\bedlibach\b;"Erlenbach am 13. Oktober 1444 mit 27 Toten, «die gezelt wurdent»; Edlibach, 67, bringt das Gefecht zum 6. Oktober 1445, aber nahezu übereins"
/Users/programming/PycharmProjects/Find_Bibliography_NEw/data/azk_library/langmaier-konstantin-m__17.pdf;21;work;Edlibach (Gerold Edlibach, Zürcher Chronik);\bedlibach\b;"Johannes Dierauer (QSG 18), Basel 1900,213 (St. Jakob: 150Tote); Edlibach, 38,43 (Hirzel: 300 Tote, St. Jakob: 160 Tote); AnzSG 1 (1859), 3"
/Users/programming/PycharmProjects/Find_Bibliography_NEw/data/azk_library/langmaier-konstantin-m__17.pdf;21;work;Brennwald (Heinrich/Johannes Brennwald, Schweizerchronik);heinrich[\s \-]+brennwald;Irakkriegs: www.iraqbodycount.org. 7 Vgl. namentlich die bei Heinrich Brennwald: Schweizerchronik, hg. von Rudolf Luginbühl (QSG, N. F., Abt
/Users/programming/PycharmProjects/Find_Bibliography_NEw/data/azk_library/langmaier-konstantin-m__17.pdf;21;work;Brennwald (Heinrich/Johannes Brennwald, Schweizerchronik);\bbrennwald\b;kriegs: www.iraqbodycount.org. 7 Vgl. namentlich die bei Heinrich Brennwald: Schweizerchronik, hg. von Rudolf Luginbühl (QSG, N. F., Abt. 1/
/Users/programming/PycharmProjects/Find_Bibliography_NEw/data/azk_library/langmaier-konstantin-m__17.pdf;21;work;Bullinger (Heinrich Bullinger, historiographische Werke);heinrich[\s \-]+bullinger;), 34 (Kilchberg) bzw. 16 (Horgen) Gefallene zu verzeichnen. Heinrich Bullinger: Reformationsgeschichte, hg. von Johann Jakob Hottinger und
/Users/programming/PycharmProjects/Find_Bibliography_NEw/data/azk_library/langmaier-konstantin-m__17.pdf;21;work;Bullinger (Heinrich Bullinger, historiographische Werke);\bbullinger\b;"Gallen, Cod. 630). 13 StAZ, F IIa 241, fol. 45 v-46 v (Küsnacht); Bullinger (wie Anm. 2), Ms. A15,34 f. (Kilchberg); StAZ, F IIc 39a, Innens"
/Users/programming/PycharmProjects/Find_Bibliography_NEw/data/azk_library/langmaier-konstantin-m__17.pdf;21;work;Bullinger (Heinrich Bullinger, historiographische Werke);\bbullinger\b;4 (Kilchberg) bzw. 16 (Horgen) Gefallene zu verzeichnen. Heinrich Bullinger: Reformationsgeschichte, hg. von Johann Jakob Hottinger und Hans
/Users/programming/PycharmProjects/Find_Bibliography_NEw/data/azk_library/langmaier-konstantin-m__17.pdf;21;work;Klingenberger/Rapperswiler Chronik (Eberhard Wüest);klingenberger[\s \-]+chronik;"rund 150 Namen und einer Zahl von rund 850 Pferden, ferner Klingenberger Chronik, 314 (rund 500 Pferde); URStAZ, Bd. 6, Nr. 8904,8907,9021."
/Users/programming/PycharmProjects/Find_Bibliography_NEw/data/azk_library/langmaier-konstantin-m__17.pdf;21;work;Klingenberger/Rapperswiler Chronik (Eberhard Wüest);klingenberger[\s \-]+chronik;, N. F. 7 (1896), 377 (Zitat). Weitere Gefallenenzahlen in: Klingenberger Chronik, 304 f., 307,320 (Freienbach: 42 Tote, Hirzel: 250-300 Tot
/Users/programming/PycharmProjects/Find_Bibliography_NEw/data/azk_library/langmaier-konstantin-m__17.pdf;21;work;Klingenberger/Rapperswiler Chronik (Eberhard Wüest);klingenberger[\s \-]+chronik;"ürich, Zürich 1846,269 (St. Jakob nach Hemmerli: 151 Tote); Klingenberger Chronik, 322, Anm. ww (St. Jakob: 140 Tote gemäss Stiftsbibliothek"
/Users/programming/PycharmProjects/Find_Bibliography_NEw/data/azk_library/langmaier-konstantin-m__17.pdf;21;work;Zürcher Stadtchronik (allgemein);chronik[\s \-]+der[\s \-]+stadt[\s \-]+z[üu]rich;", Hirzel: 250-300 Tote, St. Jakob an der Sihl: 145 Tote); Chronik der Stadt Zürich, hg. von Johannes Dierauer (QSG 18), Basel 1900,213 (St."
/Users/programming/PycharmProjects/Find_Bibliography_NEw/data/azk_library/langmaier-konstantin-m__17.pdf;21;work;Zürcher Stadtchronik (allgemein);chronik[\s \-]+der[\s \-]+stadt[\s \-]+z[üu]rich;"F., Abt. II/3), Basel 1940,293; REC, Bd. 4, Nr. 11512. 18 Chronik der Stadt Zürich (wie Anm. 12), 220. 19 STASZ, Urk. 464 (zugänglich auch ü"
/Users/programming/PycharmProjects/Find_Bibliography_NEw/data/azk_library/langmaier-konstantin-m__17.pdf;21;work;Hottinger (Johann Jakob Hottinger, Helvetische Kirchengeschichte);johann[\s \-]+jakob[\s \-]+hottinger;chnen. Heinrich Bullinger: Reformationsgeschichte, hg. von Johann Jakob Hottinger und Hans Heinrich Vögeli, Bd. 3, Frauenfeld 1840,147-150.
/Users/programming/PycharmProjects/Find_Bibliography_NEw/data/azk_library/langmaier-konstantin-m__17.pdf;21;work;Hottinger (Johann Jakob Hottinger, Helvetische Kirchengeschichte);\bhottinger\b;Heinrich Bullinger: Reformationsgeschichte, hg. von Johann Jakob Hottinger und Hans Heinrich Vögeli, Bd. 3, Frauenfeld 1840,147-150. 14 Mon
/Users/programming/PycharmProjects/Find_Bibliography_NEw/data/azk_library/langmaier-konstantin-m__17.pdf;21;work;Chronik der Stadt Zürich (Edlibach u. a.);chronik[\s \-]+der[\s \-]+stadt[\s \-]+z[üu]rich;", Hirzel: 250-300 Tote, St. Jakob an der Sihl: 145 Tote); Chronik der Stadt Zürich, hg. von Johannes Dierauer (QSG 18), Basel 1900,213 (St."
/Users/programming/PycharmProjects/Find_Bibliography_NEw/data/azk_library/langmaier-konstantin-m__17.pdf;21;work;Chronik der Stadt Zürich (Edlibach u. a.);chronik[\s \-]+der[\s \-]+stadt[\s \-]+z[üu]rich;"F., Abt. II/3), Basel 1940,293; REC, Bd. 4, Nr. 11512. 18 Chronik der Stadt Zürich (wie Anm. 12), 220. 19 STASZ, Urk. 464 (zugänglich auch ü"
/Users/programming/PycharmProjects/Find_Bibliography_NEw/data/azk_library/langmaier-konstantin-m__17.pdf;21;series;QSG (Quellen zur Schweizer Geschichte);\bqsg\b;bei Heinrich Brennwald: Schweizerchronik, hg. von Rudolf Luginbühl (QSG, N. F., Abt. 1/1), Bd. 2, Basel 1910,77-83 überlieferte Liste mit r
/Users/programming/PycharmProjects/Find_Bibliography_NEw/data/azk_library/langmaier-konstantin-m__17.pdf;21;series;QSG (Quellen zur Schweizer Geschichte);\bqsg\b;"ihl: 145 Tote); Chronik der Stadt Zürich, hg. von Johannes Dierauer (QSG 18), Basel 1900,213 (St. Jakob: 150Tote); Edlibach, 38,43 (Hirzel:"
/Users/programming/PycharmProjects/Find_Bibliography_NEw/data/azk_library/langmaier-konstantin-m__17.pdf;21;series;QSG (Quellen zur Schweizer Geschichte);\bqsg\b;"den innerschweizerischen Jahrzeitbüchern, hg. von Rudolf Henggeier (QSG, N. F., Abt. II/3), Basel 1940,293; REC, Bd. 4, Nr. 11512. 18 Chron"
/Users/programming/PycharmProjects/Find_Bibliography_NEw/data/azk_library/langmaier-konstantin-m__17.pdf;21;series;MGH (allgemein);monumenta[\s \-]+germaniae[\s \-]+historica;ans Heinrich Vögeli, Bd. 3, Frauenfeld 1840,147-150. 14 Monumenta Germaniae Historica. Necrologia Germaniae, Bd. 1: Dioeceses Augustensis, C
/Users/programming/PycharmProjects/Find_Bibliography_NEw/data/azk_library/langmaier-konstantin-m__17.pdf;21;generic;Chronik/Chroniken;\bchronik(?:en)?\b;"50 Namen und einer Zahl von rund 850 Pferden, ferner Klingenberger Chronik, 314 (rund 500 Pferde); URStAZ, Bd. 6, Nr. 8904,8907,9021. 8 Vgl."
/Users/programming/PycharmProjects/Find_Bibliography_NEw/data/azk_library/langmaier-konstantin-m__17.pdf;21;generic;Chronik/Chroniken;\bchronik(?:en)?\b;7 (1896), 377 (Zitat). Weitere Gefallenenzahlen in: Klingenberger Chronik, 304 f., 307,320 (Freienbach: 42 Tote, Hirzel: 250-300 Tote, St.
/Users/programming/PycharmProjects/Find_Bibliography_NEw/data/azk_library/langmaier-konstantin-m__17.pdf;21;generic;Chronik/Chroniken;\bchronik(?:en)?\b;": 42 Tote, Hirzel: 250-300 Tote, St. Jakob an der Sihl: 145 Tote); Chronik der Stadt Zürich, hg. von Johannes Dierauer (QSG 18), Basel 1900,"
/Users/programming/PycharmProjects/Find_Bibliography_NEw/data/azk_library/langmaier-konstantin-m__17.pdf;21;generic;Chronik/Chroniken;\bchronik(?:en)?\b;"Zürich 1846,269 (St. Jakob nach Hemmerli: 151 Tote); Klingenberger Chronik, 322, Anm. ww (St. Jakob: 140 Tote gemäss Stiftsbibliothek St. Ga"
/Users/programming/PycharmProjects/Find_Bibliography_NEw/data/azk_library/langmaier-konstantin-m__17.pdf;21;generic;Chronik/Chroniken;\bchronik(?:en)?\b;"(QSG, N. F., Abt. II/3), Basel 1940,293; REC, Bd. 4, Nr. 11512. 18 Chronik der Stadt Zürich (wie Anm. 12), 220. 19 STASZ, Urk. 464 (zugängli"
/Users/programming/PycharmProjects/Find_Bibliography_NEw/data/azk_library/langmaier-konstantin-m__17.pdf;21;generic;Chronik/Chroniken;\bchronik(?:en)?\b;"»); Fründ, 132. 20 Fründ, 263. 21 Fründ, 138 f. 22 Paul Schweizer: Chronik von einem Sohn des Bannerherm Hans Schwyzer, in: Zwingliana 3 (19"
/Users/programming/PycharmProjects/Find_Bibliography_NEw/data/azk_library/langmaier-konstantin-m__17.pdf;21;generic;Schlacht-/Kriegserzählungen;\bschlacht(?:en)?\b;. auch URStAZ, Bd. 6, Nr. 8922,8965,9121. - Zum Vergleich: In der Schlacht bei Kappel 1531 hatten die drei Pfarreien 38 (Küsnacht), 34 (Kilc
/Users/programming/PycharmProjects/Find_Bibliography_NEw/data/azk_library/langmaier-konstantin-m__17.pdf;21;generic;Schlacht-/Kriegserzählungen;\bschlacht(?:en)?\b;ation im Fall von Winterthur mit der für die Stadt katastrophalen Schlacht am Stoss. Vgl. Peter Niederhäuser: «Durch der herschafft willen l
/Users/programming/PycharmProjects/Find_Bibliography_NEw/data/azk_library/langmaier-konstantin-m__17.pdf;21;generic;Schlacht-/Kriegserzählungen;\bschlacht(?:en)?\b;yz 1999,122-124. Beinahe die Hälfte der Gefallenen stammt aus der Schlacht bei St. Jakob an der Birs. 17 Belege für die eidgenössische Seite
/Users/programming/PycharmProjects/Find_Bibliography_NEw/data/azk_library/langmaier-konstantin-m__17.pdf;21;generic;Schlacht-/Kriegserzählungen;\bschlacht(?:en)?\b;um Vorschein, die zu den mehr als 200 Gefallenen der sog. Zweiten Schlacht bei Zürich vom 26. September 1799 gehörten, welche von der Lokalb
/Users/programming/PycharmProjects/Find_Bibliography_NEw/data/azk_library/langmaier-konstantin-m__17.pdf;22;work;Fründ (Hans Fründ);\bfr[üu]nd\b;"25 URStAZ, Bd. 6, Nr. 8193,8938. 26 Klingenberger Chronik, 309 f.; Fründ, 144 f.; Edlibach, 39; vgl. auch URStAZ, Bd. 6, Nr. 7328. 27 Kling"
/Users/programming/PycharmProjects/Find_Bibliography_NEw/data/azk_library/langmaier-konstantin-m__17.pdf;22;work;Fründ (Hans Fründ);\bfr[üu]nd\b;"l. auch URStAZ, Bd. 6, Nr. 7328. 27 Klingenberger Chronik, 310-312; Fründ, 145-147; Edlibach, 39 f.; URStAZ, Bd. 6, Nr. 8985; StAZ, A 29.1,"
/Users/programming/PycharmProjects/Find_Bibliography_NEw/data/azk_library/langmaier-konstantin-m__17.pdf;22;work;Fründ (Hans Fründ);\bfr[üu]nd\b;"nhard Stettier: [Kommentar], in: Tschudi, Bd. 11,148 f. Anm. 64. 28 Fründ, 188-192; Chronik der Stadt Zürich (wie Anm. 12), 214 f.; Edlibach"
/Users/programming/PycharmProjects/Find_Bibliography_NEw/data/azk_library/langmaier-konstantin-m__17.pdf;22;work;Fründ (Hans Fründ);\bfr[üu]nd\b;"drich Emil Welti und Hermann Rennefahrt,Aarau 1971, Nr. 339,393 f.; Fründ, 190. 31 Vgl. Edlibach, 40: «rouben oder brennen und alles, dz zu"
/Users/programming/PycharmProjects/Find_Bibliography_NEw/data/azk_library/langmaier-konstantin-m__17.pdf;22;work;Fründ (Hans Fründ);\bfr[üu]nd\b;"«rouben oder brennen und alles, dz zu kriegschen Sachen gehört». 32 Fründ, bes. 140,152,156 f., 159 (Zitat; ähnlich Klingenberger Chronik, 3"
/Users/programming/PycharmProjects/Find_Bibliography_NEw/data/azk_library/langmaier-konstantin-m__17.pdf;22;work;Fründ (Hans Fründ);\bfr[üu]nd\b;"5 (mit Zitat), 316,320,322 f., 330,336; URStAZ, Bd. 6, Nr. 8930. 34 Fründ, 139 f., 144,146; Klingenberger Chronik, 308,309,312; Edlibach, 38"
/Users/programming/PycharmProjects/Find_Bibliography_NEw/data/azk_library/langmaier-konstantin-m__17.pdf;22;work;Fründ (Hans Fründ);\bfr[üu]nd\b;is 1532 (SchweizerTexte, N. F. 13), Bern/Stuttgart/Wien 1998,79. 35 Fründ, 153 (Knonaueramt), 161 f. (Höngg, mit Zitat, dazu übereinstimmend
/Users/programming/PycharmProjects/Find_Bibliography_NEw/data/azk_library/langmaier-konstantin-m__17.pdf;22;work;Fründ (Hans Fründ);\bfr[üu]nd\b;"gg, mit Zitat, dazu übereinstimmend Klingenberger Chronik, 323). 36 Fründ, 146; Thuner Missive (wie Anm. 5), 356 f., Nr. 28; URStAZ, Bd. 6,"
/Users/programming/PycharmProjects/Find_Bibliography_NEw/data/azk_library/langmaier-konstantin-m__17.pdf;22;work;Fründ (Hans Fründ);\bfr[üu]nd\b;"sive (wie Anm. 5), 356 f., Nr. 28; URStAZ, Bd. 6, Nr. 9015,9019. 37 Fründ, 213 f. (Zitat), 244; Edlibach, 45. Vgl. ausführlicher Christian S"
/Users/programming/PycharmProjects/Find_Bibliography_NEw/data/azk_library/langmaier-konstantin-m__17.pdf;22;work;Hemmerlin (Felix Hemmerlin/Malleolus);de[\s \-]+nobilitate[\s \-]+et[\s \-]+rusticitate;"nm. 46) Liebenau (wie Anm. 46), 238 f.; Felix Hemmerli: De nobilitate et rusticitate dialogus. [Strassburg, Johann Prüss d. Ä. um 1500], fol"
/Users/programming/PycharmProjects/Find_Bibliography_NEw/data/azk_library/langmaier-konstantin-m__17.pdf;22;work;Edlibach (Gerold Edlibach, Zürcher Chronik);\bedlibach\b;", Nr. 8193,8938. 26 Klingenberger Chronik, 309 f.; Fründ, 144 f.; Edlibach, 39; vgl. auch URStAZ, Bd. 6, Nr. 7328. 27 Klingenberger Chronik,"
/Users/programming/PycharmProjects/Find_Bibliography_NEw/data/azk_library/langmaier-konstantin-m__17.pdf;22;work;Edlibach (Gerold Edlibach, Zürcher Chronik);\bedlibach\b;". 6, Nr. 7328. 27 Klingenberger Chronik, 310-312; Fründ, 145-147; Edlibach, 39 f.; URStAZ, Bd. 6, Nr. 8985; StAZ, A 29.1, Mappe 3a (früher B"
/Users/programming/PycharmProjects/Find_Bibliography_NEw/data/azk_library/langmaier-konstantin-m__17.pdf;22;work;Edlibach (Gerold Edlibach, Zürcher Chronik);\bedlibach\b;"8 Fründ, 188-192; Chronik der Stadt Zürich (wie Anm. 12), 214 f.; Edlibach, 45-53; Thuner Missive (wie Anm. 5), 355-366, Nr. 28-34; URStAZ,"
/Users/programming/PycharmProjects/Find_Bibliography_NEw/data/azk_library/langmaier-konstantin-m__17.pdf;22;work;Edlibach (Gerold Edlibach, Zürcher Chronik);\bedlibach\b;"ermann Rennefahrt,Aarau 1971, Nr. 339,393 f.; Fründ, 190. 31 Vgl. Edlibach, 40: «rouben oder brennen und alles, dz zu kriegschen Sachen gehö"
/Users/programming/PycharmProjects/Find_Bibliography_NEw/data/azk_library/langmaier-konstantin-m__17.pdf;22;work;Edlibach (Gerold Edlibach, Zürcher Chronik);\bedlibach\b;"0. 34 Fründ, 139 f., 144,146; Klingenberger Chronik, 308,309,312; Edlibach, 38; StALU, Urk 231/3328,7-9,18 (vgl. dazu unten Anm. 46) Liebena"
/Users/programming/PycharmProjects/Find_Bibliography_NEw/data/azk_library/langmaier-konstantin-m__17.pdf;22;work;Edlibach (Gerold Edlibach, Zürcher Chronik);\bedlibach\b;"28; URStAZ, Bd. 6, Nr. 9015,9019. 37 Fründ, 213 f. (Zitat), 244; Edlibach, 45. Vgl. ausführlicher Christian Sieber: Krieg und Frieden in de"
/Users/programming/PycharmProjects/Find_Bibliography_NEw/data/azk_library/langmaier-konstantin-m__17.pdf;22;work;Tschudi (Aegidius/Gilg Tschudi, Chronicon Helveticum);\btschudi\b;"0, hier 361, Anm. ***, und von Bernhard Stettier: [Kommentar], in: Tschudi, Bd. 11,148 f. Anm. 64. 28 Fründ, 188-192; Chronik der Stadt Züri"
/Users/programming/PycharmProjects/Find_Bibliography_NEw/data/azk_library/langmaier-konstantin-m__17.pdf;22;work;Bullinger (Heinrich Bullinger, historiographische Werke);\bbullinger\b;geschichte und Städtebau in Zürich 7), Zürich 2005, bes. 14 f. 23 Bullinger (wie Anm. 2), Ms. A 14, fol. 327 r. 24 Bullinger (wie Anm. 13),
/Users/programming/PycharmProjects/Find_Bibliography_NEw/data/azk_library/langmaier-konstantin-m__17.pdf;22;work;Bullinger (Heinrich Bullinger, historiographische Werke);\bbullinger\b;5, bes. 14 f. 23 Bullinger (wie Anm. 2), Ms. A 14, fol. 327 r. 24 Bullinger (wie Anm. 13), Bd. 3,142.1405 erhielt ein Priester von der Stadt
/Users/programming/PycharmProjects/Find_Bibliography_NEw/data/azk_library/langmaier-konstantin-m__17.pdf;22;work;Klingenberger/Rapperswiler Chronik (Eberhard Wüest);klingenberger[\s \-]+chronik;"user (wie Anm. 15), 41. 25 URStAZ, Bd. 6, Nr. 8193,8938. 26 Klingenberger Chronik, 309 f.; Fründ, 144 f.; Edlibach, 39; vgl. auch URStAZ, Bd"
/Users/programming/PycharmProjects/Find_Bibliography_NEw/data/azk_library/langmaier-konstantin-m__17.pdf;22;work;Klingenberger/Rapperswiler Chronik (Eberhard Wüest);klingenberger[\s \-]+chronik;"144 f.; Edlibach, 39; vgl. auch URStAZ, Bd. 6, Nr. 7328. 27 Klingenberger Chronik, 310-312; Fründ, 145-147; Edlibach, 39 f.; URStAZ, Bd. 6,"
/Users/programming/PycharmProjects/Find_Bibliography_NEw/data/azk_library/langmaier-konstantin-m__17.pdf;22;work;Klingenberger/Rapperswiler Chronik (Eberhard Wüest);klingenberger[\s \-]+chronik;"gehört». 32 Fründ, bes. 140,152,156 f., 159 (Zitat; ähnlich Klingenberger Chronik, 320), 188 f., 192,200-202,213 f., 222,233 f., 236,238,240"
/Users/programming/PycharmProjects/Find_Bibliography_NEw/data/azk_library/langmaier-konstantin-m__17.pdf;22;work;Klingenberger/Rapperswiler Chronik (Eberhard Wüest);klingenberger[\s \-]+chronik;"192,200-202,213 f., 222,233 f., 236,238,240,244; ergänzend: Klingenberger Chronik, 326;Thuner Missive (wie Anm. 5), 442, Nr. 84; URStAZ, Bd."
/Users/programming/PycharmProjects/Find_Bibliography_NEw/data/azk_library/langmaier-konstantin-m__17.pdf;22;work;Klingenberger/Rapperswiler Chronik (Eberhard Wüest);klingenberger[\s \-]+chronik;"5), 442, Nr. 84; URStAZ, Bd. 6, Nr. 8912,9052,9061,9071. 33 Klingenberger Chronik, 310,315 (mit Zitat), 316,320,322 f., 330,336; URStAZ, Bd."
/Users/programming/PycharmProjects/Find_Bibliography_NEw/data/azk_library/langmaier-konstantin-m__17.pdf;22;work;Klingenberger/Rapperswiler Chronik (Eberhard Wüest);klingenberger[\s \-]+chronik;"30,336; URStAZ, Bd. 6, Nr. 8930. 34 Fründ, 139 f., 144,146; Klingenberger Chronik, 308,309,312; Edlibach, 38; StALU, Urk 231/3328,7-9,18 (vg"
/Users/programming/PycharmProjects/Find_Bibliography_NEw/data/azk_library/langmaier-konstantin-m__17.pdf;22;work;Klingenberger/Rapperswiler Chronik (Eberhard Wüest);klingenberger[\s \-]+chronik;"nonaueramt), 161 f. (Höngg, mit Zitat, dazu übereinstimmend Klingenberger Chronik, 323). 36 Fründ, 146; Thuner Missive (wie Anm. 5), 356 f.,"
/Users/programming/PycharmProjects/Find_Bibliography_NEw/data/azk_library/langmaier-konstantin-m__17.pdf;22;work;Zürcher Stadtchronik (allgemein);chronik[\s \-]+der[\s \-]+stadt[\s \-]+z[üu]rich;"], in: Tschudi, Bd. 11,148 f. Anm. 64. 28 Fründ, 188-192; Chronik der Stadt Zürich (wie Anm. 12), 214 f.; Edlibach, 45-53; Thuner Missive (w"
/Users/programming/PycharmProjects/Find_Bibliography_NEw/data/azk_library/langmaier-konstantin-m__17.pdf;22;work;Hottinger (Johann Jakob Hottinger, Helvetische Kirchengeschichte);johann[\s \-]+jakob[\s \-]+hottinger;"I 215, fol. 16-26; Gerichtsakten), teilweise referiert von Johann Jakob Hottinger: Zürichs inneres Leben während der Dauer des Alten Zürichk"
/Users/programming/PycharmProjects/Find_Bibliography_NEw/data/azk_library/langmaier-konstantin-m__17.pdf;22;work;Hottinger (Johann Jakob Hottinger, Helvetische Kirchengeschichte);\bhottinger\b;"fol. 16-26; Gerichtsakten), teilweise referiert von Johann Jakob Hottinger: Zürichs inneres Leben während der Dauer des Alten Zürichkriegs,"
/Users/programming/PycharmProjects/Find_Bibliography_NEw/data/azk_library/langmaier-konstantin-m__17.pdf;22;work;Chronik der Stadt Zürich (Edlibach u. a.);chronik[\s \-]+der[\s \-]+stadt[\s \-]+z[üu]rich;"], in: Tschudi, Bd. 11,148 f. Anm. 64. 28 Fründ, 188-192; Chronik der Stadt Zürich (wie Anm. 12), 214 f.; Edlibach, 45-53; Thuner Missive (w"
/Users/programming/PycharmProjects/Find_Bibliography_NEw/data/azk_library/langmaier-konstantin-m__17.pdf;22;series;MAGZ (Mitteilungen der Antiquarischen Gesellschaft in Zürich);\bmagz\b;hen Spätmittelalter und Früher Neuzeit, hg. von Peter Niederhäuser (MAGZ 70), Zürich 2003,61-83, hier 76 sowie Farbabbildung 9 nach 96. 29 V
/Users/programming/PycharmProjects/Find_Bibliography_NEw/data/azk_library/langmaier-konstantin-m__17.pdf;22;generic;Chronik/Chroniken;\bchronik(?:en)?\b;"ie Anm. 15), 41. 25 URStAZ, Bd. 6, Nr. 8193,8938. 26 Klingenberger Chronik, 309 f.; Fründ, 144 f.; Edlibach, 39; vgl. auch URStAZ, Bd. 6, Nr"
/Users/programming/PycharmProjects/Find_Bibliography_NEw/data/azk_library/langmaier-konstantin-m__17.pdf;22;generic;Chronik/Chroniken;\bchronik(?:en)?\b;"Edlibach, 39; vgl. auch URStAZ, Bd. 6, Nr. 7328. 27 Klingenberger Chronik, 310-312; Fründ, 145-147; Edlibach, 39 f.; URStAZ, Bd. 6, Nr. 898"
/Users/programming/PycharmProjects/Find_Bibliography_NEw/data/azk_library/langmaier-konstantin-m__17.pdf;22;generic;Chronik/Chroniken;\bchronik(?:en)?\b;"Kommentar], in: Tschudi, Bd. 11,148 f. Anm. 64. 28 Fründ, 188-192; Chronik der Stadt Zürich (wie Anm. 12), 214 f.; Edlibach, 45-53; Thuner M"
/Users/programming/PycharmProjects/Find_Bibliography_NEw/data/azk_library/langmaier-konstantin-m__17.pdf;22;generic;Chronik/Chroniken;\bchronik(?:en)?\b;". 32 Fründ, bes. 140,152,156 f., 159 (Zitat; ähnlich Klingenberger Chronik, 320), 188 f., 192,200-202,213 f., 222,233 f., 236,238,240,244; e"
/Users/programming/PycharmProjects/Find_Bibliography_NEw/data/azk_library/langmaier-konstantin-m__17.pdf;22;generic;Chronik/Chroniken;\bchronik(?:en)?\b;"-202,213 f., 222,233 f., 236,238,240,244; ergänzend: Klingenberger Chronik, 326;Thuner Missive (wie Anm. 5), 442, Nr. 84; URStAZ, Bd. 6, Nr."
/Users/programming/PycharmProjects/Find_Bibliography_NEw/data/azk_library/langmaier-konstantin-m__17.pdf;22;generic;Chronik/Chroniken;\bchronik(?:en)?\b;", Nr. 84; URStAZ, Bd. 6, Nr. 8912,9052,9061,9071. 33 Klingenberger Chronik, 310,315 (mit Zitat), 316,320,322 f., 330,336; URStAZ, Bd. 6, Nr."
/Users/programming/PycharmProjects/Find_Bibliography_NEw/data/azk_library/langmaier-konstantin-m__17.pdf;22;generic;Chronik/Chroniken;\bchronik(?:en)?\b;"URStAZ, Bd. 6, Nr. 8930. 34 Fründ, 139 f., 144,146; Klingenberger Chronik, 308,309,312; Edlibach, 38; StALU, Urk 231/3328,7-9,18 (vgl. dazu"
/Users/programming/PycharmProjects/Find_Bibliography_NEw/data/azk_library/langmaier-konstantin-m__17.pdf;22;generic;Chronik/Chroniken;\bchronik(?:en)?\b;"amt), 161 f. (Höngg, mit Zitat, dazu übereinstimmend Klingenberger Chronik, 323). 36 Fründ, 146; Thuner Missive (wie Anm. 5), 356 f., Nr. 28"
/Users/programming/PycharmProjects/Find_Bibliography_NEw/data/azk_library/langmaier-konstantin-m__17.pdf;22;generic;Schlacht-/Kriegserzählungen;\bschlacht(?:en)?\b;terthur als Entschädigung für die Bestattung ihrer Gefallenen der Schlacht am Stoss in Altstätten 12 Gulden ausbezahlt. Vgl. Niederhäuser (w
/Users/programming/PycharmProjects/Find_Bibliography_NEw/data/azk_library/langmaier-konstantin-m__17.pdf;22;generic;Schlacht-/Kriegserzählungen;\bkrieg(?:e|en)?\b;Stadt erlebt den Krieg, hg. vom Hochbaudepartement der Stadt Zürich (Stadtgeschichte und Städtebau in Zürich 7), Zürich 2005, bes. 14 f. 23
/Users/programming/PycharmProjects/Find_Bibliography_NEw/data/azk_library/langmaier-konstantin-m__17.pdf;22;generic;Schlacht-/Kriegserzählungen;\bkrieg(?:e|en)?\b;"f. (Zitat), 244; Edlibach, 45. Vgl. ausführlicher Christian Sieber: Krieg und Frieden in der Herrschaft Grüningen. Zwischen politischer Weic"
/Users/programming/PycharmProjects/Find_Bibliography_NEw/data/azk_library/langmaier-konstantin-m__17.pdf;22;generic;Schlacht-/Kriegserzählungen;\bkrieg(?:e|en)?\b;5,und vor allem inskünftig ebd., Bd. 7, Ortsregister siehe «Zürich¬ krieg,Alter» die Stichworte «Zinsreduktion» sowie «Zerstörungen», bes. S
/Users/programming/PycharmProjects/Find_Bibliography_NEw/data/azk_library/langmaier-konstantin-m__17.pdf;23;work;Fründ (Hans Fründ);\bfr[üu]nd\b;"as Neuamt, bearb. von Thomas Weibel,Aarau 1996, Nr. 39b, 133a-b. 40 Fründ, 159,201; URStAZ, Bd. 6, Nr. 9070; StAZ, W13 AG 7c, Nr. 1,17 (5. O"
/Users/programming/PycharmProjects/Find_Bibliography_NEw/data/azk_library/langmaier-konstantin-m__17.pdf;23;work;Fründ (Hans Fründ);\bfr[üu]nd\b;"ppe 3 (1446 Fasnacht, Bewachung). 42 Klingenberger Chronik, 318 f.; Fründ, 155 f., 200-202; Chronik der Stadt Zürich (wie Anm. 12), 213,215"
/Users/programming/PycharmProjects/Find_Bibliography_NEw/data/azk_library/langmaier-konstantin-m__17.pdf;23;work;Fründ (Hans Fründ);\bfr[üu]nd\b;"ich (wie Anm. 12), 213,215 f.; URStAZ, Bd. 6, Nr. 8953 (Mühlen). 43 Fründ, 202,209 (Zitat); URStAZ, Bd. 6, Nr. 9038. 44 In historischer Pers"
/Users/programming/PycharmProjects/Find_Bibliography_NEw/data/azk_library/langmaier-konstantin-m__17.pdf;23;work;Tschudi (Aegidius/Gilg Tschudi, Chronicon Helveticum);\btschudi\b;"hilen Taschenbücher 64), 2. Aufl., Dortmund 1979, fol. 282 r-v. 48 Tschudi,Bd. 11,246-248 (mit Anm. 117) und 354-356; REC, Bd. 4, Nr. 10899,"
/Users/programming/PycharmProjects/Find_Bibliography_NEw/data/azk_library/langmaier-konstantin-m__17.pdf;23;work;Tschudi (Aegidius/Gilg Tschudi, Chronicon Helveticum);\btschudi\b;"Gemeindearchive, KGA Fällanden IA 4 (10. Oktober 1455) (Fällanden);Tschudi, Bd. 12,62 f. (Höngg, wo von 1703 bis 1819 eine Gedenktafel an de"
/Users/programming/PycharmProjects/Find_Bibliography_NEw/data/azk_library/langmaier-konstantin-m__17.pdf;23;work;Brennwald (Heinrich/Johannes Brennwald, Schweizerchronik);\bbrennwald\b;"und seine Mitglieder im Mittelalter, Zürich 1997,61 und Anm. 50; Brennwald (wie Anm. 7), Bd. 2,182; StAZ, C II 7, Nr. 144 (28. Januar 1446;"
/Users/programming/PycharmProjects/Find_Bibliography_NEw/data/azk_library/langmaier-konstantin-m__17.pdf;23;work;Klingenberger/Rapperswiler Chronik (Eberhard Wüest);klingenberger[\s \-]+chronik;", Nr. 9070; StAZ, W13 AG 7c, Nr. 1,17 (5. Oktober 1448). 41 Klingenberger Chronik, 320; URStAZ, Bd. 6, Nr. 9016 (Fraumünster), 8949-8954; St"
/Users/programming/PycharmProjects/Find_Bibliography_NEw/data/azk_library/langmaier-konstantin-m__17.pdf;23;work;Klingenberger/Rapperswiler Chronik (Eberhard Wüest);klingenberger[\s \-]+chronik;"9-8954; StAZ,A 29.1, Mappe 3 (1446 Fasnacht, Bewachung). 42 Klingenberger Chronik, 318 f.; Fründ, 155 f., 200-202; Chronik der Stadt Zürich"
/Users/programming/PycharmProjects/Find_Bibliography_NEw/data/azk_library/langmaier-konstantin-m__17.pdf;23;work;Klingenberger/Rapperswiler Chronik (Eberhard Wüest);klingenberger[\s \-]+chronik;slich für die Kirche von Elgg vor, wäre dann aber (aufgrund Klingenberger Chronik, 272, und URStAZ, Bd. 6, Nr. 8662) ins Jahr 1440 zu datier
/Users/programming/PycharmProjects/Find_Bibliography_NEw/data/azk_library/langmaier-konstantin-m__17.pdf;23;work;Klingenberger/Rapperswiler Chronik (Eberhard Wüest);klingenberger[\s \-]+chronik;"66-68,78-81; Chronik der Stadt Zürich (wie Anm. 12), 214 £; Klingenberger Chronik, 309, 312 f.;Thuner Missive (wie Anm. 5), 365, Nr. 34; REC"
/Users/programming/PycharmProjects/Find_Bibliography_NEw/data/azk_library/langmaier-konstantin-m__17.pdf;23;work;Zürcher Stadtchronik (allgemein);chronik[\s \-]+der[\s \-]+stadt[\s \-]+z[üu]rich;"42 Klingenberger Chronik, 318 f.; Fründ, 155 f., 200-202; Chronik der Stadt Zürich (wie Anm. 12), 213,215 f.; URStAZ, Bd. 6, Nr. 8953 (Mühle"
/Users/programming/PycharmProjects/Find_Bibliography_NEw/data/azk_library/langmaier-konstantin-m__17.pdf;23;work;Zürcher Stadtchronik (allgemein);chronik[\s \-]+der[\s \-]+stadt[\s \-]+z[üu]rich;he Elgg. Renovation 2003-2004, [Elgg 2004], 15,45. 50 Die Chronik der Stadt Zürich (wie Anm. 12), 215 zählt 26, Hemmerli (wie Anm. 34), fol.
/Users/programming/PycharmProjects/Find_Bibliography_NEw/data/azk_library/langmaier-konstantin-m__17.pdf;23;work;Zürcher Stadtchronik (allgemein);chronik[\s \-]+der[\s \-]+stadt[\s \-]+z[üu]rich;"r Sieber-Lehmann/Wilhelmi (wieAnm. 34), 62 £,66-68,78-81; Chronik der Stadt Zürich (wie Anm. 12), 214 £; Klingenberger Chronik, 309, 312 f.;"
/Users/programming/PycharmProjects/Find_Bibliography_NEw/data/azk_library/langmaier-konstantin-m__17.pdf;23;work;Chronik der Stadt Zürich (Edlibach u. a.);chronik[\s \-]+der[\s \-]+stadt[\s \-]+z[üu]rich;"42 Klingenberger Chronik, 318 f.; Fründ, 155 f., 200-202; Chronik der Stadt Zürich (wie Anm. 12), 213,215 f.; URStAZ, Bd. 6, Nr. 8953 (Mühle"
/Users/programming/PycharmProjects/Find_Bibliography_NEw/data/azk_library/langmaier-konstantin-m__17.pdf;23;work;Chronik der Stadt Zürich (Edlibach u. a.);chronik[\s \-]+der[\s \-]+stadt[\s \-]+z[üu]rich;he Elgg. Renovation 2003-2004, [Elgg 2004], 15,45. 50 Die Chronik der Stadt Zürich (wie Anm. 12), 215 zählt 26, Hemmerli (wie Anm. 34), fol.
/Users/programming/PycharmProjects/Find_Bibliography_NEw/data/azk_library/langmaier-konstantin-m__17.pdf;23;work;Chronik der Stadt Zürich (Edlibach u. a.);chronik[\s \-]+der[\s \-]+stadt[\s \-]+z[üu]rich;"r Sieber-Lehmann/Wilhelmi (wieAnm. 34), 62 £,66-68,78-81; Chronik der Stadt Zürich (wie Anm. 12), 214 £; Klingenberger Chronik, 309, 312 f.;"
/Users/programming/PycharmProjects/Find_Bibliography_NEw/data/azk_library/langmaier-konstantin-m__17.pdf;23;generic;Chronik/Chroniken;\bchronik(?:en)?\b;"070; StAZ, W13 AG 7c, Nr. 1,17 (5. Oktober 1448). 41 Klingenberger Chronik, 320; URStAZ, Bd. 6, Nr. 9016 (Fraumünster), 8949-8954; StAZ,A 29"
/Users/programming/PycharmProjects/Find_Bibliography_NEw/data/azk_library/langmaier-konstantin-m__17.pdf;23;generic;Chronik/Chroniken;\bchronik(?:en)?\b;"StAZ,A 29.1, Mappe 3 (1446 Fasnacht, Bewachung). 42 Klingenberger Chronik, 318 f.; Fründ, 155 f., 200-202; Chronik der Stadt Zürich (wie An"
/Users/programming/PycharmProjects/Find_Bibliography_NEw/data/azk_library/langmaier-konstantin-m__17.pdf;23;generic;Chronik/Chroniken;\bchronik(?:en)?\b;"achung). 42 Klingenberger Chronik, 318 f.; Fründ, 155 f., 200-202; Chronik der Stadt Zürich (wie Anm. 12), 213,215 f.; URStAZ, Bd. 6, Nr. 89"
/Users/programming/PycharmProjects/Find_Bibliography_NEw/data/azk_library/langmaier-konstantin-m__17.pdf;23;generic;Chronik/Chroniken;\bchronik(?:en)?\b;ür die Kirche von Elgg vor, wäre dann aber (aufgrund Klingenberger Chronik, 272, und URStAZ, Bd. 6, Nr. 8662) ins Jahr 1440 zu datieren. Vgl
/Users/programming/PycharmProjects/Find_Bibliography_NEw/data/azk_library/langmaier-konstantin-m__17.pdf;23;generic;Chronik/Chroniken;\bchronik(?:en)?\b;erte Kirche Elgg. Renovation 2003-2004, [Elgg 2004], 15,45. 50 Die Chronik der Stadt Zürich (wie Anm. 12), 215 zählt 26, Hemmerli (wie Anm.
/Users/programming/PycharmProjects/Find_Bibliography_NEw/data/azk_library/langmaier-konstantin-m__17.pdf;23;generic;Chronik/Chroniken;\bchronik(?:en)?\b;"37 r-138 r Sieber-Lehmann/Wilhelmi (wieAnm. 34), 62 £,66-68,78-81; Chronik der Stadt Zürich (wie Anm. 12), 214 £; Klingenberger Chronik, 309"
/Users/programming/PycharmProjects/Find_Bibliography_NEw/data/azk_library/langmaier-konstantin-m__17.pdf;23;generic;Chronik/Chroniken;\bchronik(?:en)?\b;"8-81; Chronik der Stadt Zürich (wie Anm. 12), 214 £; Klingenberger Chronik, 309, 312 f.;Thuner Missive (wie Anm. 5), 365, Nr. 34; REC, Bd. 4"
/Users/programming/PycharmProjects/Find_Bibliography_NEw/data/azk_library/langmaier-konstantin-m__17.pdf;23;generic;Eydgenossenschaft/Helvetia (frühneuzeitl. Schreibungen);eidt?genossenschaft;d kriegsbruch». Kriegsverbrechen in der spätmittelalterlichen Eidgenossenschaft, in: Personen der Geschichte, Geschichte der Personen. Studi
/Users/programming/PycharmProjects/Find_Bibliography_NEw/data/azk_library/langmaier-konstantin-m__17.pdf;23;generic;Schlacht-/Kriegserzählungen;\bkrieg(?:e|en)?\b;der Armagnaken oder später der Eidgenossen in den ennetbirgischen Kriegen übertreffen das hier Referierte bei weitem. Vgl. Heinrich Witte:
/Users/programming/PycharmProjects/Find_Bibliography_NEw/data/azk_library/langmaier-konstantin-m__17.pdf;24;work;Fründ (Hans Fründ);\bfr[üu]nd\b;"u bat um Schonung seines Klosters. Vgl. URStAZ, Bd. 6, Nr. 9087. 55 Fründ, 280; Chronik der Stadt Zürich (wie Anm. 12), 222; Basler Chronike"
/Users/programming/PycharmProjects/Find_Bibliography_NEw/data/azk_library/langmaier-konstantin-m__17.pdf;24;work;Fründ (Hans Fründ);\bfr[üu]nd\b;ft für Schweizerische Geschichte 30 (1950), 530-567, hier 538 f. 57 Fründ,266.- Beispiele von Kriegswitwen und -waisen: StAZ, CV 5, Schachte
/Users/programming/PycharmProjects/Find_Bibliography_NEw/data/azk_library/langmaier-konstantin-m__17.pdf;24;work;Edlibach (Gerold Edlibach, Zürcher Chronik);\bedlibach\b;"blätter von Uster 1 (1914), 3-14,19-29,37-46, hier 39 (Zitat). 66 Edlibach, 40, 54, 56, 57, 95; Rudolf Gamper: Die Zürcher Stadtchroniken un"
/Users/programming/PycharmProjects/Find_Bibliography_NEw/data/azk_library/langmaier-konstantin-m__17.pdf;24;work;Tschudi (Aegidius/Gilg Tschudi, Chronicon Helveticum);\btschudi\b;"m. 38), 304 f. 59 URStAZ, Bd. 6, Nr. 9070. 60 EA, Bd. 2, Nr. 378a; Tschudi, Bd. 11,273 f.; URStAZ, Bd. 6, Nr. 8983. 61 StAZ, CI, Nr. 499 (9."
/Users/programming/PycharmProjects/Find_Bibliography_NEw/data/azk_library/langmaier-konstantin-m__17.pdf;24;work;Tschudi (Aegidius/Gilg Tschudi, Chronicon Helveticum);\btschudi\b;Der Geschichtsschreiber Vadian in seiner Zeit und im Vergleich mit Tschudi und 86
/Users/programming/PycharmProjects/Find_Bibliography_NEw/data/azk_library/langmaier-konstantin-m__17.pdf;24;work;Bullinger (Heinrich Bullinger, historiographische Werke);heinrich[\s \-]+bullinger;"6, Basel 1884,107-229,hier 136,156 f., 192-201,205 f., 214; Heinrich Bullinger: Von den Tigurineren und der statt Zürych SachenVIII büecher"
/Users/programming/PycharmProjects/Find_Bibliography_NEw/data/azk_library/langmaier-konstantin-m__17.pdf;24;work;Bullinger (Heinrich Bullinger, historiographische Werke);\bbullinger\b;"Basel 1884,107-229,hier 136,156 f., 192-201,205 f., 214; Heinrich Bullinger: Von den Tigurineren und der statt Zürych SachenVIII büecher, ZB"
/Users/programming/PycharmProjects/Find_Bibliography_NEw/data/azk_library/langmaier-konstantin-m__17.pdf;24;work;Klingenberger/Rapperswiler Chronik (Eberhard Wüest);klingenberger[\s \-]+chronik;"iss., Zürich 1952,174 f. 53 Sieber (wie Anm. 37), 54, nach: Klingenberger Chronik, 312 f.; Hemmerli (wie Ami. 34), fol. 132 v Sieber-Lehmann"
/Users/programming/PycharmProjects/Find_Bibliography_NEw/data/azk_library/langmaier-konstantin-m__17.pdf;24;work;Zürcher Stadtchronik (allgemein);z[üu]rcher[\s \-]+stadtchronik;"Zitat). 66 Edlibach, 40, 54, 56, 57, 95; Rudolf Gamper: Die Zürcher Stadtchroniken und ihre Ausbreitung in die Ostschweiz (MAGZ 52/2), Züric"
/Users/programming/PycharmProjects/Find_Bibliography_NEw/data/azk_library/langmaier-konstantin-m__17.pdf;24;work;Zürcher Stadtchronik (allgemein);chronik[\s \-]+der[\s \-]+stadt[\s \-]+z[üu]rich;"es Klosters. Vgl. URStAZ, Bd. 6, Nr. 9087. 55 Fründ, 280; Chronik der Stadt Zürich (wie Anm. 12), 222; Basler Chroniken, Bd. 5, bearb. von A"
/Users/programming/PycharmProjects/Find_Bibliography_NEw/data/azk_library/langmaier-konstantin-m__17.pdf;24;work;Vadian (Joachim Vadianus, St. Galler Chronik);\bvadian(us)?\b;ch Jan Assmann). 68 Vgl. Christian Sieber: Der Geschichtsschreiber Vadian in seiner Zeit und im Vergleich mit Tschudi und 86
/Users/programming/PycharmProjects/Find_Bibliography_NEw/data/azk_library/langmaier-konstantin-m__17.pdf;24;work;Chronik der Stadt Zürich (Edlibach u. a.);chronik[\s \-]+der[\s \-]+stadt[\s \-]+z[üu]rich;"es Klosters. Vgl. URStAZ, Bd. 6, Nr. 9087. 55 Fründ, 280; Chronik der Stadt Zürich (wie Anm. 12), 222; Basler Chroniken, Bd. 5, bearb. von A"
/Users/programming/PycharmProjects/Find_Bibliography_NEw/data/azk_library/langmaier-konstantin-m__17.pdf;24;series;QSG (Quellen zur Schweizer Geschichte);\bqsg\b;"7), 54; Felix Fabri: Descriptio Sueviae, hg. von Hermann Escher, in: QSG, Bd. 6, Basel 1884,107-229,hier 136,156 f., 192-201,205 f., 214; He"
/Users/programming/PycharmProjects/Find_Bibliography_NEw/data/azk_library/langmaier-konstantin-m__17.pdf;24;series;Basler Chroniken (Reihe);\bbasler[\s \-]+chroniken\b;". 55 Fründ, 280; Chronik der Stadt Zürich (wie Anm. 12), 222; Basler Chroniken, Bd. 5, bearb. von August Bernoulli, Leipzig 1895,396; StAZ,"
/Users/programming/PycharmProjects/Find_Bibliography_NEw/data/azk_library/langmaier-konstantin-m__17.pdf;24;series;MAGZ (Mitteilungen der Antiquarischen Gesellschaft in Zürich);\bmagz\b;"Die Zürcher Stadtchroniken und ihre Ausbreitung in die Ostschweiz (MAGZ 52/2), Zürich 1982,12, Anm. 27; Sieber (wie Anm. 37), 54; Felix Fab"
/Users/programming/PycharmProjects/Find_Bibliography_NEw/data/azk_library/langmaier-konstantin-m__17.pdf;24;series;ZsG (Zeitschrift für schweizerische Geschichte);zeitschrift[\s \-]+f[üu]r[\s \-]+schweizerische[\s \-]+geschichte;g Zürichs im ausgehenden Mittelalter, Teil 2, in: Zeitschrift für Schweizerische Geschichte 30 (1950), 530-567, hier 538 f. 57 Fründ,266.- B
/Users/programming/PycharmProjects/Find_Bibliography_NEw/data/azk_library/langmaier-konstantin-m__17.pdf;24;generic;Chronik/Chroniken;\bchronik(?:en)?\b;"ürich 1952,174 f. 53 Sieber (wie Anm. 37), 54, nach: Klingenberger Chronik, 312 f.; Hemmerli (wie Ami. 34), fol. 132 v Sieber-Lehmann/Wilhel"
/Users/programming/PycharmProjects/Find_Bibliography_NEw/data/azk_library/langmaier-konstantin-m__17.pdf;24;generic;Chronik/Chroniken;\bchronik(?:en)?\b;"nung seines Klosters. Vgl. URStAZ, Bd. 6, Nr. 9087. 55 Fründ, 280; Chronik der Stadt Zürich (wie Anm. 12), 222; Basler Chroniken, Bd. 5, bea"
/Users/programming/PycharmProjects/Find_Bibliography_NEw/data/azk_library/langmaier-konstantin-m__17.pdf;24;generic;Chronik/Chroniken;\bchronik(?:en)?\b;"5 Fründ, 280; Chronik der Stadt Zürich (wie Anm. 12), 222; Basler Chroniken, Bd. 5, bearb. von August Bernoulli, Leipzig 1895,396; StAZ, CI,"
/Users/programming/PycharmProjects/Find_Bibliography_NEw/data/azk_library/langmaier-konstantin-m__17.pdf;24;generic;Jahrbuch/Jahrbücher;jahrb[üu]ch(?:er|e)?\b;"993,309-321 ; Ders.: Bildersturm im Mittelalter, in: Historisches Jahrbuch Görres-Gesellschaft 113 (1993), 255-282; Quellenberichte von Guy"
/Users/programming/PycharmProjects/Find_Bibliography_NEw/data/azk_library/langmaier-konstantin-m__17.pdf;24;generic;Schlacht-/Kriegserzählungen;\bkrieg(?:e|en)?\b;rmlosend dagegen Walter Schaufelberger: Der Alte Schweizer und sein Krieg. Studien zur Kriegführung vornehmlich im 15. Jahrhundert, Diss., Z
/Users/programming/PycharmProjects/Find_Bibliography_NEw/data/azk_library/langmaier-konstantin-m__17.pdf;25;work;Fründ (Hans Fründ);\bfr[üu]nd\b;"r. 9065; Neue Zürcher Zeitung vom 23./24. Oktober 1999, Nr. 247,51; Fründ, 230 f.; RQ Kanton St. Gallen, 1. Teil: Die Rechtsquellen der Abte"
/Users/programming/PycharmProjects/Find_Bibliography_NEw/data/azk_library/langmaier-konstantin-m__17.pdf;25;work;Schilling (ungenau);\bschilling\b;"von Uster» zur Gedenkfeier vom 28. Mai 1994,26. Mai 1994; Herbert Schilling: Gedenkgang zur Bluetmatt in Nänikon, in: Jahrbuch Greifensee 7"
/Users/programming/PycharmProjects/Find_Bibliography_NEw/data/azk_library/langmaier-konstantin-m__17.pdf;25;work;Stumpf (Johannes Stumpf, Schweizerchronik);johannes[\s \-]+stumpf;und Aktensammlung zur Zürcher Dissertation von Attilio Bonomo [Johannes Stumpf der Refor¬ mator und Geschichtsschreiber, Genua 1923],Typoskr
/Users/programming/PycharmProjects/Find_Bibliography_NEw/data/azk_library/langmaier-konstantin-m__17.pdf;25;work;Stumpf (Johannes Stumpf, Schweizerchronik);johannes[\s \-]+stumpf;"d. 2, ZBZ, Ms. Z1103a, 526 f. (Schreiben von Ludwig Lavater an Johannes Stumpf 1556); Bullinger (wie Anm. 2), Ms. A14, fol. 317 v (ebd., fol"
/Users/programming/PycharmProjects/Find_Bibliography_NEw/data/azk_library/langmaier-konstantin-m__17.pdf;25;work;Bullinger (Heinrich Bullinger, historiographische Werke);\bbullinger\b;Bullinger, in: Vadian als Geschichtsschreiber, hg, von Rudolf Gamper (Vadian-Studien 17), St. Gallen 2005 (im Druck),Text bei Anm. 59 und di
/Users/programming/PycharmProjects/Find_Bibliography_NEw/data/azk_library/langmaier-konstantin-m__17.pdf;25;work;Bullinger (Heinrich Bullinger, historiographische Werke);\bbullinger\b;"a, 526 f. (Schreiben von Ludwig Lavater an Johannes Stumpf 1556); Bullinger (wie Anm. 2), Ms. A14, fol. 317 v (ebd., fol. 302 r,ein Beispiel"
/Users/programming/PycharmProjects/Find_Bibliography_NEw/data/azk_library/langmaier-konstantin-m__17.pdf;25;work;Vadian (Joachim Vadianus, St. Galler Chronik);\bvadian(us)?\b;Bullinger, in: Vadian als Geschichtsschreiber, hg, von Rudolf Gamper (Vadian-Studien 17), St. Gallen 2005 (im Druck),Text bei Anm. 59 und di
/Users/programming/PycharmProjects/Find_Bibliography_NEw/data/azk_library/langmaier-konstantin-m__17.pdf;25;work;Vadian (Joachim Vadianus, St. Galler Chronik);\bvadian(us)?\b;linger, in: Vadian als Geschichtsschreiber, hg, von Rudolf Gamper (Vadian-Studien 17), St. Gallen 2005 (im Druck),Text bei Anm. 59 und die d
/Users/programming/PycharmProjects/Find_Bibliography_NEw/data/azk_library/langmaier-konstantin-m__17.pdf;25;generic;Jahrbuch/Jahrbücher;jahrb[üu]ch(?:er|e)?\b;"1994; Herbert Schilling: Gedenkgang zur Bluetmatt in Nänikon, in: Jahrbuch Greifensee 7 (1994/95), 18-21;Neue Zürcher Zeitung vom 11. Mai 19"
/Users/programming/PycharmProjects/Find_Bibliography_NEw/data/azk_library/langmaier-konstantin-m__17.pdf;26;work;Stumpf (Johannes Stumpf, Schweizerchronik);johannes[\s \-]+stumpf;"chronik; Zitat), ferner ebd., Nr. 127,708-710 (Darstellung bei Johannes Stumpf). 88"
/Users/programming/PycharmProjects/Find_Bibliography_NEw/data/azk_library/langmaier-konstantin-m__17.pdf;26;work;Bullinger (Heinrich Bullinger, historiographische Werke);heinrich[\s \-]+bullinger;"r (Memorialtafel; Zitat) und 140 r-141 r (Alter Zürichkrieg) Heinrich Bullinger: Annales sive Chronicon coenobii Capell, in: Johann Jakob Si"
/Users/programming/PycharmProjects/Find_Bibliography_NEw/data/azk_library/langmaier-konstantin-m__17.pdf;26;work;Bullinger (Heinrich Bullinger, historiographische Werke);\bbullinger\b;t vor Anm. 27. 85 Vgl. oben den Beitrag von Bernhard Stettier. 86 Bullinger (wie Anm. 2), Ms. A 14, fol. 300 v (Güders Abschrift von Stumpfs
/Users/programming/PycharmProjects/Find_Bibliography_NEw/data/azk_library/langmaier-konstantin-m__17.pdf;26;work;Bullinger (Heinrich Bullinger, historiographische Werke);\bbullinger\b;"hrend der Abt und der übrige Konvent nach Zürich flüchteten. Vgl. Bullinger (wie Anm. 91), 436. Vgl. ferner Klingenberger Chronik, 313; Denk"
/Users/programming/PycharmProjects/Find_Bibliography_NEw/data/azk_library/langmaier-konstantin-m__17.pdf;26;work;Bullinger (Heinrich Bullinger, historiographische Werke);\bbullinger\b;"emorialtafel; Zitat) und 140 r-141 r (Alter Zürichkrieg) Heinrich Bullinger: Annales sive Chronicon coenobii Capell, in: Johann Jakob Simler"
/Users/programming/PycharmProjects/Find_Bibliography_NEw/data/azk_library/langmaier-konstantin-m__17.pdf;26;work;Bullinger (Heinrich Bullinger, historiographische Werke);\bbullinger\b;in Bullingers Reformationsgeschichte aus den 1560er Jahren, vgl. Bullinger (wie Anm. 13), Bd. 1,91: «[...] dermassen verwüst, das es in 7 j
/Users/programming/PycharmProjects/Find_Bibliography_NEw/data/azk_library/langmaier-konstantin-m__17.pdf;26;work;Bullinger (Heinrich Bullinger, historiographische Werke);\bbullinger\b;d 68-69. 93 Die Namen zum Jahr 1493 in StAZ, E II 437, fol. 144 r Bullinger (wie Anm. 91), 443: Ulrich Stämpfli (Altabt), Johannes Schönenbe
/Users/programming/PycharmProjects/Find_Bibliography_NEw/data/azk_library/langmaier-konstantin-m__17.pdf;26;work;Klingenberger/Rapperswiler Chronik (Eberhard Wüest);klingenberger[\s \-]+chronik;"flüchteten. Vgl. Bullinger (wie Anm. 91), 436. Vgl. ferner Klingenberger Chronik, 313; Denkschrift (wie Anm. 47), 479; URStAZ, Bd. 6, Nr. 8"
/Users/programming/PycharmProjects/Find_Bibliography_NEw/data/azk_library/langmaier-konstantin-m__17.pdf;26;work;Simler (Josias Simler, De Helvetiorum republica);\bsimler\b;"30 r-146 r (bis 1511; ebd., fol. 147 r-149 v Fortsetzung von Peter Simler bis 1542), bes. fol. 132 r (Memorialtafel; Zitat) und 140 r-141 r"
/Users/programming/PycharmProjects/Find_Bibliography_NEw/data/azk_library/langmaier-konstantin-m__17.pdf;26;work;Simler (Josias Simler, De Helvetiorum republica);\bsimler\b;ullinger: Annales sive Chronicon coenobii Capell, in: Johann Jakob Simler: Sammlung alter und neuer Urkunden zur Beleuchtung der Kirchen-Ges
/Users/programming/PycharmProjects/Find_Bibliography_NEw/data/azk_library/langmaier-konstantin-m__17.pdf;26;generic;Chronik/Chroniken;\bchronik(?:en)?\b;"eten. Vgl. Bullinger (wie Anm. 91), 436. Vgl. ferner Klingenberger Chronik, 313; Denkschrift (wie Anm. 47), 479; URStAZ, Bd. 6, Nr. 8418,885"
/Users/programming/PycharmProjects/Find_Bibliography_NEw/data/azk_library/langmaier-konstantin-m__17.pdf;26;generic;Chronicon/Chronica;\bchronic(?:on|a|orum)\b;140 r-141 r (Alter Zürichkrieg) Heinrich Bullinger: Annales sive Chronicon coenobii Capell, in: Johann Jakob Simler: Sammlung alter und neu
/Users/programming/PycharmProjects/Find_Bibliography_NEw/data/azk_library/langmaier-konstantin-m__17.pdf;26;generic;Annales/Annalen;\bannal(?:es|en)\b;"el; Zitat) und 140 r-141 r (Alter Zürichkrieg) Heinrich Bullinger: Annales sive Chronicon coenobii Capell, in: Johann Jakob Simler: Sammlung"
/Users/programming/PycharmProjects/Find_Bibliography_NEw/data/azk_library/langmaier-konstantin-m__17.pdf;26;generic;Historia/Historiae;\bhistori[ae]\b;(wie Anm. 2), Ms. A 14, fol. 300 v (Güders Abschrift von Stumpfs «Historia» umfasst fol. 240- 357). 87 StALU, Urk 231/3328,2 f. Liebenau (wi
/Users/programming/PycharmProjects/Find_Bibliography_NEw/data/azk_library/landolt-oliver__30.pdf;1;generic;Eydgenossenschaft/Helvetia (frühneuzeitl. Schreibungen);eidt?genossenschaft;ungskultur in der spätmittelalterlichen und frühneuzeitlichen Eidgenossenschaft. 2 Vgl. Henggeler: Schlachtenjahrzeit, S. 185 (Lungern, Kant
/Users/programming/PycharmProjects/Find_Bibliography_NEw/data/azk_library/landolt-oliver__30.pdf;1;generic;Schlacht-/Kriegserzählungen;\bschlacht(?:en)?\b;hlachtjahrzeiten sind kirchliche Memorialgedächtnisse für die in Schlachten gefallenen Angehörigen respektive Vorfahren.Vor allem spätmittel
/Users/programming/PycharmProjects/Find_Bibliography_NEw/data/azk_library/landolt-oliver__30.pdf;1;generic;Schlacht-/Kriegserzählungen;\bschlacht(?:en)?\b;Schlachtfeld in Näfels, die Namen der in der 1388 stattgefundenen Schlacht Gefallenen verlesen.3 Noch prominenter ist wohl das sogenannte Se
/Users/programming/PycharmProjects/Find_Bibliography_NEw/data/azk_library/landolt-oliver__30.pdf;1;generic;Schlacht-/Kriegserzählungen;\bschlacht(?:en)?\b;hl das sogenannte Sempacher Schlachtjahrzeit in Erinnerung an die Schlacht bei Sempach 1386,4 wobei starke Veränderungen in der Durchführung
/Users/programming/PycharmProjects/Find_Bibliography_NEw/data/azk_library/landolt-oliver__30.pdf;2;work;Kopp (Joseph Eutych Kopp, Geschichte der Eidgenossen);geschichte[\s \-]+der[\s \-]+eidgenossen;aren), den sie bekamen. Da wurde Jahr für Jahr die Kriegsgeschichte der Eidgenossenschaft verlesen, da hörte man von den alten Kämpfen und S
/Users/programming/PycharmProjects/Find_Bibliography_NEw/data/azk_library/landolt-oliver__30.pdf;2;generic;Eydgenossenschaft/Helvetia (frühneuzeitl. Schreibungen);eidt?genossenschaft;r Bedeutung. Die Schlachtjahrzeiten sind im Bereich der alten Eidgenossenschaft gemäß allgemeiner Forschungsansicht »die früheste Form volks
/Users/programming/PycharmProjects/Find_Bibliography_NEw/data/azk_library/landolt-oliver__30.pdf;2;generic;Eydgenossenschaft/Helvetia (frühneuzeitl. Schreibungen);eidt?genossenschaft;sie bekamen. Da wurde Jahr für Jahr die Kriegsgeschichte der Eidgenossenschaft verlesen, da hörte man von den alten Kämpfen und Schlachten,
/Users/programming/PycharmProjects/Find_Bibliography_NEw/data/azk_library/landolt-oliver__30.pdf;2;generic;Schlacht-/Kriegserzählungen;\bschlacht(?:en)?\b;ng aber weitgehend gestoppt werden.5 Die Festivitäten rund um die Schlacht am Morgarten von 1315 wurden, nachdem diese in der Frühen Neuzeit
/Users/programming/PycharmProjects/Find_Bibliography_NEw/data/azk_library/landolt-oliver__30.pdf;2;generic;Schlacht-/Kriegserzählungen;\bschlacht(?:en)?\b;dgenossenschaft verlesen, da hörte man von den alten Kämpfen und Schlachten, und das prägte sich tief in das Gemüt und Herz unseres Volkes e
/Users/programming/PycharmProjects/Find_Bibliography_NEw/data/azk_library/landolt-oliver__30.pdf;2;generic;Schlacht-/Kriegserzählungen;\bschlacht(?:en)?\b;lische Minderheit an den Feierlichkeiten in der Erinnerung an die Schlacht bei Näfels 1388 festhielt. Mit einem kurzen Unterbruch zwischen 1
/Users/programming/PycharmProjects/Find_Bibliography_NEw/data/azk_library/landolt-oliver__30.pdf;2;generic;Schlacht-/Kriegserzählungen;\bkrieg(?:e|en)?\b;162 Teil III: Tod in Krieg und Revolution Neugestaltung der Feierlichkeiten konnte diese politische Fehlentwicklung aber weitgehend gestoppt
/Users/programming/PycharmProjects/Find_Bibliography_NEw/data/azk_library/landolt-oliver__30.pdf;3;generic;Annales/Annalen;\bannal(?:es|en)\b;zahlreiche hochrangige sächsische Adlige gefallen waren und in den Annales Fuldenses verzeichnet wurden (Annales Fuldenses, S. 94). 14 Vgl.
/Users/programming/PycharmProjects/Find_Bibliography_NEw/data/azk_library/landolt-oliver__30.pdf;3;generic;Annales/Annalen;\bannal(?:es|en)\b;"ge gefallen waren und in den Annales Fuldenses verzeichnet wurden (Annales Fuldenses, S. 94). 14 Vgl. Courroux: What Types, S. 138–140; sieh"
/Users/programming/PycharmProjects/Find_Bibliography_NEw/data/azk_library/landolt-oliver__30.pdf;3;generic;Schlacht-/Kriegserzählungen;\bschlacht(?:en)?\b;urückverfolgen: So erfuhren die im Dienst griechischer Poleis in Schlachten gefallenen Krieger eine besondere Verehrung in ihren kommunalen
/Users/programming/PycharmProjects/Find_Bibliography_NEw/data/azk_library/landolt-oliver__30.pdf;3;generic;Schlacht-/Kriegserzählungen;\bschlacht(?:en)?\b;ten Listen der adligen Gefallenen auf habsburgischer Seite in der Schlacht bei Sempach von 1386 bekannt, die in unterschiedlichen Versionen,
/Users/programming/PycharmProjects/Find_Bibliography_NEw/data/azk_library/landolt-oliver__30.pdf;3;generic;Schlacht-/Kriegserzählungen;\bschlacht(?:en)?\b;einzelnen, längeren oder kürzeren Gefallenenliste bei: Liebenau: Schlacht, S. 102–104 (Nr. 3), S. 104f. (Nr. 4), S. 112 (Nr. 18), S. 116–12
/Users/programming/PycharmProjects/Find_Bibliography_NEw/data/azk_library/landolt-oliver__30.pdf;3;generic;Schlacht-/Kriegserzählungen;\bschlacht(?:en)?\b;"(Nr. 192), S. 326f. (Nr. 201), S. 328 (Nr. 202). 16 Vgl. Koller: Schlacht; siehe auch Krieb: Totengedenken."
/Users/programming/PycharmProjects/Find_Bibliography_NEw/data/azk_library/landolt-oliver__30.pdf;3;generic;Schlacht-/Kriegserzählungen;\bkrieg(?:e|en)?\b;e in der chronikalischen Überlieferung auch aus dem Hundertjährigen Krieg zwischen Frankreich und England dokumentiert.14 Aus dem Raum der h
/Users/programming/PycharmProjects/Find_Bibliography_NEw/data/azk_library/landolt-oliver__30.pdf;4;generic;Schlacht-/Kriegserzählungen;\bschlacht(?:en)?\b;nur summarisch erwähnt werden. So sind in der schon kurz nach der Schlacht entstandenen sogenannten »Frankfurter Verlustliste« nacheinander
/Users/programming/PycharmProjects/Find_Bibliography_NEw/data/azk_library/landolt-oliver__30.pdf;4;generic;Schlacht-/Kriegserzählungen;\bschlacht(?:en)?\b;sich dann tatsächlich aber immer wieder auch die Namen der in der Schlacht bei Sempach gefallenen »gewöhnlichen« Stadtbewohner. So nennt bei
/Users/programming/PycharmProjects/Find_Bibliography_NEw/data/azk_library/landolt-oliver__30.pdf;4;generic;Schlacht-/Kriegserzählungen;\bschlacht(?:en)?\b;ola«).18 Auch auf eidgenössischer Seite gibt es Listen von in der Schlacht bei Sempach Gefallenen, wobei diese allerdings zumeist aus später
/Users/programming/PycharmProjects/Find_Bibliography_NEw/data/azk_library/landolt-oliver__30.pdf;4;generic;Schlacht-/Kriegserzählungen;\bschlacht(?:en)?\b;eit stammten. Eine wohl private Stiftung war diejenige des in der Schlacht gefallenen Petermann von Gundoldingen, ehemaliger Luzerner Schult
/Users/programming/PycharmProjects/Find_Bibliography_NEw/data/azk_library/landolt-oliver__30.pdf;4;generic;Schlacht-/Kriegserzählungen;\bschlacht(?:en)?\b;ste erhaltene Liste von eidgenössischen Kämpfern in der Sempacher Schlacht ist diejenige,die der Luzerner Melchior Russ († als Söldner in de
/Users/programming/PycharmProjects/Find_Bibliography_NEw/data/azk_library/landolt-oliver__30.pdf;4;generic;Schlacht-/Kriegserzählungen;\bschlacht(?:en)?\b;n die Angaben in diesen Jahrzeitbüchern auf älteren, 17 Liebenau: Schlacht, Nr. 3, S. 102–104. 18 Liebenau: Schlacht, Nr. 67, S. 347. Das Or
/Users/programming/PycharmProjects/Find_Bibliography_NEw/data/azk_library/landolt-oliver__30.pdf;4;generic;Schlacht-/Kriegserzählungen;\bschlacht(?:en)?\b;f älteren, 17 Liebenau: Schlacht, Nr. 3, S. 102–104. 18 Liebenau: Schlacht, Nr. 67, S. 347. Das Original dieses Jahrzeitbuches wird vermisst
/Users/programming/PycharmProjects/Find_Bibliography_NEw/data/azk_library/landolt-oliver__30.pdf;4;generic;Schlacht-/Kriegserzählungen;\bkrieg(?:e|en)?\b;164 Teil III: Tod in Krieg und Revolution die sozial niedriger gestellten Angehörigen des habsburgischen Heeres – wenn überhaupt – nur summa
/Users/programming/PycharmProjects/Find_Bibliography_NEw/data/azk_library/landolt-oliver__30.pdf;5;work;Justinger (Konrad Justinger, Berner Chronik);\bjustinger\b;e auch andere gefallene Adlige leisten (Berner-Chronik des Conrad Justinger, S. 34). 26 Vgl. Annales Bernenses, S. 274. Siehe hierzu Hugener
/Users/programming/PycharmProjects/Find_Bibliography_NEw/data/azk_library/landolt-oliver__30.pdf;5;work;Berner Chronik (allgemein);\bberner[\s \-]+chronik\b;n Werner von Homberg wie auch andere gefallene Adlige leisten (Berner-Chronik des Conrad Justinger, S. 34). 26 Vgl. Annales Bernenses, S. 27
/Users/programming/PycharmProjects/Find_Bibliography_NEw/data/azk_library/landolt-oliver__30.pdf;5;series;SSRQ (Sammlung Schweizerischer Rechtsquellen);\bssrq\b;on Stadt und Landschaft sowie für die Verwundeten und ihre Kinder« (SSRQ LU I/3, Nr. 138, S. 162–164). 29 Siehe hierzu Graf: Schlachtgedenke
/Users/programming/PycharmProjects/Find_Bibliography_NEw/data/azk_library/landolt-oliver__30.pdf;5;generic;Chronik/Chroniken;\bchronik(?:en)?\b;erner von Homberg wie auch andere gefallene Adlige leisten (Berner-Chronik des Conrad Justinger, S. 34). 26 Vgl. Annales Bernenses, S. 274.
/Users/programming/PycharmProjects/Find_Bibliography_NEw/data/azk_library/landolt-oliver__30.pdf;5;generic;Annales/Annalen;\bannal(?:es|en)\b;lige leisten (Berner-Chronik des Conrad Justinger, S. 34). 26 Vgl. Annales Bernenses, S. 274. Siehe hierzu Hugener: Buchführung, S. 204f. 27
/Users/programming/PycharmProjects/Find_Bibliography_NEw/data/azk_library/landolt-oliver__30.pdf;5;generic;Schlacht-/Kriegserzählungen;\bschlacht(?:en)?\b;zell den Flammen zum Opfer.24 Vielleicht mögen die Listen von in Schlachten gefallenen Adligen – so wie diejenige aus der Schlacht bei Sempa
/Users/programming/PycharmProjects/Find_Bibliography_NEw/data/azk_library/landolt-oliver__30.pdf;5;generic;Schlacht-/Kriegserzählungen;\bschlacht(?:en)?\b;n von in Schlachten gefallenen Adligen – so wie diejenige aus der Schlacht bei Sempach 1386 – ursprünglich Pate gestanden haben bei der Ents
/Users/programming/PycharmProjects/Find_Bibliography_NEw/data/azk_library/landolt-oliver__30.pdf;5;generic;Schlacht-/Kriegserzählungen;\bkrieg(?:e|en)?\b;erehrung der Toten, die im Dienste ihrer kommunalen Gemeinschaft im Krieg gefallen waren, spielten aber auch andere Gründe eine Rolle für so
/Users/programming/PycharmProjects/Find_Bibliography_NEw/data/azk_library/landolt-oliver__30.pdf;5;generic;Schlacht-/Kriegserzählungen;\bkrieg(?:e|en)?\b;nderkriege gemachte Verordnung der »Fürsorge für die Waisen der im Kriege gefallenen Bewohner von Stadt und Landschaft sowie für die Verwund
/Users/programming/PycharmProjects/Find_Bibliography_NEw/data/azk_library/landolt-oliver__30.pdf;6;work;Fründ (Hans Fründ);hans[\s \-]+fr[üu]nd;Alten Zürichkrieg vermerkte der damalige Schwyzer Landschreiber Hans Fründ († um 1469) in einer Liste die Namen der Schwyzer Gefallenen im
/Users/programming/PycharmProjects/Find_Bibliography_NEw/data/azk_library/landolt-oliver__30.pdf;6;work;Fründ (Hans Fründ);\bfr[üu]nd\b;lten Zürichkrieg vermerkte der damalige Schwyzer Landschreiber Hans Fründ († um 1469) in einer Liste die Namen der Schwyzer Gefallenen im Ge
/Users/programming/PycharmProjects/Find_Bibliography_NEw/data/azk_library/landolt-oliver__30.pdf;6;generic;Chronik/Chroniken;\bchronik(?:en)?\b;gsgefallenenlisten integriert: In seiner als Augenzeuge verfassten Chronik über den sogenannten Alten Zürichkrieg vermerkte der damalige Sch
/Users/programming/PycharmProjects/Find_Bibliography_NEw/data/azk_library/landolt-oliver__30.pdf;6;generic;Schlacht-/Kriegserzählungen;\bschlacht(?:en)?\b;166 Teil III: Tod in Krieg und Revolution waren die in der Schlacht Gefallenen den besonders gefürchteten jähen Tod – ohne Sterbesakramente
/Users/programming/PycharmProjects/Find_Bibliography_NEw/data/azk_library/landolt-oliver__30.pdf;6;generic;Schlacht-/Kriegserzählungen;\bschlacht(?:en)?\b;Verantwortung genommen, die Finanzierung des Seelenheils der in Schlachten Gefallenen zu übernehmen: Beispielsweise finanzierte das Land Sc
/Users/programming/PycharmProjects/Find_Bibliography_NEw/data/azk_library/landolt-oliver__30.pdf;6;generic;Schlacht-/Kriegserzählungen;\bschlacht(?:en)?\b;erung des Thurgaus 1460, Sundgauerzug 1468, Burgunderkriege 1476, Schlacht bei Giornico 1478) aufgenommen. Ebenso wurden nach dem Ende des S
/Users/programming/PycharmProjects/Find_Bibliography_NEw/data/azk_library/landolt-oliver__30.pdf;6;generic;Schlacht-/Kriegserzählungen;\bschlacht(?:en)?\b;r«, S. 79f. 34 Der »Fridolinstag« (6. März) war der Jahrestag der Schlacht bei Ragaz (6. März 1446), das letzte größere Ereignis des sogenan
/Users/programming/PycharmProjects/Find_Bibliography_NEw/data/azk_library/landolt-oliver__30.pdf;6;generic;Schlacht-/Kriegserzählungen;\bkrieg(?:e|en)?\b;iegs (1436–1450) eine allgemeine Schlachtjahrzeit für die in diesem Krieg Gefallenen in allen »lütkilchen« des Landes Schwyz (Arth, Steinen,
/Users/programming/PycharmProjects/Find_Bibliography_NEw/data/azk_library/landolt-oliver__30.pdf;7;work;Fründ (Hans Fründ);hans[\s \-]+fr[üu]nd;ete 1446,48 Belagerung von Waldshut 146849). 35 Vgl. Chronik des Hans Fründ, S. 132, Nr. 128: »Diss sind dera namen, die uf der von Swytz te
/Users/programming/PycharmProjects/Find_Bibliography_NEw/data/azk_library/landolt-oliver__30.pdf;7;work;Fründ (Hans Fründ);hans[\s \-]+fr[üu]nd;der von Swytz teil ze Fryenbach umbkament.« 36 Vgl. Chronik des Hans Fründ, S. 132, Nr. 127: »und bliben da der vyenden, die ze tod erschla
/Users/programming/PycharmProjects/Find_Bibliography_NEw/data/azk_library/landolt-oliver__30.pdf;7;work;Fründ (Hans Fründ);hans[\s \-]+fr[üu]nd;unting« im Mittelalter: Gagné: Counting the Dead. 37 Chronik des Hans Fründ, S. 293. 38 Vgl. Tschudi: Chronicon Helveticum, Teil 3, 356 (nam
/Users/programming/PycharmProjects/Find_Bibliography_NEw/data/azk_library/landolt-oliver__30.pdf;7;work;Fründ (Hans Fründ);\bfr[üu]nd(?:s)?\s+chronik;"am 22. Juli 1443 auf (ebd., S. 158, Nr. 153). Auffällig ist in Fründs Chronik verschiedentlich das »Bodycounting« der Kriegsgefallenen; sieh"
/Users/programming/PycharmProjects/Find_Bibliography_NEw/data/azk_library/landolt-oliver__30.pdf;7;work;Fründ (Hans Fründ);\bfr[üu]nd\b;enenlisten 167 1443 bei Freienbach.35 Zumindest summarisch notierte Fründ auch die Namen der prominenten Gefallenen auf der zürcherischen Se
/Users/programming/PycharmProjects/Find_Bibliography_NEw/data/azk_library/landolt-oliver__30.pdf;7;work;Fründ (Hans Fründ);\bfr[üu]nd\b;her Gefallenen.36 Wie aus dem Ende seiner Chronik hervorgeht, hatte Fründ sich auch vorgenommen, die »namen die so in dem vergangnen krieg u
/Users/programming/PycharmProjects/Find_Bibliography_NEw/data/azk_library/landolt-oliver__30.pdf;7;work;Fründ (Hans Fründ);\bfr[üu]nd\b;e 1446,48 Belagerung von Waldshut 146849). 35 Vgl. Chronik des Hans Fründ, S. 132, Nr. 128: »Diss sind dera namen, die uf der von Swytz teil
/Users/programming/PycharmProjects/Find_Bibliography_NEw/data/azk_library/landolt-oliver__30.pdf;7;work;Fründ (Hans Fründ);\bfr[üu]nd\b;er von Swytz teil ze Fryenbach umbkament.« 36 Vgl. Chronik des Hans Fründ, S. 132, Nr. 127: »und bliben da der vyenden, die ze tod erschlage
/Users/programming/PycharmProjects/Find_Bibliography_NEw/data/azk_library/landolt-oliver__30.pdf;7;work;Fründ (Hans Fründ);\bfr[üu]nd\b;"Fryenbach uf Grützen; dera waren vier ertrunken.« Summarisch zählte Fründ auch die prominenten Gefallenen auf Zürcher Seite beim Gefecht vor"
/Users/programming/PycharmProjects/Find_Bibliography_NEw/data/azk_library/landolt-oliver__30.pdf;7;work;Fründ (Hans Fründ);\bfr[üu]nd\b;ting« im Mittelalter: Gagné: Counting the Dead. 37 Chronik des Hans Fründ, S. 293. 38 Vgl. Tschudi: Chronicon Helveticum, Teil 3, 356 (namen
/Users/programming/PycharmProjects/Find_Bibliography_NEw/data/azk_library/landolt-oliver__30.pdf;7;work;Tschudi (Aegidius/Gilg Tschudi, Chronicon Helveticum);aegidi(?:us)?[\s \-]+tschudi;beinahe akribischen Formen verzeichnete der Glarner Chronist Aegidius Tschudi (1505–1572) in seinem Chronicon Helveticum wiederholt Listen
/Users/programming/PycharmProjects/Find_Bibliography_NEw/data/azk_library/landolt-oliver__30.pdf;7;work;Tschudi (Aegidius/Gilg Tschudi, Chronicon Helveticum);\btschudi\b;nahe akribischen Formen verzeichnete der Glarner Chronist Aegidius Tschudi (1505–1572) in seinem Chronicon Helveticum wiederholt Listen mit
/Users/programming/PycharmProjects/Find_Bibliography_NEw/data/azk_library/landolt-oliver__30.pdf;7;work;Tschudi (Aegidius/Gilg Tschudi, Chronicon Helveticum);\btschudi\b;ederholt Listen mit den Gefallenen der einzelnen Schlachten, wobei Tschudi diese vor allem aus Jahrzeitbüchern und Schlachtjahrzeitrodeln au
/Users/programming/PycharmProjects/Find_Bibliography_NEw/data/azk_library/landolt-oliver__30.pdf;7;work;Tschudi (Aegidius/Gilg Tschudi, Chronicon Helveticum);\btschudi\b;gné: Counting the Dead. 37 Chronik des Hans Fründ, S. 293. 38 Vgl. Tschudi: Chronicon Helveticum, Teil 3, 356 (namentlich aufgezählt werden
/Users/programming/PycharmProjects/Find_Bibliography_NEw/data/azk_library/landolt-oliver__30.pdf;7;work;Tschudi (Aegidius/Gilg Tschudi, Chronicon Helveticum);\btschudi\b;Daneben einzelne prominente Gefallene auf Habsburgs Seite. 39 Vgl. Tschudi: Chronicon Helveticum, Teil 4, S. 283. 40 Vgl. Tschudi: Chronicon
/Users/programming/PycharmProjects/Find_Bibliography_NEw/data/azk_library/landolt-oliver__30.pdf;7;work;Tschudi (Aegidius/Gilg Tschudi, Chronicon Helveticum);\btschudi\b;te. 39 Vgl. Tschudi: Chronicon Helveticum, Teil 4, S. 283. 40 Vgl. Tschudi: Chronicon Helveticum, Teil 6, S. 184–187 (die Gefallenen aus den
/Users/programming/PycharmProjects/Find_Bibliography_NEw/data/azk_library/landolt-oliver__30.pdf;7;work;Tschudi (Aegidius/Gilg Tschudi, Chronicon Helveticum);\btschudi\b;. ebd., S. 253–255 (Gefallene aus Glarus, Uri und Schwyz). 43 Vgl. Tschudi: Chronicon Helveticum, Teil 9, S. 110–112 (Gefallene aus Uri, Unt
/Users/programming/PycharmProjects/Find_Bibliography_NEw/data/azk_library/landolt-oliver__30.pdf;7;work;Tschudi (Aegidius/Gilg Tschudi, Chronicon Helveticum);\btschudi\b;9, S. 110–112 (Gefallene aus Uri, Unterwalden und Glarus). 44 Vgl. Tschudi: Chronicon Helveticum, Teil 11, S. 122 (Gefallene aus Schwyz). 45
/Users/programming/PycharmProjects/Find_Bibliography_NEw/data/azk_library/landolt-oliver__30.pdf;7;work;Tschudi (Aegidius/Gilg Tschudi, Chronicon Helveticum);\btschudi\b;Vgl. ebd., S. 431 (Erschlagene und Hingerichtete aus Uri). 49 Vgl. Tschudi: Chronicon Helveticum, Teil 13, S. 433 (Gefallene aus Unterwalden
/Users/programming/PycharmProjects/Find_Bibliography_NEw/data/azk_library/landolt-oliver__30.pdf;7;work;Tschudi (Aegidius/Gilg Tschudi, Chronicon Helveticum);chronicon[\s \-]+helveticum;der Glarner Chronist Aegidius Tschudi (1505–1572) in seinem Chronicon Helveticum wiederholt Listen mit den Gefallenen der einzelnen Schlacht
/Users/programming/PycharmProjects/Find_Bibliography_NEw/data/azk_library/landolt-oliver__30.pdf;7;work;Tschudi (Aegidius/Gilg Tschudi, Chronicon Helveticum);chronicon[\s \-]+helveticum;e Dead. 37 Chronik des Hans Fründ, S. 293. 38 Vgl. Tschudi: Chronicon Helveticum, Teil 3, 356 (namentlich aufgezählt werden einzig die aus U
/Users/programming/PycharmProjects/Find_Bibliography_NEw/data/azk_library/landolt-oliver__30.pdf;7;work;Tschudi (Aegidius/Gilg Tschudi, Chronicon Helveticum);chronicon[\s \-]+helveticum;prominente Gefallene auf Habsburgs Seite. 39 Vgl. Tschudi: Chronicon Helveticum, Teil 4, S. 283. 40 Vgl. Tschudi: Chronicon Helveticum, Tei
/Users/programming/PycharmProjects/Find_Bibliography_NEw/data/azk_library/landolt-oliver__30.pdf;7;work;Tschudi (Aegidius/Gilg Tschudi, Chronicon Helveticum);chronicon[\s \-]+helveticum;udi: Chronicon Helveticum, Teil 4, S. 283. 40 Vgl. Tschudi: Chronicon Helveticum, Teil 6, S. 184–187 (die Gefallenen aus den eidgenössischen
/Users/programming/PycharmProjects/Find_Bibliography_NEw/data/azk_library/landolt-oliver__30.pdf;7;work;Tschudi (Aegidius/Gilg Tschudi, Chronicon Helveticum);chronicon[\s \-]+helveticum;55 (Gefallene aus Glarus, Uri und Schwyz). 43 Vgl. Tschudi: Chronicon Helveticum, Teil 9, S. 110–112 (Gefallene aus Uri, Unterwalden und Gla
/Users/programming/PycharmProjects/Find_Bibliography_NEw/data/azk_library/landolt-oliver__30.pdf;7;work;Tschudi (Aegidius/Gilg Tschudi, Chronicon Helveticum);chronicon[\s \-]+helveticum;efallene aus Uri, Unterwalden und Glarus). 44 Vgl. Tschudi: Chronicon Helveticum, Teil 11, S. 122 (Gefallene aus Schwyz). 45 Vgl. ebd., S. 1
/Users/programming/PycharmProjects/Find_Bibliography_NEw/data/azk_library/landolt-oliver__30.pdf;7;work;Tschudi (Aegidius/Gilg Tschudi, Chronicon Helveticum);chronicon[\s \-]+helveticum;1 (Erschlagene und Hingerichtete aus Uri). 49 Vgl. Tschudi: Chronicon Helveticum, Teil 13, S. 433 (Gefallene aus Unterwalden).
/Users/programming/PycharmProjects/Find_Bibliography_NEw/data/azk_library/landolt-oliver__30.pdf;7;generic;Chronik/Chroniken;\bchronik(?:en)?\b;die Zahl der übrigen Zürcher Gefallenen.36 Wie aus dem Ende seiner Chronik hervorgeht, hatte Fründ sich auch vorgenommen, die »namen die so
/Users/programming/PycharmProjects/Find_Bibliography_NEw/data/azk_library/landolt-oliver__30.pdf;7;generic;Chronik/Chroniken;\bchronik(?:en)?\b;er Landleute beziehungsweise ihrer Söldner fehlt allerdings in der Chronik.37 In beinahe akribischen Formen verzeichnete der Glarner Chronis
/Users/programming/PycharmProjects/Find_Bibliography_NEw/data/azk_library/landolt-oliver__30.pdf;7;generic;Chronik/Chroniken;\bchronik(?:en)?\b;und Hingerichtete 1446,48 Belagerung von Waldshut 146849). 35 Vgl. Chronik des Hans Fründ, S. 132, Nr. 128: »Diss sind dera namen, die uf de
/Users/programming/PycharmProjects/Find_Bibliography_NEw/data/azk_library/landolt-oliver__30.pdf;7;generic;Chronik/Chroniken;\bchronik(?:en)?\b;namen, die uf der von Swytz teil ze Fryenbach umbkament.« 36 Vgl. Chronik des Hans Fründ, S. 132, Nr. 127: »und bliben da der vyenden, die
/Users/programming/PycharmProjects/Find_Bibliography_NEw/data/azk_library/landolt-oliver__30.pdf;7;generic;Chronik/Chroniken;\bchronik(?:en)?\b;"22. Juli 1443 auf (ebd., S. 158, Nr. 153). Auffällig ist in Fründs Chronik verschiedentlich das »Bodycounting« der Kriegsgefallenen; siehe z"
/Users/programming/PycharmProjects/Find_Bibliography_NEw/data/azk_library/landolt-oliver__30.pdf;7;generic;Chronik/Chroniken;\bchronik(?:en)?\b;in zum »Bodycounting« im Mittelalter: Gagné: Counting the Dead. 37 Chronik des Hans Fründ, S. 293. 38 Vgl. Tschudi: Chronicon Helveticum, Te
/Users/programming/PycharmProjects/Find_Bibliography_NEw/data/azk_library/landolt-oliver__30.pdf;7;generic;Chronicon/Chronica;\bchronic(?:on|a|orum)\b;hnete der Glarner Chronist Aegidius Tschudi (1505–1572) in seinem Chronicon Helveticum wiederholt Listen mit den Gefallenen der einzelnen Sc
/Users/programming/PycharmProjects/Find_Bibliography_NEw/data/azk_library/landolt-oliver__30.pdf;7;generic;Chronicon/Chronica;\bchronic(?:on|a|orum)\b;ing the Dead. 37 Chronik des Hans Fründ, S. 293. 38 Vgl. Tschudi: Chronicon Helveticum, Teil 3, 356 (namentlich aufgezählt werden einzig die
/Users/programming/PycharmProjects/Find_Bibliography_NEw/data/azk_library/landolt-oliver__30.pdf;7;generic;Chronicon/Chronica;\bchronic(?:on|a|orum)\b;nzelne prominente Gefallene auf Habsburgs Seite. 39 Vgl. Tschudi: Chronicon Helveticum, Teil 4, S. 283. 40 Vgl. Tschudi: Chronicon Helveticu
/Users/programming/PycharmProjects/Find_Bibliography_NEw/data/azk_library/landolt-oliver__30.pdf;7;generic;Chronicon/Chronica;\bchronic(?:on|a|orum)\b;. Tschudi: Chronicon Helveticum, Teil 4, S. 283. 40 Vgl. Tschudi: Chronicon Helveticum, Teil 6, S. 184–187 (die Gefallenen aus den eidgenöss
/Users/programming/PycharmProjects/Find_Bibliography_NEw/data/azk_library/landolt-oliver__30.pdf;7;generic;Chronicon/Chronica;\bchronic(?:on|a|orum)\b;253–255 (Gefallene aus Glarus, Uri und Schwyz). 43 Vgl. Tschudi: Chronicon Helveticum, Teil 9, S. 110–112 (Gefallene aus Uri, Unterwalden u
/Users/programming/PycharmProjects/Find_Bibliography_NEw/data/azk_library/landolt-oliver__30.pdf;7;generic;Chronicon/Chronica;\bchronic(?:on|a|orum)\b;112 (Gefallene aus Uri, Unterwalden und Glarus). 44 Vgl. Tschudi: Chronicon Helveticum, Teil 11, S. 122 (Gefallene aus Schwyz). 45 Vgl. ebd.
/Users/programming/PycharmProjects/Find_Bibliography_NEw/data/azk_library/landolt-oliver__30.pdf;7;generic;Chronicon/Chronica;\bchronic(?:on|a|orum)\b;S. 431 (Erschlagene und Hingerichtete aus Uri). 49 Vgl. Tschudi: Chronicon Helveticum, Teil 13, S. 433 (Gefallene aus Unterwalden).
/Users/programming/PycharmProjects/Find_Bibliography_NEw/data/azk_library/landolt-oliver__30.pdf;7;generic;Chronicon/Chronica;\bchronicon[\s \-]+helveticum\b;der Glarner Chronist Aegidius Tschudi (1505–1572) in seinem Chronicon Helveticum wiederholt Listen mit den Gefallenen der einzelnen Schlacht
/Users/programming/PycharmProjects/Find_Bibliography_NEw/data/azk_library/landolt-oliver__30.pdf;7;generic;Chronicon/Chronica;\bchronicon[\s \-]+helveticum\b;e Dead. 37 Chronik des Hans Fründ, S. 293. 38 Vgl. Tschudi: Chronicon Helveticum, Teil 3, 356 (namentlich aufgezählt werden einzig die aus U
/Users/programming/PycharmProjects/Find_Bibliography_NEw/data/azk_library/landolt-oliver__30.pdf;7;generic;Chronicon/Chronica;\bchronicon[\s \-]+helveticum\b;prominente Gefallene auf Habsburgs Seite. 39 Vgl. Tschudi: Chronicon Helveticum, Teil 4, S. 283. 40 Vgl. Tschudi: Chronicon Helveticum, Tei
/Users/programming/PycharmProjects/Find_Bibliography_NEw/data/azk_library/landolt-oliver__30.pdf;7;generic;Chronicon/Chronica;\bchronicon[\s \-]+helveticum\b;udi: Chronicon Helveticum, Teil 4, S. 283. 40 Vgl. Tschudi: Chronicon Helveticum, Teil 6, S. 184–187 (die Gefallenen aus den eidgenössischen
/Users/programming/PycharmProjects/Find_Bibliography_NEw/data/azk_library/landolt-oliver__30.pdf;7;generic;Chronicon/Chronica;\bchronicon[\s \-]+helveticum\b;55 (Gefallene aus Glarus, Uri und Schwyz). 43 Vgl. Tschudi: Chronicon Helveticum, Teil 9, S. 110–112 (Gefallene aus Uri, Unterwalden und Gla
/Users/programming/PycharmProjects/Find_Bibliography_NEw/data/azk_library/landolt-oliver__30.pdf;7;generic;Chronicon/Chronica;\bchronicon[\s \-]+helveticum\b;efallene aus Uri, Unterwalden und Glarus). 44 Vgl. Tschudi: Chronicon Helveticum, Teil 11, S. 122 (Gefallene aus Schwyz). 45 Vgl. ebd., S. 1
/Users/programming/PycharmProjects/Find_Bibliography_NEw/data/azk_library/landolt-oliver__30.pdf;7;generic;Chronicon/Chronica;\bchronicon[\s \-]+helveticum\b;1 (Erschlagene und Hingerichtete aus Uri). 49 Vgl. Tschudi: Chronicon Helveticum, Teil 13, S. 433 (Gefallene aus Unterwalden).
/Users/programming/PycharmProjects/Find_Bibliography_NEw/data/azk_library/landolt-oliver__30.pdf;7;generic;Schlacht-/Kriegserzählungen;\bschlacht(?:en)?\b;on Helveticum wiederholt Listen mit den Gefallenen der einzelnen Schlachten, wobei Tschudi diese vor allem aus Jahrzeitbüchern und Schlachtj
/Users/programming/PycharmProjects/Find_Bibliography_NEw/data/azk_library/landolt-oliver__30.pdf;7;generic;Schlacht-/Kriegserzählungen;\bkrieg(?:e|en)?\b;te Fründ sich auch vorgenommen, die »namen die so in dem vergangnen krieg umbkomen sind vor und nach usserm land ze Swytz, sy sigent gesin l
/Users/programming/PycharmProjects/Find_Bibliography_NEw/data/azk_library/landolt-oliver__30.pdf;8;generic;Eydgenossenschaft/Helvetia (frühneuzeitl. Schreibungen);eydt?g?nosch[aä]fft;t vergeßen aller dero, von Altten Orten und verwantten gemeiner Eydgnoschafft verloren hanndt, dero namen der ewygen wyßheytt unverborgen. G
/Users/programming/PycharmProjects/Find_Bibliography_NEw/data/azk_library/landolt-oliver__30.pdf;8;generic;Eydgenossenschaft/Helvetia (frühneuzeitl. Schreibungen);eidt?genossenschaft;"iehe hierzu für die spätmittelalterliche und frühneuzeitliche Eidgenossenschaft im besonderen: Hugener: Gefallene Helden; Büsser: Besondere"
/Users/programming/PycharmProjects/Find_Bibliography_NEw/data/azk_library/landolt-oliver__30.pdf;8;generic;Schlacht-/Kriegserzählungen;\bschlacht(?:en)?\b;ür die »Familienehre« Einerseits fanden diese in Kriegszügen und Schlachten Gefallenen im Rahmen der in mittelalterlicher Zeit entwickelten
/Users/programming/PycharmProjects/Find_Bibliography_NEw/data/azk_library/landolt-oliver__30.pdf;8;generic;Schlacht-/Kriegserzählungen;\bschlacht(?:en)?\b;t ist dies im Falle der Nidwaldner Familie Winkelried: Der in der Schlacht bei Bicocca 1522 gefallene Söldnerführer und Ritter Arnold Winkel
/Users/programming/PycharmProjects/Find_Bibliography_NEw/data/azk_library/landolt-oliver__30.pdf;8;generic;Schlacht-/Kriegserzählungen;\bschlacht(?:en)?\b;ft überlieferten Arnold von Winkelried, der sich angeblich in der Schlacht bei Sempach 1386 in die habsburgische Lanzenphalanx stürzte und s
/Users/programming/PycharmProjects/Find_Bibliography_NEw/data/azk_library/landolt-oliver__30.pdf;8;generic;Schlacht-/Kriegserzählungen;\bschlacht(?:en)?\b;Gasse machte«.53 Überliefert ist der Name Winkelried als Held der Schlacht bei 50 Jahrzeitbuch der Pfarrkirche St. Martin, S. 163. 51 Siehe
/Users/programming/PycharmProjects/Find_Bibliography_NEw/data/azk_library/landolt-oliver__30.pdf;8;generic;Schlacht-/Kriegserzählungen;\bkrieg(?:e|en)?\b;168 Teil III: Tod in Krieg und Revolution Die in den Jahrzeitbüchern respektive den Schlachtjahrzeiten überlieferten Listen von Kriegsgefall
/Users/programming/PycharmProjects/Find_Bibliography_NEw/data/azk_library/landolt-oliver__30.pdf;9;generic;Schlacht-/Kriegserzählungen;\bschlacht(?:en)?\b;bekannt: Dort sind 24 Personen verzeichnet, die angeblich in der Schlacht an der Calven, während des sogenannten Schwabenkriegs 1499, gefal
/Users/programming/PycharmProjects/Find_Bibliography_NEw/data/azk_library/landolt-oliver__30.pdf;9;generic;Schlacht-/Kriegserzählungen;\bschlacht(?:en)?\b;g gefallen war. Die meisten der Genannten hatten sich zwar an der Schlacht beteiligt,waren aber auch noch nach 1499 in öffentlichen Ämtern t
/Users/programming/PycharmProjects/Find_Bibliography_NEw/data/azk_library/landolt-oliver__30.pdf;9;generic;Schlacht-/Kriegserzählungen;\bschlacht(?:en)?\b;erden. Diese Praxis war wohl auch bei den Urner Gefallenen in der Schlacht bei Morgarten 1315 – wie diese im Urner Schlachtjahrzeit von 1489
/Users/programming/PycharmProjects/Find_Bibliography_NEw/data/azk_library/landolt-oliver__30.pdf;9;generic;Schlacht-/Kriegserzählungen;\bschlacht(?:en)?\b;lachtjahrzeit von 1489 aufgeführt werden – der Fall.56 Die in der Schlacht bei Morgarten 1315 angeblich als Kriegsgefallene erwähnten Urner
/Users/programming/PycharmProjects/Find_Bibliography_NEw/data/azk_library/landolt-oliver__30.pdf;10;work;Justinger (Konrad Justinger, Berner Chronik);\bjustinger\b;GH SS rer. Germ. 7), Hannover 1891. Die Berner-Chronik des Conrad Justinger, hg. v. G. Studer, Bern 1871. 59 Vgl. Das Weiße Buch von Sarnen,
/Users/programming/PycharmProjects/Find_Bibliography_NEw/data/azk_library/landolt-oliver__30.pdf;10;work;Berner Chronik (allgemein);\bberner[\s \-]+chronik\b;Georg Heinrich Pertz (MGH SS rer. Germ. 7), Hannover 1891. Die Berner-Chronik des Conrad Justinger, hg. v. G. Studer, Bern 1871. 59 Vgl. Das
/Users/programming/PycharmProjects/Find_Bibliography_NEw/data/azk_library/landolt-oliver__30.pdf;10;series;MGH SS (Monumenta Germaniae Historica Scriptores);\bmgh[\s \-]+ss\b;ationibus Ratisbonensi et Altahensibus,hg. v.Georg Heinrich Pertz (MGH SS rer. Germ. 7), Hannover 1891. Die Berner-Chronik des Conrad Justin
/Users/programming/PycharmProjects/Find_Bibliography_NEw/data/azk_library/landolt-oliver__30.pdf;10;series;MGH (allgemein);\bmgh\b;inationibus Ratisbonensi et Altahensibus,hg. v.Georg Heinrich Pertz (MGH SS rer. Germ. 7), Hannover 1891. Die Berner-Chronik des Conrad Just
/Users/programming/PycharmProjects/Find_Bibliography_NEw/data/azk_library/landolt-oliver__30.pdf;10;series;MGH (allgemein);monumenta[\s \-]+germaniae[\s \-]+historica;eorg Heinrich Pertz (Hg.): Annales aevi Suevici, Bd. 2 (Monumenta Germaniae Historica SS, Bd. 17), Hannover 1861, S. 271–274. Annales Fulden
/Users/programming/PycharmProjects/Find_Bibliography_NEw/data/azk_library/landolt-oliver__30.pdf;10;generic;Chronik/Chroniken;\bchronik(?:en)?\b;rg Heinrich Pertz (MGH SS rer. Germ. 7), Hannover 1891. Die Berner-Chronik des Conrad Justinger, hg. v. G. Studer, Bern 1871. 59 Vgl. Das We
/Users/programming/PycharmProjects/Find_Bibliography_NEw/data/azk_library/landolt-oliver__30.pdf;10;generic;Chronicon/Chronica;\bchronic(?:on|a|orum)\b;werden konnte. Bibliografie Gedruckte Quellen Annales Bernenses (Chronica de Berno), in: Georg Heinrich Pertz (Hg.): Annales aevi Suevici,
/Users/programming/PycharmProjects/Find_Bibliography_NEw/data/azk_library/landolt-oliver__30.pdf;10;generic;Annales/Annalen;\bannal(?:es|en)\b;genen »Ruhm« genutzt werden konnte. Bibliografie Gedruckte Quellen Annales Bernenses (Chronica de Berno), in: Georg Heinrich Pertz (Hg.): An
/Users/programming/PycharmProjects/Find_Bibliography_NEw/data/azk_library/landolt-oliver__30.pdf;10;generic;Annales/Annalen;\bannal(?:es|en)\b;les Bernenses (Chronica de Berno), in: Georg Heinrich Pertz (Hg.): Annales aevi Suevici, Bd. 2 (Monumenta Germaniae Historica SS, Bd. 17), H
/Users/programming/PycharmProjects/Find_Bibliography_NEw/data/azk_library/landolt-oliver__30.pdf;10;generic;Annales/Annalen;\bannal(?:es|en)\b;umenta Germaniae Historica SS, Bd. 17), Hannover 1861, S. 271–274. Annales Fuldenses sive Annales Regni Francorum Orientalis ab Einhardo, Ru
/Users/programming/PycharmProjects/Find_Bibliography_NEw/data/azk_library/landolt-oliver__30.pdf;10;generic;Annales/Annalen;\bannal(?:es|en)\b;ica SS, Bd. 17), Hannover 1861, S. 271–274. Annales Fuldenses sive Annales Regni Francorum Orientalis ab Einhardo, Ruodolfo, Meginhardo Fuld
/Users/programming/PycharmProjects/Find_Bibliography_NEw/data/azk_library/landolt-oliver__30.pdf;10;generic;Schlacht-/Kriegserzählungen;\bkrieg(?:e|en)?\b;170 Teil III: Tod in Krieg und Revolution Urschweizer Befreiungstradition wies diesem Geschlecht im sogenannten Weissen Buch von Sarnen, ent
/Users/programming/PycharmProjects/Find_Bibliography_NEw/data/azk_library/landolt-oliver__30.pdf;11;work;Fründ (Hans Fründ);hans[\s \-]+fr[üu]nd;Oliver Landolt: Kriegsgefallenenlisten 171 Die Chronik des Hans Fründ,Landschreiber zu Schwytz,hg. v.Christian Immanuel Kind, Chur 1875. Hen
/Users/programming/PycharmProjects/Find_Bibliography_NEw/data/azk_library/landolt-oliver__30.pdf;11;work;Tschudi (Aegidius/Gilg Tschudi, Chronicon Helveticum);\btschudi\b;9), bearb. von Konrad Wanner (abgekürzt: SSRQ LU I/3), Basel 2005. Tschudi, Aegidius: Chronicon Helveticum, 3. Teil, bearb. v. Bernhard Stet
/Users/programming/PycharmProjects/Find_Bibliography_NEw/data/azk_library/landolt-oliver__30.pdf;11;work;Tschudi (Aegidius/Gilg Tschudi, Chronicon Helveticum);chronicon[\s \-]+helveticum;er (abgekürzt: SSRQ LU I/3), Basel 2005. Tschudi, Aegidius: Chronicon Helveticum, 3. Teil, bearb. v. Bernhard Stettler (Quellen zur Schweize
/Users/programming/PycharmProjects/Find_Bibliography_NEw/data/azk_library/landolt-oliver__30.pdf;11;work;Tschudi (Aegidius/Gilg Tschudi, Chronicon Helveticum);chronicon[\s \-]+helveticum;schichte, NF, I. Abt.: Chroniken, Bd. VII/3), Basel 1980. – Chronicon Helveticum, 4. Teil, bearb. v. Bernhard Stettler (Quellen zur Schweize
/Users/programming/PycharmProjects/Find_Bibliography_NEw/data/azk_library/landolt-oliver__30.pdf;11;work;Tschudi (Aegidius/Gilg Tschudi, Chronicon Helveticum);chronicon[\s \-]+helveticum;schichte, NF, I. Abt.: Chroniken, Bd. VII/4), Basel 1983. – Chronicon Helveticum, 6. Teil, bearb. v. Bernhard Stettler (Quellen zur Schweize
/Users/programming/PycharmProjects/Find_Bibliography_NEw/data/azk_library/landolt-oliver__30.pdf;11;work;Tschudi (Aegidius/Gilg Tschudi, Chronicon Helveticum);chronicon[\s \-]+helveticum;schichte, NF, I. Abt.: Chroniken, Bd. VII/6), Basel 1986. – Chronicon Helveticum, 9. Teil, bearb. v. Bernhard Stettler (Quellen zur Schweize
/Users/programming/PycharmProjects/Find_Bibliography_NEw/data/azk_library/landolt-oliver__30.pdf;11;work;Tschudi (Aegidius/Gilg Tschudi, Chronicon Helveticum);chronicon[\s \-]+helveticum;eschichte, NF, I. Abt.: Chroniken, Bd. VII/9), Basel 1992. –Chronicon Helveticum,11.Teil,bearb.v.Bernhard Stettler (Quellen zur Schweizer Ge
/Users/programming/PycharmProjects/Find_Bibliography_NEw/data/azk_library/landolt-oliver__30.pdf;11;work;Tschudi (Aegidius/Gilg Tschudi, Chronicon Helveticum);chronicon[\s \-]+helveticum;chichte, NF, I. Abt.: Chroniken, Bd. VII/11), Basel 1996. – Chronicon Helveticum, 13. Teil/2. Hälfte, bearb. v. Bernhard Stettler (Quellen z
/Users/programming/PycharmProjects/Find_Bibliography_NEw/data/azk_library/landolt-oliver__30.pdf;11;series;QSG (Quellen zur Schweizer Geschichte);quellen[\s \-]+zur[\s \-]+schweizer[\s \-]+geschichte;nossen nach den innerschweizerischen Jahrzeitbüchern (Quellen zur Schweizer Geschichte, Abt. II: Akten, Bd. 3), Basel 1940. Das Jahrzeitbuch
/Users/programming/PycharmProjects/Find_Bibliography_NEw/data/azk_library/landolt-oliver__30.pdf;11;series;QSG (Quellen zur Schweizer Geschichte);quellen[\s \-]+zur[\s \-]+schweizer[\s \-]+geschichte;con Helveticum, 3. Teil, bearb. v. Bernhard Stettler (Quellen zur Schweizer Geschichte, NF, I. Abt.: Chroniken, Bd. VII/3), Basel 1980. – Ch
/Users/programming/PycharmProjects/Find_Bibliography_NEw/data/azk_library/landolt-oliver__30.pdf;11;series;QSG (Quellen zur Schweizer Geschichte);quellen[\s \-]+zur[\s \-]+schweizer[\s \-]+geschichte;con Helveticum, 4. Teil, bearb. v. Bernhard Stettler (Quellen zur Schweizer Geschichte, NF, I. Abt.: Chroniken, Bd. VII/4), Basel 1983. – Ch
/Users/programming/PycharmProjects/Find_Bibliography_NEw/data/azk_library/landolt-oliver__30.pdf;11;series;QSG (Quellen zur Schweizer Geschichte);quellen[\s \-]+zur[\s \-]+schweizer[\s \-]+geschichte;con Helveticum, 6. Teil, bearb. v. Bernhard Stettler (Quellen zur Schweizer Geschichte, NF, I. Abt.: Chroniken, Bd. VII/6), Basel 1986. – Ch
/Users/programming/PycharmProjects/Find_Bibliography_NEw/data/azk_library/landolt-oliver__30.pdf;11;series;QSG (Quellen zur Schweizer Geschichte);quellen[\s \-]+zur[\s \-]+schweizer[\s \-]+geschichte;con Helveticum, 9. Teil, bearb. v. Bernhard Stettler (Quellen zur Schweizer Geschichte, NF, I. Abt.: Chroniken, Bd. VII/9), Basel 1992. –Chr
/Users/programming/PycharmProjects/Find_Bibliography_NEw/data/azk_library/landolt-oliver__30.pdf;11;series;QSG (Quellen zur Schweizer Geschichte);quellen[\s \-]+zur[\s \-]+schweizer[\s \-]+geschichte;ronicon Helveticum,11.Teil,bearb.v.Bernhard Stettler (Quellen zur Schweizer Geschichte, NF, I. Abt.: Chroniken, Bd. VII/11), Basel 1996. – C
/Users/programming/PycharmProjects/Find_Bibliography_NEw/data/azk_library/landolt-oliver__30.pdf;11;series;QSG (Quellen zur Schweizer Geschichte);quellen[\s \-]+zur[\s \-]+schweizer[\s \-]+geschichte;cum, 13. Teil/2. Hälfte, bearb. v. Bernhard Stettler (Quellen zur Schweizer Geschichte, NF, I. Abt.: Chroniken, Bd. VII/13), Basel 2000. Das
/Users/programming/PycharmProjects/Find_Bibliography_NEw/data/azk_library/landolt-oliver__30.pdf;11;series;MGH (allgemein);monumenta[\s \-]+germaniae[\s \-]+historica;d. 1: Dioeceses Avgvstensis, Constantiensis, Cvriensis (Monumenta Germaniae Historica Necr., Bd. 1), Berlin 1888, S. 374–382. Sammlung Schwe
/Users/programming/PycharmProjects/Find_Bibliography_NEw/data/azk_library/landolt-oliver__30.pdf;11;series;SSRQ (Sammlung Schweizerischer Rechtsquellen);\bssrq\b;normative Quellen (1461–1489), bearb. von Konrad Wanner (abgekürzt: SSRQ LU I/3), Basel 2005. Tschudi, Aegidius: Chronicon Helveticum, 3. Te
/Users/programming/PycharmProjects/Find_Bibliography_NEw/data/azk_library/landolt-oliver__30.pdf;11;series;SSRQ (Sammlung Schweizerischer Rechtsquellen);sammlung[\s \-]+schweizerischer[\s \-]+rechtsquellen;Historica Necr., Bd. 1), Berlin 1888, S. 374–382. Sammlung Schweizerischer Rechtsquellen, Abt. III: Die Rechtsquellen des Kantons Luzern. E
/Users/programming/PycharmProjects/Find_Bibliography_NEw/data/azk_library/landolt-oliver__30.pdf;11;generic;Chronik/Chroniken;\bchronik(?:en)?\b;Oliver Landolt: Kriegsgefallenenlisten 171 Die Chronik des Hans Fründ,Landschreiber zu Schwytz,hg. v.Christian Immanuel Kind, Chur 1875. Hen
/Users/programming/PycharmProjects/Find_Bibliography_NEw/data/azk_library/landolt-oliver__30.pdf;11;generic;Chronik/Chroniken;\bchronik(?:en)?\b;Bernhard Stettler (Quellen zur Schweizer Geschichte, NF, I. Abt.: Chroniken, Bd. VII/3), Basel 1980. – Chronicon Helveticum, 4. Teil, bearb.
/Users/programming/PycharmProjects/Find_Bibliography_NEw/data/azk_library/landolt-oliver__30.pdf;11;generic;Chronik/Chroniken;\bchronik(?:en)?\b;Bernhard Stettler (Quellen zur Schweizer Geschichte, NF, I. Abt.: Chroniken, Bd. VII/4), Basel 1983. – Chronicon Helveticum, 6. Teil, bearb.
/Users/programming/PycharmProjects/Find_Bibliography_NEw/data/azk_library/landolt-oliver__30.pdf;11;generic;Chronik/Chroniken;\bchronik(?:en)?\b;Bernhard Stettler (Quellen zur Schweizer Geschichte, NF, I. Abt.: Chroniken, Bd. VII/6), Basel 1986. – Chronicon Helveticum, 9. Teil, bearb.
/Users/programming/PycharmProjects/Find_Bibliography_NEw/data/azk_library/landolt-oliver__30.pdf;11;generic;Chronik/Chroniken;\bchronik(?:en)?\b;Bernhard Stettler (Quellen zur Schweizer Geschichte, NF, I. Abt.: Chroniken, Bd. VII/9), Basel 1992. –Chronicon Helveticum,11.Teil,bearb.v.B
/Users/programming/PycharmProjects/Find_Bibliography_NEw/data/azk_library/landolt-oliver__30.pdf;11;generic;Chronik/Chroniken;\bchronik(?:en)?\b;Bernhard Stettler (Quellen zur Schweizer Geschichte, NF, I. Abt.: Chroniken, Bd. VII/11), Basel 1996. – Chronicon Helveticum, 13. Teil/2. Hä
/Users/programming/PycharmProjects/Find_Bibliography_NEw/data/azk_library/landolt-oliver__30.pdf;11;generic;Chronik/Chroniken;\bchronik(?:en)?\b;Bernhard Stettler (Quellen zur Schweizer Geschichte, NF, I. Abt.: Chroniken, Bd. VII/13), Basel 2000. Das Weiße Buch von Sarnen, bearb. v. H
/Users/programming/PycharmProjects/Find_Bibliography_NEw/data/azk_library/landolt-oliver__30.pdf;11;generic;Chronik/Chroniken;\bchronik(?:en)?\b;k zur Entstehung der Schweizerischen Eidgenossenschaft, Abt. III: Chroniken, Bd. 1), Aaarau 1947. Wymann, Eduard: Das Schlachtjahrzeit von U
/Users/programming/PycharmProjects/Find_Bibliography_NEw/data/azk_library/landolt-oliver__30.pdf;11;generic;Chronicon/Chronica;\bchronic(?:on|a|orum)\b;d Wanner (abgekürzt: SSRQ LU I/3), Basel 2005. Tschudi, Aegidius: Chronicon Helveticum, 3. Teil, bearb. v. Bernhard Stettler (Quellen zur Sc
/Users/programming/PycharmProjects/Find_Bibliography_NEw/data/azk_library/landolt-oliver__30.pdf;11;generic;Chronicon/Chronica;\bchronic(?:on|a|orum)\b;zer Geschichte, NF, I. Abt.: Chroniken, Bd. VII/3), Basel 1980. – Chronicon Helveticum, 4. Teil, bearb. v. Bernhard Stettler (Quellen zur Sc
/Users/programming/PycharmProjects/Find_Bibliography_NEw/data/azk_library/landolt-oliver__30.pdf;11;generic;Chronicon/Chronica;\bchronic(?:on|a|orum)\b;zer Geschichte, NF, I. Abt.: Chroniken, Bd. VII/4), Basel 1983. – Chronicon Helveticum, 6. Teil, bearb. v. Bernhard Stettler (Quellen zur Sc
/Users/programming/PycharmProjects/Find_Bibliography_NEw/data/azk_library/landolt-oliver__30.pdf;11;generic;Chronicon/Chronica;\bchronic(?:on|a|orum)\b;zer Geschichte, NF, I. Abt.: Chroniken, Bd. VII/6), Basel 1986. – Chronicon Helveticum, 9. Teil, bearb. v. Bernhard Stettler (Quellen zur Sc
/Users/programming/PycharmProjects/Find_Bibliography_NEw/data/azk_library/landolt-oliver__30.pdf;11;generic;Chronicon/Chronica;\bchronic(?:on|a|orum)\b;izer Geschichte, NF, I. Abt.: Chroniken, Bd. VII/9), Basel 1992. –Chronicon Helveticum,11.Teil,bearb.v.Bernhard Stettler (Quellen zur Schwei
/Users/programming/PycharmProjects/Find_Bibliography_NEw/data/azk_library/landolt-oliver__30.pdf;11;generic;Chronicon/Chronica;\bchronic(?:on|a|orum)\b;er Geschichte, NF, I. Abt.: Chroniken, Bd. VII/11), Basel 1996. – Chronicon Helveticum, 13. Teil/2. Hälfte, bearb. v. Bernhard Stettler (Que
/Users/programming/PycharmProjects/Find_Bibliography_NEw/data/azk_library/landolt-oliver__30.pdf;11;generic;Chronicon/Chronica;\bchronicon[\s \-]+helveticum\b;er (abgekürzt: SSRQ LU I/3), Basel 2005. Tschudi, Aegidius: Chronicon Helveticum, 3. Teil, bearb. v. Bernhard Stettler (Quellen zur Schweize
/Users/programming/PycharmProjects/Find_Bibliography_NEw/data/azk_library/landolt-oliver__30.pdf;11;generic;Chronicon/Chronica;\bchronicon[\s \-]+helveticum\b;schichte, NF, I. Abt.: Chroniken, Bd. VII/3), Basel 1980. – Chronicon Helveticum, 4. Teil, bearb. v. Bernhard Stettler (Quellen zur Schweize
/Users/programming/PycharmProjects/Find_Bibliography_NEw/data/azk_library/landolt-oliver__30.pdf;11;generic;Chronicon/Chronica;\bchronicon[\s \-]+helveticum\b;schichte, NF, I. Abt.: Chroniken, Bd. VII/4), Basel 1983. – Chronicon Helveticum, 6. Teil, bearb. v. Bernhard Stettler (Quellen zur Schweize
/Users/programming/PycharmProjects/Find_Bibliography_NEw/data/azk_library/landolt-oliver__30.pdf;11;generic;Chronicon/Chronica;\bchronicon[\s \-]+helveticum\b;schichte, NF, I. Abt.: Chroniken, Bd. VII/6), Basel 1986. – Chronicon Helveticum, 9. Teil, bearb. v. Bernhard Stettler (Quellen zur Schweize
/Users/programming/PycharmProjects/Find_Bibliography_NEw/data/azk_library/landolt-oliver__30.pdf;11;generic;Chronicon/Chronica;\bchronicon[\s \-]+helveticum\b;eschichte, NF, I. Abt.: Chroniken, Bd. VII/9), Basel 1992. –Chronicon Helveticum,11.Teil,bearb.v.Bernhard Stettler (Quellen zur Schweizer Ge
/Users/programming/PycharmProjects/Find_Bibliography_NEw/data/azk_library/landolt-oliver__30.pdf;11;generic;Chronicon/Chronica;\bchronicon[\s \-]+helveticum\b;chichte, NF, I. Abt.: Chroniken, Bd. VII/11), Basel 1996. – Chronicon Helveticum, 13. Teil/2. Hälfte, bearb. v. Bernhard Stettler (Quellen z
/Users/programming/PycharmProjects/Find_Bibliography_NEw/data/azk_library/landolt-oliver__30.pdf;11;generic;Eydgenossenschaft/Helvetia (frühneuzeitl. Schreibungen);eidt?genossenschaft;ns Georg Wirz (Quellenwerk zur Entstehung der Schweizerischen Eidgenossenschaft, Abt. III: Chroniken, Bd. 1), Aaarau 1947. Wymann, Eduard: D
/Users/programming/PycharmProjects/Find_Bibliography_NEw/data/azk_library/landolt-oliver__30.pdf;11;generic;Schlacht-/Kriegserzählungen;\bschlacht(?:en)?\b;Landesregierung als Andenken an die sechste Jahrhundertfeier der Schlacht am Morgarten und zur Erinnerung an die 1316 zu Uri ausgefertigten
/Users/programming/PycharmProjects/Find_Bibliography_NEw/data/azk_library/landolt-oliver__30.pdf;12;generic;Schlacht-/Kriegserzählungen;\bschlacht(?:en)?\b;ndere Tote im Dienste der Familienehre. Der gewaltsame Tod in der Schlacht und das Nachleben alteidgenössischer Militärunternehmer der Frühe
/Users/programming/PycharmProjects/Find_Bibliography_NEw/data/azk_library/landolt-oliver__30.pdf;12;generic;Schlacht-/Kriegserzählungen;\bkrieg(?:e|en)?\b;172 Teil III: Tod in Krieg und Revolution Bundi, Martin: Calven in Gedenkfeiern sowie in der chronikalischen und literarischen Überlieferung
/Users/programming/PycharmProjects/Find_Bibliography_NEw/data/azk_library/landolt-oliver__30.pdf;12;generic;Schlacht-/Kriegserzählungen;\bkrieg(?:e|en)?\b;der Stadt, in: Bernhard Kirchgässner/Günter Scholz (Hg.): Stadt und Krieg (Stadt in der Geschichte, Bd. 15), Sigmaringen 1989, S. 83–104. –
/Users/programming/PycharmProjects/Find_Bibliography_NEw/data/azk_library/landolt-oliver__30.pdf;13;series;MAGZ (Mitteilungen der Antiquarischen Gesellschaft in Zürich);mitteilungen[\s \-]+der[\s \-]+antiquarischen[\s \-]+gesellschaft[\s \-]+in[\s \-]+z[üu]rich;ichte. Neue Zugänge zum Alten Zürichkrieg (Mitteilungen der Antiquarischen Gesellschaft in Zürich, Bd. 73), Zürich 2006, S. 55–63. – Schossh
/Users/programming/PycharmProjects/Find_Bibliography_NEw/data/azk_library/landolt-oliver__30.pdf;13;generic;Jahrbuch/Jahrbücher;jahrb[üu]ch(?:er|e)?\b;einrich: Die Schlacht bei Sempach im Bewusstsein Österreichs, in: Jahrbuch der Historischen Gesellschaft Luzern 4 (1986), S. 48–60. Kreis,Ge
/Users/programming/PycharmProjects/Find_Bibliography_NEw/data/azk_library/landolt-oliver__30.pdf;13;generic;Jahrbuch/Jahrbücher;jahrb[üu]ch(?:er|e)?\b;S. 307–403. Müller, Albert: Die Näfelser Fahrtfeier vor 1835, in: Jahrbuch des Historischen Vereins des Kantons Glarus 72 (1988), S. 121–161
/Users/programming/PycharmProjects/Find_Bibliography_NEw/data/azk_library/landolt-oliver__30.pdf;13;generic;Eydgenossenschaft/Helvetia (frühneuzeitl. Schreibungen);eidt?genossenschaft;d Marignano 1515? Militärische Erinnerungskultur in der Alten Eidgenossenschaft, in: Horst Carl/ Ute Planert (Hg.): Militärische Erinnerungs
/Users/programming/PycharmProjects/Find_Bibliography_NEw/data/azk_library/landolt-oliver__30.pdf;13;generic;Eydgenossenschaft/Helvetia (frühneuzeitl. Schreibungen);eidt?genossenschaft;er Schweizervom15.bisins20.Jahrhundert,in:InnerschweizundfrüheEidgenossenschaft. Jubiläumsschrift 700 Jahre Eidgenossenschaft, Bd. 2: Gesell
/Users/programming/PycharmProjects/Find_Bibliography_NEw/data/azk_library/landolt-oliver__30.pdf;13;generic;Eydgenossenschaft/Helvetia (frühneuzeitl. Schreibungen);eidt?genossenschaft;rschweizundfrüheEidgenossenschaft. Jubiläumsschrift 700 Jahre Eidgenossenschaft, Bd. 2: Gesellschaft – Alltag – Geschichtsbild, Olten 1990,
/Users/programming/PycharmProjects/Find_Bibliography_NEw/data/azk_library/landolt-oliver__30.pdf;13;generic;Eydgenossenschaft/Helvetia (frühneuzeitl. Schreibungen);eidt?genossenschaft;iff: 26.02.2022. Oechsli, W.: Die Anfänge der Schweizerischen Eidgenossenschaft. Zur sechsten Säkularfeier des ersten ewigen Bundes vom 1. A
/Users/programming/PycharmProjects/Find_Bibliography_NEw/data/azk_library/landolt-oliver__30.pdf;13;generic;Schlacht-/Kriegserzählungen;\bschlacht(?:en)?\b;Oliver Landolt: Kriegsgefallenenlisten 173 Koller, Heinrich: Die Schlacht bei Sempach im Bewusstsein Österreichs, in: Jahrbuch der Historisc
/Users/programming/PycharmProjects/Find_Bibliography_NEw/data/azk_library/landolt-oliver__30.pdf;13;generic;Schlacht-/Kriegserzählungen;\bschlacht(?:en)?\b;. Krieb, Steffen: Vom Totengedenken zum politischen Argument: Die Schlacht bei Sempach(1386)imGedächtnisdesHausesHabsburgunddessüdwestdeutsc
/Users/programming/PycharmProjects/Find_Bibliography_NEw/data/azk_library/landolt-oliver__30.pdf;14;generic;Jahrbuch/Jahrbücher;jahrb[üu]ch(?:er|e)?\b;S. 189–210. Tremp,Ernst: »Wie fromm waren die alten Glarner?«,in: Jahrbuch des Historischen Vereins des Kantons Glarus 82 (2002), S. 9–41. V
/Users/programming/PycharmProjects/Find_Bibliography_NEw/data/azk_library/landolt-oliver__30.pdf;14;generic;Schlacht-/Kriegserzählungen;\bschlacht(?:en)?\b;, Jürg: »Millionen von Menschen sterben im Krieg, und ihr feiert Schlachten«. Zur politischen Instrumentalisierung der Sempacher Schlachtfei
/Users/programming/PycharmProjects/Find_Bibliography_NEw/data/azk_library/landolt-oliver__30.pdf;14;generic;Schlacht-/Kriegserzählungen;\bschlacht(?:en)?\b;hronikausderZeit um 1482, Zürich 2009. von Liebenau, Theodor: Die Schlacht bei Sempach. Gedenkbuch zur fünften Säcularfeier, Luzern 1886.
/Users/programming/PycharmProjects/Find_Bibliography_NEw/data/azk_library/landolt-oliver__30.pdf;14;generic;Schlacht-/Kriegserzählungen;\bkrieg(?:e|en)?\b;174 Teil III: Tod in Krieg und Revolution Schmutz, Jürg: »Millionen von Menschen sterben im Krieg, und ihr feiert Schlachten«. Zur politisch
/Users/programming/PycharmProjects/Find_Bibliography_NEw/data/azk_library/landolt-oliver__30.pdf;14;generic;Schlacht-/Kriegserzählungen;\bkrieg(?:e|en)?\b;eg und Revolution Schmutz, Jürg: »Millionen von Menschen sterben im Krieg, und ihr feiert Schlachten«. Zur politischen Instrumentalisierung
/Users/programming/PycharmProjects/Find_Bibliography_NEw/data/azk_library/sieber-christian__19.pdf;1;work;Fründ (Hans Fründ);hans[\s \-]+fr[üu]nd;ichkrieg (1436-1450) im Spiegel der Biographie von Landschreiber Hans Fründ Autor: Sieber, Christian DOI: https://doi.org/10.5169/seals-1691
/Users/programming/PycharmProjects/Find_Bibliography_NEw/data/azk_library/sieber-christian__19.pdf;1;work;Fründ (Hans Fründ);\bfr[üu]nd\b;hkrieg (1436-1450) im Spiegel der Biographie von Landschreiber Hans Fründ Autor: Sieber, Christian DOI: https://doi.org/10.5169/seals-169187
/Users/programming/PycharmProjects/Find_Bibliography_NEw/data/azk_library/sieber-christian__19.pdf;2;work;Fründ (Hans Fründ);hans[\s \-]+fr[üu]nd;zu fassen, ist in der Geschichte des Landes Schwyz erstmals bei Hans Fründ möglich, dem Schwyzer Landschreiber zur Zeit des Alten Zürichkri
/Users/programming/PycharmProjects/Find_Bibliography_NEw/data/azk_library/sieber-christian__19.pdf;2;work;Fründ (Hans Fründ);hans[\s \-]+fr[üu]nd;58. 4 Vgl. KDM Schwyz 1/1, S. 228, 231, 242f. von Landschreiber Hans Fründ Christian Sieber «Ich han je nach und nach die sachen geschriben
/Users/programming/PycharmProjects/Find_Bibliography_NEw/data/azk_library/sieber-christian__19.pdf;2;work;Fründ (Hans Fründ);hans[\s \-]+fr[üu]nd;wyl ich die sachen in miner gedenknisse und memorie gehept han.» Hans Fründ) 1
/Users/programming/PycharmProjects/Find_Bibliography_NEw/data/azk_library/sieber-christian__19.pdf;2;work;Fründ (Hans Fründ);\bfr[üu]nd(?:s)?\s+chronik;hek St. Gallen, Cod. Sang. 644, S.248f. Fründ,Chronik, S. 224. Fründs Chronik wird im Folgenden nach der auch der Edition von 1875 zugrunde
/Users/programming/PycharmProjects/Find_Bibliography_NEw/data/azk_library/sieber-christian__19.pdf;2;work;Fründ (Hans Fründ);\bfr[üu]nd\b;u fassen, ist in der Geschichte des Landes Schwyz erstmals bei Hans Fründ möglich, dem Schwyzer Landschreiber zur Zeit des Alten Zürichkrieg
/Users/programming/PycharmProjects/Find_Bibliography_NEw/data/azk_library/sieber-christian__19.pdf;2;work;Fründ (Hans Fründ);\bfr[üu]nd\b;vor allem aber hatte er in Schwyz dank der Person von Landschreiber Fründ eine Modernisierung, genauer noch eine Professionalisierung der Ve
/Users/programming/PycharmProjects/Find_Bibliography_NEw/data/azk_library/sieber-christian__19.pdf;2;work;Fründ (Hans Fründ);\bfr[üu]nd\b;das Erbe des 1 Stiftsbibliothek St. Gallen, Cod. Sang. 644, S.248f. Fründ,Chronik, S. 224. Fründs Chronik wird im Folgenden nach der auch de
/Users/programming/PycharmProjects/Find_Bibliography_NEw/data/azk_library/sieber-christian__19.pdf;2;work;Fründ (Hans Fründ);\bfr[üu]nd\b;8. 4 Vgl. KDM Schwyz 1/1, S. 228, 231, 242f. von Landschreiber Hans Fründ Christian Sieber «Ich han je nach und nach die sachen geschriben,
/Users/programming/PycharmProjects/Find_Bibliography_NEw/data/azk_library/sieber-christian__19.pdf;2;work;Fründ (Hans Fründ);\bfr[üu]nd\b;l ich die sachen in miner gedenknisse und memorie gehept han.» Hans Fründ) 1
/Users/programming/PycharmProjects/Find_Bibliography_NEw/data/azk_library/sieber-christian__19.pdf;2;generic;Chronik/Chroniken;\bchronik(?:en)?\b;e des 1 Stiftsbibliothek St. Gallen, Cod. Sang. 644, S.248f. Fründ,Chronik, S. 224. Fründs Chronik wird im Folgenden nach der auch der Editi
/Users/programming/PycharmProjects/Find_Bibliography_NEw/data/azk_library/sieber-christian__19.pdf;2;generic;Chronik/Chroniken;\bchronik(?:en)?\b;St. Gallen, Cod. Sang. 644, S.248f. Fründ,Chronik, S. 224. Fründs Chronik wird im Folgenden nach der auch der Edition von 1875 zugrunde gel
/Users/programming/PycharmProjects/Find_Bibliography_NEw/data/azk_library/sieber-christian__19.pdf;2;generic;Schlacht-/Kriegserzählungen;\bschlacht(?:en)?\b;iger aus der Perspektive der «grossen» Politik und der bekannten Schlachten als vielmehr aus dem Blickwinkel einer beteiligten Schlüsselpers
/Users/programming/PycharmProjects/Find_Bibliography_NEw/data/azk_library/sieber-christian__19.pdf;2;generic;Schlacht-/Kriegserzählungen;\bkrieg(?:e|en)?\b;kel einer beteiligten Schlüsselperson betrachten will. Dabei stehen Krieg und Schriftlichkeit, stehen Schlachtfeld und Kanzleistube in einer
/Users/programming/PycharmProjects/Find_Bibliography_NEw/data/azk_library/sieber-christian__19.pdf;2;generic;Schlacht-/Kriegserzählungen;\bkrieg(?:e|en)?\b;, genauer noch eine Professionalisierung der Verwaltung zur Folge.3 Krieg als Innovationsfaktor oder – nach dem bekannten Satz von Heraklit
/Users/programming/PycharmProjects/Find_Bibliography_NEw/data/azk_library/sieber-christian__19.pdf;2;generic;Schlacht-/Kriegserzählungen;\bkrieg(?:e|en)?\b;als Innovationsfaktor oder – nach dem bekannten Satz von Heraklit – Krieg als «Vater aller oder zumindest vieler) Dinge» ist ein Befund, um
/Users/programming/PycharmProjects/Find_Bibliography_NEw/data/azk_library/sieber-christian__19.pdf;3;work;Fründ (Hans Fründ);hans[\s \-]+fr[üu]nd;e eine auswärtige Fachkraft beiziehen, Abb. 1: Notarszeichen von Hans Fründ vom 21. März 1439 STASZ,Urk. Nr. 419). nämlich Eberhard Wüest, d
/Users/programming/PycharmProjects/Find_Bibliography_NEw/data/azk_library/sieber-christian__19.pdf;3;work;Fründ (Hans Fründ);\bfr[üu]nd\b;treit die Rechtsschriften für Zürich verfasste.9 Die Anstellung von Fründ 1437 In Schwyz fehlte 1436 eine entsprechend geschulte Person. Auc
/Users/programming/PycharmProjects/Find_Bibliography_NEw/data/azk_library/sieber-christian__19.pdf;3;work;Fründ (Hans Fründ);\bfr[üu]nd\b;eine auswärtige Fachkraft beiziehen, Abb. 1: Notarszeichen von Hans Fründ vom 21. März 1439 STASZ,Urk. Nr. 419). nämlich Eberhard Wüest, den
/Users/programming/PycharmProjects/Find_Bibliography_NEw/data/azk_library/sieber-christian__19.pdf;3;generic;Eydgenossenschaft/Helvetia (frühneuzeitl. Schreibungen);eidt?genossenschaft;htlich erweitern können, und sie spielten beide innerhalb der Eidgenossenschaft eine führende Rolle, Schwyz als massgeblicher Länderort, Zür
/Users/programming/PycharmProjects/Find_Bibliography_NEw/data/azk_library/sieber-christian__19.pdf;3;generic;Eydgenossenschaft/Helvetia (frühneuzeitl. Schreibungen);eidt?genossenschaft;"streit kurz hintereinander für Schwyz ausgestellt 5 Stettler, Eidgenossenschaft, S. 139–183; Wiget, Zürich und Schwyz, S. 36–54; Niederhäuse"
/Users/programming/PycharmProjects/Find_Bibliography_NEw/data/azk_library/sieber-christian__19.pdf;4;work;Fründ (Hans Fründ);hans[\s \-]+fr[üu]nd;im Mai 1437 der grosse Coup, wie sich schon bald zeigen sollte. Hans Fründ, Stadtbürger von Luzernund dort seit 1427 Unterschreiber bei Sta
/Users/programming/PycharmProjects/Find_Bibliography_NEw/data/azk_library/sieber-christian__19.pdf;4;work;Fründ (Hans Fründ);hans[\s \-]+fr[üu]nd;s «der schribervon Raperswyl inen ir sach schribe» bis «inen von Hans Fründ geseit wurde, … des Etterlis zuo Lutzern underschriber» 14 Forta
/Users/programming/PycharmProjects/Find_Bibliography_NEw/data/azk_library/sieber-christian__19.pdf;4;work;Fründ (Hans Fründ);\bfr[üu]nd(?:s)?\s+chronik;"roniken, S.14f., 20–22; Bodmer, Chroniken, S. 16–18; Kümmerli, Fründs Chronik, S. 97–104; Keller, Geschichtschreibung, S. XVf.; Feller/Bonjo"
/Users/programming/PycharmProjects/Find_Bibliography_NEw/data/azk_library/sieber-christian__19.pdf;4;work;Fründ (Hans Fründ);\bfr[üu]nd\b;m Mai 1437 der grosse Coup, wie sich schon bald zeigen sollte. Hans Fründ, Stadtbürger von Luzernund dort seit 1427 Unterschreiber bei Stadt
/Users/programming/PycharmProjects/Find_Bibliography_NEw/data/azk_library/sieber-christian__19.pdf;4;work;Fründ (Hans Fründ);\bfr[üu]nd\b;terlin, war bereit, das Landschreiberamt in Schwyz zu übernehmen.12 Fründ war in zweiter Ehe mit Adelheid vonTengen verheiratet, hatte aus e
/Users/programming/PycharmProjects/Find_Bibliography_NEw/data/azk_library/sieber-christian__19.pdf;4;work;Fründ (Hans Fründ);\bfr[üu]nd\b;Wagner im Februar 1469 als amtierender Landammann nach dem Tod von Fründ offen Auskunft, als er erklärte, die Schwyzer «hettint in dem verg
/Users/programming/PycharmProjects/Find_Bibliography_NEw/data/azk_library/sieber-christian__19.pdf;4;work;Fründ (Hans Fründ);\bfr[üu]nd\b;«der schribervon Raperswyl inen ir sach schribe» bis «inen von Hans Fründ geseit wurde, … des Etterlis zuo Lutzern underschriber» 14 Fortan
/Users/programming/PycharmProjects/Find_Bibliography_NEw/data/azk_library/sieber-christian__19.pdf;4;work;Fründ (Hans Fründ);\bfr[üu]nd\b;Stüssi, gegenüber, sondern auch zwei fachkundige Kanzleivorsteher, Fründ und Stebler, die einflussreichen Figuren im Hintergrund, aber in s
/Users/programming/PycharmProjects/Find_Bibliography_NEw/data/azk_library/sieber-christian__19.pdf;4;work;Fründ (Hans Fründ);\bfr[üu]nd\b;ihrer Aufgabe entsprach. «Gleichwie Ital Reding das Schwert, so war Fründ die Feder der Eidgenossen in der Zeit des Zürichkrieges» hat Hugo
/Users/programming/PycharmProjects/Find_Bibliography_NEw/data/azk_library/sieber-christian__19.pdf;4;work;Fründ (Hans Fründ);\bfr[üu]nd\b;en werden kann, so kann auch kein Staat ohne Schreiber bestehen» 16 Fründ war Stebler auch insofern ebenbürtig, als er die Zulassung als Not
/Users/programming/PycharmProjects/Find_Bibliography_NEw/data/azk_library/sieber-christian__19.pdf;4;work;Fründ (Hans Fründ);\bfr[üu]nd\b;hr auf den Stadtschreiber von Rapperswil zurückgreifen, wie ein von Fründ im März 1439 in der kleinen Stube im Rathaus von Schwyz «in villa
/Users/programming/PycharmProjects/Find_Bibliography_NEw/data/azk_library/sieber-christian__19.pdf;4;work;Fründ (Hans Fründ);\bfr[üu]nd\b;Schwyz: STASZ, Urk. Nr. 404b 11. Mai). Zur Person und Tätigkeit von Fründ vgl. bisher in chronologischer Reihenfolge) Studer, Tschachtlan, S
/Users/programming/PycharmProjects/Find_Bibliography_NEw/data/azk_library/sieber-christian__19.pdf;4;work;Fründ (Hans Fründ);\bfr[üu]nd\b;"992f. Guy P. Marchal); Stettler, Fründs Darstellung, S. 122*–134*; Fründ, Rapport, S. 25–29, 53–62 Kathrin Utz Tremp); Wanner, Schreiber, S"
/Users/programming/PycharmProjects/Find_Bibliography_NEw/data/azk_library/sieber-christian__19.pdf;4;work;Fründ (Hans Fründ);\bfr[üu]nd\b;"24 Oliver Landolt); Sieber, Opfer, S. 66–68, 70–72; HLS 5, Artikel «Fründ, Hans» im Druck bzw. www.hls.ch Gregor Egloff 13 Vgl. Wanner, Schr"
/Users/programming/PycharmProjects/Find_Bibliography_NEw/data/azk_library/sieber-christian__19.pdf;4;work;Fründ (Hans Fründ);\bfr[üu]nd\b;chreiber, S. 4, 9. 18 STASZ, Urk. Nr. 419 ausgestellt von «Johannes Fründ de oppido Lu¬ cernensi, laycus Constanciensis dyocesis, publicus i
/Users/programming/PycharmProjects/Find_Bibliography_NEw/data/azk_library/sieber-christian__19.pdf;4;work;Hemmerlin (Felix Hemmerlin/Malleolus);\bhemmerlin\b;rkommen, S. 56f. 16 Zitiert in deutscher Übersetzung) nach Reber, Hemmerlin, S. 264. 17 Zumindest konnte ein solches bisher nicht nachgewies
/Users/programming/PycharmProjects/Find_Bibliography_NEw/data/azk_library/sieber-christian__19.pdf;4;work;Etterlin (Petermann Etterlin, Kronika);\betterlin\b;Luzernund dort seit 1427 Unterschreiber bei Stadtschreiber Egloff Etterlin, war bereit, das Landschreiberamt in Schwyz zu übernehmen.12 Frün
/Users/programming/PycharmProjects/Find_Bibliography_NEw/data/azk_library/sieber-christian__19.pdf;4;work;Etterlin (Petermann Etterlin, Kronika);\betterlin\b;Zürich kam. Fründs bisheriger Vorgesetzter, Stadtschreiber Egloff Etterlin, stammte aus Brugg. Dank der Anstellung Fründs konnte Schwyz mit
/Users/programming/PycharmProjects/Find_Bibliography_NEw/data/azk_library/sieber-christian__19.pdf;4;work;Tschachtlan (Benedikt Tschachtlan);\btschachtlan\b;"it von Fründ vgl. bisher in chronologischer Reihenfolge) Studer, Tschachtlan, S. 636–641; Hungerbühler, Herkommen, S. 55–59; Kind, Einleitun"
/Users/programming/PycharmProjects/Find_Bibliography_NEw/data/azk_library/sieber-christian__19.pdf;4;series;SSRQ (Sammlung Schweizerischer Rechtsquellen);\bssrq\b;"S. 186–189; URStAZ 6, S. 607 Register). 12 Letzter Beleg in Luzern: SSRQ Luzern 1/2, S. 240, Nr. 262 1. Mai); erster Beleg in Schwyz: STASZ,"
/Users/programming/PycharmProjects/Find_Bibliography_NEw/data/azk_library/sieber-christian__19.pdf;4;series;SSRQ (Sammlung Schweizerischer Rechtsquellen);\bssrq\b;"Verzeichnis, S. 124f.; Auf der Maur, Auf der Maur, S. 54f., 83–85; SSRQ Luzern 1/1, S. 118, Anm. c zu Nr. 33, und 1/2, S. XXXIV, und 1/3, S"
/Users/programming/PycharmProjects/Find_Bibliography_NEw/data/azk_library/sieber-christian__19.pdf;4;generic;Chronik/Chroniken;\bchronik(?:en)?\b;"chreiber, S. 98f.;Baumann,Bilderchroniken, S.14f., 20–22; Bodmer, Chroniken, S. 16–18; Kümmerli, Fründs Chronik, S. 97–104; Keller, Geschich"
/Users/programming/PycharmProjects/Find_Bibliography_NEw/data/azk_library/sieber-christian__19.pdf;4;generic;Chronik/Chroniken;\bchronik(?:en)?\b;"iken, S.14f., 20–22; Bodmer, Chroniken, S. 16–18; Kümmerli, Fründs Chronik, S. 97–104; Keller, Geschichtschreibung, S. XVf.; Feller/Bonjour,"
/Users/programming/PycharmProjects/Find_Bibliography_NEw/data/azk_library/sieber-christian__19.pdf;4;generic;Schlacht-/Kriegserzählungen;\bkrieg(?:e|en)?\b;Auskunft, als er erklärte, die Schwyzer «hettint in dem vergangnen kriege zwüschent den von Zürich und üns von Swytz nit so bericht [d.h. ge
/Users/programming/PycharmProjects/Find_Bibliography_NEw/data/azk_library/sieber-christian__19.pdf;5;work;Fründ (Hans Fründ);hans[\s \-]+fr[üu]nd;nzen Krieg formulierte Vorrede mit expliziter Selbstnennung «ich Hans Fründ, ein burger von Lucern und ze den selben zitten lantschriber ze
/Users/programming/PycharmProjects/Find_Bibliography_NEw/data/azk_library/sieber-christian__19.pdf;5;work;Fründ (Hans Fründ);hans[\s \-]+fr[üu]nd;nden Ausführungen bei Weisz, Eidgenossen, S. 255f. «Legenden des Hans Fründ» sowie Bänziger, Beiträge, S. 111, entbehren jeder Grundlage. 24
/Users/programming/PycharmProjects/Find_Bibliography_NEw/data/azk_library/sieber-christian__19.pdf;5;work;Fründ (Hans Fründ);\bfr[üu]nd(?:s)?\s+chronik;Schwyzer Geschichtsschreibung überhaupt gilt. Allerdings darf Fründs Chronik nicht losgelöst von seiner amtlichen Tätigkeit als Landschreib
/Users/programming/PycharmProjects/Find_Bibliography_NEw/data/azk_library/sieber-christian__19.pdf;5;work;Fründ (Hans Fründ);\bfr[üu]nd\b;1441 ein zweites Vidimus ausgestellt und beglaubigt.19 Daneben hat Fründ, ganz ähnlich wie Stebler in Zürich,20 auch in seinem 14 Wohnhaus
/Users/programming/PycharmProjects/Find_Bibliography_NEw/data/azk_library/sieber-christian__19.pdf;5;work;Fründ (Hans Fründ);\bfr[üu]nd\b;o Schwiz in des landtschribers hus» 22 In einem wichtigen Punkt war Fründ seinem Gegenspieler in Zürich sogar voraus. Bereits in Luzern hatt
/Users/programming/PycharmProjects/Find_Bibliography_NEw/data/azk_library/sieber-christian__19.pdf;5;work;Fründ (Hans Fründ);\bfr[üu]nd\b;m Gegenspieler in Zürich sogar voraus. Bereits in Luzern hatte sich Fründ neben seiner amtlichen Tätigkeit in der Kanzlei auch als Chronist
/Users/programming/PycharmProjects/Find_Bibliography_NEw/data/azk_library/sieber-christian__19.pdf;5;work;Fründ (Hans Fründ);\bfr[üu]nd\b;e Hexenverfolgungen im Wallis von 1428 verfasst.23 In Schwyz setzte Fründ diese Nebentätigkeit fort – soweit erkennbar ohneformellen Auftrag
/Users/programming/PycharmProjects/Find_Bibliography_NEw/data/azk_library/sieber-christian__19.pdf;5;work;Fründ (Hans Fründ);\bfr[üu]nd\b;er er nun als Landschreiber hautnah beteiligt war. Mehrfach spricht Fründ in diesen Aufzeichnungen von sich selber in der Ich-Form, von sein
/Users/programming/PycharmProjects/Find_Bibliography_NEw/data/azk_library/sieber-christian__19.pdf;5;work;Fründ (Hans Fründ);\bfr[üu]nd\b;en Krieg formulierte Vorrede mit expliziter Selbstnennung «ich Hans Fründ, ein burger von Lucern und ze den selben zitten lantschriber ze Sw
/Users/programming/PycharmProjects/Find_Bibliography_NEw/data/azk_library/sieber-christian__19.pdf;5;work;Fründ (Hans Fründ);\bfr[üu]nd\b;i weitem nicht derart ausführlich und kompetent berichteten, wie es Fründ in und für Schwyz tat.28 Der «unfreundliche» Briefwechsel 1439 Die
/Users/programming/PycharmProjects/Find_Bibliography_NEw/data/azk_library/sieber-christian__19.pdf;5;work;Fründ (Hans Fründ);\bfr[üu]nd\b;"r. 2823; URStAZ 6, Nr. 8674 die Formulierung lautet hier: «Johannes Frund de opido Lutzernensis, laycus Constantiensis dyocesis, publicus im"
/Users/programming/PycharmProjects/Find_Bibliography_NEw/data/azk_library/sieber-christian__19.pdf;5;work;Fründ (Hans Fründ);\bfr[üu]nd\b;"ten von 400 Pfund). 22 Fassbind, Frauenkloster, S. 140f., Nr. 7. 23 Fründ, Rapport, S. 23–98; Wanner, Schreiber, S. 11f.; Weisz, Handschrift"
/Users/programming/PycharmProjects/Find_Bibliography_NEw/data/azk_library/sieber-christian__19.pdf;5;work;Fründ (Hans Fründ);\bfr[üu]nd\b;"thek Luzern, KB Pp.175 fol.;28Einzelblätter)lässt sich dagegennicht Fründ zuschreiben,wie lange angenommen wurde Brandstetter, Pilatus, S. 1"
/Users/programming/PycharmProjects/Find_Bibliography_NEw/data/azk_library/sieber-christian__19.pdf;5;work;Fründ (Hans Fründ);\bfr[üu]nd\b;litätsarbeit, S. 9–11 mit Abbildungen). Die auf der Zuschreibung an Fründ basierenden Ausführungen bei Weisz, Eidgenossen, S. 255f. «Legende
/Users/programming/PycharmProjects/Find_Bibliography_NEw/data/azk_library/sieber-christian__19.pdf;5;work;Fründ (Hans Fründ);\bfr[üu]nd\b;en Ausführungen bei Weisz, Eidgenossen, S. 255f. «Legenden des Hans Fründ» sowie Bänziger, Beiträge, S. 111, entbehren jeder Grundlage. 24 V
/Users/programming/PycharmProjects/Find_Bibliography_NEw/data/azk_library/sieber-christian__19.pdf;5;work;Fründ (Hans Fründ);\bfr[üu]nd\b;, S. 111, entbehren jeder Grundlage. 24 Vgl. Cod. Sang. 644, S. 249 Fründ, Chronik, S. 224 «mir ist ouch harum weder gold noch silber verhei
/Users/programming/PycharmProjects/Find_Bibliography_NEw/data/azk_library/sieber-christian__19.pdf;5;work;Fründ (Hans Fründ);\bfr[üu]nd\b;er, Fründs Darstellung, S. 128*, Anm. 327*. 26 Cod. Sang. 644, S. 3 Fründ, Chronik, S. 1. 27 Vgl. Huldi, Konjunktionen, S. XXIIIf. 28 Vgl. S
/Users/programming/PycharmProjects/Find_Bibliography_NEw/data/azk_library/sieber-christian__19.pdf;5;generic;Chronik/Chroniken;\bchronik(?:en)?\b;und privaten Rechenschaftsbericht des Landschreibersimmer mehr die Chronik eines Augenzeugen und wichtigen Akteurs, eine umfassende, auch sp
/Users/programming/PycharmProjects/Find_Bibliography_NEw/data/azk_library/sieber-christian__19.pdf;5;generic;Chronik/Chroniken;\bchronik(?:en)?\b;hwyzer Geschichtsschreibung überhaupt gilt. Allerdings darf Fründs Chronik nicht losgelöst von seiner amtlichen Tätigkeit als Landschreiber
/Users/programming/PycharmProjects/Find_Bibliography_NEw/data/azk_library/sieber-christian__19.pdf;5;generic;Chronik/Chroniken;\bchronik(?:en)?\b;, entbehren jeder Grundlage. 24 Vgl. Cod. Sang. 644, S. 249 Fründ, Chronik, S. 224 «mir ist ouch harum weder gold noch silber verheissen» 25
/Users/programming/PycharmProjects/Find_Bibliography_NEw/data/azk_library/sieber-christian__19.pdf;5;generic;Chronik/Chroniken;\bchronik(?:en)?\b;ds Darstellung, S. 128*, Anm. 327*. 26 Cod. Sang. 644, S. 3 Fründ, Chronik, S. 1. 27 Vgl. Huldi, Konjunktionen, S. XXIIIf. 28 Vgl. Sieber, S
/Users/programming/PycharmProjects/Find_Bibliography_NEw/data/azk_library/sieber-christian__19.pdf;5;generic;Tagebuch/Tagebücher;\btagebuch\b;fort – soweit erkennbar ohneformellen Auftrag,24indem ereine Art «Tagebuch»oder «Wochenchronik» über die juristische und dann auch militäris
/Users/programming/PycharmProjects/Find_Bibliography_NEw/data/azk_library/sieber-christian__19.pdf;5;generic;Eydgenossenschaft/Helvetia (frühneuzeitl. Schreibungen);eidt?genossenschaft;ssige Fragen der damals institutionell noch wenig gefestigten Eidgenossenschaft zur Diskussion standen – namentlich das Verhältnis zwischen
/Users/programming/PycharmProjects/Find_Bibliography_NEw/data/azk_library/sieber-christian__19.pdf;5;generic;Eydgenossenschaft/Helvetia (frühneuzeitl. Schreibungen);eidt?genossenschaft;chen Divergenzen in der Frage der zukünftigen Entwicklung der Eidgenossenschaft haben schliesslich zum Blutvergiessen geführt, das Toggenbur
/Users/programming/PycharmProjects/Find_Bibliography_NEw/data/azk_library/sieber-christian__19.pdf;5;generic;Schlacht-/Kriegserzählungen;\bkrieg(?:e|en)?\b;"bilanzierende Rückblicke; auch die in der Rückschau auf den ganzen Krieg formulierte Vorrede mit expliziter Selbstnennung «ich Hans Fründ,"
/Users/programming/PycharmProjects/Find_Bibliography_NEw/data/azk_library/sieber-christian__19.pdf;6;work;Fründ (Hans Fründ);hans[\s \-]+fr[üu]nd;15 Abb. 2: Rückvermerk von Hans Fründ auf dem Schreiben der Zürcher vom3.Mai 1439 STASZ,Urk. Nr. 423). 4. Mai 1439 in einem aufschlussreiche
/Users/programming/PycharmProjects/Find_Bibliography_NEw/data/azk_library/sieber-christian__19.pdf;6;work;Fründ (Hans Fründ);\bfr[üu]nd\b;trägt auf der Rückseite den eigenhändigen Vermerk von Landschreiber Fründ «Der Zûrichern erste schrifft, so si uns zuo santtent uff den Etze
/Users/programming/PycharmProjects/Find_Bibliography_NEw/data/azk_library/sieber-christian__19.pdf;6;work;Fründ (Hans Fründ);\bfr[üu]nd\b;ten. Interessant ist der Vermerk aber vor allem, weil er zeigt, wie Fründ mit dem Schreiben umgegangen ist. Er hat dieses nicht einfach an s
/Users/programming/PycharmProjects/Find_Bibliography_NEw/data/azk_library/sieber-christian__19.pdf;6;work;Fründ (Hans Fründ);\bfr[üu]nd\b;iben «unfreundlich» gewesen sei: Die 29 URStAZ 6, Nr. 8372. 30 Vgl. Fründ, Chronik, S. 24f., sowie aus Zürcher Optik) Klingenber¬ ger Chroni
/Users/programming/PycharmProjects/Find_Bibliography_NEw/data/azk_library/sieber-christian__19.pdf;6;work;Zürcher Stadtchronik (allgemein);chronik[\s \-]+der[\s \-]+stadt[\s \-]+z[üu]rich;"sowie aus Zürcher Optik) Klingenber¬ ger Chronik, S. 258; Chronik der Stadt Zürich, S. 195. 31 STASZ, Urk. Nr. 423, sowie URStAZ 6, Nr. 8421"
/Users/programming/PycharmProjects/Find_Bibliography_NEw/data/azk_library/sieber-christian__19.pdf;6;work;Chronik der Stadt Zürich (Edlibach u. a.);chronik[\s \-]+der[\s \-]+stadt[\s \-]+z[üu]rich;"sowie aus Zürcher Optik) Klingenber¬ ger Chronik, S. 258; Chronik der Stadt Zürich, S. 195. 31 STASZ, Urk. Nr. 423, sowie URStAZ 6, Nr. 8421"
/Users/programming/PycharmProjects/Find_Bibliography_NEw/data/azk_library/sieber-christian__19.pdf;6;generic;Chronik/Chroniken;\bchronik(?:en)?\b;freundlich» gewesen sei: Die 29 URStAZ 6, Nr. 8372. 30 Vgl. Fründ, Chronik, S. 24f., sowie aus Zürcher Optik) Klingenber¬ ger Chronik, S. 25
/Users/programming/PycharmProjects/Find_Bibliography_NEw/data/azk_library/sieber-christian__19.pdf;6;generic;Chronik/Chroniken;\bchronik(?:en)?\b;"Fründ, Chronik, S. 24f., sowie aus Zürcher Optik) Klingenber¬ ger Chronik, S. 258; Chronik der Stadt Zürich, S. 195. 31 STASZ, Urk. Nr. 423"
/Users/programming/PycharmProjects/Find_Bibliography_NEw/data/azk_library/sieber-christian__19.pdf;6;generic;Chronik/Chroniken;\bchronik(?:en)?\b;"S. 24f., sowie aus Zürcher Optik) Klingenber¬ ger Chronik, S. 258; Chronik der Stadt Zürich, S. 195. 31 STASZ, Urk. Nr. 423, sowie URStAZ 6,"
/Users/programming/PycharmProjects/Find_Bibliography_NEw/data/azk_library/sieber-christian__19.pdf;6;generic;Schlacht-/Kriegserzählungen;\bkrieg(?:e|en)?\b;s Kriegserklärung «Absage» empfunden, auch wenn die Zürcher mit dem Krieg nur drohten. Interessant ist der Vermerk aber vor allem, weil er z
/Users/programming/PycharmProjects/Find_Bibliography_NEw/data/azk_library/sieber-christian__19.pdf;7;work;Fründ (Hans Fründ);\bfr[üu]nd\b;der Schwyzer vom Abend des 4. Mai zeigt seinerseits die Schrift von Fründ, der mit den Truppen ausgezogen war und seine Kanzlei ins Feld ver
/Users/programming/PycharmProjects/Find_Bibliography_NEw/data/azk_library/sieber-christian__19.pdf;7;work;Fründ (Hans Fründ);\bfr[üu]nd\b;its in verklausulierter Form mit Krieg. Nur in der Anrede gibt sich Fründ ganz korrekt und bezeichnet die Zürcher weiterhin als «Eidgenossen
/Users/programming/PycharmProjects/Find_Bibliography_NEw/data/azk_library/sieber-christian__19.pdf;7;work;Fründ (Hans Fründ);\bfr[üu]nd\b;ht, es befindet sich heute im Staatsarchiv Zürich. Gleichzeitig hat Fründ den Entwurf zu diesem Schreiben aufbewahrt und archiviert, und aus
/Users/programming/PycharmProjects/Find_Bibliography_NEw/data/azk_library/sieber-christian__19.pdf;7;work;Fründ (Hans Fründ);\bfr[üu]nd\b;ter Form auch in seine Chronik aufgenommen:33 Alles in allem pflegt Fründ einen sehr sorgfältigen Umgang mit wichtigen Schriftstücken progra
/Users/programming/PycharmProjects/Find_Bibliography_NEw/data/azk_library/sieber-christian__19.pdf;7;work;Fründ (Hans Fründ);\bfr[üu]nd\b;«namhaften und wisen» Landammann und Hauptmann Ital Reding, wie ihn Fründ bezeichnet. Auch später tragen ähnliche Schreiben aus dem Feld jew
/Users/programming/PycharmProjects/Find_Bibliography_NEw/data/azk_library/sieber-christian__19.pdf;7;work;Fründ (Hans Fründ);\bfr[üu]nd\b;iche Siegel von Reding, «gepresten halb unsers landz ingesigel» wie Fründ regelmässig schreibt «in Ermangelung des Landessiegels» 34 was zum
/Users/programming/PycharmProjects/Find_Bibliography_NEw/data/azk_library/sieber-christian__19.pdf;7;work;Fründ (Hans Fründ);\bfr[üu]nd\b;bt «in Ermangelung des Landessiegels» 34 was zum einen heisst, dass Fründ das Landessiegel aus praktischen Überlegungen in sicherer Verwahru
/Users/programming/PycharmProjects/Find_Bibliography_NEw/data/azk_library/sieber-christian__19.pdf;7;work;Fründ (Hans Fründ);\bfr[üu]nd\b;rchiv Schwyz und trägt erneut einen kommentierenden Rückvermerk von Fründ: «Der Zûrichern andre [d. h. zweite] unfrûntliche schrifft, so si
/Users/programming/PycharmProjects/Find_Bibliography_NEw/data/azk_library/sieber-christian__19.pdf;7;work;Fründ (Hans Fründ);\bfr[üu]nd\b;et aber [d.h. erneut] uff ein absagung» Auch in seiner Chronik geht Fründ auf das Schreiben ein, allerdings nur kurz, denn inhaltlich bracht
/Users/programming/PycharmProjects/Find_Bibliography_NEw/data/azk_library/sieber-christian__19.pdf;7;work;Fründ (Hans Fründ);\bfr[üu]nd\b;"h March und Gaster, mit Korn, Wein und anderen Lebensmitteln, je 32 Fründ, Chronik, S. 25f. 33 URStAZ 6, Nr. 8422; STASZ, Urk. Nr. 425 mit Ü"
/Users/programming/PycharmProjects/Find_Bibliography_NEw/data/azk_library/sieber-christian__19.pdf;7;work;Fründ (Hans Fründ);\bfr[üu]nd\b;", Nr. 8422; STASZ, Urk. Nr. 425 mit Überschrift «datum pro copia» ; Fründ, Chronik, S. 26–29; Bernhard Stettler, in: Tschudi, Chronicon 10,"
/Users/programming/PycharmProjects/Find_Bibliography_NEw/data/azk_library/sieber-christian__19.pdf;7;work;Fründ (Hans Fründ);\bfr[üu]nd\b;hweis der stilistischen Überarbeitung). 34 So Cod. Sang. 644, S. 65 Fründ, Chronik, S. 63, sowie Tschudi, Chronicon 10, S. 303 2. November 1
/Users/programming/PycharmProjects/Find_Bibliography_NEw/data/azk_library/sieber-christian__19.pdf;7;work;Fründ (Hans Fründ);\bfr[üu]nd\b;", und URStAZ 6, Nr. 8910–8911 20. Mai 1443); Cod. Sang. 644, S. 159 Fründ, Chronik, S. 142 sowie Tschudi, Chronicon 11, S. 139 1. Juni 1443)"
/Users/programming/PycharmProjects/Find_Bibliography_NEw/data/azk_library/sieber-christian__19.pdf;7;work;Fründ (Hans Fründ);\bfr[üu]nd\b;"36 STASZ, Urk. Nr. 424, sowie URStAZ 6, Nr. 8423 Entwurf im StAZH); Fründ, Chronik, S. 30. 37 Fründ, Chronik, S. 30–34, sowie aus Zürcher Op"
/Users/programming/PycharmProjects/Find_Bibliography_NEw/data/azk_library/sieber-christian__19.pdf;7;work;Fründ (Hans Fründ);\bfr[üu]nd\b;"wie URStAZ 6, Nr. 8423 Entwurf im StAZH); Fründ, Chronik, S. 30. 37 Fründ, Chronik, S. 30–34, sowie aus Zürcher Optik) Klingenberger Chronik"
/Users/programming/PycharmProjects/Find_Bibliography_NEw/data/azk_library/sieber-christian__19.pdf;7;work;Tschudi (Aegidius/Gilg Tschudi, Chronicon Helveticum);\btschudi\b;"atum pro copia» ; Fründ, Chronik, S. 26–29; Bernhard Stettler, in: Tschudi, Chronicon 10, S. 213f., Anm. 80 Nachweis der stilistischen Übera"
/Users/programming/PycharmProjects/Find_Bibliography_NEw/data/azk_library/sieber-christian__19.pdf;7;work;Tschudi (Aegidius/Gilg Tschudi, Chronicon Helveticum);\btschudi\b;"beitung). 34 So Cod. Sang. 644, S. 65 Fründ, Chronik, S. 63, sowie Tschudi, Chronicon 10, S. 303 2. November 1440); STASZ, Urk. Nr. 449 Absc"
/Users/programming/PycharmProjects/Find_Bibliography_NEw/data/azk_library/sieber-christian__19.pdf;7;work;Tschudi (Aegidius/Gilg Tschudi, Chronicon Helveticum);\btschudi\b;"2, Nr. 232, Anhang 19. November 1440); STASZ, Urk. Nr. 463, sowie Tschudi, Chronicon 11, S. 112f., und URStAZ 6, Nr. 8910–8911 20. Mai 1443"
/Users/programming/PycharmProjects/Find_Bibliography_NEw/data/azk_library/sieber-christian__19.pdf;7;work;Tschudi (Aegidius/Gilg Tschudi, Chronicon Helveticum);\btschudi\b;"20. Mai 1443); Cod. Sang. 644, S. 159 Fründ, Chronik, S. 142 sowie Tschudi, Chronicon 11, S. 139 1. Juni 1443). 35 König Sigmund hatte Stüss"
/Users/programming/PycharmProjects/Find_Bibliography_NEw/data/azk_library/sieber-christian__19.pdf;7;work;Klingenberger/Rapperswiler Chronik (Eberhard Wüest);klingenberger[\s \-]+chronik;". 30. 37 Fründ, Chronik, S. 30–34, sowie aus Zürcher Optik) Klingenberger Chronik, S. 258f.; Chronik der Stadt Zürich, S. 195f.; URStAZ 6, N"
/Users/programming/PycharmProjects/Find_Bibliography_NEw/data/azk_library/sieber-christian__19.pdf;7;work;Zürcher Stadtchronik (allgemein);chronik[\s \-]+der[\s \-]+stadt[\s \-]+z[üu]rich;"sowie aus Zürcher Optik) Klingenberger Chronik, S. 258f.; Chronik der Stadt Zürich, S. 195f.; URStAZ 6, Nr. 8428–8429; StAZH, A 29.1 Mappe 3"
/Users/programming/PycharmProjects/Find_Bibliography_NEw/data/azk_library/sieber-christian__19.pdf;7;work;Chronik der Stadt Zürich (Edlibach u. a.);chronik[\s \-]+der[\s \-]+stadt[\s \-]+z[üu]rich;"sowie aus Zürcher Optik) Klingenberger Chronik, S. 258f.; Chronik der Stadt Zürich, S. 195f.; URStAZ 6, Nr. 8428–8429; StAZH, A 29.1 Mappe 3"
/Users/programming/PycharmProjects/Find_Bibliography_NEw/data/azk_library/sieber-christian__19.pdf;7;generic;Chronik/Chroniken;\bchronik(?:en)?\b;hreibens in stilistisch nochmals überarbeiteter Form auch in seine Chronik aufgenommen:33 Alles in allem pflegt Fründ einen sehr sorgfältige
/Users/programming/PycharmProjects/Find_Bibliography_NEw/data/azk_library/sieber-christian__19.pdf;7;generic;Chronik/Chroniken;\bchronik(?:en)?\b;Etzell, wiset aber [d.h. erneut] uff ein absagung» Auch in seiner Chronik geht Fründ auf das Schreiben ein, allerdings nur kurz, denn inhal
/Users/programming/PycharmProjects/Find_Bibliography_NEw/data/azk_library/sieber-christian__19.pdf;7;generic;Chronik/Chroniken;\bchronik(?:en)?\b;"und Gaster, mit Korn, Wein und anderen Lebensmitteln, je 32 Fründ, Chronik, S. 25f. 33 URStAZ 6, Nr. 8422; STASZ, Urk. Nr. 425 mit Überschri"
/Users/programming/PycharmProjects/Find_Bibliography_NEw/data/azk_library/sieber-christian__19.pdf;7;generic;Chronik/Chroniken;\bchronik(?:en)?\b;"22; STASZ, Urk. Nr. 425 mit Überschrift «datum pro copia» ; Fründ, Chronik, S. 26–29; Bernhard Stettler, in: Tschudi, Chronicon 10, S. 213f."
/Users/programming/PycharmProjects/Find_Bibliography_NEw/data/azk_library/sieber-christian__19.pdf;7;generic;Chronik/Chroniken;\bchronik(?:en)?\b;"r stilistischen Überarbeitung). 34 So Cod. Sang. 644, S. 65 Fründ, Chronik, S. 63, sowie Tschudi, Chronicon 10, S. 303 2. November 1440); ST"
/Users/programming/PycharmProjects/Find_Bibliography_NEw/data/azk_library/sieber-christian__19.pdf;7;generic;Chronik/Chroniken;\bchronik(?:en)?\b;"StAZ 6, Nr. 8910–8911 20. Mai 1443); Cod. Sang. 644, S. 159 Fründ, Chronik, S. 142 sowie Tschudi, Chronicon 11, S. 139 1. Juni 1443). 35 Kön"
/Users/programming/PycharmProjects/Find_Bibliography_NEw/data/azk_library/sieber-christian__19.pdf;7;generic;Chronik/Chroniken;\bchronik(?:en)?\b;", Urk. Nr. 424, sowie URStAZ 6, Nr. 8423 Entwurf im StAZH); Fründ, Chronik, S. 30. 37 Fründ, Chronik, S. 30–34, sowie aus Zürcher Optik) Kli"
/Users/programming/PycharmProjects/Find_Bibliography_NEw/data/azk_library/sieber-christian__19.pdf;7;generic;Chronik/Chroniken;\bchronik(?:en)?\b;"AZ 6, Nr. 8423 Entwurf im StAZH); Fründ, Chronik, S. 30. 37 Fründ, Chronik, S. 30–34, sowie aus Zürcher Optik) Klingenberger Chronik, S. 258"
/Users/programming/PycharmProjects/Find_Bibliography_NEw/data/azk_library/sieber-christian__19.pdf;7;generic;Chronik/Chroniken;\bchronik(?:en)?\b;"7 Fründ, Chronik, S. 30–34, sowie aus Zürcher Optik) Klingenberger Chronik, S. 258f.; Chronik der Stadt Zürich, S. 195f.; URStAZ 6, Nr. 8428"
/Users/programming/PycharmProjects/Find_Bibliography_NEw/data/azk_library/sieber-christian__19.pdf;7;generic;Chronik/Chroniken;\bchronik(?:en)?\b;". 30–34, sowie aus Zürcher Optik) Klingenberger Chronik, S. 258f.; Chronik der Stadt Zürich, S. 195f.; URStAZ 6, Nr. 8428–8429; StAZH, A 29."
/Users/programming/PycharmProjects/Find_Bibliography_NEw/data/azk_library/sieber-christian__19.pdf;7;generic;Chronicon/Chronica;\bchronic(?:on|a|orum)\b;"opia» ; Fründ, Chronik, S. 26–29; Bernhard Stettler, in: Tschudi, Chronicon 10, S. 213f., Anm. 80 Nachweis der stilistischen Überarbeitung)."
/Users/programming/PycharmProjects/Find_Bibliography_NEw/data/azk_library/sieber-christian__19.pdf;7;generic;Chronicon/Chronica;\bchronic(?:on|a|orum)\b;"34 So Cod. Sang. 644, S. 65 Fründ, Chronik, S. 63, sowie Tschudi, Chronicon 10, S. 303 2. November 1440); STASZ, Urk. Nr. 449 Abschiede 2, N"
/Users/programming/PycharmProjects/Find_Bibliography_NEw/data/azk_library/sieber-christian__19.pdf;7;generic;Chronicon/Chronica;\bchronic(?:on|a|orum)\b;"2, Anhang 19. November 1440); STASZ, Urk. Nr. 463, sowie Tschudi, Chronicon 11, S. 112f., und URStAZ 6, Nr. 8910–8911 20. Mai 1443); Cod. Sa"
/Users/programming/PycharmProjects/Find_Bibliography_NEw/data/azk_library/sieber-christian__19.pdf;7;generic;Chronicon/Chronica;\bchronic(?:on|a|orum)\b;"43); Cod. Sang. 644, S. 159 Fründ, Chronik, S. 142 sowie Tschudi, Chronicon 11, S. 139 1. Juni 1443). 35 König Sigmund hatte Stüssi im Mai 1"
/Users/programming/PycharmProjects/Find_Bibliography_NEw/data/azk_library/sieber-christian__19.pdf;7;generic;Schlacht-/Kriegserzählungen;\bkrieg(?:e|en)?\b;Gültigkeit habenund drohen ihrerseits in verklausulierter Form mit Krieg. Nur in der Anrede gibt sich Fründ ganz korrekt und bezeichnet die
/Users/programming/PycharmProjects/Find_Bibliography_NEw/data/azk_library/sieber-christian__19.pdf;7;generic;Schlacht-/Kriegserzählungen;\bkrieg(?:e|en)?\b;nsten der Schwyzer ausging,37 das aber als Auftakt zum eigentlichen Krieg grosse symbolische Bedeutung erhielt. Das Schwyzer Landesbanner wa
/Users/programming/PycharmProjects/Find_Bibliography_NEw/data/azk_library/sieber-christian__19.pdf;7;generic;Schlacht-/Kriegserzählungen;\bkrieg(?:e|en)?\b;ahnenzettel aus dem 16./17. Jahrhundert festhält «Etzel, alt Zürich krieg» 38 Es war selbstverständlich nicht allein die Wut über die «unfre
/Users/programming/PycharmProjects/Find_Bibliography_NEw/data/azk_library/sieber-christian__19.pdf;8;work;Fründ (Hans Fründ);\bfr[üu]nd\b;h vorangehender Auslieferung an den Absender) durch die Schwyzer.40 Fründ hat allerdings den Wortlaut der Kriegserklärung in seine Chronik a
/Users/programming/PycharmProjects/Find_Bibliography_NEw/data/azk_library/sieber-christian__19.pdf;8;work;Fründ (Hans Fründ);\bfr[üu]nd\b;Verbündeten der Schwyzer, die zumindest in einem Fall ebenfalls von Fründ geschrieben worden sind.42 In den zwei Kriegswochen, die auf die K
/Users/programming/PycharmProjects/Find_Bibliography_NEw/data/azk_library/sieber-christian__19.pdf;8;work;Fründ (Hans Fründ);\bfr[üu]nd\b;"erg, rund fünf Kilometer vor den Stadtmauern Zürichs. Landschreiber Fründ blieb ihr Begleiter; sein Bericht über den Kriegszug durch die Zür"
/Users/programming/PycharmProjects/Find_Bibliography_NEw/data/azk_library/sieber-christian__19.pdf;8;work;Fründ (Hans Fründ);\bfr[üu]nd\b;fschlussreich und typisch für die ganze Chronik: Ein Stück weit ist Fründ neutraler und ehrlicher Berichterstatter sowie Augenzeuge und schi
/Users/programming/PycharmProjects/Find_Bibliography_NEw/data/azk_library/sieber-christian__19.pdf;8;work;Fründ (Hans Fründ);\bfr[üu]nd\b;d die Häuser anschliessend in Brand zu stecken. Gleichzeitig ist es Fründ aber ein Anliegen zu betonen, wie Ital Reding als Kommandant energ
/Users/programming/PycharmProjects/Find_Bibliography_NEw/data/azk_library/sieber-christian__19.pdf;8;work;Fründ (Hans Fründ);\bfr[üu]nd\b;– das Dorf Horgen wäre sonst «gantz und gar verbrunnen» versichert Fründ. Und man gewinnt tatsächlich den Eindruck, Reding habe solche Über
/Users/programming/PycharmProjects/Find_Bibliography_NEw/data/azk_library/sieber-christian__19.pdf;8;work;Fründ (Hans Fründ);\bfr[üu]nd\b;, einzulenken und um Friedensverhandlungen zu bitten. Landschreiber Fründ stellte den Zürcher Unterhändlern zu diesem Zweck in Kilchberg ein
/Users/programming/PycharmProjects/Find_Bibliography_NEw/data/azk_library/sieber-christian__19.pdf;8;work;Fründ (Hans Fründ);\bfr[üu]nd\b;"berg»45), den wiederum Ital Reding besiegelte; den Entwurf dazu hat Fründ abermals aufbewahrt und archiviert.46 Gültig war das Geleit bis zu"
/Users/programming/PycharmProjects/Find_Bibliography_NEw/data/azk_library/sieber-christian__19.pdf;8;work;Fründ (Hans Fründ);\bfr[üu]nd\b;andelt wurde, bis der Entwurf für einen Friedensvertrag vorlag, den Fründ anschliessend am18.November in Kilchberg in seiner Feldkanzlei «mi
/Users/programming/PycharmProjects/Find_Bibliography_NEw/data/azk_library/sieber-christian__19.pdf;8;work;Fründ (Hans Fründ);\bfr[üu]nd\b;er Mahnschreiben URStAZ 6, Nr. 8529–8531). 41 Cod. Sang. 644, S. 64 Fründ, Chronik, S. 62f., mit der einleitenden Bemerkung «da schreib ich
/Users/programming/PycharmProjects/Find_Bibliography_NEw/data/azk_library/sieber-christian__19.pdf;8;work;Fründ (Hans Fründ);\bfr[üu]nd\b;k. Nr.444 Entwurf sowie URStAZ 6, Nr. 8625–8627, 8630–8638. 43 Vgl. Fründ, Chronik, S. 69. 44 Cod. Sang. 644, S. 74, 76f. Fründ, Chronik, S.
/Users/programming/PycharmProjects/Find_Bibliography_NEw/data/azk_library/sieber-christian__19.pdf;8;work;Fründ (Hans Fründ);\bfr[üu]nd\b;8638. 43 Vgl. Fründ, Chronik, S. 69. 44 Cod. Sang. 644, S. 74, 76f. Fründ, Chronik, S. 70, 72. 45 Cod. Sang. 644, S. 78 Fründ, Chronik, S. 7
/Users/programming/PycharmProjects/Find_Bibliography_NEw/data/azk_library/sieber-christian__19.pdf;8;work;Fründ (Hans Fründ);\bfr[üu]nd\b;44, S. 74, 76f. Fründ, Chronik, S. 70, 72. 45 Cod. Sang. 644, S. 78 Fründ, Chronik, S. 73. 46 STASZ, Urk. Nr. 449 Abschiede 2, Nr. 232 Origi
/Users/programming/PycharmProjects/Find_Bibliography_NEw/data/azk_library/sieber-christian__19.pdf;8;work;Fründ (Hans Fründ);\bfr[üu]nd\b;2 Original im StAZH nicht mehr vorhanden). 47 Cod. Sang. 644, S. 81 Fründ, Chronik, S. 76.
/Users/programming/PycharmProjects/Find_Bibliography_NEw/data/azk_library/sieber-christian__19.pdf;8;generic;Chronik/Chroniken;\bchronik(?:en)?\b;.40 Fründ hat allerdings den Wortlaut der Kriegserklärung in seine Chronik aufgenommen, über die das wichtige Dokument wenigstens abschriftl
/Users/programming/PycharmProjects/Find_Bibliography_NEw/data/azk_library/sieber-christian__19.pdf;8;generic;Chronik/Chroniken;\bchronik(?:en)?\b;dschaft ist dabei höchst aufschlussreich und typisch für die ganze Chronik: Ein Stück weit ist Fründ neutraler und ehrlicher Berichterstatte
/Users/programming/PycharmProjects/Find_Bibliography_NEw/data/azk_library/sieber-christian__19.pdf;8;generic;Chronik/Chroniken;\bchronik(?:en)?\b;chreiben URStAZ 6, Nr. 8529–8531). 41 Cod. Sang. 644, S. 64 Fründ, Chronik, S. 62f., mit der einleitenden Bemerkung «da schreib ich die absa
/Users/programming/PycharmProjects/Find_Bibliography_NEw/data/azk_library/sieber-christian__19.pdf;8;generic;Chronik/Chroniken;\bchronik(?:en)?\b;4 Entwurf sowie URStAZ 6, Nr. 8625–8627, 8630–8638. 43 Vgl. Fründ, Chronik, S. 69. 44 Cod. Sang. 644, S. 74, 76f. Fründ, Chronik, S. 70, 72.
/Users/programming/PycharmProjects/Find_Bibliography_NEw/data/azk_library/sieber-christian__19.pdf;8;generic;Chronik/Chroniken;\bchronik(?:en)?\b;Vgl. Fründ, Chronik, S. 69. 44 Cod. Sang. 644, S. 74, 76f. Fründ, Chronik, S. 70, 72. 45 Cod. Sang. 644, S. 78 Fründ, Chronik, S. 73. 46 ST
/Users/programming/PycharmProjects/Find_Bibliography_NEw/data/azk_library/sieber-christian__19.pdf;8;generic;Chronik/Chroniken;\bchronik(?:en)?\b;4, 76f. Fründ, Chronik, S. 70, 72. 45 Cod. Sang. 644, S. 78 Fründ, Chronik, S. 73. 46 STASZ, Urk. Nr. 449 Abschiede 2, Nr. 232 Original im S
/Users/programming/PycharmProjects/Find_Bibliography_NEw/data/azk_library/sieber-christian__19.pdf;8;generic;Chronik/Chroniken;\bchronik(?:en)?\b;al im StAZH nicht mehr vorhanden). 47 Cod. Sang. 644, S. 81 Fründ, Chronik, S. 76.
/Users/programming/PycharmProjects/Find_Bibliography_NEw/data/azk_library/sieber-christian__19.pdf;8;generic;Schlacht-/Kriegserzählungen;\bkrieg(?:e|en)?\b;schen Argumentation eindeutig politische Druckversuche verbargen.39 Krieg und Frieden 1440/41 Nach dem Gefecht am Etzel konnte zunächst ein
/Users/programming/PycharmProjects/Find_Bibliography_NEw/data/azk_library/sieber-christian__19.pdf;8;generic;Schlacht-/Kriegserzählungen;\bkrieg(?:e|en)?\b;enstillstand ausgehandelt werden. Anderthalb Jahre später brach der Krieg aber vollends aus. Nun blieb es nicht mehr bei «unfreundlichen» Br
/Users/programming/PycharmProjects/Find_Bibliography_NEw/data/azk_library/sieber-christian__19.pdf;8;generic;Schlacht-/Kriegserzählungen;\bkrieg(?:e|en)?\b;lieb es nicht mehr bei «unfreundlichen» Briefen und der Drohung mit Krieg. Am 2. November 1440 liess Landammann Reding seinen Landschreiber
/Users/programming/PycharmProjects/Find_Bibliography_NEw/data/azk_library/sieber-christian__19.pdf;9;work;Fründ (Hans Fründ);\bfr[üu]nd\b;übernommen, verbunden mit einem Kommentar, der annehmenlässt, dass Fründ den Friedensvertrag inhaltlich massgeblich mitgestaltet hat. Sowoh
/Users/programming/PycharmProjects/Find_Bibliography_NEw/data/azk_library/sieber-christian__19.pdf;9;work;Fründ (Hans Fründ);\bfr[üu]nd\b;rger Friede in die Geschichtsbücher eingegangen ist, hat dann nicht Fründ im Feld ausgefertigt, sondern am 1. Dezember 1440 ein Schreiber in
/Users/programming/PycharmProjects/Find_Bibliography_NEw/data/azk_library/sieber-christian__19.pdf;9;work;Fründ (Hans Fründ);\bfr[üu]nd\b;te, notariell beglaubigte Kopie des Vertrags hat dann Landschreiber Fründ im April 1441 noch selber ausgefertigt – ein weiteres Beispiel für
/Users/programming/PycharmProjects/Find_Bibliography_NEw/data/azk_library/sieber-christian__19.pdf;9;work;Fründ (Hans Fründ);\bfr[üu]nd\b;Dass er zwei Jahre später von neuem ausbrechen würde, war auch für Fründ nicht absehbar, wie er später eingestanden hat.51 Er beendete sein
/Users/programming/PycharmProjects/Find_Bibliography_NEw/data/azk_library/sieber-christian__19.pdf;9;work;Fründ (Hans Fründ);\bfr[üu]nd\b;dem Vidimus des Kilchberger Friedens kein schriftliches Zeugnis von Fründ überliefert. Die durch die juristischen Auseinandersetzungen, den
/Users/programming/PycharmProjects/Find_Bibliography_NEw/data/azk_library/sieber-christian__19.pdf;9;work;Fründ (Hans Fründ);\bfr[üu]nd\b;neue Reichsoberhaupt 1442 Irgendwann im Verlauf des Jahres 1442 hat Fründ seine an sich abgeschlossene Chronik wieder hervorgeholt, weil ein
/Users/programming/PycharmProjects/Find_Bibliography_NEw/data/azk_library/sieber-christian__19.pdf;9;work;Fründ (Hans Fründ);\bfr[üu]nd\b;"burg und Innsbruck be- 48 URStAZ 6, Nr. 8646; Cod. Sang. 644, S. 79 Fründ, Chronik, S. 74 «vormals ungehorsam» bzw. «wurdent gehorsam gemach"
/Users/programming/PycharmProjects/Find_Bibliography_NEw/data/azk_library/sieber-christian__19.pdf;9;work;Fründ (Hans Fründ);\bfr[üu]nd\b;ASZ, Urk. Nr. 451. 50 URStAZ 6, Nr. 8674. 51 Cod. Sang. 644, S. 275 Fründ, Chronik, S. 250: «Dann am anfang des kriegs, alls die von Zürich
/Users/programming/PycharmProjects/Find_Bibliography_NEw/data/azk_library/sieber-christian__19.pdf;9;work;Fründ (Hans Fründ);\bfr[üu]nd\b;htet] wurdent, so söllt es ein end haben.» 52 Cod. Sang. 644, S. 93 Fründ, Chronik, S. 86. Eine Anrufung von Gott und Maria sowie der Dreifa
/Users/programming/PycharmProjects/Find_Bibliography_NEw/data/azk_library/sieber-christian__19.pdf;9;work;Fründ (Hans Fründ);\bfr[üu]nd\b;chluss von Fründs Berichtüber die Hexenverfolgungen im Wallis, vgl. Fründ, Rapport, S. 44. 53 Vgl. dazu Stettler, Pfäffikon und Wollerau, S.
/Users/programming/PycharmProjects/Find_Bibliography_NEw/data/azk_library/sieber-christian__19.pdf;9;generic;Chronik/Chroniken;\bchronik(?:en)?\b;Form gebracht hat. Etwas später hat er den Wortlaut auch in seine Chronik übernommen, verbunden mit einem Kommentar, der annehmenlässt, das
/Users/programming/PycharmProjects/Find_Bibliography_NEw/data/azk_library/sieber-christian__19.pdf;9;generic;Chronik/Chroniken;\bchronik(?:en)?\b;im Verlauf des Jahres 1442 hat Fründ seine an sich abgeschlossene Chronik wieder hervorgeholt, weil ein neuer Konflikt mit Zürich drohte. D
/Users/programming/PycharmProjects/Find_Bibliography_NEw/data/azk_library/sieber-christian__19.pdf;9;generic;Chronik/Chroniken;\bchronik(?:en)?\b;"Innsbruck be- 48 URStAZ 6, Nr. 8646; Cod. Sang. 644, S. 79 Fründ, Chronik, S. 74 «vormals ungehorsam» bzw. «wurdent gehorsam gemachet» 49 U"
/Users/programming/PycharmProjects/Find_Bibliography_NEw/data/azk_library/sieber-christian__19.pdf;9;generic;Chronik/Chroniken;\bchronik(?:en)?\b;. Nr. 451. 50 URStAZ 6, Nr. 8674. 51 Cod. Sang. 644, S. 275 Fründ, Chronik, S. 250: «Dann am anfang des kriegs, alls die von Zürich und die
/Users/programming/PycharmProjects/Find_Bibliography_NEw/data/azk_library/sieber-christian__19.pdf;9;generic;Chronik/Chroniken;\bchronik(?:en)?\b;rdent, so söllt es ein end haben.» 52 Cod. Sang. 644, S. 93 Fründ, Chronik, S. 86. Eine Anrufung von Gott und Maria sowie der Dreifaltigkeit
/Users/programming/PycharmProjects/Find_Bibliography_NEw/data/azk_library/sieber-christian__19.pdf;9;generic;Schlacht-/Kriegserzählungen;\bkrieg(?:e|en)?\b;Beispiel für seine sorgfältige Kanz-leiund Verwaltungsarbeit.50 Der Krieg war vorbei. Dass er zwei Jahre später von neuem ausbrechen würde,
/Users/programming/PycharmProjects/Find_Bibliography_NEw/data/azk_library/sieber-christian__19.pdf;9;generic;Schlacht-/Kriegserzählungen;\bkrieg(?:e|en)?\b;de aus dem Jahr 1441 hängt aber ganz direkt mit dem vorangegangenen Krieg zusammen, nämlich der Schiedsspruch von LandammannItal Reding vom
/Users/programming/PycharmProjects/Find_Bibliography_NEw/data/azk_library/sieber-christian__19.pdf;9;generic;Schlacht-/Kriegserzählungen;\bkrieg(?:e|en)?\b;Dann am anfang des kriegs, alls die von Zürich und die von Swytz ze krieg kament, da hat ich gedacht, wann die bericht [d. h. geschlichtet]
/Users/programming/PycharmProjects/Find_Bibliography_NEw/data/azk_library/sieber-christian__19.pdf;10;work;Fründ (Hans Fründ);\bfr[üu]nd\b;"251. Einziger Beleg für die Teilnahme Redings: URStAZ 6, Nr. 8800; Fründ erwähnt Reding in seinem Bericht über die Verhandlungen in Frankfu"
/Users/programming/PycharmProjects/Find_Bibliography_NEw/data/azk_library/sieber-christian__19.pdf;10;work;Fründ (Hans Fründ);\bfr[üu]nd\b;Bericht über die Verhandlungen in Frankfurt nicht namentlich, vgl. Fründ, Chronik, S. 91–93, 110.Die 70-tägige Reise des Solothurner Schult
/Users/programming/PycharmProjects/Find_Bibliography_NEw/data/azk_library/sieber-christian__19.pdf;10;work;Hemmerlin (Felix Hemmerlin/Malleolus);\bhemmerlin\b;"577–7585. 58 Vgl. URStAZ 6, Nr. 8786, 8793, 8809, 8812. 59 Fiala, Hemmerlin, S. 696 Seckelmeisterrechnung); Solothurnisches Wochenblatt 1814"
/Users/programming/PycharmProjects/Find_Bibliography_NEw/data/azk_library/sieber-christian__19.pdf;10;work;Tschudi (Aegidius/Gilg Tschudi, Chronicon Helveticum);\btschudi\b;"Privilegienbestätigung. 60 Stettler, Zürichs Ausscheren, S. 41*f.; Tschudi, Chronicon 11, S. 47f. Nach KriegsausbruchhatFriedrichIII. die Pr"
/Users/programming/PycharmProjects/Find_Bibliography_NEw/data/azk_library/sieber-christian__19.pdf;10;generic;Chronik/Chroniken;\bchronik(?:en)?\b;über die Verhandlungen in Frankfurt nicht namentlich, vgl. Fründ, Chronik, S. 91–93, 110.Die 70-tägige Reise des Solothurner Schultheissen
/Users/programming/PycharmProjects/Find_Bibliography_NEw/data/azk_library/sieber-christian__19.pdf;10;generic;Chronicon/Chronica;\bchronic(?:on|a|orum)\b;"nbestätigung. 60 Stettler, Zürichs Ausscheren, S. 41*f.; Tschudi, Chronicon 11, S. 47f. Nach KriegsausbruchhatFriedrichIII. die Privilegienb"
/Users/programming/PycharmProjects/Find_Bibliography_NEw/data/azk_library/sieber-christian__19.pdf;10;generic;Schlacht-/Kriegserzählungen;\bkrieg(?:e|en)?\b;den – zäh deshalb, weil Zürich noch 1437 um das Sarganserland einen Krieg gegen die Herrschaft Österreich geführt hatte, aber auch, weil Fri
/Users/programming/PycharmProjects/Find_Bibliography_NEw/data/azk_library/sieber-christian__19.pdf;11;work;Fründ (Hans Fründ);\bfr[üu]nd\b;übrigen Orten hingegen – obwohl in den Worten von Fründ «getrüwe gehorsame undertanen deß heilgen römischen richs» – verweigerte sie der Kön
/Users/programming/PycharmProjects/Find_Bibliography_NEw/data/azk_library/sieber-christian__19.pdf;11;work;Fründ (Hans Fründ);\bfr[üu]nd\b;hsgerichtliches Verfahren) sogar ein drittes Mal, wie Landschreiber Fründ in seiner Chronik entrüstet festhält.61 Die von Fründ archivierte
/Users/programming/PycharmProjects/Find_Bibliography_NEw/data/azk_library/sieber-christian__19.pdf;11;work;Fründ (Hans Fründ);\bfr[üu]nd\b;Landschreiber Fründ in seiner Chronik entrüstet festhält.61 Die von Fründ archivierte Geleitzusage des Königs für die letzte Verhandlungsrun
/Users/programming/PycharmProjects/Find_Bibliography_NEw/data/azk_library/sieber-christian__19.pdf;11;work;Fründ (Hans Fründ);\bfr[üu]nd\b;spiele für ein wichtiges Geschehen des Alten Zürichkriegs, über das Fründ für einmal nicht als Augenzeuge berichten kann,64 sondern bei dem
/Users/programming/PycharmProjects/Find_Bibliography_NEw/data/azk_library/sieber-christian__19.pdf;11;work;Fründ (Hans Fründ);\bfr[üu]nd\b;"4 sondern bei dem er auf Informationen Dritter angewiesen ist. Auch Fründ konnte selbstverständlich nicht überall persönlich dabei sein; die"
/Users/programming/PycharmProjects/Find_Bibliography_NEw/data/azk_library/sieber-christian__19.pdf;11;work;Fründ (Hans Fründ);\bfr[üu]nd\b;an der Birs 1444 und von Ragaz 1446 sind weitere Beispiele hierfür. Fründ ist aber einmal mehr ehrlich und exakt genug, seine Distanz zum Ge
/Users/programming/PycharmProjects/Find_Bibliography_NEw/data/azk_library/sieber-christian__19.pdf;11;work;Fründ (Hans Fründ);\bfr[üu]nd\b;"sen stattdessen anlässlich einer Tagsatzung nur zu verlesen.66 Auch Fründ blieb so der Zugang zum genauen Wortlaut verwehrt; erst fünf Jahre"
/Users/programming/PycharmProjects/Find_Bibliography_NEw/data/azk_library/sieber-christian__19.pdf;11;work;Fründ (Hans Fründ);\bfr[üu]nd\b;s offiziellen MahnschreibensderSchwyzer, verfasst von Landschreiber Fründ, und als Reaktion darauf einer ablehnenden Antwort der Zürcher, ve
/Users/programming/PycharmProjects/Find_Bibliography_NEw/data/azk_library/sieber-christian__19.pdf;11;work;Fründ (Hans Fründ);\bfr[üu]nd\b;am 20. Mai 1443 um 3 Uhr nachmittags mit je einer von Landschreiber Fründ verfassten Kriegserklärung an Zürich und an die Herrschaft Österre
/Users/programming/PycharmProjects/Find_Bibliography_NEw/data/azk_library/sieber-christian__19.pdf;11;work;Fründ (Hans Fründ);\bfr[üu]nd\b;Kriegserklärung an Zürich und an die Herrschaft Österreich – wobei Fründ als ehrlicher Insider festhält, dass dies «ane [d.h. ohne]rat der
/Users/programming/PycharmProjects/Find_Bibliography_NEw/data/azk_library/sieber-christian__19.pdf;11;work;Fründ (Hans Fründ);\bfr[üu]nd\b;t der beiden Schwyzer Kriegserklärungen verdanken wir erneut allein Fründ, der 61 Fründ, Chronik, S. 94, 109f. Zitat: Cod. Sang. 644, S. 121
/Users/programming/PycharmProjects/Find_Bibliography_NEw/data/azk_library/sieber-christian__19.pdf;11;work;Fründ (Hans Fründ);\bfr[üu]nd\b;chwyzer Kriegserklärungen verdanken wir erneut allein Fründ, der 61 Fründ, Chronik, S. 94, 109f. Zitat: Cod. Sang. 644, S. 121), 121f. Nach
/Users/programming/PycharmProjects/Find_Bibliography_NEw/data/azk_library/sieber-christian__19.pdf;11;work;Fründ (Hans Fründ);\bfr[üu]nd\b;. 5, Anm. 3. 63 STASZ, Urk. Nr. 857a. 64 Vgl. Cod. Sang. 644, S. 96 Fründ, Chronik, S. 90, über den Inhalt der Verhandlungen der Zürcher: «d
/Users/programming/PycharmProjects/Find_Bibliography_NEw/data/azk_library/sieber-christian__19.pdf;11;work;Fründ (Hans Fründ);\bfr[üu]nd\b;erhandlungen der Zürcher: «das habich weder gesehen noch gehört» 65 Fründ, Chronik, S. 1f. Zitat: Cod. Sang. 644, S. 3) und 224 Zitat: Cod.
/Users/programming/PycharmProjects/Find_Bibliography_NEw/data/azk_library/sieber-christian__19.pdf;11;work;Fründ (Hans Fründ);\bfr[üu]nd\b;"gl. Stettler, Fründs Darstellung, S. 124*f.; Cod. Sang. 644, S. 104 Fründ, Chronik, S. 97. 68 STASZ, Urk. Nr. 460 Abbildung: Sieber, Einsied"
/Users/programming/PycharmProjects/Find_Bibliography_NEw/data/azk_library/sieber-christian__19.pdf;11;work;Klingenberger/Rapperswiler Chronik (Eberhard Wüest);klingenberger[\s \-]+chronik;S. 94, 109f. Zitat: Cod. Sang. 644, S. 121), 121f. Nach der Klingenberger Chronik, S. 291–293, war in Konstanz der Berner Ulrich von Erlach
/Users/programming/PycharmProjects/Find_Bibliography_NEw/data/azk_library/sieber-christian__19.pdf;11;work;Klingenberger/Rapperswiler Chronik (Eberhard Wüest);klingenberger[\s \-]+chronik;"n an der Birß, der sy half begraben und bestattnen» 66 Vgl. Klingenberger Chronik, S. 287. 67 Vgl. Stettler, Fründs Darstellung, S. 124*f.;"
/Users/programming/PycharmProjects/Find_Bibliography_NEw/data/azk_library/sieber-christian__19.pdf;11;generic;Chronik/Chroniken;\bchronik(?:en)?\b;erfahren) sogar ein drittes Mal, wie Landschreiber Fründ in seiner Chronik entrüstet festhält.61 Die von Fründ archivierte Geleitzusage des
/Users/programming/PycharmProjects/Find_Bibliography_NEw/data/azk_library/sieber-christian__19.pdf;11;generic;Chronik/Chroniken;\bchronik(?:en)?\b;"n endlich eine Abschrift verschaffen, die er nachträglich in seine Chronik übernommen und korrekt als «copia» bezeichnet hat;67 das Original"
/Users/programming/PycharmProjects/Find_Bibliography_NEw/data/azk_library/sieber-christian__19.pdf;11;generic;Chronik/Chroniken;\bchronik(?:en)?\b;Kriegserklärungen verdanken wir erneut allein Fründ, der 61 Fründ, Chronik, S. 94, 109f. Zitat: Cod. Sang. 644, S. 121), 121f. Nach der Klin
/Users/programming/PycharmProjects/Find_Bibliography_NEw/data/azk_library/sieber-christian__19.pdf;11;generic;Chronik/Chroniken;\bchronik(?:en)?\b;109f. Zitat: Cod. Sang. 644, S. 121), 121f. Nach der Klingenberger Chronik, S. 291–293, war in Konstanz der Berner Ulrich von Erlach Spreche
/Users/programming/PycharmProjects/Find_Bibliography_NEw/data/azk_library/sieber-christian__19.pdf;11;generic;Chronik/Chroniken;\bchronik(?:en)?\b;. 3. 63 STASZ, Urk. Nr. 857a. 64 Vgl. Cod. Sang. 644, S. 96 Fründ, Chronik, S. 90, über den Inhalt der Verhandlungen der Zürcher: «das habic
/Users/programming/PycharmProjects/Find_Bibliography_NEw/data/azk_library/sieber-christian__19.pdf;11;generic;Chronik/Chroniken;\bchronik(?:en)?\b;ngen der Zürcher: «das habich weder gesehen noch gehört» 65 Fründ, Chronik, S. 1f. Zitat: Cod. Sang. 644, S. 3) und 224 Zitat: Cod. Sang. 64
/Users/programming/PycharmProjects/Find_Bibliography_NEw/data/azk_library/sieber-christian__19.pdf;11;generic;Chronik/Chroniken;\bchronik(?:en)?\b;"r Birß, der sy half begraben und bestattnen» 66 Vgl. Klingenberger Chronik, S. 287. 67 Vgl. Stettler, Fründs Darstellung, S. 124*f.; Cod. Sa"
/Users/programming/PycharmProjects/Find_Bibliography_NEw/data/azk_library/sieber-christian__19.pdf;11;generic;Chronik/Chroniken;\bchronik(?:en)?\b;"tler, Fründs Darstellung, S. 124*f.; Cod. Sang. 644, S. 104 Fründ, Chronik, S. 97. 68 STASZ, Urk. Nr. 460 Abbildung: Sieber, Einsiedeln, S."
/Users/programming/PycharmProjects/Find_Bibliography_NEw/data/azk_library/sieber-christian__19.pdf;11;generic;Schlacht-/Kriegserzählungen;\bschlacht(?:en)?\b;"tverständlich nicht überall persönlich dabei sein; die folgenden Schlachten am Hirzel 1443, von St. Jakob an der Birs 1444 und von Ragaz 144"
/Users/programming/PycharmProjects/Find_Bibliography_NEw/data/azk_library/sieber-christian__19.pdf;11;generic;Schlacht-/Kriegserzählungen;\bkrieg(?:e|en)?\b;"ang zum genauen Wortlaut verwehrt; erst fünf Jahre später, nach dem Krieg, konnteer sich während den Friedensverhandlungen endlich eine Absc"
/Users/programming/PycharmProjects/Find_Bibliography_NEw/data/azk_library/sieber-christian__19.pdf;11;generic;Schlacht-/Kriegserzählungen;\bkrieg(?:e|en)?\b;g des Konflikts 1443 Es waren auch dieses Mal die Schwyzer, die den Krieg schliesslich formell eröffneten, am 20. Mai 1443 um 3 Uhr nachmitt
/Users/programming/PycharmProjects/Find_Bibliography_NEw/data/azk_library/sieber-christian__19.pdf;11;generic;Schlacht-/Kriegserzählungen;\bkrieg(?:e|en)?\b;dren ira eidgnossen» geschah und der Beschluss, auch Österreich den Krieg zu erklären, selbst unter den Schwyzern «nitt gar einhellig» zusta
/Users/programming/PycharmProjects/Find_Bibliography_NEw/data/azk_library/sieber-christian__19.pdf;12;work;Fründ (Hans Fründ);\bfr[üu]nd\b;ger ist bis heute zwar kein Original dieses Schreibens aufgetaucht, Fründ überliefert es aber, adressiert an die Reichsstadt Ulm, in seiner
/Users/programming/PycharmProjects/Find_Bibliography_NEw/data/azk_library/sieber-christian__19.pdf;12;work;Fründ (Hans Fründ);\bfr[üu]nd\b;chte des Konflikts, sondern gehen weit in die Vergangenheit zurück. Fründ erklärt, wie die Schwyzer seit jeher reichstreu gewesen seien und
/Users/programming/PycharmProjects/Find_Bibliography_NEw/data/azk_library/sieber-christian__19.pdf;12;work;Fründ (Hans Fründ);\bfr[üu]nd\b;ang solcher Argumentation aber steht kein anderer als Landschreiber Fründ mit seiner Rechtfertigung des Schwyzer Standpunkts im Alten Zürich
/Users/programming/PycharmProjects/Find_Bibliography_NEw/data/azk_library/sieber-christian__19.pdf;12;work;Fründ (Hans Fründ);\bfr[üu]nd\b;einer Rechtfertigung des Schwyzer Standpunkts im Alten Zürichkrieg. Fründ hat aus früheren Auseinandersetzungen mit der Herrschaft Österreic
/Users/programming/PycharmProjects/Find_Bibliography_NEw/data/azk_library/sieber-christian__19.pdf;12;work;Fründ (Hans Fründ);\bfr[üu]nd\b;73 Von einem Skandal «ungehört sach» sprachen damals die Zürcher.74 Fründ zieht auch an anderen Stellen seiner Chronik die Geschichte als Ar
/Users/programming/PycharmProjects/Find_Bibliography_NEw/data/azk_library/sieber-christian__19.pdf;12;work;Fründ (Hans Fründ);\bfr[üu]nd\b;st. Nur den Bundesbrief von 1291 sucht man in der Argumentation von Fründ vergeblich, obwohl die Urkunde ausgerechnet in jenem Archiv lag, d
/Users/programming/PycharmProjects/Find_Bibliography_NEw/data/azk_library/sieber-christian__19.pdf;12;work;Fründ (Hans Fründ);\bfr[üu]nd\b;r konkreten Jahresangabe sind die Anfänge der Eidgenossenschaft bei Fründ aber ebenso wenig versehen wie knapp dreissig Jahre später in der
/Users/programming/PycharmProjects/Find_Bibliography_NEw/data/azk_library/sieber-christian__19.pdf;12;work;Fründ (Hans Fründ);\bfr[üu]nd\b;alregest von einer Hand des 15. Jahrhunderts, die durchaus jene von Fründ sein könnte und auch bei anderen Urkunden anzutreffen ist. Wie wei
/Users/programming/PycharmProjects/Find_Bibliography_NEw/data/azk_library/sieber-christian__19.pdf;12;work;Fründ (Hans Fründ);\bfr[üu]nd\b;"z sind77 –, müsste 69 STASZ, Urk. Nr. 463 mit Überschrift «copia» ; Fründ, Chronik, S. 126,130 Zitate: Cod. Sang.644, S. 139,143)sowieTschud"
/Users/programming/PycharmProjects/Find_Bibliography_NEw/data/azk_library/sieber-christian__19.pdf;12;work;Fründ (Hans Fründ);\bfr[üu]nd\b;"1, S. 112f., und URStAZ 6, Nr. 8910–8911. 70 URStAZ 6, Nr. 8913. 71 Fründ, Chronik, S. 120–125, sowie Tschudi, Chronicon 11, S. 105–109; vgl"
/Users/programming/PycharmProjects/Find_Bibliography_NEw/data/azk_library/sieber-christian__19.pdf;12;work;Fründ (Hans Fründ);\bfr[üu]nd\b;Juni 1437). 74 URStAZ 6, Nr. 8352 sowie Nr. 8063, 8071, 8085, 8191. Fründ schweigt in seiner Chronik hierzu, obwohl er damals bereits Landsc
/Users/programming/PycharmProjects/Find_Bibliography_NEw/data/azk_library/sieber-christian__19.pdf;12;work;Fründ (Hans Fründ);\bfr[üu]nd\b;"iner Chronik hierzu, obwohl er damals bereits Landschreiber war. 75 Fründ, Chronik, S. 108. 76 STASZ, Urk. Nr. 27; QW 1/1, Nr. 1681 Foto des"
/Users/programming/PycharmProjects/Find_Bibliography_NEw/data/azk_library/sieber-christian__19.pdf;12;work;Tschudi (Aegidius/Gilg Tschudi, Chronicon Helveticum);\btschudi\b;"–8911. 70 URStAZ 6, Nr. 8913. 71 Fründ, Chronik, S. 120–125, sowie Tschudi, Chronicon 11, S. 105–109; vgl. auch Dettling/Horat/Kessler/Lando"
/Users/programming/PycharmProjects/Find_Bibliography_NEw/data/azk_library/sieber-christian__19.pdf;12;generic;Chronik/Chroniken;\bchronik(?:en)?\b;21 seine Entwürfe archiviert und die bereinigten Texte in seine Chronik aufgenommen hat.69 Die Originale wurden nach Kriegsende im Rahmen de
/Users/programming/PycharmProjects/Find_Bibliography_NEw/data/azk_library/sieber-christian__19.pdf;12;generic;Chronik/Chroniken;\bchronik(?:en)?\b;überliefert es aber, adressiert an die Reichsstadt Ulm, in seiner Chronik.71 Er hat es zweifellos auch konzipiert, verfasst und in zahlreic
/Users/programming/PycharmProjects/Find_Bibliography_NEw/data/azk_library/sieber-christian__19.pdf;12;generic;Chronik/Chroniken;\bchronik(?:en)?\b;n damals die Zürcher.74 Fründ zieht auch an anderen Stellen seiner Chronik die Geschichte als Argument heran, beispielsweise, wenn er im Ans
/Users/programming/PycharmProjects/Find_Bibliography_NEw/data/azk_library/sieber-christian__19.pdf;12;generic;Chronik/Chroniken;\bchronik(?:en)?\b;"–, müsste 69 STASZ, Urk. Nr. 463 mit Überschrift «copia» ; Fründ, Chronik, S. 126,130 Zitate: Cod. Sang.644, S. 139,143)sowieTschudi, Chron"
/Users/programming/PycharmProjects/Find_Bibliography_NEw/data/azk_library/sieber-christian__19.pdf;12;generic;Chronik/Chroniken;\bchronik(?:en)?\b;"2f., und URStAZ 6, Nr. 8910–8911. 70 URStAZ 6, Nr. 8913. 71 Fründ, Chronik, S. 120–125, sowie Tschudi, Chronicon 11, S. 105–109; vgl. auch D"
/Users/programming/PycharmProjects/Find_Bibliography_NEw/data/azk_library/sieber-christian__19.pdf;12;generic;Chronik/Chroniken;\bchronik(?:en)?\b;r. 8352 sowie Nr. 8063, 8071, 8085, 8191. Fründ schweigt in seiner Chronik hierzu, obwohl er damals bereits Landschreiber war. 75 Fründ, Chr
/Users/programming/PycharmProjects/Find_Bibliography_NEw/data/azk_library/sieber-christian__19.pdf;12;generic;Chronik/Chroniken;\bchronik(?:en)?\b;"onik hierzu, obwohl er damals bereits Landschreiber war. 75 Fründ, Chronik, S. 108. 76 STASZ, Urk. Nr. 27; QW 1/1, Nr. 1681 Foto des Dorsual"
/Users/programming/PycharmProjects/Find_Bibliography_NEw/data/azk_library/sieber-christian__19.pdf;12;generic;Chronicon/Chronica;\bchronic(?:on|a|orum)\b;ronik, S. 126,130 Zitate: Cod. Sang.644, S. 139,143)sowieTschudi, Chronicon 11, S. 112f., und URStAZ 6, Nr. 8910–8911. 70 URStAZ 6, Nr. 8913
/Users/programming/PycharmProjects/Find_Bibliography_NEw/data/azk_library/sieber-christian__19.pdf;12;generic;Chronicon/Chronica;\bchronic(?:on|a|orum)\b;"URStAZ 6, Nr. 8913. 71 Fründ, Chronik, S. 120–125, sowie Tschudi, Chronicon 11, S. 105–109; vgl. auch Dettling/Horat/Kessler/Landolt/Michel,"
/Users/programming/PycharmProjects/Find_Bibliography_NEw/data/azk_library/sieber-christian__19.pdf;12;generic;Eydgenossenschaft/Helvetia (frühneuzeitl. Schreibungen);eidt?genossenschaft;hatte. Mit einer konkreten Jahresangabe sind die Anfänge der Eidgenossenschaft bei Fründ aber ebenso wenig versehen wie knapp dreissig Jahr
/Users/programming/PycharmProjects/Find_Bibliography_NEw/data/azk_library/sieber-christian__19.pdf;12;generic;Schlacht-/Kriegserzählungen;\bschlacht(?:en)?\b;richt über das Bündnis zwischen Zürich und Friedrich III. an die Schlachten von Morgarten, Laupen, Sempach und Näfels erinnert75 und so eine
/Users/programming/PycharmProjects/Find_Bibliography_NEw/data/azk_library/sieber-christian__19.pdf;12;generic;Schlacht-/Kriegserzählungen;\bkrieg(?:e|en)?\b;Bündnis abgeschlossen, obwohl man seit über 200 Jahren immer wieder Krieg gegen die Habsburger geführt habe, gemeinsam mit den Zürchern, mit
/Users/programming/PycharmProjects/Find_Bibliography_NEw/data/azk_library/sieber-christian__19.pdf;13;work;Fründ (Hans Fründ);\bfr[üu]nd\b;2 Franz Anton Frischherz 1724 angelegt hat.78 Nach Kriegsbeginn hat Fründ weitere Rechtfertigungsschreiben verfasst – oder war als «schriber
/Users/programming/PycharmProjects/Find_Bibliography_NEw/data/azk_library/sieber-christian__19.pdf;13;work;Fründ (Hans Fründ);\bfr[üu]nd\b;res Gebiets eine in diesem Ausmass bisher nicht gekannte Beachtung. Fründ hat dabeidas Bild wesentlich mitgeprägt, das man sich namentlich i
/Users/programming/PycharmProjects/Find_Bibliography_NEw/data/azk_library/sieber-christian__19.pdf;13;work;Fründ (Hans Fründ);\bfr[üu]nd\b;erkennung der führenden Rolle von Schwyz im ganzen Konflikt, an der Fründ als «Chefideologe» einen nicht geringen Anteil hatte. Fründ war es
/Users/programming/PycharmProjects/Find_Bibliography_NEw/data/azk_library/sieber-christian__19.pdf;13;work;Fründ (Hans Fründ);\bfr[üu]nd\b;an der Fründ als «Chefideologe» einen nicht geringen Anteil hatte. Fründ war es, der den Schwyzer Rechtsstandpunkt ausformuliert und in ein
/Users/programming/PycharmProjects/Find_Bibliography_NEw/data/azk_library/sieber-christian__19.pdf;13;work;Fründ (Hans Fründ);\bfr[üu]nd\b;n in eine ähnliche Richtung gearbeitet haben. Derart gut fassen wie Fründ lässt sich aber keiner von ihnen während des Alten Zürichkriegs.84
/Users/programming/PycharmProjects/Find_Bibliography_NEw/data/azk_library/sieber-christian__19.pdf;13;work;Fründ (Hans Fründ);\bfr[üu]nd\b;seite fehlte eindeutig ein ebenso versierter und begabter Mann, wie Fründ es war. Ausserdem hatten sie den Nachteil, dass sie militärisch er
/Users/programming/PycharmProjects/Find_Bibliography_NEw/data/azk_library/sieber-christian__19.pdf;13;work;Fründ (Hans Fründ);\bfr[üu]nd\b;, S. 87, mit weiterführender Lite¬ ratur. 79 Cod. Sang. 644, S. 248 Fründ, Chronik, S. 224. 80 Vgl.zu diesen Fragen Sieber, Opfer, S. 73–76,
/Users/programming/PycharmProjects/Find_Bibliography_NEw/data/azk_library/sieber-christian__19.pdf;13;work;Fründ (Hans Fründ);\bfr[üu]nd\b;ruppen anlässlich der Belagerung von Grüningen stattgefunden haben. Fründ berichtet nur über einen anderen Vermittlungsversuch des Konzils v
/Users/programming/PycharmProjects/Find_Bibliography_NEw/data/azk_library/sieber-christian__19.pdf;13;work;Fründ (Hans Fründ);\bfr[üu]nd\b;ersuch des Konzils von Basel im Juli 1443 im Feldlager bei Hedingen Fründ, Chronik, S. 152f.). 83 Vgl. Bernhard Stettler, in: Tschudi, Chron
/Users/programming/PycharmProjects/Find_Bibliography_NEw/data/azk_library/sieber-christian__19.pdf;13;work;Etterlin (Petermann Etterlin, Kronika);\betterlin\b;ünds Amtskollegen, die Stadt- und Landschreiber von Luzern Egloff Etterlin sowie Johannes Etterlin), Uri Hans Kempf und dann HansPüntener),
/Users/programming/PycharmProjects/Find_Bibliography_NEw/data/azk_library/sieber-christian__19.pdf;13;work;Etterlin (Petermann Etterlin, Kronika);\betterlin\b;tadt- und Landschreiber von Luzern Egloff Etterlin sowie Johannes Etterlin), Uri Hans Kempf und dann HansPüntener), Obwalden Hans Schriber),
/Users/programming/PycharmProjects/Find_Bibliography_NEw/data/azk_library/sieber-christian__19.pdf;13;work;Etterlin (Petermann Etterlin, Kronika);\betterlin\b;"1, S. 437f.; Sieber, Reichsstadt Zürich, S. 491. 84 Zu den beiden Etterlin in Luzern vgl. Wanner, Schreiber, S.13; SSRQ Luzern1/2, S.XXXIV;"
/Users/programming/PycharmProjects/Find_Bibliography_NEw/data/azk_library/sieber-christian__19.pdf;13;work;Tschudi (Aegidius/Gilg Tschudi, Chronicon Helveticum);\btschudi\b;"Hedingen Fründ, Chronik, S. 152f.). 83 Vgl. Bernhard Stettler, in: Tschudi, Chronicon 11, S. 437f.; Sieber, Reichsstadt Zürich, S. 491. 84 Z"
/Users/programming/PycharmProjects/Find_Bibliography_NEw/data/azk_library/sieber-christian__19.pdf;13;series;SSRQ (Sammlung Schweizerischer Rechtsquellen);\bssrq\b;". 84 Zu den beiden Etterlin in Luzern vgl. Wanner, Schreiber, S.13; SSRQ Luzern1/2, S.XXXIV; zuWannerin Glarus vgl. Stettler, Tschudis Bild,"
/Users/programming/PycharmProjects/Find_Bibliography_NEw/data/azk_library/sieber-christian__19.pdf;13;generic;Chronik/Chroniken;\bchronik(?:en)?\b;mit weiterführender Lite¬ ratur. 79 Cod. Sang. 644, S. 248 Fründ, Chronik, S. 224. 80 Vgl.zu diesen Fragen Sieber, Opfer, S. 73–76,undLando
/Users/programming/PycharmProjects/Find_Bibliography_NEw/data/azk_library/sieber-christian__19.pdf;13;generic;Chronik/Chroniken;\bchronik(?:en)?\b;es Konzils von Basel im Juli 1443 im Feldlager bei Hedingen Fründ, Chronik, S. 152f.). 83 Vgl. Bernhard Stettler, in: Tschudi, Chronicon 11,
/Users/programming/PycharmProjects/Find_Bibliography_NEw/data/azk_library/sieber-christian__19.pdf;13;generic;Chronicon/Chronica;\bchronic(?:on|a|orum)\b;"ründ, Chronik, S. 152f.). 83 Vgl. Bernhard Stettler, in: Tschudi, Chronicon 11, S. 437f.; Sieber, Reichsstadt Zürich, S. 491. 84 Zu den beid"
/Users/programming/PycharmProjects/Find_Bibliography_NEw/data/azk_library/sieber-christian__19.pdf;13;generic;Historia/Historiae;\bhistori[ae]\b;, S. 73–76,undLandolt, Kriegsver¬ brechen, S. 99–111. 81 Segovia, Historia 3, S. 1306. 82 Die Begegnung muss aufgrund der Datierung und der
/Users/programming/PycharmProjects/Find_Bibliography_NEw/data/azk_library/sieber-christian__19.pdf;13;generic;Eydgenossenschaft/Helvetia (frühneuzeitl. Schreibungen);eidt?genossenschaft;ologisierung des Konflikts erreichte nun einen Höhepunkt. Die Eidgenossenschaft fand dadurch ausserhalb ihres Gebiets eine in diesem Ausmass
/Users/programming/PycharmProjects/Find_Bibliography_NEw/data/azk_library/sieber-christian__19.pdf;13;generic;Eydgenossenschaft/Helvetia (frühneuzeitl. Schreibungen);eidt?genossenschaft;leichsweise kleine Länderort Schwyz für den Gesamtverband der Eidgenossenschaft namengebend werden konnte.83 In dieser berechtigten Frage, d
/Users/programming/PycharmProjects/Find_Bibliography_NEw/data/azk_library/sieber-christian__19.pdf;13;generic;Schlacht-/Kriegserzählungen;\bkrieg(?:e|en)?\b;rf, die «Schwyzer» seien «vertilger des adels» Im Rückblick auf den Krieg haben Hemmerli und Piccolomini dann auch als Erste nach einer Erkl
/Users/programming/PycharmProjects/Find_Bibliography_NEw/data/azk_library/sieber-christian__19.pdf;14;work;Fründ (Hans Fründ);\bfr[üu]nd\b;byberg sowie den anderen Eidgenossen auf ihrer Seite. Landschreiber Fründ ist einmal mehr hautnah dabei und überliefert von allen Augenzeuge
/Users/programming/PycharmProjects/Find_Bibliography_NEw/data/azk_library/sieber-christian__19.pdf;14;work;Fründ (Hans Fründ);\bfr[üu]nd\b;wie er im 19. Jahrhundert bildlich dargestellt worden ist,87 weiss Fründ allerdings nichts zu berichten. Dafür listet er einige prominente
/Users/programming/PycharmProjects/Find_Bibliography_NEw/data/azk_library/sieber-christian__19.pdf;14;work;Fründ (Hans Fründ);\bfr[üu]nd\b;inente Gefallene auf Zürcher 85 Vgl. Sieber, Stüssi und Stebler. 86 Fründ, Chronik, S. 153–159 Zitat: Fründ, Chronik, S. 158 Cod. Sang. 644,
/Users/programming/PycharmProjects/Find_Bibliography_NEw/data/azk_library/sieber-christian__19.pdf;14;work;Fründ (Hans Fründ);\bfr[üu]nd\b;"l. Sieber, Stüssi und Stebler. 86 Fründ, Chronik, S. 153–159 Zitat: Fründ, Chronik, S. 158 Cod. Sang. 644, S. 178); Informanten aus Zürich a"
/Users/programming/PycharmProjects/Find_Bibliography_NEw/data/azk_library/sieber-christian__19.pdf;14;work;Fründ (Hans Fründ);\bfr[üu]nd\b;"58 Cod. Sang. 644, S. 178); Informanten aus Zürich auch erwähnt bei Fründ, Chronik, S. 133, 140 und 156. 87 STASZ, Graphische Sammlung, Nr."
/Users/programming/PycharmProjects/Find_Bibliography_NEw/data/azk_library/sieber-christian__19.pdf;14;generic;Chronik/Chroniken;\bchronik(?:en)?\b;efallene auf Zürcher 85 Vgl. Sieber, Stüssi und Stebler. 86 Fründ, Chronik, S. 153–159 Zitat: Fründ, Chronik, S. 158 Cod. Sang. 644, S. 178)
/Users/programming/PycharmProjects/Find_Bibliography_NEw/data/azk_library/sieber-christian__19.pdf;14;generic;Chronik/Chroniken;\bchronik(?:en)?\b;"r, Stüssi und Stebler. 86 Fründ, Chronik, S. 153–159 Zitat: Fründ, Chronik, S. 158 Cod. Sang. 644, S. 178); Informanten aus Zürich auch erwä"
/Users/programming/PycharmProjects/Find_Bibliography_NEw/data/azk_library/sieber-christian__19.pdf;14;generic;Chronik/Chroniken;\bchronik(?:en)?\b;"Sang. 644, S. 178); Informanten aus Zürich auch erwähnt bei Fründ, Chronik, S. 133, 140 und 156. 87 STASZ, Graphische Sammlung, Nr. 1571, so"
/Users/programming/PycharmProjects/Find_Bibliography_NEw/data/azk_library/sieber-christian__19.pdf;14;generic;Schlacht-/Kriegserzählungen;\bschlacht(?:en)?\b;mpfhandlungen, vier Tage später auf dem Hirzel zur ersten grossen Schlacht und Niederlage der Zürcher, und schliesslich Ende Juli, acht Woch
/Users/programming/PycharmProjects/Find_Bibliography_NEw/data/azk_library/sieber-christian__19.pdf;14;generic;Schlacht-/Kriegserzählungen;\bschlacht(?:en)?\b;d schliesslich Ende Juli, acht Wochen später, zur zweiten grossen Schlacht bei St. Jakob an der Sihl. Auch hier, unmittelbar vor den Mauern
/Users/programming/PycharmProjects/Find_Bibliography_NEw/data/azk_library/sieber-christian__19.pdf;15;work;Fründ (Hans Fründ);\bfr[üu]nd\b;einst die Römer ihre Götter.96 Daneben überliefert Hemmerli auch zu Fründ eine symbolträchtige Anekdote, nach der einst bei Friedensverhandl
/Users/programming/PycharmProjects/Find_Bibliography_NEw/data/azk_library/sieber-christian__19.pdf;15;work;Fründ (Hans Fründ);\bfr[üu]nd\b;m Trotz – in der Realität haben Landammann Reding und Landschreiber Fründ im Unterschied zu ihren Gegenspielern in Zürich den Krieg überlebt
/Users/programming/PycharmProjects/Find_Bibliography_NEw/data/azk_library/sieber-christian__19.pdf;15;work;Fründ (Hans Fründ);\bfr[üu]nd\b;e 1440 die Schwyzer und ihre eidgenössischen Verbündeten siegreich. Fründ hatte sein Tagebuch den ganzen Krieg hindurch fortgeführt, jetzt k
/Users/programming/PycharmProjects/Find_Bibliography_NEw/data/azk_library/sieber-christian__19.pdf;15;work;Fründ (Hans Fründ);\bfr[üu]nd\b;tiv abschliessen, als am Dreifaltigkeits- 88 Cod. Sang. 644, S. 177 Fründ, Chronik, S. 158. 89 URStAZ 6, Nr. 8076. 90 Beide Vorfälle zit. na
/Users/programming/PycharmProjects/Find_Bibliography_NEw/data/azk_library/sieber-christian__19.pdf;15;work;Fründ (Hans Fründ);\bfr[üu]nd\b;In deutscher Übersetzung zitiert bei Reber, Hemmerlin, S. 263f. 98 Fründ, Chronik, S. 280–292.
/Users/programming/PycharmProjects/Find_Bibliography_NEw/data/azk_library/sieber-christian__19.pdf;15;work;Hemmerlin (Felix Hemmerlin/Malleolus);\bhemmerlin\b;"uteronomium 28, 64. 96 In deutscher Übersetzung zitiert bei Reber,Hemmerlin, S. 259; an an¬ derer Stelle bezeichnet Hemmerli Reding als «Hal"
/Users/programming/PycharmProjects/Find_Bibliography_NEw/data/azk_library/sieber-christian__19.pdf;15;work;Hemmerlin (Felix Hemmerlin/Malleolus);\bhemmerlin\b;and Schwyz, S. 60. 97 In deutscher Übersetzung zitiert bei Reber, Hemmerlin, S. 263f. 98 Fründ, Chronik, S. 280–292.
/Users/programming/PycharmProjects/Find_Bibliography_NEw/data/azk_library/sieber-christian__19.pdf;15;work;Tschudi (Aegidius/Gilg Tschudi, Chronicon Helveticum);\btschudi\b;t. nach Sieber, Stüssi und Stebler. 91 Vgl. Bernhard Stettler, in: Tschudi, Chronicon 11, S. 177, Anm. 79 mit zahlreichen Belegen. 92 Sieber
/Users/programming/PycharmProjects/Find_Bibliography_NEw/data/azk_library/sieber-christian__19.pdf;15;work;Tschudi (Aegidius/Gilg Tschudi, Chronicon Helveticum);\btschudi\b;"lreichen Belegen. 92 Sieber-Lehmann/Wilhelmi, In Helvetios, S. 35; Tschudi, Chronicon 11, S. 175. 93 Sieber-Lehmann/Wilhelmi, In Helvetios,"
/Users/programming/PycharmProjects/Find_Bibliography_NEw/data/azk_library/sieber-christian__19.pdf;15;work;Tschudi (Aegidius/Gilg Tschudi, Chronicon Helveticum);\btschudi\b;"nicon 11, S. 175. 93 Sieber-Lehmann/Wilhelmi, In Helvetios, S. 48; Tschudi, Chronicon 11, S. 309. 94 URStAZ 6, Nr. 9016. 95 Vgl. Deuteronomi"
/Users/programming/PycharmProjects/Find_Bibliography_NEw/data/azk_library/sieber-christian__19.pdf;15;generic;Chronik/Chroniken;\bchronik(?:en)?\b;hliessen, als am Dreifaltigkeits- 88 Cod. Sang. 644, S. 177 Fründ, Chronik, S. 158. 89 URStAZ 6, Nr. 8076. 90 Beide Vorfälle zit. nach Siebe
/Users/programming/PycharmProjects/Find_Bibliography_NEw/data/azk_library/sieber-christian__19.pdf;15;generic;Chronik/Chroniken;\bchronik(?:en)?\b;scher Übersetzung zitiert bei Reber, Hemmerlin, S. 263f. 98 Fründ, Chronik, S. 280–292.
/Users/programming/PycharmProjects/Find_Bibliography_NEw/data/azk_library/sieber-christian__19.pdf;15;generic;Chronicon/Chronica;\bchronic(?:on|a|orum)\b;eber, Stüssi und Stebler. 91 Vgl. Bernhard Stettler, in: Tschudi, Chronicon 11, S. 177, Anm. 79 mit zahlreichen Belegen. 92 Sieber-Lehmann/W
/Users/programming/PycharmProjects/Find_Bibliography_NEw/data/azk_library/sieber-christian__19.pdf;15;generic;Chronicon/Chronica;\bchronic(?:on|a|orum)\b;"elegen. 92 Sieber-Lehmann/Wilhelmi, In Helvetios, S. 35; Tschudi, Chronicon 11, S. 175. 93 Sieber-Lehmann/Wilhelmi, In Helvetios, S. 48; Tsc"
/Users/programming/PycharmProjects/Find_Bibliography_NEw/data/azk_library/sieber-christian__19.pdf;15;generic;Chronicon/Chronica;\bchronic(?:on|a|orum)\b;"S. 175. 93 Sieber-Lehmann/Wilhelmi, In Helvetios, S. 48; Tschudi, Chronicon 11, S. 309. 94 URStAZ 6, Nr. 9016. 95 Vgl. Deuteronomium 28, 64."
/Users/programming/PycharmProjects/Find_Bibliography_NEw/data/azk_library/sieber-christian__19.pdf;15;generic;Tagebuch/Tagebücher;\btagebuch\b;und ihre eidgenössischen Verbündeten siegreich. Fründ hatte sein Tagebuch den ganzen Krieg hindurch fortgeführt, jetzt konnte er es, nach A
/Users/programming/PycharmProjects/Find_Bibliography_NEw/data/azk_library/sieber-christian__19.pdf;15;generic;Schlacht-/Kriegserzählungen;\bschlacht(?:en)?\b;päter wünschte sich ein anderer Liederdichter, Reding wäre in der Schlacht bei St. Jakob an der Birs mit im Siechenhaus verbrannt «Die Schwi
/Users/programming/PycharmProjects/Find_Bibliography_NEw/data/azk_library/sieber-christian__19.pdf;15;generic;Schlacht-/Kriegserzählungen;\bkrieg(?:e|en)?\b;t» wobei der Name Stüssi fiel «… und nampte den Stüssin» Und als im Krieg von 1443 der Pfarrer von Thalwil seine Kirche mit Kruzifix und Mut
/Users/programming/PycharmProjects/Find_Bibliography_NEw/data/azk_library/sieber-christian__19.pdf;15;generic;Schlacht-/Kriegserzählungen;\bkrieg(?:e|en)?\b;schreiber Fründ im Unterschied zu ihren Gegenspielern in Zürich den Krieg überlebt, der erst im Juni 1446 durch einen Waffenstillstand beend
/Users/programming/PycharmProjects/Find_Bibliography_NEw/data/azk_library/sieber-christian__19.pdf;15;generic;Schlacht-/Kriegserzählungen;\bkrieg(?:e|en)?\b;sischen Verbündeten siegreich. Fründ hatte sein Tagebuch den ganzen Krieg hindurch fortgeführt, jetzt konnte er es, nach Abfassung einiger N
/Users/programming/PycharmProjects/Find_Bibliography_NEw/data/azk_library/sieber-christian__19.pdf;16;work;Fründ (Hans Fründ);\bfr[üu]nd\b;und loppt man gott, das der frid komen was» 99 Gleichzeitig vergass Fründ bei aller Befriedigung über den Kriegsausgang nicht, auch der «man
/Users/programming/PycharmProjects/Find_Bibliography_NEw/data/azk_library/sieber-christian__19.pdf;16;work;Fründ (Hans Fründ);\bfr[üu]nd\b;t hatte.100Nur zu den Kriegskosten und zur Kriegsfinanzierung macht Fründ keine näheren Angaben.101 Ganz am Schluss seiner Chronik kündigt F
/Users/programming/PycharmProjects/Find_Bibliography_NEw/data/azk_library/sieber-christian__19.pdf;16;work;Fründ (Hans Fründ);\bfr[üu]nd\b;nd keine näheren Angaben.101 Ganz am Schluss seiner Chronik kündigt Fründ noch eine Namensliste der im Krieg gefallenen Schwyzer an.102 Sie
/Users/programming/PycharmProjects/Find_Bibliography_NEw/data/azk_library/sieber-christian__19.pdf;16;work;Fründ (Hans Fründ);\bfr[üu]nd\b;gefallen ist).103 DieseTotenliste hatmit grosserWahrscheinlichkeit Fründ angelegt, der neben seinem Kriegstagebuch wohl fortlaufend die Nam
/Users/programming/PycharmProjects/Find_Bibliography_NEw/data/azk_library/sieber-christian__19.pdf;16;work;Fründ (Hans Fründ);\bfr[üu]nd\b;dem Krieg, anderseits aber auch aus einem statistischen Interesse. Fründ hat nämlich auf dem Schlachtfeld jeweils auch die toten Feinde gez
/Users/programming/PycharmProjects/Find_Bibliography_NEw/data/azk_library/sieber-christian__19.pdf;16;work;Fründ (Hans Fründ);\bfr[üu]nd\b;uch Kriegspropaganda betrieben.107 In einem ersten Schritt aber war Fründ einfach nur um verlässliches Zahlenmaterial bemüht. So störten ihn
/Users/programming/PycharmProjects/Find_Bibliography_NEw/data/azk_library/sieber-christian__19.pdf;16;work;Fründ (Hans Fründ);\bfr[üu]nd\b;t voraus.110 Die Formulierung der beiden Texte lässt erkennen, dass Fründ auch hier die Hand mit im Spiel hatte und seine Chronik quasi in d
/Users/programming/PycharmProjects/Find_Bibliography_NEw/data/azk_library/sieber-christian__19.pdf;16;work;Fründ (Hans Fründ);\bfr[üu]nd\b;auf die eidgenössische Politik 99 Vgl. Cod. Sang. 644, S. 306, 323 Fründ, Chronik, S. 280, 292, so¬ wie aus Zürcher Optik) ganz ähnlich Chr
/Users/programming/PycharmProjects/Find_Bibliography_NEw/data/azk_library/sieber-christian__19.pdf;16;work;Fründ (Hans Fründ);\bfr[üu]nd\b;"nik der Stadt Zürich, S. 222; zur Anrufung der Dreifaltigkeit durch Fründ vgl. auch oben Anm. 52. 100 Cod. Sang. 644, S. 290 Fründ, Chronik,"
/Users/programming/PycharmProjects/Find_Bibliography_NEw/data/azk_library/sieber-christian__19.pdf;16;work;Fründ (Hans Fründ);\bfr[üu]nd\b;keit durch Fründ vgl. auch oben Anm. 52. 100 Cod. Sang. 644, S. 290 Fründ, Chronik, S. 266. 101 Vgl. zu diesem wichtigen Aspekt des Alten Zü
/Users/programming/PycharmProjects/Find_Bibliography_NEw/data/azk_library/sieber-christian__19.pdf;16;work;Fründ (Hans Fründ);\bfr[üu]nd\b;Zürichkriegs jetzt Landolt, Finanzen, S. 76, 78, 79f., 85, 88. 102 Fründ, Chronik, S. 293. 103 Jahrzeitbuch Schwyz, S. 125f. Zu den deutlic
/Users/programming/PycharmProjects/Find_Bibliography_NEw/data/azk_library/sieber-christian__19.pdf;16;work;Fründ (Hans Fründ);\bfr[üu]nd\b;llene) und 219f. Zweiter Kappelerkrieg 1531: 16 Gefallene). 104 Vgl.Fründ,Chronik, S. 132 mit den Namen der Gefallenen bei Freienbach am 22.
/Users/programming/PycharmProjects/Find_Bibliography_NEw/data/azk_library/sieber-christian__19.pdf;16;work;Fründ (Hans Fründ);\bfr[üu]nd\b;"Namen der Gefallenen bei Freienbach am 22. Mai 1443; danach bringt Fründ in seiner Chronik nur noch Zahlen der gefallenen Schwyzer. 105 Frü"
/Users/programming/PycharmProjects/Find_Bibliography_NEw/data/azk_library/sieber-christian__19.pdf;16;work;Fründ (Hans Fründ);\bfr[üu]nd\b;"ründ in seiner Chronik nur noch Zahlen der gefallenen Schwyzer. 105 Fründ, Chronik, S. 32, 132,138, 158,216, 256; URStAZ6,Nr.8922, 8965, 912"
/Users/programming/PycharmProjects/Find_Bibliography_NEw/data/azk_library/sieber-christian__19.pdf;16;work;Fründ (Hans Fründ);\bfr[üu]nd\b;"Z6,Nr.8922, 8965, 9121; Sieber, Opfer, S. 66–68; weitere Zahlen bei Fründ, Chronik, S. 153, 200, 222, 223, 227, 238, 240, 259. 106 Cod. Sang"
/Users/programming/PycharmProjects/Find_Bibliography_NEw/data/azk_library/sieber-christian__19.pdf;16;work;Fründ (Hans Fründ);\bfr[üu]nd\b;153, 200, 222, 223, 227, 238, 240, 259. 106 Cod. Sang. 644, S. 145 Fründ, Chronik, S. 132. 107 Vgl. oben bei Anm. 80 sowie Sieber, Opfer, S
/Users/programming/PycharmProjects/Find_Bibliography_NEw/data/azk_library/sieber-christian__19.pdf;16;work;Fründ (Hans Fründ);\bfr[üu]nd\b;, S. 132. 107 Vgl. oben bei Anm. 80 sowie Sieber, Opfer, S. 67. 108 Fründ, Chronik, S. 32, 262 Cod. Sang. 644, S. 287: «gar ungelich» Zahlen
/Users/programming/PycharmProjects/Find_Bibliography_NEw/data/azk_library/sieber-christian__19.pdf;16;work;Zürcher Stadtchronik (allgemein);chronik[\s \-]+der[\s \-]+stadt[\s \-]+z[üu]rich;"nik, S. 280, 292, so¬ wie aus Zürcher Optik) ganz ähnlich Chronik der Stadt Zürich, S. 222; zur Anrufung der Dreifaltigkeit durch Fründ vgl."
/Users/programming/PycharmProjects/Find_Bibliography_NEw/data/azk_library/sieber-christian__19.pdf;16;work;Chronik der Stadt Zürich (Edlibach u. a.);chronik[\s \-]+der[\s \-]+stadt[\s \-]+z[üu]rich;"nik, S. 280, 292, so¬ wie aus Zürcher Optik) ganz ähnlich Chronik der Stadt Zürich, S. 222; zur Anrufung der Dreifaltigkeit durch Fründ vgl."
/Users/programming/PycharmProjects/Find_Bibliography_NEw/data/azk_library/sieber-christian__19.pdf;16;generic;Chronik/Chroniken;\bchronik(?:en)?\b;erung macht Fründ keine näheren Angaben.101 Ganz am Schluss seiner Chronik kündigt Fründ noch eine Namensliste der im Krieg gefallenen Schwy
/Users/programming/PycharmProjects/Find_Bibliography_NEw/data/azk_library/sieber-christian__19.pdf;16;generic;Chronik/Chroniken;\bchronik(?:en)?\b;kennen, dass Fründ auch hier die Hand mit im Spiel hatte und seine Chronik quasi in die Jahrzeitbücher hinein verlängerte, im fliessenden Üb
/Users/programming/PycharmProjects/Find_Bibliography_NEw/data/azk_library/sieber-christian__19.pdf;16;generic;Chronik/Chroniken;\bchronik(?:en)?\b;eidgenössische Politik 99 Vgl. Cod. Sang. 644, S. 306, 323 Fründ, Chronik, S. 280, 292, so¬ wie aus Zürcher Optik) ganz ähnlich Chronik der
/Users/programming/PycharmProjects/Find_Bibliography_NEw/data/azk_library/sieber-christian__19.pdf;16;generic;Chronik/Chroniken;\bchronik(?:en)?\b;"ünd, Chronik, S. 280, 292, so¬ wie aus Zürcher Optik) ganz ähnlich Chronik der Stadt Zürich, S. 222; zur Anrufung der Dreifaltigkeit durch F"
/Users/programming/PycharmProjects/Find_Bibliography_NEw/data/azk_library/sieber-christian__19.pdf;16;generic;Chronik/Chroniken;\bchronik(?:en)?\b;ch Fründ vgl. auch oben Anm. 52. 100 Cod. Sang. 644, S. 290 Fründ, Chronik, S. 266. 101 Vgl. zu diesem wichtigen Aspekt des Alten Zürichkrie
/Users/programming/PycharmProjects/Find_Bibliography_NEw/data/azk_library/sieber-christian__19.pdf;16;generic;Chronik/Chroniken;\bchronik(?:en)?\b;riegs jetzt Landolt, Finanzen, S. 76, 78, 79f., 85, 88. 102 Fründ, Chronik, S. 293. 103 Jahrzeitbuch Schwyz, S. 125f. Zu den deutlich höhere
/Users/programming/PycharmProjects/Find_Bibliography_NEw/data/azk_library/sieber-christian__19.pdf;16;generic;Chronik/Chroniken;\bchronik(?:en)?\b;und 219f. Zweiter Kappelerkrieg 1531: 16 Gefallene). 104 Vgl.Fründ,Chronik, S. 132 mit den Namen der Gefallenen bei Freienbach am 22. Mai 14
/Users/programming/PycharmProjects/Find_Bibliography_NEw/data/azk_library/sieber-christian__19.pdf;16;generic;Chronik/Chroniken;\bchronik(?:en)?\b;"enen bei Freienbach am 22. Mai 1443; danach bringt Fründ in seiner Chronik nur noch Zahlen der gefallenen Schwyzer. 105 Fründ, Chronik, S. 3"
/Users/programming/PycharmProjects/Find_Bibliography_NEw/data/azk_library/sieber-christian__19.pdf;16;generic;Chronik/Chroniken;\bchronik(?:en)?\b;"seiner Chronik nur noch Zahlen der gefallenen Schwyzer. 105 Fründ, Chronik, S. 32, 132,138, 158,216, 256; URStAZ6,Nr.8922, 8965, 9121; Siebe"
/Users/programming/PycharmProjects/Find_Bibliography_NEw/data/azk_library/sieber-christian__19.pdf;16;generic;Chronik/Chroniken;\bchronik(?:en)?\b;"22, 8965, 9121; Sieber, Opfer, S. 66–68; weitere Zahlen bei Fründ, Chronik, S. 153, 200, 222, 223, 227, 238, 240, 259. 106 Cod. Sang. 644, S"
/Users/programming/PycharmProjects/Find_Bibliography_NEw/data/azk_library/sieber-christian__19.pdf;16;generic;Chronik/Chroniken;\bchronik(?:en)?\b;0, 222, 223, 227, 238, 240, 259. 106 Cod. Sang. 644, S. 145 Fründ, Chronik, S. 132. 107 Vgl. oben bei Anm. 80 sowie Sieber, Opfer, S. 67. 10
/Users/programming/PycharmProjects/Find_Bibliography_NEw/data/azk_library/sieber-christian__19.pdf;16;generic;Chronik/Chroniken;\bchronik(?:en)?\b;. 107 Vgl. oben bei Anm. 80 sowie Sieber, Opfer, S. 67. 108 Fründ, Chronik, S. 32, 262 Cod. Sang. 644, S. 287: «gar ungelich» Zahlen). 109 S
/Users/programming/PycharmProjects/Find_Bibliography_NEw/data/azk_library/sieber-christian__19.pdf;16;generic;Schlacht-/Kriegserzählungen;\bschlacht(?:en)?\b;ag des heiligen Fridolin, an dem 1446 bei Ragaz die letzte grosse Schlacht des Alten Zürichkriegs stattgefunden hatte, 94 Namen von Gefallen
/Users/programming/PycharmProjects/Find_Bibliography_NEw/data/azk_library/sieber-christian__19.pdf;16;generic;Schlacht-/Kriegserzählungen;\bschlacht(?:en)?\b;Namen von Gefallenen aufgelistet, chronologisch geordnet nach der Schlacht, in der sie den Tod gefunden haben wobei fast die Hälfte bei St.
/Users/programming/PycharmProjects/Find_Bibliography_NEw/data/azk_library/sieber-christian__19.pdf;16;generic;Schlacht-/Kriegserzählungen;\bschlacht(?:en)?\b;m Etzel vom Mai 1439, 40 im Gefecht bei Freienbach und 505 in der Schlacht auf demHirzelvom Mai 1443, mindestens 300 in der Schlacht bei St.
/Users/programming/PycharmProjects/Find_Bibliography_NEw/data/azk_library/sieber-christian__19.pdf;16;generic;Schlacht-/Kriegserzählungen;\bschlacht(?:en)?\b;in der Schlacht auf demHirzelvom Mai 1443, mindestens 300 in der Schlacht bei St. Jakob an der Sihl vom Juli 1443, 26 im Gefecht bei Erlenb
/Users/programming/PycharmProjects/Find_Bibliography_NEw/data/azk_library/sieber-christian__19.pdf;16;generic;Schlacht-/Kriegserzählungen;\bschlacht(?:en)?\b;von Schwyz und auch von Steinen) geht übrigens ein Katalog aller Schlachten des Alten Zürichkriegs und der Beschluss über die Stiftung einer
/Users/programming/PycharmProjects/Find_Bibliography_NEw/data/azk_library/sieber-christian__19.pdf;16;generic;Schlacht-/Kriegserzählungen;\bkrieg(?:e|en)?\b;sowie auf die enormen wirtschaftlichen Schäden hinzuweisen, die der Krieg verursacht hatte.100Nur zu den Kriegskosten und zur Kriegsfinanzie
/Users/programming/PycharmProjects/Find_Bibliography_NEw/data/azk_library/sieber-christian__19.pdf;16;generic;Schlacht-/Kriegserzählungen;\bkrieg(?:e|en)?\b;m Schluss seiner Chronik kündigt Fründ noch eine Namensliste der im Krieg gefallenen Schwyzer an.102 Sie fehlt dann zwar in seinen Aufzeichn
/Users/programming/PycharmProjects/Find_Bibliography_NEw/data/azk_library/sieber-christian__19.pdf;16;generic;Schlacht-/Kriegserzählungen;\bkrieg(?:e|en)?\b;, einerseits bereits mit Blick auf das kirchliche Gedenken nach dem Krieg, anderseits aber auch aus einem statistischen Interesse. Fründ hat
/Users/programming/PycharmProjects/Find_Bibliography_NEw/data/azk_library/sieber-christian__19.pdf;16;generic;Schlacht-/Kriegserzählungen;\bkrieg(?:e|en)?\b;übernommen, wie der beibehaltene Gegenwartsbezug zeigt «tödtliche kriege, … darinne unns nun [!] der almechtig gott glück unnd signus zugef
/Users/programming/PycharmProjects/Find_Bibliography_NEw/data/azk_library/sieber-christian__19.pdf;17;work;Fründ (Hans Fründ);hans[\s \-]+fr[üu]nd;beibehalten hatte.113 Hans Fründ demgegenüber begleitete auch noch den langwierigen Schiedsprozess umdie juristische Bewältigung des Alten Z
/Users/programming/PycharmProjects/Find_Bibliography_NEw/data/azk_library/sieber-christian__19.pdf;17;work;Fründ (Hans Fründ);\bfr[üu]nd\b;g114 insbesondere eine umfangreiche Prozessdokumentation 26 ab, die Fründ seiner Chronik anfügte. Lebendige Augenzeugenberichte wie zuvor be
/Users/programming/PycharmProjects/Find_Bibliography_NEw/data/azk_library/sieber-christian__19.pdf;17;work;Fründ (Hans Fründ);\bfr[üu]nd\b;en [ gerichtlich] gewunnen hand.»116 Dennoch ist unverkennbar, dass Fründ nach Kriegsende in Schwyz nicht mehr dieselbe wichtige Rolle spiel
/Users/programming/PycharmProjects/Find_Bibliography_NEw/data/azk_library/sieber-christian__19.pdf;17;work;Fründ (Hans Fründ);\bfr[üu]nd\b;und die Aussöhnung mit Zürich suchen.117 Auch Johannes Abyberg, den Fründ explizit als «min guot fründ» bezeichnet, 118war nichtmehr amLeben
/Users/programming/PycharmProjects/Find_Bibliography_NEw/data/azk_library/sieber-christian__19.pdf;17;work;Fründ (Hans Fründ);\bfr[üu]nd\b;suchen.117 Auch Johannes Abyberg, den Fründ explizit als «min guot fründ» bezeichnet, 118war nichtmehr amLeben. Vielleicht hatte Fründ unte
/Users/programming/PycharmProjects/Find_Bibliography_NEw/data/azk_library/sieber-christian__19.pdf;17;work;Fründ (Hans Fründ);\bfr[üu]nd\b;guot fründ» bezeichnet, 118war nichtmehr amLeben. Vielleicht hatte Fründ unter diesen Umständen mehr Mühe, auf Friede und Ausgleich umzuste
/Users/programming/PycharmProjects/Find_Bibliography_NEw/data/azk_library/sieber-christian__19.pdf;17;work;Fründ (Hans Fründ);\bfr[üu]nd\b;und ebenso in Zürich) weiterhin unversöhnliche Stimmen.119Wenn man Fründ beim Wort nimmt, dann war er selber eine davon, hatte er doch 1443
/Users/programming/PycharmProjects/Find_Bibliography_NEw/data/azk_library/sieber-christian__19.pdf;17;work;Fründ (Hans Fründ);\bfr[üu]nd\b;1450 DiePartei der Unversöhnlichen in Schwyz,und mit ihr vielleicht Fründ, sah es nicht gerne, dass 1450, im Jahr der end¬ gültigen Aussöhnu
/Users/programming/PycharmProjects/Find_Bibliography_NEw/data/azk_library/sieber-christian__19.pdf;17;work;Fründ (Hans Fründ);\bfr[üu]nd\b;"hwyz) in der Zeit der Besetzung ausgestellt hatten; eine davonhatte Fründ sogar geschrieben.121 Gleichzeitig mussten in der Pfarrkirche von"
/Users/programming/PycharmProjects/Find_Bibliography_NEw/data/azk_library/sieber-christian__19.pdf;17;work;Fründ (Hans Fründ);\bfr[üu]nd\b;zungsbeschlusses entfernt und den Zürchern zurückgegeben werden.122 Fründ erwähnt inseiner Chronik allerdings nur je ein «vennli» Feldzeiche
/Users/programming/PycharmProjects/Find_Bibliography_NEw/data/azk_library/sieber-christian__19.pdf;17;work;Fründ (Hans Fründ);\bfr[üu]nd\b;hts in Einsiedeln STASZ, Urk., Nr. 509). 118 Cod. Sang. 644, S. 261 Fründ, Chronik, S. 237. 119 Vgl. Stettler, Liquidation, S. 57*f. 120 Cod
/Users/programming/PycharmProjects/Find_Bibliography_NEw/data/azk_library/sieber-christian__19.pdf;17;work;Fründ (Hans Fründ);\bfr[üu]nd\b;119 Vgl. Stettler, Liquidation, S. 57*f. 120 Cod. Sang. 644, S. 165 Fründ, Chronik, S. 148. 121 StAZH, C I Nr. 2455, 3090 geschrieben von Fr
/Users/programming/PycharmProjects/Find_Bibliography_NEw/data/azk_library/sieber-christian__19.pdf;17;work;Fründ (Hans Fründ);\bfr[üu]nd\b;"ünd, Chronik, S. 148. 121 StAZH, C I Nr. 2455, 3090 geschrieben von Fründ); vgl. auch StAZH, C II 3 Nr. 157, C II 12 Nr. 420–421, sowie B I"
/Users/programming/PycharmProjects/Find_Bibliography_NEw/data/azk_library/sieber-christian__19.pdf;17;work;Fründ (Hans Fründ);\bfr[üu]nd\b;"nicon12, S. 200; Stettler, Liqui¬ dation, S. 63* und Anm. 141*. 123 Fründ, Chronik, S. 132, 239 Cod. Sang. 644, S. 263: «… hanget ze Swytz i"
/Users/programming/PycharmProjects/Find_Bibliography_NEw/data/azk_library/sieber-christian__19.pdf;17;work;Tschudi (Aegidius/Gilg Tschudi, Chronicon Helveticum);\btschudi\b;sischen Orte gegen die Herrschaft Österreich Bernhard Stettler, in:Tschudi, Chronicon12, S. 61, Anm.20) und sein geplanter Einsatz im damit
/Users/programming/PycharmProjects/Find_Bibliography_NEw/data/azk_library/sieber-christian__19.pdf;17;work;Tschudi (Aegidius/Gilg Tschudi, Chronicon Helveticum);\btschudi\b;"I 279,Nr. 159; Sieber, Grüningen, S. 54f. 122 Abschiede 2,Nr.378a;Tschudi, Chronicon12, S. 200; Stettler, Liqui¬ dation, S. 63* und Anm. 14"
/Users/programming/PycharmProjects/Find_Bibliography_NEw/data/azk_library/sieber-christian__19.pdf;17;generic;Chronik/Chroniken;\bchronik(?:en)?\b;ere eine umfangreiche Prozessdokumentation 26 ab, die Fründ seiner Chronik anfügte. Lebendige Augenzeugenberichte wie zuvor beim Kriegsgesch
/Users/programming/PycharmProjects/Find_Bibliography_NEw/data/azk_library/sieber-christian__19.pdf;17;generic;Chronik/Chroniken;\bchronik(?:en)?\b;t und den Zürchern zurückgegeben werden.122 Fründ erwähnt inseiner Chronik allerdings nur je ein «vennli» Feldzeichen eines einzelnen Truppe
/Users/programming/PycharmProjects/Find_Bibliography_NEw/data/azk_library/sieber-christian__19.pdf;17;generic;Chronik/Chroniken;\bchronik(?:en)?\b;insiedeln STASZ, Urk., Nr. 509). 118 Cod. Sang. 644, S. 261 Fründ, Chronik, S. 237. 119 Vgl. Stettler, Liquidation, S. 57*f. 120 Cod. Sang.
/Users/programming/PycharmProjects/Find_Bibliography_NEw/data/azk_library/sieber-christian__19.pdf;17;generic;Chronik/Chroniken;\bchronik(?:en)?\b;"Stettler, Liquidation, S. 57*f. 120 Cod. Sang. 644, S. 165 Fründ, Chronik, S. 148. 121 StAZH, C I Nr. 2455, 3090 geschrieben von Fründ); vg"
/Users/programming/PycharmProjects/Find_Bibliography_NEw/data/azk_library/sieber-christian__19.pdf;17;generic;Chronik/Chroniken;\bchronik(?:en)?\b;"S. 200; Stettler, Liqui¬ dation, S. 63* und Anm. 141*. 123 Fründ, Chronik, S. 132, 239 Cod. Sang. 644, S. 263: «… hanget ze Swytz in der ki"
/Users/programming/PycharmProjects/Find_Bibliography_NEw/data/azk_library/sieber-christian__19.pdf;17;generic;Chronicon/Chronica;\bchronic(?:on|a|orum)\b;arstellung, S. 122*–124*, sowie ders. im Kommentarteil vonTschudi,Chronicon 12,namentlichS.61f.,Anm. 20, S. 74, Anm. 29, S. 147f., Anm. 52,
/Users/programming/PycharmProjects/Find_Bibliography_NEw/data/azk_library/sieber-christian__19.pdf;17;generic;Tagebuch/Tagebücher;\btagebuch\b;n, hatte er doch 1443, auf dem Höhepunkt des Konflikts, in seinem Tagebuch als Beweggrund für seine Aufzeichnungen notiert: «… wier und alle
/Users/programming/PycharmProjects/Find_Bibliography_NEw/data/azk_library/sieber-christian__19.pdf;17;generic;Eydgenossenschaft/Helvetia (frühneuzeitl. Schreibungen);eidt?genossenschaft;g mussten in der Pfarrkirche von Schwyz wie andernorts in der Eidgenossenschaft die Fahnen, die man im Krieg erbeutet und als Trophäen aufge
/Users/programming/PycharmProjects/Find_Bibliography_NEw/data/azk_library/sieber-christian__19.pdf;17;generic;Schlacht-/Kriegserzählungen;\bschlacht(?:en)?\b;mlung im Bundesbriefmuseum handelt es sich um Beutestücke aus der Schlacht von Kappel 113 Vgl. die vom «fürnemen wisen Itel Reding dem elter
/Users/programming/PycharmProjects/Find_Bibliography_NEw/data/azk_library/sieber-christian__19.pdf;17;generic;Schlacht-/Kriegserzählungen;\bkrieg(?:e|en)?\b;ewie zuvor. Ital Reding, der ihn 1437 im Hinblick auf den drohenden Krieg nach Schwyz geholt hatte, war tot, sein Sohn Ital Reding der Jünge
/Users/programming/PycharmProjects/Find_Bibliography_NEw/data/azk_library/sieber-christian__19.pdf;17;generic;Schlacht-/Kriegserzählungen;\bkrieg(?:e|en)?\b;hwyz wie andernorts in der Eidgenossenschaft die Fahnen, die man im Krieg erbeutet und als Trophäen aufgehängt hatte, aufgrund eines allgeme
/Users/programming/PycharmProjects/Find_Bibliography_NEw/data/azk_library/sieber-christian__19.pdf;18;work;Fründ (Hans Fründ);\bfr[üu]nd(?:s)?\s+chronik;ngabe des ehemaligen Schwyzer Schulmeisters Melchior Rupp, der Fründs Chronik 1476 in Rorschach abschrieb, sollen nach Fründs Eigenaussage o
/Users/programming/PycharmProjects/Find_Bibliography_NEw/data/azk_library/sieber-christian__19.pdf;18;work;Fründ (Hans Fründ);\bfr[üu]nd\b;ich dar inn gehalten und beliben lassen hant».126 Von Landschreiber Fründ hören wir in dieser Zeit nur mehr wenig. Den mehrfach unterbrochen
/Users/programming/PycharmProjects/Find_Bibliography_NEw/data/azk_library/sieber-christian__19.pdf;18;work;Fründ (Hans Fründ);\bfr[üu]nd\b;, ein umfangreiches Pergamentheft mit dem Siegel von Bubenberg, hat Fründ aber selbstverständlich korrekt archiviert, nachdem er den Umschla
/Users/programming/PycharmProjects/Find_Bibliography_NEw/data/azk_library/sieber-christian__19.pdf;18;work;Fründ (Hans Fründ);\bfr[üu]nd\b;in, dass er seine Chronik nicht noch bis 1450 fortführte. «Er[d. h. Fründ] schribt och, hett imm gott sins lebens gunnen und imm der handel
/Users/programming/PycharmProjects/Find_Bibliography_NEw/data/azk_library/sieber-christian__19.pdf;18;work;Fründ (Hans Fründ);\bfr[üu]nd\b;den füro zu ende geschriben haben.» 130 Allerdings fällt auf, dass Fründ ausgerechnet in den Wochen der endgültigen Aussöhnung – nämlich am
/Users/programming/PycharmProjects/Find_Bibliography_NEw/data/azk_library/sieber-christian__19.pdf;18;work;Fründ (Hans Fründ);\bfr[üu]nd\b;enen Söhne Melchior und Balthasar.131 Zwei Jahre später bewarb sich Fründ sogar für die durch den Rücktritt von Egloff Etterlin frei geworde
/Users/programming/PycharmProjects/Find_Bibliography_NEw/data/azk_library/sieber-christian__19.pdf;18;work;Fründ (Hans Fründ);\bfr[üu]nd\b;vergangnen löffen als ein getrüwer Eydgenoss gehalten» habe.132 War Fründ in Schwyz in Ungnade gefallen, oder brauchte man ihn, den Auswärti
/Users/programming/PycharmProjects/Find_Bibliography_NEw/data/azk_library/sieber-christian__19.pdf;18;work;Fründ (Hans Fründ);\bfr[üu]nd\b;"nner, Schreiber, S. 18, 21, Abb. 9. Auch Mitte Dezember 1450 weilte Fründ in Luzern, vgl. StALU, RP 5B, f. 128r. 132 StALU, AKT 12/95; Wanne"
/Users/programming/PycharmProjects/Find_Bibliography_NEw/data/azk_library/sieber-christian__19.pdf;18;work;Etterlin (Petermann Etterlin, Kronika);\betterlin\b;er bewarb sich Fründ sogar für die durch den Rücktritt von Egloff Etterlin frei gewordene Stadtschreiberstelle in Luzern, mit Empfehlungssch
/Users/programming/PycharmProjects/Find_Bibliography_NEw/data/azk_library/sieber-christian__19.pdf;18;work;Kopp (Joseph Eutych Kopp, Geschichte der Eidgenossen);\bkopp\b;vor sannt Bartlomeus tag» 1450). 129 STASZ, Urk. Nr. 501 Abbildung: Kopp, Westfälischer Friede, S. 8) mit Fründs Vermerk «Desvon Buobenberg
/Users/programming/PycharmProjects/Find_Bibliography_NEw/data/azk_library/sieber-christian__19.pdf;18;generic;Chronik/Chroniken;\bchronik(?:en)?\b;be des ehemaligen Schwyzer Schulmeisters Melchior Rupp, der Fründs Chronik 1476 in Rorschach abschrieb, sollen nach Fründs Eigenaussage offe
/Users/programming/PycharmProjects/Find_Bibliography_NEw/data/azk_library/sieber-christian__19.pdf;18;generic;Chronik/Chroniken;\bchronik(?:en)?\b;eitliche Probleme dafür verantwortlich gewesen sein, dass er seine Chronik nicht noch bis 1450 fortführte. «Er[d. h. Fründ] schribt och, het
/Users/programming/PycharmProjects/Find_Bibliography_NEw/data/azk_library/sieber-christian__19.pdf;18;generic;Chronik/Chroniken;\bchronik(?:en)?\b;ungen um eine Rückkehr nach Luzern. Immerhin fällt auf, dass seine Chronik entgegen der eigentlichen Intention unmittelbar nach dem Alten Zü
/Users/programming/PycharmProjects/Find_Bibliography_NEw/data/azk_library/sieber-christian__19.pdf;19;work;Fründ (Hans Fründ);hans[\s \-]+fr[üu]nd;cher Wiedergabeeiner Aussagevon Adelheid vonTengen zu ihrem Mann Hans Fründ: «Wer wärist du ane [d. h. ohne] were ich, dann du hettest nütz
/Users/programming/PycharmProjects/Find_Bibliography_NEw/data/azk_library/sieber-christian__19.pdf;19;work;Fründ (Hans Fründ);\bfr[üu]nd\b;ner als häufiger Gast im Fründschen Haushalt feststellen konnte.134 Fründ scheiterte 1452 mit seiner Bewerbung in Luzern und blieb noch acht
/Users/programming/PycharmProjects/Find_Bibliography_NEw/data/azk_library/sieber-christian__19.pdf;19;work;Fründ (Hans Fründ);\bfr[üu]nd\b;haft von Brunnen.135 Für Kontinuität in der Landesverwaltung sorgte Fründ insbesondere durch die urkundliche Ausfertigung von wichtigen Land
/Users/programming/PycharmProjects/Find_Bibliography_NEw/data/azk_library/sieber-christian__19.pdf;19;work;Fründ (Hans Fründ);\bfr[üu]nd\b;"0); der erste aus dem Jahr 1438 trägt sogar seine Unterschrift «Jo. Fründ, cancellarius Switensis».136 Am 9. Mai 1461 erscheint Fründs Hands"
/Users/programming/PycharmProjects/Find_Bibliography_NEw/data/azk_library/sieber-christian__19.pdf;19;work;Fründ (Hans Fründ);\bfr[üu]nd\b;Generation jüngeren Melchior Russ aber unterlag. Allerdings erhielt Fründ Ende Juli 1461 eine Anstellung als « Gerichtschreiber» – offenbar
/Users/programming/PycharmProjects/Find_Bibliography_NEw/data/azk_library/sieber-christian__19.pdf;19;work;Fründ (Hans Fründ);\bfr[üu]nd\b;"erstarb.137 Ende Februar und Mitte März 1469 bezeichnen die Quellen Fründ als «kurtzlich» in Luzern verstorben; seine Tochter Elisabeth aus"
/Users/programming/PycharmProjects/Find_Bibliography_NEw/data/azk_library/sieber-christian__19.pdf;19;work;Fründ (Hans Fründ);\bfr[üu]nd\b;Flecklin geheiratet hatte und angeblich stets «das liepst kind» von Fründ gewesen war, machte damals Erbansprüche geltend.138 Ihre beidenBrü
/Users/programming/PycharmProjects/Find_Bibliography_NEw/data/azk_library/sieber-christian__19.pdf;19;work;Fründ (Hans Fründ);\bfr[üu]nd\b;des Chorherrenstifts Beromünster bezeugt.139 Ausserdem hinterliess Fründ aus dritter Ehe die Luzernerin Margreth Giessmann als Witwe, die e
/Users/programming/PycharmProjects/Find_Bibliography_NEw/data/azk_library/sieber-christian__19.pdf;19;work;Fründ (Hans Fründ);\bfr[üu]nd\b;eth Giessmann als Witwe, die ebenfalls Anspruch auf das Erbe erhob. Fründ hatte sie wohl erst bei seiner Rückkehr nach Luzern in fortgeschri
/Users/programming/PycharmProjects/Find_Bibliography_NEw/data/azk_library/sieber-christian__19.pdf;19;work;Fründ (Hans Fründ);\bfr[üu]nd\b;esbriefe 1454/55 An einem wichtigen Geschäft der Nachkriegszeit war Fründ in Schwyz allerdings noch beteiligt, nämlich der Neuausfertigung d
/Users/programming/PycharmProjects/Find_Bibliography_NEw/data/azk_library/sieber-christian__19.pdf;19;work;Fründ (Hans Fründ);\bfr[üu]nd\b;onisten AegidiusTschudiim 16. Jahrhundertins Jahr 1440 datierte und Fründ zugeschriebene «Herkommen der Schwyzer und Oberhasler» gilt heute
/Users/programming/PycharmProjects/Find_Bibliography_NEw/data/azk_library/sieber-christian__19.pdf;19;work;Fründ (Hans Fründ);\bfr[üu]nd\b;er Wiedergabeeiner Aussagevon Adelheid vonTengen zu ihrem Mann Hans Fründ: «Wer wärist du ane [d. h. ohne] were ich, dann du hettest nütz an
/Users/programming/PycharmProjects/Find_Bibliography_NEw/data/azk_library/sieber-christian__19.pdf;19;series;SSRQ (Sammlung Schweizerischer Rechtsquellen);\bssrq\b;"nd mit: «Ohne mich wärst du nichts» 135 Wanner, Schreiber, S. 17f.; SSRQ Luzern 2/1, S. 57f., Bemerkungen 1–4 zu Nr. 24b; Abschiede 2, Nr. 4"
/Users/programming/PycharmProjects/Find_Bibliography_NEw/data/azk_library/sieber-christian__19.pdf;19;series;SSRQ (Sammlung Schweizerischer Rechtsquellen);\bssrq\b;"er, Schreiber, S. 18,21–23; Glauser,Schreiber, S. 98f. und Anm. 64; SSRQ Luzern 1/2, Nr. 40, Bemerkung 1; Schneller, Urkunden, S. 112, Nr. 1"
/Users/programming/PycharmProjects/Find_Bibliography_NEw/data/azk_library/sieber-christian__19.pdf;20;work;Fründ (Hans Fründ);hans[\s \-]+fr[üu]nd;"n der Neuausfertigung von 1454/55, geschrieben von Landschreiber Hans Fründ von Schwyz Ausschnitt; StAZH, C I Nr. 370). von Luzern, Zürich u"
/Users/programming/PycharmProjects/Find_Bibliography_NEw/data/azk_library/sieber-christian__19.pdf;20;work;Fründ (Hans Fründ);\bfr[üu]nd\b;"der Neuausfertigung von 1454/55, geschrieben von Landschreiber Hans Fründ von Schwyz Ausschnitt; StAZH, C I Nr. 370). von Luzern, Zürich und"
/Users/programming/PycharmProjects/Find_Bibliography_NEw/data/azk_library/sieber-christian__19.pdf;20;work;Schilling (ungenau);\bschilling\b;277). Geschrieben hat die neuen Texte im «Silbernen Buch» Diebold Schilling, derspätere «Berner Schilling» seit Herbst 1456 Nachfolger von U
/Users/programming/PycharmProjects/Find_Bibliography_NEw/data/azk_library/sieber-christian__19.pdf;20;work;Schilling (ungenau);\bschilling\b;n Texte im «Silbernen Buch» Diebold Schilling, derspätere «Berner Schilling» seit Herbst 1456 Nachfolger von Unterschreiber Büssler, vgl. SS
/Users/programming/PycharmProjects/Find_Bibliography_NEw/data/azk_library/sieber-christian__19.pdf;20;work;Tschudi (Aegidius/Gilg Tschudi, Chronicon Helveticum);\btschudi\b;"ndesfeier, S. 191–193; Abschiede 2, Nr. 411d–e, 417g, 421, Anhang; Tschudi, Chronicon 13, S. 48; StALU, COD 8265, f. 19v. 143 Vgl. QW 1/3/1,"
/Users/programming/PycharmProjects/Find_Bibliography_NEw/data/azk_library/sieber-christian__19.pdf;20;series;SSRQ (Sammlung Schweizerischer Rechtsquellen);\bssrq\b;lling» seit Herbst 1456 Nachfolger von Unterschreiber Büssler, vgl. SSRQ Luzern 1/2, S. XLIII. Ähnlich ist der Obwaldner Landschreiber Hans
/Users/programming/PycharmProjects/Find_Bibliography_NEw/data/azk_library/sieber-christian__19.pdf;20;generic;Chronicon/Chronica;\bchronic(?:on|a|orum)\b;"S. 191–193; Abschiede 2, Nr. 411d–e, 417g, 421, Anhang; Tschudi, Chronicon 13, S. 48; StALU, COD 8265, f. 19v. 143 Vgl. QW 1/3/1, Vorbemerk"
/Users/programming/PycharmProjects/Find_Bibliography_NEw/data/azk_library/sieber-christian__19.pdf;21;work;Fründ (Hans Fründ);\bfr[üu]nd\b;lten Zürichkrieg ausformuliert hatten, freigemacht» werden.148 Wenn Fründ auch nicht den eigentlichen Anstoss zur Neuausfertigung der drei B
/Users/programming/PycharmProjects/Find_Bibliography_NEw/data/azk_library/sieber-christian__19.pdf;21;work;Fründ (Hans Fründ);\bfr[üu]nd\b;17 einen entsprechenden Vorstoss unternommen.149 Mit Sicherheit war Fründ massgeblich an der eigentlichen Schreibarbeit beteiligt,erhielter
/Users/programming/PycharmProjects/Find_Bibliography_NEw/data/azk_library/sieber-christian__19.pdf;21;work;Fründ (Hans Fründ);\bfr[üu]nd\b;rkommt und sich,ebensowie die eigentlicheUrkundenschrift, eindeutig Fründ zuweisen lässt,151 während die andere Zierinitiale bei fünf Exempl
/Users/programming/PycharmProjects/Find_Bibliography_NEw/data/azk_library/sieber-christian__19.pdf;21;work;Fründ (Hans Fründ);\bfr[üu]nd\b;en, auch wenn hier der Schriftbefund nicht derart eindeutig wie bei Fründ ist und Dietrich vielleicht einen Schreiber mit der Arbeit beauftr
/Users/programming/PycharmProjects/Find_Bibliography_NEw/data/azk_library/sieber-christian__19.pdf;21;work;Fründ (Hans Fründ);\bfr[üu]nd\b;ruppen der Bundesbriefe namentlich durch die Schreibung «Swytz» bei Fründ und «Switz» bei Dietrich oder seinem Schreiber. Als Besonderheit h
/Users/programming/PycharmProjects/Find_Bibliography_NEw/data/azk_library/sieber-christian__19.pdf;21;work;Fründ (Hans Fründ);\bfr[üu]nd\b;Verwendung fand, d.h. der Stempel dazu war wohl auf Initiative von Fründ neu angefertigt worden.153 Nachwirkungen Landschreiber und Kanzlei
/Users/programming/PycharmProjects/Find_Bibliography_NEw/data/azk_library/sieber-christian__19.pdf;21;work;Fründ (Hans Fründ);\bfr[üu]nd\b;, Chefideologe und Chronist, Statistiker und Archivar – all das war Fründ während seiner über zwanzigjährigen Tätigkeit in Schwyz, wäh- 144
/Users/programming/PycharmProjects/Find_Bibliography_NEw/data/azk_library/sieber-christian__19.pdf;21;work;Fründ (Hans Fründ);\bfr[üu]nd\b;"1/2, Nr. 1638 alle von gleicherHand): StALU, URK 45/965 Schreiber: Fründ; Abbildung: Glauser, Luzern, bei S. 88); STASZ, Urk. Nr. 100 Schre"
/Users/programming/PycharmProjects/Find_Bibliography_NEw/data/azk_library/sieber-christian__19.pdf;21;work;Fründ (Hans Fründ);\bfr[üu]nd\b;"ildung: Glauser, Luzern, bei S. 88); STASZ, Urk. Nr. 100 Schreiber: Fründ; Abbildung: von Castelmur, Schweizerbund, bei S. 48); StAOW, Urk."
/Users/programming/PycharmProjects/Find_Bibliography_NEw/data/azk_library/sieber-christian__19.pdf;21;work;Fründ (Hans Fründ);\bfr[üu]nd\b;"n Castelmur, Schweizerbund, bei S. 48); StAOW, Urk. 9 9) Schreiber: Fründ; Abbildung: Durrer, Bundesbriefe, Beilage). Zürcherbund: StAZH, C"
/Users/programming/PycharmProjects/Find_Bibliography_NEw/data/azk_library/sieber-christian__19.pdf;21;work;Fründ (Hans Fründ);\bfr[üu]nd\b;", Bundesbriefe, Beilage). Zürcherbund: StAZH, C INr. 370 Schreiber: Fründ;Abbildungen:Durrer, Bundesbriefe, Beilage und Nabholz, Bundesbrief"
/Users/programming/PycharmProjects/Find_Bibliography_NEw/data/azk_library/sieber-christian__19.pdf;21;work;Fründ (Hans Fründ);\bfr[üu]nd\b;"U, URK 55/1080 Schreiber: Dietrich); STASZ, Urk. Nr. 143 Schreiber: Fründ; Abbildung: vonCastelmur, Schweizerbund, bei S. 56); StAOW, Urk.23"
/Users/programming/PycharmProjects/Find_Bibliography_NEw/data/azk_library/sieber-christian__19.pdf;21;work;Fründ (Hans Fründ);\bfr[üu]nd\b;"g: Müller, Zuger Bündnis, Umschlag); STASZ, Urk. Nr. 150 Schreiber: Fründ; Abbildung: von Castelmur, Schweizerbund, bei S. 64); StAOW, Urk."
/Users/programming/PycharmProjects/Find_Bibliography_NEw/data/azk_library/sieber-christian__19.pdf;21;work;Fründ (Hans Fründ);\bfr[üu]nd\b;"Castelmur, Schweizerbund, bei S. 64); StAOW, Urk. 25 22) Schreiber: Fründ). Die drei Bundesbriefe von Schwyz sind permanent im Bundesbriefmu"
/Users/programming/PycharmProjects/Find_Bibliography_NEw/data/azk_library/sieber-christian__19.pdf;21;work;Fründ (Hans Fründ);\bfr[üu]nd\b;ng des Zürcher- und des Zugerbunds von Obwalden an Dietrich bzw. an Fründ geht der Dank an Staatsarchivar Angelo Garovi Sarnen). Diedrei Bun
/Users/programming/PycharmProjects/Find_Bibliography_NEw/data/azk_library/sieber-christian__19.pdf;21;work;Schilling (ungenau);\bschilling\b;nhang mit den neuen Bundesbriefen die stolze Summe von 37 Pfund 6 Schilling 8 Pfennig ausbezahlt, während sein Kollege in Luzern, Stadtschre
/Users/programming/PycharmProjects/Find_Bibliography_NEw/data/azk_library/sieber-christian__19.pdf;21;work;Schilling (ungenau);\bschilling\b;llege in Luzern, Stadtschreiber Johannes Dietrich, nur 18 Pfund 2 Schilling 3 Pfennig erhielt.150 Tatsächlich unterscheiden sich die insgesa
/Users/programming/PycharmProjects/Find_Bibliography_NEw/data/azk_library/sieber-christian__19.pdf;21;work;Tschudi (Aegidius/Gilg Tschudi, Chronicon Helveticum);\btschudi\b;"emerkungen, S. 11–16, 20–22. 145 QW 1/2, Nr. 1638, S. 804. 146 Vgl.Tschudi, Chronicon 12, S. 86, 91, ferner S. 89; Abschiede 2, Bei¬ lage Nr"
/Users/programming/PycharmProjects/Find_Bibliography_NEw/data/azk_library/sieber-christian__19.pdf;21;work;Zürcher Stadtchronik (allgemein);z[üu]rcher[\s \-]+stadtchronik;chen Erbfeindschaft zum Haus Habsburg zu widerlegen.146 Die Zürcher Stadtchronik spottete während der Verhandlungen, die Zürcher hätten sich
/Users/programming/PycharmProjects/Find_Bibliography_NEw/data/azk_library/sieber-christian__19.pdf;21;work;Zürcher Stadtchronik (allgemein);chronik[\s \-]+der[\s \-]+stadt[\s \-]+z[üu]rich;iede 2, Bei¬ lage Nr. 27, S. 849, 853, ferner S. 851. 147 Chronik der Stadt Zürich, S. 223. 148 So Stettler, Eidgenossenschaft, S. 212. 149
/Users/programming/PycharmProjects/Find_Bibliography_NEw/data/azk_library/sieber-christian__19.pdf;21;work;Chronik der Stadt Zürich (Edlibach u. a.);chronik[\s \-]+der[\s \-]+stadt[\s \-]+z[üu]rich;iede 2, Bei¬ lage Nr. 27, S. 849, 853, ferner S. 851. 147 Chronik der Stadt Zürich, S. 223. 148 So Stettler, Eidgenossenschaft, S. 212. 149
/Users/programming/PycharmProjects/Find_Bibliography_NEw/data/azk_library/sieber-christian__19.pdf;21;series;SSRQ (Sammlung Schweizerischer Rechtsquellen);\bssrq\b;"terial bieten zwei Urkunden von 1453 StALU, URK 429/7729–7730; vgl. SSRQ Luzern 2/1, S. 58, Bemerkungen 2–3 zu Nr. 24b). 152 Luzernerbund au"
/Users/programming/PycharmProjects/Find_Bibliography_NEw/data/azk_library/sieber-christian__19.pdf;21;generic;Chronik/Chroniken;\bchronik(?:en)?\b;"89; Abschiede 2, Bei¬ lage Nr. 27, S. 849, 853, ferner S. 851. 147 Chronik der Stadt Zürich, S. 223. 148 So Stettler, Eidgenossenschaft, S."
/Users/programming/PycharmProjects/Find_Bibliography_NEw/data/azk_library/sieber-christian__19.pdf;21;generic;Chronicon/Chronica;\bchronic(?:on|a|orum)\b;", S. 11–16, 20–22. 145 QW 1/2, Nr. 1638, S. 804. 146 Vgl.Tschudi, Chronicon 12, S. 86, 91, ferner S. 89; Abschiede 2, Bei¬ lage Nr. 27, S. 8"
/Users/programming/PycharmProjects/Find_Bibliography_NEw/data/azk_library/sieber-christian__19.pdf;21;generic;Eydgenossenschaft/Helvetia (frühneuzeitl. Schreibungen);eidt?genossenschaft;". 851. 147 Chronik der Stadt Zürich, S. 223. 148 So Stettler, Eidgenossenschaft, S. 212. 149 StALU, RP 3, f. 33r; von Liebenau, Bundesfeier,"
/Users/programming/PycharmProjects/Find_Bibliography_NEw/data/azk_library/sieber-christian__19.pdf;22;work;Fründ (Hans Fründ);hans[\s \-]+fr[üu]nd;Fründs, vgl. STASZ, cod. 2595, f. 0v: «… [durchgestrichen: ich] Hans Fründ, ein burger von Lucern und zu den selben zitten landtzschriber z
/Users/programming/PycharmProjects/Find_Bibliography_NEw/data/azk_library/sieber-christian__19.pdf;22;work;Fründ (Hans Fründ);\bfr[üu]nd(?:s)?\s+chronik;ung von Fründ neu ausgefertigten Bundesbriefe ausgestellt. Nur Fründs Chronik ist nicht in Schwyz geblieben, sondern in einer Abschrift des
/Users/programming/PycharmProjects/Find_Bibliography_NEw/data/azk_library/sieber-christian__19.pdf;22;work;Fründ (Hans Fründ);\bfr[üu]nd(?:s)?\s+chronik;Alten Zürichkriegs bis ins 20. Jahrhundert geprägt.160 So ist Fründs Chronik über Tschudis 1734/36 erstmals gedruckte Schweizerchronik schl
/Users/programming/PycharmProjects/Find_Bibliography_NEw/data/azk_library/sieber-christian__19.pdf;22;work;Fründ (Hans Fründ);\bfr[üu]nd(?:s)?\s+chronik;st war.161 Zwar existiert aus dem Jahr 1600 eine Abschrift von Fründs Chronik von Hauptmann Kaspar Herrig-Reding von Schwyz, und eine andere
/Users/programming/PycharmProjects/Find_Bibliography_NEw/data/azk_library/sieber-christian__19.pdf;22;work;Fründ (Hans Fründ);\bfr[üu]nd\b;sie in der «Urkundensammlung» die dank der sorgfältigen Arbeit von Fründ eben nicht nur Urkunden, sondern auch archivwürdige Korrespondenz
/Users/programming/PycharmProjects/Find_Bibliography_NEw/data/azk_library/sieber-christian__19.pdf;22;work;Fründ (Hans Fründ);\bfr[üu]nd\b;ahrzeitbücher mit der Gefallenenliste und dem Schlachtenkatalog von Fründ, undimBundesbriefmuseum sind die unter massgeblicherBeteiligung vo
/Users/programming/PycharmProjects/Find_Bibliography_NEw/data/azk_library/sieber-christian__19.pdf;22;work;Fründ (Hans Fründ);\bfr[üu]nd\b;undimBundesbriefmuseum sind die unter massgeblicherBeteiligung von Fründ neu ausgefertigten Bundesbriefe ausgestellt. Nur Fründs Chronik is
/Users/programming/PycharmProjects/Find_Bibliography_NEw/data/azk_library/sieber-christian__19.pdf;22;work;Fründ (Hans Fründ);\bfr[üu]nd\b;nds Grundauffassungen nicht losgekommen ist» Bernhard Stettler) und Fründ im übrigen als Augenzeuge des Zürichkriegs zu würdigen wusste,159
/Users/programming/PycharmProjects/Find_Bibliography_NEw/data/azk_library/sieber-christian__19.pdf;22;work;Fründ (Hans Fründ);\bfr[üu]nd\b;den von ihm abhängigen Johannes von Müller) und damit letztlich auf Fründ, was ihnen aber kaum voll bewusst war.161 Zwar existiert aus dem J
/Users/programming/PycharmProjects/Find_Bibliography_NEw/data/azk_library/sieber-christian__19.pdf;22;work;Fründ (Hans Fründ);\bfr[üu]nd\b;rat/Inderbitzin, Histori¬ schesK, S. 138–166 namentlich genanntwird Fründ vonSchibig nur imArtikel «Landschreiber»zumJahr1428, vgl.Horat/Ind
/Users/programming/PycharmProjects/Find_Bibliography_NEw/data/azk_library/sieber-christian__19.pdf;22;work;Fründ (Hans Fründ);\bfr[üu]nd\b;ründs, vgl. STASZ, cod. 2595, f. 0v: «… [durchgestrichen: ich] Hans Fründ, ein burger von Lucern und zu den selben zitten landtzschriber zu
/Users/programming/PycharmProjects/Find_Bibliography_NEw/data/azk_library/sieber-christian__19.pdf;22;work;Tschachtlan (Benedikt Tschachtlan);tschachtlans?[\s \-]+chronik;"63 Vgl. Stettler, Fründs Darstellung, S. 127*–130*; Ladner, Tschachtlan- Chronik, S. 80–83; Baumann, Bilderchroniken, S. 20–22. 164 Vgl. Ste"
/Users/programming/PycharmProjects/Find_Bibliography_NEw/data/azk_library/sieber-christian__19.pdf;22;work;Tschachtlan (Benedikt Tschachtlan);\btschachtlan\b;"STASZ, cod. 2595 vgl. Kind, Einleitung, S. VIII, XVIIf.; Studer, Tschachtlan, S. 638, Anm. 1), und Stiftsbibliothek St. Gallen, Cod. Sang. 6"
/Users/programming/PycharmProjects/Find_Bibliography_NEw/data/azk_library/sieber-christian__19.pdf;22;work;Tschachtlan (Benedikt Tschachtlan);\btschachtlan\b;"4»] 163 Vgl. Stettler, Fründs Darstellung, S. 127*–130*; Ladner, Tschachtlan- Chronik, S. 80–83; Baumann, Bilderchroniken, S. 20–22. 164 Vgl"
/Users/programming/PycharmProjects/Find_Bibliography_NEw/data/azk_library/sieber-christian__19.pdf;22;work;Tschachtlan (Benedikt Tschachtlan);\btschachtlan\b;eidungsmerkmal zwischen «offizieller» und Ruppscher Fassung, bei Tschachtlan, Bilderchronik, S. 290f. Der Abschrift von Kaspar Herrig vorges
/Users/programming/PycharmProjects/Find_Bibliography_NEw/data/azk_library/sieber-christian__19.pdf;22;work;Tschudi (Aegidius/Gilg Tschudi, Chronicon Helveticum);aegidi(?:us)?[\s \-]+tschudi;476 vermutlich bereits in den 1530er-Jahren in den Besitz von Aegidius Tschudi gelangt, der 1532 in Rorschach, Rupps letzter Wirkungsstätte,
/Users/programming/PycharmProjects/Find_Bibliography_NEw/data/azk_library/sieber-christian__19.pdf;22;work;Tschudi (Aegidius/Gilg Tschudi, Chronicon Helveticum);aegidi(?:us)?[\s \-]+tschudi;mit auch dieSichtder Schwyzer, hatüber dieSchweizerchronikvon Aegidius Tschudi, derletztlich «von Fründs Grundauffassungen nicht losgekommen
/Users/programming/PycharmProjects/Find_Bibliography_NEw/data/azk_library/sieber-christian__19.pdf;22;work;Tschudi (Aegidius/Gilg Tschudi, Chronicon Helveticum);\btschudi\b;vermutlich bereits in den 1530er-Jahren in den Besitz von Aegidius Tschudi gelangt, der 1532 in Rorschach, Rupps letzter Wirkungsstätte, Obe
/Users/programming/PycharmProjects/Find_Bibliography_NEw/data/azk_library/sieber-christian__19.pdf;22;work;Tschudi (Aegidius/Gilg Tschudi, Chronicon Helveticum);\btschudi\b;auch dieSichtder Schwyzer, hatüber dieSchweizerchronikvon Aegidius Tschudi, derletztlich «von Fründs Grundauffassungen nicht losgekommen ist
/Users/programming/PycharmProjects/Find_Bibliography_NEw/data/azk_library/sieber-christian__19.pdf;22;work;Tschudi (Aegidius/Gilg Tschudi, Chronicon Helveticum);\btschudi\b;tin Schibig 1766–1843) für den Alten Zürichkrieg hauptsächlich auf Tschudi und den von ihm abhängigen Johannes von Müller) und damit letztli
/Users/programming/PycharmProjects/Find_Bibliography_NEw/data/azk_library/sieber-christian__19.pdf;22;work;Tschudi (Aegidius/Gilg Tschudi, Chronicon Helveticum);\btschudi\b;", Fründs Darstellung,S.122*;Sieber, Verzeichnis, S. 124f.; Sieber, Tschudi und Vadian, S. 112 und Anm. 14. Für den frühen Besitz Tschudis sp"
/Users/programming/PycharmProjects/Find_Bibliography_NEw/data/azk_library/sieber-christian__19.pdf;22;work;Tschudi (Aegidius/Gilg Tschudi, Chronicon Helveticum);\btschudi\b;58. 158 Vgl. Stettler, Fründs Darstellung, S. 125*, Anm. 314*. 159 Tschudi, Chronicon 12, S. 200 «… in disem krieg selbs gsin und alle ding
/Users/programming/PycharmProjects/Find_Bibliography_NEw/data/azk_library/sieber-christian__19.pdf;22;work;Tschudi (Aegidius/Gilg Tschudi, Chronicon Helveticum);\btschudi\b;bitzin, His torisches L–R, S. 51). Fassbind kennt allerdings neben Tschudi) sowohl von «Johann Freünd» eine «beschreibung des zürcherkriegs
/Users/programming/PycharmProjects/Find_Bibliography_NEw/data/azk_library/sieber-christian__19.pdf;22;work;Vadian (Joachim Vadianus, St. Galler Chronik);\bvadian(us)?\b;"stellung,S.122*;Sieber, Verzeichnis, S. 124f.; Sieber, Tschudi und Vadian, S. 112 und Anm. 14. Für den frühen Besitz Tschudis sprechen Margi"
/Users/programming/PycharmProjects/Find_Bibliography_NEw/data/azk_library/sieber-christian__19.pdf;22;generic;Chronik/Chroniken;\bchronik(?:en)?\b;von Fründ neu ausgefertigten Bundesbriefe ausgestellt. Nur Fründs Chronik ist nicht in Schwyz geblieben, sondern in einer Abschrift des ehe
/Users/programming/PycharmProjects/Find_Bibliography_NEw/data/azk_library/sieber-christian__19.pdf;22;generic;Chronik/Chroniken;\bchronik(?:en)?\b;d, hatte1469, noch in Schwyz als Schulmeister, bereits eine andere Chronik zusammen mit der Einsiedler Meinradslegende abgeschrieben. 157 De
/Users/programming/PycharmProjects/Find_Bibliography_NEw/data/azk_library/sieber-christian__19.pdf;22;generic;Chronik/Chroniken;\bchronik(?:en)?\b;Dennoch bleibt die Motivation für seine Tätigkeit als Kopist von Chroniken letztlich im Dunkeln.158 Fründs Darstellungaber, und damit auch
/Users/programming/PycharmProjects/Find_Bibliography_NEw/data/azk_library/sieber-christian__19.pdf;22;generic;Chronik/Chroniken;\bchronik(?:en)?\b;ten Zürichkriegs bis ins 20. Jahrhundert geprägt.160 So ist Fründs Chronik über Tschudis 1734/36 erstmals gedruckte Schweizerchronik schlies
/Users/programming/PycharmProjects/Find_Bibliography_NEw/data/azk_library/sieber-christian__19.pdf;22;generic;Chronik/Chroniken;\bchronik(?:en)?\b;war.161 Zwar existiert aus dem Jahr 1600 eine Abschrift von Fründs Chronik von Hauptmann Kaspar Herrig-Reding von Schwyz, und eine andere Ab
/Users/programming/PycharmProjects/Find_Bibliography_NEw/data/azk_library/sieber-christian__19.pdf;22;generic;Chronik/Chroniken;\bchronik(?:en)?\b;des Landes Schwyz zirkulierte erstmals nachweisbar um 1470 in der Chronik des Berners Bendicht Tschachtlan163) – gewissermassen eine «offiz
/Users/programming/PycharmProjects/Find_Bibliography_NEw/data/azk_library/sieber-christian__19.pdf;22;generic;Chronik/Chroniken;\bchronik(?:en)?\b;". Stettler, Fründs Darstellung, S. 127*–130*; Ladner, Tschachtlan- Chronik, S. 80–83; Baumann, Bilderchroniken, S. 20–22. 164 Vgl. Stettler,"
/Users/programming/PycharmProjects/Find_Bibliography_NEw/data/azk_library/sieber-christian__19.pdf;22;generic;Chronicon/Chronica;\bchronic(?:on|a|orum)\b;l. Stettler, Fründs Darstellung, S. 125*, Anm. 314*. 159 Tschudi, Chronicon 12, S. 200 «… in disem krieg selbs gsin und alle ding gesechen u
/Users/programming/PycharmProjects/Find_Bibliography_NEw/data/azk_library/sieber-christian__19.pdf;22;generic;Schlacht-/Kriegserzählungen;\bkrieg(?:e|en)?\b;", S. 125*, Anm. 314*. 159 Tschudi, Chronicon 12, S. 200 «… in disem krieg selbs gsin und alle ding gesechen und vernommen» hat); Stettler,Ts"
/Users/programming/PycharmProjects/Find_Bibliography_NEw/data/azk_library/sieber-christian__19.pdf;23;generic;Chronik/Chroniken;\bchronik(?:en)?\b;"32 Abb. 6: Abschrift derFründ-Chronik von Melchior Rupp 1476; Text zum Herbst 1440mitdemin der Texteinrichtung eingebauten Banner von Schwyz"
/Users/programming/PycharmProjects/Find_Bibliography_NEw/data/azk_library/sieber-christian__19.pdf;24;work;Fründ (Hans Fründ);\bfr[üu]nd\b;Emil Spiess den Zürichkrieg in deutlicher Anlehnung an Tschudi und Fründ in Schwyz auch noch auf die Bühne gebracht: In seinem eindrücklich
/Users/programming/PycharmProjects/Find_Bibliography_NEw/data/azk_library/sieber-christian__19.pdf;24;work;Fründ (Hans Fründ);\bfr[üu]nd\b;yzerkönig» gemeint ist wiederum Ital Reding) hat auch Landschreiber Fründ seinen Auftritt und liest auf Befehl von Reding aus verschiedenen
/Users/programming/PycharmProjects/Find_Bibliography_NEw/data/azk_library/sieber-christian__19.pdf;24;work;Fründ (Hans Fründ);\bfr[üu]nd\b;Erbe streitig machen.168 Selbst den Sprung ins 21. Jahrhundert hat Fründ geschafft: Die auf älteren Regesten von Josef Schneller 1801–1879)
/Users/programming/PycharmProjects/Find_Bibliography_NEw/data/azk_library/sieber-christian__19.pdf;24;work;Fründ (Hans Fründ);\bfr[üu]nd\b;änkungen gegen sie mit Worten und Werken …» – nicht anders also als Fründ, der das Dokument vor über 500 Jahren auf dem Etzelpass in Empfang
/Users/programming/PycharmProjects/Find_Bibliography_NEw/data/azk_library/sieber-christian__19.pdf;24;work;Fründ (Hans Fründ);\bfr[üu]nd\b;"ker). 168 Kamer, Schwyzerkönig, bes. S. 32, 61f., 114 Auftritte von Fründ); vgl. dazu die Würdigung bei Bättig, Paul Kamer, S. 79–90."
/Users/programming/PycharmProjects/Find_Bibliography_NEw/data/azk_library/sieber-christian__19.pdf;24;work;Tschudi (Aegidius/Gilg Tschudi, Chronicon Helveticum);aegidi(?:us)?[\s \-]+tschudi;«vil zuo vil parthyisch» bezeichnet), 165 was – abgesehen von Aegidius Tschudi – bis ins 19. Jahrhundert mehrheitlich übernommen wurde.166 E
/Users/programming/PycharmProjects/Find_Bibliography_NEw/data/azk_library/sieber-christian__19.pdf;24;work;Tschudi (Aegidius/Gilg Tschudi, Chronicon Helveticum);\btschudi\b;zuo vil parthyisch» bezeichnet), 165 was – abgesehen von Aegidius Tschudi – bis ins 19. Jahrhundert mehrheitlich übernommen wurde.166 Eine
/Users/programming/PycharmProjects/Find_Bibliography_NEw/data/azk_library/sieber-christian__19.pdf;24;work;Tschudi (Aegidius/Gilg Tschudi, Chronicon Helveticum);\btschudi\b;tschlehrers Emil Spiess den Zürichkrieg in deutlicher Anlehnung an Tschudi und Fründ in Schwyz auch noch auf die Bühne gebracht: In seinem e
/Users/programming/PycharmProjects/Find_Bibliography_NEw/data/azk_library/sieber-christian__19.pdf;24;work;Bullinger (Heinrich Bullinger, historiographische Werke);\bbullinger\b;33 Bullinger hat die Chronik in dieser Form, in der sie ihm in einer Abschrift des Zürcher Pfarrers Rudolf Güder von 1532 zur Verfügung stan
/Users/programming/PycharmProjects/Find_Bibliography_NEw/data/azk_library/sieber-christian__19.pdf;24;generic;Chronik/Chroniken;\bchronik(?:en)?\b;33 Bullinger hat die Chronik in dieser Form, in der sie ihm in einer Abschrift des Zürcher Pfarrers Rudolf Güder von 1532 zur Verfügung stan
/Users/programming/PycharmProjects/Find_Bibliography_NEw/data/azk_library/sieber-christian__19.pdf;24;generic;Chronik/Chroniken;\bchronik(?:en)?\b;onsarchivar Christian Immanuel Kind 1818–1884)167 im Jahr 1875 die Chronik im Auftrag der Allgemeinen Geschichtforschenden Gesellschaft der
/Users/programming/PycharmProjects/Find_Bibliography_NEw/data/azk_library/sieber-christian__19.pdf;24;generic;Chronik/Chroniken;\bchronik(?:en)?\b;ortgeführt vonTraugottBautz, Bd. 1ff., Hamm u. a. 1975ff. Bodmer, Chroniken Bodmer Jean-Pierre, Chroniken und Chronisten im Spätmittelalter,
/Users/programming/PycharmProjects/Find_Bibliography_NEw/data/azk_library/sieber-christian__19.pdf;24;generic;Chronik/Chroniken;\bchronik(?:en)?\b;d. 1ff., Hamm u. a. 1975ff. Bodmer, Chroniken Bodmer Jean-Pierre, Chroniken und Chronisten im Spätmittelalter, Bern 1976 Monographien zur Sc
/Users/programming/PycharmProjects/Find_Bibliography_NEw/data/azk_library/sieber-christian__19.pdf;25;work;Fründ (Hans Fründ);\bfr[üu]nd\b;aus der nordwestlichen Schweiz, Bd. 1, Solothurn 1857, S. 281–760. Fründ, Chronik Die Chronikdes HansFründ, Landschreiber zu Schwytz, hrsg.
/Users/programming/PycharmProjects/Find_Bibliography_NEw/data/azk_library/sieber-christian__19.pdf;25;work;Fründ (Hans Fründ);\bfr[üu]nd\b;dschreiber zu Schwytz, hrsg.von Christian Immanuel Kind, Chur 1875. Fründ, Rapport Fründ Hans, Rapportsurla chasse aux sorciers et aux sorci
/Users/programming/PycharmProjects/Find_Bibliography_NEw/data/azk_library/sieber-christian__19.pdf;25;work;Fründ (Hans Fründ);\bfr[üu]nd\b;chwytz, hrsg.von Christian Immanuel Kind, Chur 1875. Fründ, Rapport Fründ Hans, Rapportsurla chasse aux sorciers et aux sorcières menée dès
/Users/programming/PycharmProjects/Find_Bibliography_NEw/data/azk_library/sieber-christian__19.pdf;25;work;Hemmerlin (Felix Hemmerlin/Malleolus);felix[\s \-]+hemmerlin;., Basel/Stuttgart 1979. Fiala, Hemmerlin Fiala Friedrich, Dr. Felix Hemmerlin als Propst des St. Ursenstiftes zu Solothurn, in: Urkundio. B
/Users/programming/PycharmProjects/Find_Bibliography_NEw/data/azk_library/sieber-christian__19.pdf;25;work;Hemmerlin (Felix Hemmerlin/Malleolus);\bhemmerlin\b;durchgesehene und erweiterte Aufl., Basel/Stuttgart 1979. Fiala, Hemmerlin Fiala Friedrich, Dr. Felix Hemmerlin als Propst des St. Ursensti
/Users/programming/PycharmProjects/Find_Bibliography_NEw/data/azk_library/sieber-christian__19.pdf;25;work;Hemmerlin (Felix Hemmerlin/Malleolus);\bhemmerlin\b;Basel/Stuttgart 1979. Fiala, Hemmerlin Fiala Friedrich, Dr. Felix Hemmerlin als Propst des St. Ursenstiftes zu Solothurn, in: Urkundio. Beit
/Users/programming/PycharmProjects/Find_Bibliography_NEw/data/azk_library/sieber-christian__19.pdf;25;work;Zürcher Stadtchronik (allgemein);z[üu]rcher[\s \-]+stadtchronik;e, 26), S. 23–98. Gamper, Stadtchroniken Gamper Rudolf, Die Zürcher Stadtchroniken und ihre Ausbreitung in die Ostschweiz,Zürich 1984 Mittei
/Users/programming/PycharmProjects/Find_Bibliography_NEw/data/azk_library/sieber-christian__19.pdf;25;work;Zürcher Stadtchronik (allgemein);chronik[\s \-]+der[\s \-]+stadt[\s \-]+z[üu]rich;v zu Schwyz von Paul Hilber, Erlenbach bei Zürich [1937]. Chronik der Stadt Zürich Chronik der Stadt Zürich, hrsg.von Johannes Dierauer, Bas
/Users/programming/PycharmProjects/Find_Bibliography_NEw/data/azk_library/sieber-christian__19.pdf;25;work;Zürcher Stadtchronik (allgemein);chronik[\s \-]+der[\s \-]+stadt[\s \-]+z[üu]rich;er, Erlenbach bei Zürich [1937]. Chronik der Stadt Zürich Chronik der Stadt Zürich, hrsg.von Johannes Dierauer, Basel1900 Quellen zur Schwei
/Users/programming/PycharmProjects/Find_Bibliography_NEw/data/azk_library/sieber-christian__19.pdf;25;work;Chronik der Stadt Zürich (Edlibach u. a.);chronik[\s \-]+der[\s \-]+stadt[\s \-]+z[üu]rich;v zu Schwyz von Paul Hilber, Erlenbach bei Zürich [1937]. Chronik der Stadt Zürich Chronik der Stadt Zürich, hrsg.von Johannes Dierauer, Bas
/Users/programming/PycharmProjects/Find_Bibliography_NEw/data/azk_library/sieber-christian__19.pdf;25;work;Chronik der Stadt Zürich (Edlibach u. a.);chronik[\s \-]+der[\s \-]+stadt[\s \-]+z[üu]rich;er, Erlenbach bei Zürich [1937]. Chronik der Stadt Zürich Chronik der Stadt Zürich, hrsg.von Johannes Dierauer, Basel1900 Quellen zur Schwei
/Users/programming/PycharmProjects/Find_Bibliography_NEw/data/azk_library/sieber-christian__19.pdf;25;series;QSG (Quellen zur Schweizer Geschichte);quellen[\s \-]+zur[\s \-]+schweizer[\s \-]+geschichte;r Stadt Zürich, hrsg.von Johannes Dierauer, Basel1900 Quellen zur Schweizer Geschichte, 18). CMD-CH 3 Katalog der datierten Handschriften in
/Users/programming/PycharmProjects/Find_Bibliography_NEw/data/azk_library/sieber-christian__19.pdf;25;series;QSG (Quellen zur Schweizer Geschichte);quellen[\s \-]+zur[\s \-]+schweizer[\s \-]+geschichte;ch den innerschweizerischenJahrzeitbüchern, Basel1940 Quellen zur Schweizer Geschichte NF, Abt. II: Akten, Bd. 3). HLS Historisches Lexikon
/Users/programming/PycharmProjects/Find_Bibliography_NEw/data/azk_library/sieber-christian__19.pdf;25;series;MAGZ (Mitteilungen der Antiquarischen Gesellschaft in Zürich);mitteilungen[\s \-]+der[\s \-]+antiquarischen[\s \-]+gesellschaft[\s \-]+in[\s \-]+z[üu]rich;Ausbreitung in die Ostschweiz,Zürich 1984 Mitteilungen der Antiquarischen Gesellschaft in Zürich, 52/2). Gfr. Der Geschichtsfreund. Mitteil
/Users/programming/PycharmProjects/Find_Bibliography_NEw/data/azk_library/sieber-christian__19.pdf;25;generic;Chronik/Chroniken;\bchronik(?:en)?\b;riefarchiv zu Schwyz von Paul Hilber, Erlenbach bei Zürich [1937]. Chronik der Stadt Zürich Chronik der Stadt Zürich, hrsg.von Johannes Dier
/Users/programming/PycharmProjects/Find_Bibliography_NEw/data/azk_library/sieber-christian__19.pdf;25;generic;Chronik/Chroniken;\bchronik(?:en)?\b;Paul Hilber, Erlenbach bei Zürich [1937]. Chronik der Stadt Zürich Chronik der Stadt Zürich, hrsg.von Johannes Dierauer, Basel1900 Quellen z
/Users/programming/PycharmProjects/Find_Bibliography_NEw/data/azk_library/sieber-christian__19.pdf;25;generic;Chronik/Chroniken;\bchronik(?:en)?\b;nordwestlichen Schweiz, Bd. 1, Solothurn 1857, S. 281–760. Fründ, Chronik Die Chronikdes HansFründ, Landschreiber zu Schwytz, hrsg.von Chri
/Users/programming/PycharmProjects/Find_Bibliography_NEw/data/azk_library/sieber-christian__19.pdf;25;generic;Jahrbuch/Jahrbücher;jahrb[üu]ch(?:er|e)?\b;en Bestimmung und zur Abfassung eines Weistums, in: Alemannisches Jahrbuch 1976/78, S. 183–204. HBLS Historisch-Biographisches Lexikon der S
/Users/programming/PycharmProjects/Find_Bibliography_NEw/data/azk_library/sieber-christian__19.pdf;25;generic;Eydgenossenschaft/Helvetia (frühneuzeitl. Schreibungen);eidt?genossenschaft;r Entstehung des Luzerner Bundes von 1332, in: Luzern und die Eidgenossenschaft, hrsg. von der Historischen Gesellschaft Luzern, Luzern/Stut
/Users/programming/PycharmProjects/Find_Bibliography_NEw/data/azk_library/sieber-christian__19.pdf;26;work;Fründ (Hans Fründ);hans[\s \-]+fr[üu]nd;ch/Frauenfeld 1850. Kümmerli, Fründs Chronik Kümmerli Friedrich, Hans Fründs Chronik des alten Zürichkrieges als deutsches Sprachdenkmal,in:
/Users/programming/PycharmProjects/Find_Bibliography_NEw/data/azk_library/sieber-christian__19.pdf;26;work;Fründ (Hans Fründ);\bfr[üu]nd(?:s)?\s+chronik;xt, hrsg.von Martin Kothing, Zürich/Frauenfeld 1850. Kümmerli, Fründs Chronik Kümmerli Friedrich, Hans Fründs Chronik des alten Zürichkriege
/Users/programming/PycharmProjects/Find_Bibliography_NEw/data/azk_library/sieber-christian__19.pdf;26;work;Fründ (Hans Fründ);\bfr[üu]nd(?:s)?\s+chronik;enfeld 1850. Kümmerli, Fründs Chronik Kümmerli Friedrich, Hans Fründs Chronik des alten Zürichkrieges als deutsches Sprachdenkmal,in:MHVS 68
/Users/programming/PycharmProjects/Find_Bibliography_NEw/data/azk_library/sieber-christian__19.pdf;26;work;Fründ (Hans Fründ);\bfr[üu]nd\b;XI–XXVII. Kind, Einleitung Kind Christian Immanuel, Einleitung, in: Fründ, Chronik, S. I–XXII. Klingenberger Chronik Die Klingenberger Chron
/Users/programming/PycharmProjects/Find_Bibliography_NEw/data/azk_library/sieber-christian__19.pdf;26;work;Hemmerlin (Felix Hemmerlin/Malleolus);\bhemmerlin\b;4 Bde., bearb. von Hans Georg Wirz u.a., Aarau 1933–1975. Reber, Hemmerlin Reber Balthasar, FelixHemmerlin vonZürich,neu nachden Quellen be
/Users/programming/PycharmProjects/Find_Bibliography_NEw/data/azk_library/sieber-christian__19.pdf;26;work;Tschachtlan (Benedikt Tschachtlan);tschachtlans?[\s \-]+chronik;deutsches Sprachdenkmal,in:MHVS 68 1976), S.97–104. Ladner, Tschachtlan-Chronik Ladner Pascal, Die Tschachtlan-Chronik als Geschichtswerk,
/Users/programming/PycharmProjects/Find_Bibliography_NEw/data/azk_library/sieber-christian__19.pdf;26;work;Tschachtlan (Benedikt Tschachtlan);tschachtlans?[\s \-]+chronik;6), S.97–104. Ladner, Tschachtlan-Chronik Ladner Pascal, Die Tschachtlan-Chronik als Geschichtswerk, in: Tschachtlan, Bilderchronik, S. 77–8
/Users/programming/PycharmProjects/Find_Bibliography_NEw/data/azk_library/sieber-christian__19.pdf;26;work;Tschachtlan (Benedikt Tschachtlan);\btschachtlan\b;als deutsches Sprachdenkmal,in:MHVS 68 1976), S.97–104. Ladner, Tschachtlan-Chronik Ladner Pascal, Die Tschachtlan-Chronik als Geschichtswe
/Users/programming/PycharmProjects/Find_Bibliography_NEw/data/azk_library/sieber-christian__19.pdf;26;work;Tschachtlan (Benedikt Tschachtlan);\btschachtlan\b;1976), S.97–104. Ladner, Tschachtlan-Chronik Ladner Pascal, Die Tschachtlan-Chronik als Geschichtswerk, in: Tschachtlan, Bilderchronik, S.
/Users/programming/PycharmProjects/Find_Bibliography_NEw/data/azk_library/sieber-christian__19.pdf;26;work;Tschachtlan (Benedikt Tschachtlan);\btschachtlan\b;k Ladner Pascal, Die Tschachtlan-Chronik als Geschichtswerk, in: Tschachtlan, Bilderchronik, S. 77–84. Landolt, Finanzen LandoltOliver. «Non
/Users/programming/PycharmProjects/Find_Bibliography_NEw/data/azk_library/sieber-christian__19.pdf;26;work;Klingenberger/Rapperswiler Chronik (Eberhard Wüest);klingenberger[\s \-]+chronik;istian Immanuel, Einleitung, in: Fründ, Chronik, S. I–XXII. Klingenberger Chronik Die Klingenberger Chronik, hrsg. vonAntonHenne, Gotha 1861
/Users/programming/PycharmProjects/Find_Bibliography_NEw/data/azk_library/sieber-christian__19.pdf;26;work;Klingenberger/Rapperswiler Chronik (Eberhard Wüest);klingenberger[\s \-]+chronik;g, in: Fründ, Chronik, S. I–XXII. Klingenberger Chronik Die Klingenberger Chronik, hrsg. vonAntonHenne, Gotha 1861. Koller/Meyerhans, Bundes
/Users/programming/PycharmProjects/Find_Bibliography_NEw/data/azk_library/sieber-christian__19.pdf;26;work;Kopp (Joseph Eutych Kopp, Geschichte der Eidgenossen);\bkopp\b;lieferung des Bundesbriefes von 1291, in: MHVS 94 2002), S. 87–104. Kopp, Westfälischer Friede Kopp Peter F., Erinnerunganden Westfälischen
/Users/programming/PycharmProjects/Find_Bibliography_NEw/data/azk_library/sieber-christian__19.pdf;26;work;Kopp (Joseph Eutych Kopp, Geschichte der Eidgenossen);\bkopp\b;von 1291, in: MHVS 94 2002), S. 87–104. Kopp, Westfälischer Friede Kopp Peter F., Erinnerunganden Westfälischen Frieden. 350 Jahre unabhäng
/Users/programming/PycharmProjects/Find_Bibliography_NEw/data/azk_library/sieber-christian__19.pdf;26;series;MAGZ (Mitteilungen der Antiquarischen Gesellschaft in Zürich);mitteilungen[\s \-]+der[\s \-]+antiquarischen[\s \-]+gesellschaft[\s \-]+in[\s \-]+z[üu]rich;Zugänge zum Alten Zürichkrieg, Zürich 2006 Mitteilungen der Antiquarischen Gesellschaft in Zürich, 73). QW Quellenwerk zur Entstehung der Sc
/Users/programming/PycharmProjects/Find_Bibliography_NEw/data/azk_library/sieber-christian__19.pdf;26;generic;Chronik/Chroniken;\bchronik(?:en)?\b;. Kind, Einleitung Kind Christian Immanuel, Einleitung, in: Fründ, Chronik, S. I–XXII. Klingenberger Chronik Die Klingenberger Chronik, hrsg
/Users/programming/PycharmProjects/Find_Bibliography_NEw/data/azk_library/sieber-christian__19.pdf;26;generic;Chronik/Chroniken;\bchronik(?:en)?\b;Immanuel, Einleitung, in: Fründ, Chronik, S. I–XXII. Klingenberger Chronik Die Klingenberger Chronik, hrsg. vonAntonHenne, Gotha 1861. Kolle
/Users/programming/PycharmProjects/Find_Bibliography_NEw/data/azk_library/sieber-christian__19.pdf;26;generic;Chronik/Chroniken;\bchronik(?:en)?\b;Fründ, Chronik, S. I–XXII. Klingenberger Chronik Die Klingenberger Chronik, hrsg. vonAntonHenne, Gotha 1861. Koller/Meyerhans, Bundesbrief K
/Users/programming/PycharmProjects/Find_Bibliography_NEw/data/azk_library/sieber-christian__19.pdf;26;generic;Chronik/Chroniken;\bchronik(?:en)?\b;hrsg.von Martin Kothing, Zürich/Frauenfeld 1850. Kümmerli, Fründs Chronik Kümmerli Friedrich, Hans Fründs Chronik des alten Zürichkrieges a
/Users/programming/PycharmProjects/Find_Bibliography_NEw/data/azk_library/sieber-christian__19.pdf;26;generic;Chronik/Chroniken;\bchronik(?:en)?\b;eld 1850. Kümmerli, Fründs Chronik Kümmerli Friedrich, Hans Fründs Chronik des alten Zürichkrieges als deutsches Sprachdenkmal,in:MHVS 68 19
/Users/programming/PycharmProjects/Find_Bibliography_NEw/data/azk_library/sieber-christian__19.pdf;26;generic;Chronik/Chroniken;\bchronik(?:en)?\b;ches Sprachdenkmal,in:MHVS 68 1976), S.97–104. Ladner, Tschachtlan-Chronik Ladner Pascal, Die Tschachtlan-Chronik als Geschichtswerk, in: Ts
/Users/programming/PycharmProjects/Find_Bibliography_NEw/data/azk_library/sieber-christian__19.pdf;26;generic;Chronik/Chroniken;\bchronik(?:en)?\b;97–104. Ladner, Tschachtlan-Chronik Ladner Pascal, Die Tschachtlan-Chronik als Geschichtswerk, in: Tschachtlan, Bilderchronik, S. 77–84. Lan
/Users/programming/PycharmProjects/Find_Bibliography_NEw/data/azk_library/sieber-christian__19.pdf;26;generic;Chronik/Chroniken;\bchronik(?:en)?\b;bt. 1: Urkunden, 3 Bde., bearb.von Traugott Schiess u.a., Abt. 3: Chroniken, 4 Bde., bearb. von Hans Georg Wirz u.a., Aarau 1933–1975. Reber
/Users/programming/PycharmProjects/Find_Bibliography_NEw/data/azk_library/sieber-christian__19.pdf;26;generic;Eydgenossenschaft/Helvetia (frühneuzeitl. Schreibungen);eidt?genossenschaft;Karl, Eidgenossen, Kaiser und Reich. Studien zur Stellung der Eidgenossenschaft innerhalb des heiligen römischen Reiches, Basel 1958 Basler
/Users/programming/PycharmProjects/Find_Bibliography_NEw/data/azk_library/sieber-christian__19.pdf;26;generic;Eydgenossenschaft/Helvetia (frühneuzeitl. Schreibungen);eidt?genossenschaft;ürich, 73). QW Quellenwerk zur Entstehung der Schweizerischen Eidgenossenschaft, Abt. 1: Urkunden, 3 Bde., bearb.von Traugott Schiess u.a.,
/Users/programming/PycharmProjects/Find_Bibliography_NEw/data/azk_library/sieber-christian__19.pdf;27;work;Fründ (Hans Fründ);hans[\s \-]+fr[üu]nd;ettler, Fründs Darstellung Stettler Bernhard,ZurÜberlieferungvon Hans Fründs Darstellung des Alten Zürichkriegs, in:Tschudi, Chronicon 12, S
/Users/programming/PycharmProjects/Find_Bibliography_NEw/data/azk_library/sieber-christian__19.pdf;27;work;Tschudi (Aegidius/Gilg Tschudi, Chronicon Helveticum);aegidi(?:us)?[\s \-]+tschudi;r Christian, Begegnungen auf Distanz. Tschudi und Vadian, in: Aegidius Tschudi und seine Zeit, hg. von Katharina Koller- Weiss und Christian
/Users/programming/PycharmProjects/Find_Bibliography_NEw/data/azk_library/sieber-christian__19.pdf;27;work;Tschudi (Aegidius/Gilg Tschudi, Chronicon Helveticum);aegidi(?:us)?[\s \-]+tschudi;handschriften und Druckwerke mit dokumentarischen Texten, in: Aegidius Tschudi, Chronicon Helveticum, Hilfsmittel, 1. Teil: Verzeichnis der
/Users/programming/PycharmProjects/Find_Bibliography_NEw/data/azk_library/sieber-christian__19.pdf;27;work;Tschudi (Aegidius/Gilg Tschudi, Chronicon Helveticum);\btschudi\b;el Stebler, in: Zürcher Taschenbuch NF 127 2007), im Druck. Sieber,Tschudi und Vadian Sieber Christian, Begegnungen auf Distanz. Tschudi und
/Users/programming/PycharmProjects/Find_Bibliography_NEw/data/azk_library/sieber-christian__19.pdf;27;work;Tschudi (Aegidius/Gilg Tschudi, Chronicon Helveticum);\btschudi\b;eber,Tschudi und Vadian Sieber Christian, Begegnungen auf Distanz. Tschudi und Vadian, in: Aegidius Tschudi und seine Zeit, hg. von Katharin
/Users/programming/PycharmProjects/Find_Bibliography_NEw/data/azk_library/sieber-christian__19.pdf;27;work;Tschudi (Aegidius/Gilg Tschudi, Chronicon Helveticum);\btschudi\b;ristian, Begegnungen auf Distanz. Tschudi und Vadian, in: Aegidius Tschudi und seine Zeit, hg. von Katharina Koller- Weiss und Christian Sie
/Users/programming/PycharmProjects/Find_Bibliography_NEw/data/azk_library/sieber-christian__19.pdf;27;work;Tschudi (Aegidius/Gilg Tschudi, Chronicon Helveticum);\btschudi\b;107–138. Sieber, Verzeichnis Sieber Christian, Verzeichnis der von Tschudi benützten Archive sowie der Chronikhandschriften und Druckwerke m
/Users/programming/PycharmProjects/Find_Bibliography_NEw/data/azk_library/sieber-christian__19.pdf;27;work;Tschudi (Aegidius/Gilg Tschudi, Chronicon Helveticum);\btschudi\b;schriften und Druckwerke mit dokumentarischen Texten, in: Aegidius Tschudi, Chronicon Helveticum, Hilfsmittel, 1. Teil: Verzeichnis der Doku
/Users/programming/PycharmProjects/Find_Bibliography_NEw/data/azk_library/sieber-christian__19.pdf;27;work;Tschudi (Aegidius/Gilg Tschudi, Chronicon Helveticum);\btschudi\b;berlieferungvon Hans Fründs Darstellung des Alten Zürichkriegs, in:Tschudi, Chronicon 12, S. 122*–134*. Stettler, Liquidation Stettler Bernh
/Users/programming/PycharmProjects/Find_Bibliography_NEw/data/azk_library/sieber-christian__19.pdf;27;work;Tschudi (Aegidius/Gilg Tschudi, Chronicon Helveticum);\btschudi\b;en Zürichkriegs. Der Weg zur neuen Eidgenossenschaft von 1450, in: Tschudi, Chronicon 12, S. 11*–72*. Stettler, Pfäffikon und Wollerau Stett
/Users/programming/PycharmProjects/Find_Bibliography_NEw/data/azk_library/sieber-christian__19.pdf;27;work;Tschudi (Aegidius/Gilg Tschudi, Chronicon Helveticum);\btschudi\b;vom Alten Zürichkrieg und dessen Platz in der Historiographie, in: Tschudi, Chronicon 12, S. 73*–121*. Stettler, Zürcher Standpunkt Stettler
/Users/programming/PycharmProjects/Find_Bibliography_NEw/data/azk_library/sieber-christian__19.pdf;27;work;Tschudi (Aegidius/Gilg Tschudi, Chronicon Helveticum);\btschudi\b;1438 als Zeugnis für den Zusammenstoss zweier Rechtskulturen, in: Tschudi, Chronicon 10, S. 17*–62*.
/Users/programming/PycharmProjects/Find_Bibliography_NEw/data/azk_library/sieber-christian__19.pdf;27;work;Tschudi (Aegidius/Gilg Tschudi, Chronicon Helveticum);chronicon[\s \-]+helveticum;uckwerke mit dokumentarischen Texten, in: Aegidius Tschudi, Chronicon Helveticum, Hilfsmittel, 1. Teil: Verzeichnis der Dokumente, Verzeichn
/Users/programming/PycharmProjects/Find_Bibliography_NEw/data/azk_library/sieber-christian__19.pdf;27;work;Bullinger (Heinrich Bullinger, historiographische Werke);\bbullinger\b;Eremit – Nikolaus von Flüe im Alten Zürichkrieg. Ein Nachtrag zum Bullinger-Jahr), in: Niederhäuser/ Sieber, Neue Zugänge, S. 65–88. Sieber,
/Users/programming/PycharmProjects/Find_Bibliography_NEw/data/azk_library/sieber-christian__19.pdf;27;work;Vadian (Joachim Vadianus, St. Galler Chronik);\bvadian(us)?\b;in: Zürcher Taschenbuch NF 127 2007), im Druck. Sieber,Tschudi und Vadian Sieber Christian, Begegnungen auf Distanz. Tschudi und Vadian, in:
/Users/programming/PycharmProjects/Find_Bibliography_NEw/data/azk_library/sieber-christian__19.pdf;27;work;Vadian (Joachim Vadianus, St. Galler Chronik);\bvadian(us)?\b;und Vadian Sieber Christian, Begegnungen auf Distanz. Tschudi und Vadian, in: Aegidius Tschudi und seine Zeit, hg. von Katharina Koller- We
/Users/programming/PycharmProjects/Find_Bibliography_NEw/data/azk_library/sieber-christian__19.pdf;27;series;QSG (Quellen zur Schweizer Geschichte);quellen[\s \-]+zur[\s \-]+schweizer[\s \-]+geschichte;nis der Dokumente, Verzeichnis der Lieder, Basel 2001 Quellen zur Schweizer Geschichte NF, Abt. I: Chroniken, Bd. 7/H1), S. 24–151. Sieber-L
/Users/programming/PycharmProjects/Find_Bibliography_NEw/data/azk_library/sieber-christian__19.pdf;27;series;SSRQ (Sammlung Schweizerischer Rechtsquellen);\bssrq\b;on 1386 bis 1532, Bern/Stuttgart/Wien 1998 Schweizer Texte, NF 13). SSRQ LU 1/1–3 Sammlung Schweizerischer Rechtsquellen: III. Abt.: Die Rec
/Users/programming/PycharmProjects/Find_Bibliography_NEw/data/azk_library/sieber-christian__19.pdf;27;series;SSRQ (Sammlung Schweizerischer Rechtsquellen);\bssrq\b;Territorialstaat Luzern, bearb. von Konrad Wanner, Basel 1998–2005. SSRQ LU 2/1 Sammlung Schweizerischer Rechtsquellen: III. Abt.: Die Recht
/Users/programming/PycharmProjects/Find_Bibliography_NEw/data/azk_library/sieber-christian__19.pdf;27;series;SSRQ (Sammlung Schweizerischer Rechtsquellen);sammlung[\s \-]+schweizerischer[\s \-]+rechtsquellen;t/Wien 1998 Schweizer Texte, NF 13). SSRQ LU 1/1–3 Sammlung Schweizerischer Rechtsquellen: III. Abt.: Die Rechtsquellen des Kantons Luzern,
/Users/programming/PycharmProjects/Find_Bibliography_NEw/data/azk_library/sieber-christian__19.pdf;27;series;SSRQ (Sammlung Schweizerischer Rechtsquellen);sammlung[\s \-]+schweizerischer[\s \-]+rechtsquellen;b. von Konrad Wanner, Basel 1998–2005. SSRQ LU 2/1 Sammlung Schweizerischer Rechtsquellen: III. Abt.: Die Rechtsquellen des Kantons Luzern,
/Users/programming/PycharmProjects/Find_Bibliography_NEw/data/azk_library/sieber-christian__19.pdf;27;generic;Chronik/Chroniken;\bchronik(?:en)?\b;r Lieder, Basel 2001 Quellen zur Schweizer Geschichte NF, Abt. I: Chroniken, Bd. 7/H1), S. 24–151. Sieber-Lehmann/Wilhelmi, In Helvetios Sie
/Users/programming/PycharmProjects/Find_Bibliography_NEw/data/azk_library/sieber-christian__19.pdf;27;generic;Chronicon/Chronica;\bchronic(?:on|a|orum)\b;und Druckwerke mit dokumentarischen Texten, in: Aegidius Tschudi, Chronicon Helveticum, Hilfsmittel, 1. Teil: Verzeichnis der Dokumente, Ver
/Users/programming/PycharmProjects/Find_Bibliography_NEw/data/azk_library/sieber-christian__19.pdf;27;generic;Chronicon/Chronica;\bchronic(?:on|a|orum)\b;ngvon Hans Fründs Darstellung des Alten Zürichkriegs, in:Tschudi, Chronicon 12, S. 122*–134*. Stettler, Liquidation Stettler Bernhard, Die L
/Users/programming/PycharmProjects/Find_Bibliography_NEw/data/azk_library/sieber-christian__19.pdf;27;generic;Chronicon/Chronica;\bchronic(?:on|a|orum)\b;riegs. Der Weg zur neuen Eidgenossenschaft von 1450, in: Tschudi, Chronicon 12, S. 11*–72*. Stettler, Pfäffikon und Wollerau Stettler Bernha
/Users/programming/PycharmProjects/Find_Bibliography_NEw/data/azk_library/sieber-christian__19.pdf;27;generic;Chronicon/Chronica;\bchronic(?:on|a|orum)\b;Zürichkrieg und dessen Platz in der Historiographie, in: Tschudi, Chronicon 12, S. 73*–121*. Stettler, Zürcher Standpunkt Stettler Bernhard,
/Users/programming/PycharmProjects/Find_Bibliography_NEw/data/azk_library/sieber-christian__19.pdf;27;generic;Chronicon/Chronica;\bchronic(?:on|a|orum)\b;Zeugnis für den Zusammenstoss zweier Rechtskulturen, in: Tschudi, Chronicon 10, S. 17*–62*.
/Users/programming/PycharmProjects/Find_Bibliography_NEw/data/azk_library/sieber-christian__19.pdf;27;generic;Chronicon/Chronica;\bchronicon[\s \-]+helveticum\b;uckwerke mit dokumentarischen Texten, in: Aegidius Tschudi, Chronicon Helveticum, Hilfsmittel, 1. Teil: Verzeichnis der Dokumente, Verzeichn
/Users/programming/PycharmProjects/Find_Bibliography_NEw/data/azk_library/sieber-christian__19.pdf;27;generic;Historia/Historiae;\bhistori[ae]\b;log der kantonalen Gewerbeausstellung 1924, Luzern 1924. Segovia, Historia Segovia Juan de, Historia gestorum generalis synodi Basiliensis,
/Users/programming/PycharmProjects/Find_Bibliography_NEw/data/azk_library/sieber-christian__19.pdf;27;generic;Historia/Historiae;\bhistori[ae]\b;ausstellung 1924, Luzern 1924. Segovia, Historia Segovia Juan de, Historia gestorum generalis synodi Basiliensis, hrsg. von Ernst Birk u.a.,
/Users/programming/PycharmProjects/Find_Bibliography_NEw/data/azk_library/sieber-christian__19.pdf;27;generic;Eydgenossenschaft/Helvetia (frühneuzeitl. Schreibungen);eidt?genossenschaft;rtsort, Gerichtshof, Landesheiligtum. Einsiedeln und die Alte Eidgenossenschaft, in: MHVS 88 1996), S. 41–51. Sieber, Grüningen Sieber Chris
/Users/programming/PycharmProjects/Find_Bibliography_NEw/data/azk_library/sieber-christian__19.pdf;27;generic;Eydgenossenschaft/Helvetia (frühneuzeitl. Schreibungen);eidt?genossenschaft;t Zürich zwischen der Herrschaft Österreich und der werdenden Eidgenossenschaft, in: Geschichte des Kantons Zürich, Bd. 1, Zürich 1995, S. 4
/Users/programming/PycharmProjects/Find_Bibliography_NEw/data/azk_library/sieber-christian__19.pdf;27;generic;Eydgenossenschaft/Helvetia (frühneuzeitl. Schreibungen);eidt?genossenschaft;und AmtWeggis, bearb. vonMartinSalzmann, Aarau1996. Stettler, Eidgenossenschaft Stettler Bernhard, Die Eidgenossenschaft im 15. Jahrhundert.
/Users/programming/PycharmProjects/Find_Bibliography_NEw/data/azk_library/sieber-christian__19.pdf;27;generic;Eydgenossenschaft/Helvetia (frühneuzeitl. Schreibungen);eidt?genossenschaft;Aarau1996. Stettler, Eidgenossenschaft Stettler Bernhard, Die Eidgenossenschaft im 15. Jahrhundert. Die Suche nach einem gemeinsamen Nenner,
/Users/programming/PycharmProjects/Find_Bibliography_NEw/data/azk_library/sieber-christian__19.pdf;27;generic;Eydgenossenschaft/Helvetia (frühneuzeitl. Schreibungen);eidt?genossenschaft;rd, Die Liquidation des Alten Zürichkriegs. Der Weg zur neuen Eidgenossenschaft von 1450, in: Tschudi, Chronicon 12, S. 11*–72*. Stettler, P
/Users/programming/PycharmProjects/Find_Bibliography_NEw/data/azk_library/sieber-christian__19.pdf;27;generic;Schlacht-/Kriegserzählungen;\bkrieg(?:e|en)?\b;t, in: MHVS 88 1996), S. 41–51. Sieber, Grüningen Sieber Christian, Krieg und Frieden in der Herrschaft Grüningen. Zwischen politischer Weic
/Users/programming/PycharmProjects/Find_Bibliography_NEw/data/azk_library/sieber-christian__19.pdf;28;work;Tschachtlan (Benedikt Tschachtlan);\btschachtlan\b;te des Bodensees und seiner Umgebung 112 1994), S. 1–44. Studer, Tschachtlan Studer Gottlieb, Die Chronik von Tschachtlan, in: Archiv des Hi
/Users/programming/PycharmProjects/Find_Bibliography_NEw/data/azk_library/sieber-christian__19.pdf;28;work;Tschachtlan (Benedikt Tschachtlan);\btschachtlan\b;), S. 1–44. Studer, Tschachtlan Studer Gottlieb, Die Chronik von Tschachtlan, in: Archiv des Historischen Vereins des Kantons Bern 6 1867),
/Users/programming/PycharmProjects/Find_Bibliography_NEw/data/azk_library/sieber-christian__19.pdf;28;work;Tschachtlan (Benedikt Tschachtlan);\btschachtlan\b;v des Historischen Vereins des Kantons Bern 6 1867), S. 627–653. Tschachtlan, Bilderchronik Tschachtlans Bilderchronik, Kommentar zur Faksim
/Users/programming/PycharmProjects/Find_Bibliography_NEw/data/azk_library/sieber-christian__19.pdf;28;work;Tschudi (Aegidius/Gilg Tschudi, Chronicon Helveticum);\btschudi\b;Eidgenossenschaft im Jahr 1442. Erwartungen und Wirklichkeit, in: Tschudi, Chronicon 11, S. 13*–88*. Stettler, Zwanziger Jahre Stettler Ber
/Users/programming/PycharmProjects/Find_Bibliography_NEw/data/azk_library/sieber-christian__19.pdf;28;work;Tschudi (Aegidius/Gilg Tschudi, Chronicon Helveticum);\btschudi\b;Konsolidierung und eidgenössische Solidarität im Widerstreit, in: Tschudi, Chronicon 9, S. 22*–158*. Studer, Besuch Studer Christoph, «Do d
/Users/programming/PycharmProjects/Find_Bibliography_NEw/data/azk_library/sieber-christian__19.pdf;28;work;Tschudi (Aegidius/Gilg Tschudi, Chronicon Helveticum);\btschudi\b;fred A. Schmid, Textedition bearb. von Pascal Ladner, Luzern 1988. Tschudi, Chronicon 9–13 Tschudi Aegidius, Chronicon Helveticum, 9.–13. Te
/Users/programming/PycharmProjects/Find_Bibliography_NEw/data/azk_library/sieber-christian__19.pdf;28;work;Tschudi (Aegidius/Gilg Tschudi, Chronicon Helveticum);\btschudi\b;ion bearb. von Pascal Ladner, Luzern 1988. Tschudi, Chronicon 9–13 Tschudi Aegidius, Chronicon Helveticum, 9.–13. Teil, bearb. von Bernhard
/Users/programming/PycharmProjects/Find_Bibliography_NEw/data/azk_library/sieber-christian__19.pdf;28;work;Tschudi (Aegidius/Gilg Tschudi, Chronicon Helveticum);chronicon[\s \-]+helveticum;ner, Luzern 1988. Tschudi, Chronicon 9–13 Tschudi Aegidius, Chronicon Helveticum, 9.–13. Teil, bearb. von Bernhard Stettler, Basel 1992–2000
/Users/programming/PycharmProjects/Find_Bibliography_NEw/data/azk_library/sieber-christian__19.pdf;28;series;QSG (Quellen zur Schweizer Geschichte);quellen[\s \-]+zur[\s \-]+schweizer[\s \-]+geschichte;. Teil, bearb. von Bernhard Stettler, Basel 1992–2000 Quellen zur Schweizer Geschichte NF, Abt. I: Chroniken, Bd. 7/9–13). UB Appenzell Appe
/Users/programming/PycharmProjects/Find_Bibliography_NEw/data/azk_library/sieber-christian__19.pdf;28;generic;Chronik/Chroniken;\bchronik(?:en)?\b;ebung 112 1994), S. 1–44. Studer, Tschachtlan Studer Gottlieb, Die Chronik von Tschachtlan, in: Archiv des Historischen Vereins des Kantons
/Users/programming/PycharmProjects/Find_Bibliography_NEw/data/azk_library/sieber-christian__19.pdf;28;generic;Chronik/Chroniken;\bchronik(?:en)?\b;ler, Basel 1992–2000 Quellen zur Schweizer Geschichte NF, Abt. I: Chroniken, Bd. 7/9–13). UB Appenzell Appenzeller Urkundenbuch, bearb. von
/Users/programming/PycharmProjects/Find_Bibliography_NEw/data/azk_library/sieber-christian__19.pdf;28;generic;Chronicon/Chronica;\bchronic(?:on|a|orum)\b;enschaft im Jahr 1442. Erwartungen und Wirklichkeit, in: Tschudi, Chronicon 11, S. 13*–88*. Stettler, Zwanziger Jahre Stettler Bernhard, Die
/Users/programming/PycharmProjects/Find_Bibliography_NEw/data/azk_library/sieber-christian__19.pdf;28;generic;Chronicon/Chronica;\bchronic(?:on|a|orum)\b;erung und eidgenössische Solidarität im Widerstreit, in: Tschudi, Chronicon 9, S. 22*–158*. Studer, Besuch Studer Christoph, «Do der kúng hi
/Users/programming/PycharmProjects/Find_Bibliography_NEw/data/azk_library/sieber-christian__19.pdf;28;generic;Chronicon/Chronica;\bchronic(?:on|a|orum)\b;hmid, Textedition bearb. von Pascal Ladner, Luzern 1988. Tschudi, Chronicon 9–13 Tschudi Aegidius, Chronicon Helveticum, 9.–13. Teil, bearb.
/Users/programming/PycharmProjects/Find_Bibliography_NEw/data/azk_library/sieber-christian__19.pdf;28;generic;Chronicon/Chronica;\bchronic(?:on|a|orum)\b;al Ladner, Luzern 1988. Tschudi, Chronicon 9–13 Tschudi Aegidius, Chronicon Helveticum, 9.–13. Teil, bearb. von Bernhard Stettler, Basel 199
/Users/programming/PycharmProjects/Find_Bibliography_NEw/data/azk_library/sieber-christian__19.pdf;28;generic;Chronicon/Chronica;\bchronicon[\s \-]+helveticum\b;ner, Luzern 1988. Tschudi, Chronicon 9–13 Tschudi Aegidius, Chronicon Helveticum, 9.–13. Teil, bearb. von Bernhard Stettler, Basel 1992–2000
/Users/programming/PycharmProjects/Find_Bibliography_NEw/data/azk_library/sieber-christian__19.pdf;28;generic;Jahrbuch/Jahrbücher;jahrb[üu]ch(?:er|e)?\b;humanisten in der Luzerner Stadtkanzlei des 15. Jahrhunderts, in: Jahrbuch der Historischen Gesellschaft Luzern 18 2000), S. 2–44. Weber, Be
/Users/programming/PycharmProjects/Find_Bibliography_NEw/data/azk_library/sieber-christian__19.pdf;28;generic;Eydgenossenschaft/Helvetia (frühneuzeitl. Schreibungen);eidt?genossenschaft;Ausscheren Stettler Bernhard, Das Ausscheren Zürichs aus der Eidgenossenschaft im Jahr 1442. Erwartungen und Wirklichkeit, in: Tschudi, Chr
/Users/programming/PycharmProjects/Find_Bibliography_NEw/data/azk_library/bihrer-andreas__5.pdf;3;generic;Chronik/Chroniken;\bchronik(?:en)?\b;"ins Spiel; anhand der genauen Beschreibungen in zeitgendssischen Chroniken und der dort tiberlieferten Dokumente kann das Vorgehen des Bisc"
/Users/programming/PycharmProjects/Find_Bibliography_NEw/data/azk_library/bihrer-andreas__5.pdf;3;generic;Eydgenossenschaft/Helvetia (frühneuzeitl. Schreibungen);eidt?genossenschaft;ker. Zugleich erwuchs den Bischéfen mit der sich formierenden Eidgenossenschaft ein neuer Gegner, insbesondere nach der Eroberung des Aargau
/Users/programming/PycharmProjects/Find_Bibliography_NEw/data/azk_library/bihrer-andreas__5.pdf;3;generic;Schlacht-/Kriegserzählungen;\bkrieg(?:e|en)?\b;h weder durch Prozesse noch durch Gewalt, so im «Bischoff Hainrichs krieg»® von 1438-1441, einschiichtern. Eine Schliisselrolle bei der Ausl
/Users/programming/PycharmProjects/Find_Bibliography_NEw/data/azk_library/bihrer-andreas__5.pdf;4;work;Tschudi (Aegidius/Gilg Tschudi, Chronicon Helveticum);aegidi(?:us)?[\s \-]+tschudi;idgendssischen als «der boeB frid» bezeichnet, auch wenn erst Aegidius Tschudi explizit den Bischof, der «Frieden sucht um jeden Preis», fii
/Users/programming/PycharmProjects/Find_Bibliography_NEw/data/azk_library/bihrer-andreas__5.pdf;4;work;Tschudi (Aegidius/Gilg Tschudi, Chronicon Helveticum);\btschudi\b;ndssischen als «der boeB frid» bezeichnet, auch wenn erst Aegidius Tschudi explizit den Bischof, der «Frieden sucht um jeden Preis», fiir da
/Users/programming/PycharmProjects/Find_Bibliography_NEw/data/azk_library/bihrer-andreas__5.pdf;4;generic;Schlacht-/Kriegserzählungen;\bschlacht(?:en)?\b;gendssischen Heerscharen konnten der Hewener und seine Helfer die Schlacht bei St. Jakob an der Sihl nicht verhindern. Als allerdings Rapper
/Users/programming/PycharmProjects/Find_Bibliography_NEw/data/azk_library/bihrer-andreas__5.pdf;5;generic;Eydgenossenschaft/Helvetia (frühneuzeitl. Schreibungen);eidt?genossenschaft;Anna, sympathisierten schon langer mit den Eidgenossen.*! Die Eidgenossenschaft war aus dem Alten Ziirichkrieg gefestigt hervorgegangen® und
/Users/programming/PycharmProjects/Find_Bibliography_NEw/data/azk_library/bihrer-andreas__5.pdf;8;generic;Chronik/Chroniken;\bchronik(?:en)?\b;ozial- und Kulturgeschichte, Beromiinster 1976, 30 f., 316. 2 Vgl. Chronik des Gebhard Dacher, in: Das alte Konstanz in Schrift und Stift. D
/Users/programming/PycharmProjects/Find_Bibliography_NEw/data/azk_library/bihrer-andreas__5.pdf;8;generic;Chronik/Chroniken;\bchronik(?:en)?\b;s Gebhard Dacher, in: Das alte Konstanz in Schrift und Stift. Die Chroniken der Stadt Konstanz, hg. von Philipp Ruppert, Konstanz 1891, 191-
/Users/programming/PycharmProjects/Find_Bibliography_NEw/data/azk_library/bihrer-andreas__5.pdf;8;generic;Chronik/Chroniken;\bchronik(?:en)?\b;StadtA Konstanz,A 18), Bd. 1,fol. 140 r, gegen Constanzer Bisthums-Chronik von Christoph Schulthaiss, hg. von Johann Marmor, in: FDA 8 (1874
/Users/programming/PycharmProjects/Find_Bibliography_NEw/data/azk_library/bihrer-andreas__5.pdf;8;generic;Chronik/Chroniken;\bchronik(?:en)?\b;"thaiss, Collectaneen (wie oben), fol. 140 r-141 1; Ders., Bisthums-Chronik (wie oben), 58-60; Gregor Mangolt: Konstanzer Stadtchronik, Redak"
/Users/programming/PycharmProjects/Find_Bibliography_NEw/data/azk_library/bihrer-andreas__5.pdf;8;generic;Chronik/Chroniken;\bchronick\b;"tadtchronik, Redaktion B (ZBZ, Ms. A 83), fol. 39 v; Jacob Merck: Chronick de Bistthumbs Costanz, das ist: Ein kurtze Beschreibung aller Cos"
/Users/programming/PycharmProjects/Find_Bibliography_NEw/data/azk_library/bihrer-andreas__5.pdf;8;generic;Annales/Annalen;\bannal(?:es|en)\b;Omnibus Germaniae Episcopatibus Epitomes: Tomus Primus. Continens Annales Archiepiscopatus Moguntini ac duodecim aliorum Episcopatuum, qui
/Users/programming/PycharmProjects/Find_Bibliography_NEw/data/azk_library/bihrer-andreas__5.pdf;8;generic;Eydgenossenschaft/Helvetia (frühneuzeitl. Schreibungen);helveti[ae];rigitte Degler-Spengler: Die BischGfe [des Spatmittelalters], in: Helvetia Sacra, Bd. 1,2,1: Das Bistum Konstanz, Basel/Frankfurt a. M. 1993
/Users/programming/PycharmProjects/Find_Bibliography_NEw/data/azk_library/bihrer-andreas__5.pdf;8;generic;Eydgenossenschaft/Helvetia (frühneuzeitl. Schreibungen);helveti[ae];"1-356; Dies. und Werner Kundert: Das Domstift. Die Dignitare, in: Helvetia Sacra, Bd. 1,2,2: Das Bistum Konstanz, Basel/Frankfurt a. M. 1993"
/Users/programming/PycharmProjects/Find_Bibliography_NEw/data/azk_library/bihrer-andreas__5.pdf;8;generic;Eydgenossenschaft/Helvetia (frühneuzeitl. Schreibungen);helveti[ae];"f.; Thomas Frei: Art. «Heinrich von Hewen», in: HLS (www.hls.ch); Helvetia Sacra, Bd. 1,1: Schweizerische Kardinale. Das Apostolische Gesand"
/Users/programming/PycharmProjects/Find_Bibliography_NEw/data/azk_library/bihrer-andreas__5.pdf;8;generic;Eydgenossenschaft/Helvetia (frühneuzeitl. Schreibungen);helveti[ae];"g Mayer: Geschichte des Bistums Chur, Bd. 1, Stans 1907, 447-455; Helvetia Sacra, Bd. 2,2: Die weltlichen Kollegiatstifte in der deutsch- un"
/Users/programming/PycharmProjects/Find_Bibliography_NEw/data/azk_library/bihrer-andreas__5.pdf;9;work;Tschudi (Aegidius/Gilg Tschudi, Chronicon Helveticum);\btschudi\b;"6, Nr. 8495. Vgl. die Schilderung in: Klingenberger Chronik, 255; Tschudi, Bd. 10, 160. EA, Bd. 2, Beilage Nr. 15."
/Users/programming/PycharmProjects/Find_Bibliography_NEw/data/azk_library/bihrer-andreas__5.pdf;9;work;Klingenberger/Rapperswiler Chronik (Eberhard Wüest);klingenberger[\s \-]+chronik;"Nr. 213 = URStAZ, Bd. 6, Nr. 8495. Vgl. die Schilderung in: Klingenberger Chronik, 255; Tschudi, Bd. 10, 160. EA, Bd. 2, Beilage Nr. 15."
/Users/programming/PycharmProjects/Find_Bibliography_NEw/data/azk_library/bihrer-andreas__5.pdf;9;generic;Chronik/Chroniken;\bchronik(?:en)?\b;"= URStAZ, Bd. 6, Nr. 8495. Vgl. die Schilderung in: Klingenberger Chronik, 255; Tschudi, Bd. 10, 160. EA, Bd. 2, Beilage Nr. 15."
/Users/programming/PycharmProjects/Find_Bibliography_NEw/data/azk_library/bihrer-andreas__5.pdf;9;generic;Jahrbuch/Jahrbücher;jahrb[üu]ch(?:er|e)?\b;dzesansynoden im Mittelalter und in der Neuzeit, in: Rottenburger Jahrbuch fiir Kirchengeschichte 5 (1986), 53-70, hier 57-59. Zum Miinsterb
/Users/programming/PycharmProjects/Find_Bibliography_NEw/data/azk_library/bihrer-andreas__5.pdf;9;generic;Eydgenossenschaft/Helvetia (frühneuzeitl. Schreibungen);eidt?genossenschaft;"s, Wien/K6ln/Weimar 1993, 381; zuletzt Bernhard Stettler: Die Eidgenossenschaft im 15. Jahrhundert. Die Suche nach einem gemeinsamen Nenner,"
/Users/programming/PycharmProjects/Find_Bibliography_NEw/data/azk_library/bihrer-andreas__5.pdf;9;generic;Eydgenossenschaft/Helvetia (frühneuzeitl. Schreibungen);helveti[ae];". (wie Anm. 1), 160-178, hier 177; Bernd Ottnad: Die Kanzler, in: Helvetia Sacra, Bd. 1,2,2 (wie Anm. 1), 729-764, hier 738. Zur Regierung H"
/Users/programming/PycharmProjects/Find_Bibliography_NEw/data/azk_library/bihrer-andreas__5.pdf;9;generic;Eydgenossenschaft/Helvetia (frühneuzeitl. Schreibungen);helveti[ae];"ler: Geschichte - Das Bistum vom 13. bis zum 15. Jahrhundert, in: Helvetia Sacra, Bd. 1,2,1 (wie Anm. 1), 92-122, hier 112; Wilhelm Baum: Di"
/Users/programming/PycharmProjects/Find_Bibliography_NEw/data/azk_library/bihrer-andreas__5.pdf;10;work;Edlibach (Gerold Edlibach, Zürcher Chronik);\bedlibach\b;wer.» Tschudi, Bd. 11, 190. Vgl. Klingenberger Chronik, 327, bzw. Edlibach, 43, oder Johannes Stumpf: Gemeiner loblicher Eydgnoschafft Stett
/Users/programming/PycharmProjects/Find_Bibliography_NEw/data/azk_library/bihrer-andreas__5.pdf;10;work;Stumpf (Johannes Stumpf, Schweizerchronik);johannes[\s \-]+stumpf;190. Vgl. Klingenberger Chronik, 327, bzw. Edlibach, 43, oder Johannes Stumpf: Gemeiner loblicher Eydgnoschafft Stetten, Landen und Vélcker
/Users/programming/PycharmProjects/Find_Bibliography_NEw/data/azk_library/bihrer-andreas__5.pdf;10;work;Stumpf (Johannes Stumpf, Schweizerchronik);gemeiner[\s \-]+loblicher[\s \-]+eydgnoschafft[\s \-]+.*[\s \-]+chronick;dlibach, 43, oder Johannes Stumpf: Gemeiner loblicher Eydgnoschafft Stetten, Landen und Vélckeren Chronick etc., Ziirich 1548, Bd. 2, fol. 4
/Users/programming/PycharmProjects/Find_Bibliography_NEw/data/azk_library/bihrer-andreas__5.pdf;10;work;Tschudi (Aegidius/Gilg Tschudi, Chronicon Helveticum);\btschudi\b;"gust Bernoulli, Leipzig 1895, 201-325, hier 244 f. Friind, 152 f.; Tschudi, Bd. 11, 161; REC, Bd. 4, Nr. 10780-10781. Zur Vermittlertatigkei"
/Users/programming/PycharmProjects/Find_Bibliography_NEw/data/azk_library/bihrer-andreas__5.pdf;10;work;Tschudi (Aegidius/Gilg Tschudi, Chronicon Helveticum);\btschudi\b;"wie Anm. 1), 776. Klingenberger Chronik, 325-327; Friind, 163-168; Tschudi, Bd. 11, 181-200. Ein ausfiihrlicher Vergleich der Geschichtsschr"
/Users/programming/PycharmProjects/Find_Bibliography_NEw/data/azk_library/bihrer-andreas__5.pdf;10;work;Tschudi (Aegidius/Gilg Tschudi, Chronicon Helveticum);\btschudi\b;ch der Geschichtsschreiber bei Bernhard Stettler: [Kommentar], in: Tschudi, Bd. 11, 192-194. Der Abdruck des Waffenstillstands im Wortlaut b
/Users/programming/PycharmProjects/Find_Bibliography_NEw/data/azk_library/bihrer-andreas__5.pdf;10;work;Tschudi (Aegidius/Gilg Tschudi, Chronicon Helveticum);\btschudi\b;Abdruck des Waffenstillstands im Wortlaut bei Friind, 163-168, und Tschudi, Bd. 11, 193-201, nach der Originalurkunde, wieder in EA, Bd. 2,
/Users/programming/PycharmProjects/Find_Bibliography_NEw/data/azk_library/bihrer-andreas__5.pdf;10;work;Tschudi (Aegidius/Gilg Tschudi, Chronicon Helveticum);\btschudi\b;rmehren. Freundliche Mitteilung von Andre Gutmann, Freiburg i. Br. Tschudi schliesst aus der Urkunde tiberdies, dass Heinrich seine Autorita
/Users/programming/PycharmProjects/Find_Bibliography_NEw/data/azk_library/bihrer-andreas__5.pdf;10;work;Tschudi (Aegidius/Gilg Tschudi, Chronicon Helveticum);\btschudi\b;s ein tibelmégender krancker herr zuo inen in das veld komen wer.» Tschudi, Bd. 11, 190. Vgl. Klingenberger Chronik, 327, bzw. Edlibach, 43,
/Users/programming/PycharmProjects/Find_Bibliography_NEw/data/azk_library/bihrer-andreas__5.pdf;10;work;Tschudi (Aegidius/Gilg Tschudi, Chronicon Helveticum);\btschudi\b;"tanzer Bischofs vgl.: Klingenberger Chronik, 334; Friind, 171-185; Tschudi, Bd. 11, 229-246; EA, Bd. 2, Nr.273 = REC, Bd. 4, Nr. 10910; URSt"
/Users/programming/PycharmProjects/Find_Bibliography_NEw/data/azk_library/bihrer-andreas__5.pdf;10;work;Tschudi (Aegidius/Gilg Tschudi, Chronicon Helveticum);\btschudi\b;"043, 11069, 11186, 11194, 11203, 11228, 11241. EA, Bd. 2, Nr. 363; Tschudi, Bd. 12, 177-181 = REC, Bd. 4, Nr. 11413. EA, Bd. 2, Nr. 320b = R"
/Users/programming/PycharmProjects/Find_Bibliography_NEw/data/azk_library/bihrer-andreas__5.pdf;10;work;Klingenberger/Rapperswiler Chronik (Eberhard Wüest);klingenberger[\s \-]+chronik;"lvetia Sacra 1,1 (wie Anm. 1), 195; Gatz (wie Anm. 1), 776. Klingenberger Chronik, 325-327; Friind, 163-168; Tschudi, Bd. 11, 181-200. Ein a"
/Users/programming/PycharmProjects/Find_Bibliography_NEw/data/azk_library/bihrer-andreas__5.pdf;10;work;Klingenberger/Rapperswiler Chronik (Eberhard Wüest);klingenberger[\s \-]+chronik;zuo inen in das veld komen wer.» Tschudi, Bd. 11, 190. Vgl. Klingenberger Chronik, 327, bzw. Edlibach, 43, oder Johannes Stumpf: Gemeiner lo
/Users/programming/PycharmProjects/Find_Bibliography_NEw/data/azk_library/bihrer-andreas__5.pdf;10;work;Klingenberger/Rapperswiler Chronik (Eberhard Wüest);klingenberger[\s \-]+chronik;"Tag und zur fiihrenden Rolle des Konstanzer Bischofs vgl.: Klingenberger Chronik, 334; Friind, 171-185; Tschudi, Bd. 11, 229-246; EA, Bd. 2"
/Users/programming/PycharmProjects/Find_Bibliography_NEw/data/azk_library/bihrer-andreas__5.pdf;10;work;Klingenberger/Rapperswiler Chronik (Eberhard Wüest);klingenberger[\s \-]+chronik;ick bei Niederstatter (wie Anm. 12),251-256. Das Zitat nach Klingenberger Chronik, 334. Der Chronist fiigte hinzu: «Darumb ich darvon nit vi
/Users/programming/PycharmProjects/Find_Bibliography_NEw/data/azk_library/bihrer-andreas__5.pdf;10;series;Basler Chroniken (Reihe);\bbasler[\s \-]+chroniken\b;25 26 27 28 29 Die Chronik Henmann Offenburgs. 1413-1445, in: Basler Chroniken, Bd. 5, bearb. von August Bernoulli, Leipzig 1895, 201-325, h
/Users/programming/PycharmProjects/Find_Bibliography_NEw/data/azk_library/bihrer-andreas__5.pdf;10;generic;Chronik/Chroniken;\bchronik(?:en)?\b;15 16 17 18 19 20 21. 22 23 24 25 26 27 28 29 Die Chronik Henmann Offenburgs. 1413-1445, in: Basler Chroniken, Bd. 5, bearb. von August Bern
/Users/programming/PycharmProjects/Find_Bibliography_NEw/data/azk_library/bihrer-andreas__5.pdf;10;generic;Chronik/Chroniken;\bchronik(?:en)?\b;26 27 28 29 Die Chronik Henmann Offenburgs. 1413-1445, in: Basler Chroniken, Bd. 5, bearb. von August Bernoulli, Leipzig 1895, 201-325, hier
/Users/programming/PycharmProjects/Find_Bibliography_NEw/data/azk_library/bihrer-andreas__5.pdf;10;generic;Chronik/Chroniken;\bchronik(?:en)?\b;"Sacra 1,1 (wie Anm. 1), 195; Gatz (wie Anm. 1), 776. Klingenberger Chronik, 325-327; Friind, 163-168; Tschudi, Bd. 11, 181-200. Ein ausfiihr"
/Users/programming/PycharmProjects/Find_Bibliography_NEw/data/azk_library/bihrer-andreas__5.pdf;10;generic;Chronik/Chroniken;\bchronik(?:en)?\b;n in das veld komen wer.» Tschudi, Bd. 11, 190. Vgl. Klingenberger Chronik, 327, bzw. Edlibach, 43, oder Johannes Stumpf: Gemeiner loblicher
/Users/programming/PycharmProjects/Find_Bibliography_NEw/data/azk_library/bihrer-andreas__5.pdf;10;generic;Chronik/Chroniken;\bchronik(?:en)?\b;"d zur fiihrenden Rolle des Konstanzer Bischofs vgl.: Klingenberger Chronik, 334; Friind, 171-185; Tschudi, Bd. 11, 229-246; EA, Bd. 2, Nr.27"
/Users/programming/PycharmProjects/Find_Bibliography_NEw/data/azk_library/bihrer-andreas__5.pdf;10;generic;Chronik/Chroniken;\bchronik(?:en)?\b;Niederstatter (wie Anm. 12),251-256. Das Zitat nach Klingenberger Chronik, 334. Der Chronist fiigte hinzu: «Darumb ich darvon nit vil schri
/Users/programming/PycharmProjects/Find_Bibliography_NEw/data/azk_library/bihrer-andreas__5.pdf;10;generic;Chronik/Chroniken;\bchronick\b;f: Gemeiner loblicher Eydgnoschafft Stetten, Landen und Vélckeren Chronick etc., Ziirich 1548, Bd. 2, fol. 430 r. Das Zitat nach Stettler (w
/Users/programming/PycharmProjects/Find_Bibliography_NEw/data/azk_library/bihrer-andreas__5.pdf;10;generic;Eydgenossenschaft/Helvetia (frühneuzeitl. Schreibungen);eydt?g?nosch[aä]fft;27, bzw. Edlibach, 43, oder Johannes Stumpf: Gemeiner loblicher Eydgnoschafft Stetten, Landen und Vélckeren Chronick etc., Ziirich 1548, Bd.
/Users/programming/PycharmProjects/Find_Bibliography_NEw/data/azk_library/bihrer-andreas__5.pdf;10;generic;Eydgenossenschaft/Helvetia (frühneuzeitl. Schreibungen);helveti[ae];"angen bis zur Neuordnung 1828, in: FDA 88 (1968), 5-101, hier 66; Helvetia Sacra 1,1 (wie Anm. 1), 195; Gatz (wie Anm. 1), 776. Klingenberge"
/Users/programming/PycharmProjects/Find_Bibliography_NEw/data/azk_library/bihrer-andreas__5.pdf;10;generic;Schlacht-/Kriegserzählungen;\bkrieg(?:e|en)?\b;e Autoritaét den Eidgenossen gegeniiber damit unterstrich, dass der Krieg in seinem Bistum stattfand und: «Diewil er nun ir geistlicher obre
/Users/programming/PycharmProjects/Find_Bibliography_NEw/data/azk_library/bihrer-andreas__5.pdf;11;work;Tschudi (Aegidius/Gilg Tschudi, Chronicon Helveticum);\btschudi\b;. URStAZ, Bd. 6, Nr. 9016, und Bernhard Stettler: [Kommentar], in: Tschudi, Bd. 11,237. Zu Anna von Hewen kiinftig die Arbeit von Barbara Va
/Users/programming/PycharmProjects/Find_Bibliography_NEw/data/azk_library/bihrer-andreas__5.pdf;11;generic;Eydgenossenschaft/Helvetia (frühneuzeitl. Schreibungen);eidt?genossenschaft;indnisverbund» (Stettler [wie Anm. 10], 178), «nun gab es die Eidgenossenschaft» (ebd., 208). REC, Bd. 4, Nr. 12190, zum persénlichen Eingre
/Users/programming/PycharmProjects/Find_Bibliography_NEw/data/azk_library/bihrer-andreas__5.pdf;12;generic;Eydgenossenschaft/Helvetia (frühneuzeitl. Schreibungen);eidt?genossenschaft;wingt ihn in eine Vermittlerrolle zwischen Osterreich und der Eidgenossenschaft, die er wahrend seines gesamten Episkopats engagiert zugunst
/Users/programming/PycharmProjects/Find_Bibliography_NEw/data/azk_library/bihrer-andreas__5.pdf;12;generic;Eydgenossenschaft/Helvetia (frühneuzeitl. Schreibungen);helveti[ae];"aufig kirchenreformerisch tatig. Vel. Boner (wie Anm. 16), 67-69; Helvetia Sacra 1,1 (wie Anm. 1), 197; Gatz (wie Anm. 1), 595 f.,723; Hirsc"
/Users/programming/PycharmProjects/Find_Bibliography_NEw/data/azk_library/bihrer-andreas__5.pdf;12;generic;Schlacht-/Kriegserzählungen;\bkrieg(?:e|en)?\b;diese Deutung in der Mitte des 16. Jahrhunderts zu: «Diser hat vyl krieg und anst68 gehapt, hat ouch selbs vyl ungluck gestifft.» Gregor Ma
/Users/programming/PycharmProjects/Find_Bibliography_NEw/data/azk_library/bosshard-werner__14.pdf;1;generic;Schlacht-/Kriegserzählungen;\bkrieg(?:e|en)?\b;Krieg und Todesvorbereitung Ziircher letztwillige Verfiigungen 1428-1445! Werner Bosshard Lange standen bei Untersuchungen zu den spatmittel
/Users/programming/PycharmProjects/Find_Bibliography_NEw/data/azk_library/bosshard-werner__14.pdf;1;generic;Schlacht-/Kriegserzählungen;\bkrieg(?:e|en)?\b;stellt sich in diesem Zusammenhang zuerst die Frage, inwieweit der Krieg und andere dussere Ereignisse die Testierfrequenz beeinflussten. U
/Users/programming/PycharmProjects/Find_Bibliography_NEw/data/azk_library/bosshard-werner__14.pdf;1;generic;Schlacht-/Kriegserzählungen;\bkrieg(?:e|en)?\b;chtzahlen und -iiberlieferung herangezogen werden kénnen (neben dem Krieg zum Beispiel Pest oder Pestgeriicht, Klima). Dabei handelt es sich
/Users/programming/PycharmProjects/Find_Bibliography_NEw/data/azk_library/bosshard-werner__14.pdf;2;generic;Schlacht-/Kriegserzählungen;\bkrieg(?:e|en)?\b;en weiteren Hohepunkt. Ftir die Monate Juni und Juli hingegen — der Krieg war in vollem Gang — haben wir keine letztwilligen Verfiigungen ve
/Users/programming/PycharmProjects/Find_Bibliography_NEw/data/azk_library/bosshard-werner__14.pdf;2;generic;Schlacht-/Kriegserzählungen;\bkrieg(?:e|en)?\b;haben wir keine letztwilligen Verfiigungen verzeichnet. Obschon der Krieg erst in der zweiten Halfte des Jahres 1445 an Intensitat verlor, w
/Users/programming/PycharmProjects/Find_Bibliography_NEw/data/azk_library/bosshard-werner__14.pdf;3;generic;Schlacht-/Kriegserzählungen;\bschlacht(?:en)?\b;g im Jahr 1444. Bekannterweise fiel Stadtschreiber Stebler in der Schlacht bei St. Jakob an der Sihl am 22. Juli 1443. Sein Tod fiihrte zwar
/Users/programming/PycharmProjects/Find_Bibliography_NEw/data/azk_library/bosshard-werner__14.pdf;4;work;Brennwald (Heinrich/Johannes Brennwald, Schweizerchronik);heinrich[\s \-]+brennwald;nd reben und nussbém, das mans absluog.»'® Auch der Chronist Heinrich Brennwald bringt drei Nachrichten zum Untersuchungszeitraum, jedoch st
/Users/programming/PycharmProjects/Find_Bibliography_NEw/data/azk_library/bosshard-werner__14.pdf;4;work;Brennwald (Heinrich/Johannes Brennwald, Schweizerchronik);\bbrennwald\b;eben und nussbém, das mans absluog.»'® Auch der Chronist Heinrich Brennwald bringt drei Nachrichten zum Untersuchungszeitraum, jedoch stimme
/Users/programming/PycharmProjects/Find_Bibliography_NEw/data/azk_library/bosshard-werner__14.pdf;4;generic;Chronik/Chroniken;\bchronik(?:en)?\b;ationen nur sp§rlich fliessen, sind wir darauf angewiesen, in den Chroniken nach médglichen 4usseren Bedrohungen zu suchen, die die Bevolker
/Users/programming/PycharmProjects/Find_Bibliography_NEw/data/azk_library/bosshard-werner__14.pdf;4;generic;Schlacht-/Kriegserzählungen;\bschlacht(?:en)?\b;Belagerung der Stadt Ziirich Schlachten auf dem Hirzel und bei St. Jakob an der oo Riickzug aus Pfaffikon Gefecht am Etzel 25 1430 1435 1440
/Users/programming/PycharmProjects/Find_Bibliography_NEw/data/azk_library/bosshard-werner__14.pdf;4;generic;Schlacht-/Kriegserzählungen;\bkrieg(?:e|en)?\b;uf die Kriegsgeschehnisse vor. In den Gemichttexten aber findet der Krieg keine explizite Erwahnung. Hier verhielten sie sich wie in Frieden
/Users/programming/PycharmProjects/Find_Bibliography_NEw/data/azk_library/bosshard-werner__14.pdf;5;generic;Chronik/Chroniken;\bchronik(?:en)?\b;Winter 1431/32, vor allem aber mit dem Pestjahr 1434 sind in den Chroniken zwei Ereignisse tiberliefert, die ein Hochschnellen der Gemiacht
/Users/programming/PycharmProjects/Find_Bibliography_NEw/data/azk_library/bosshard-werner__14.pdf;5;generic;Chronik/Chroniken;\bchronik(?:en)?\b;s in anderen Jahren steht er allein da. Es liegt nahe, die in den Chroniken beschriebene Pest mit diesem Juli 1434 zu verkniipfen und nicht,
/Users/programming/PycharmProjects/Find_Bibliography_NEw/data/azk_library/bosshard-werner__14.pdf;5;generic;Chronik/Chroniken;\bchronik(?:en)?\b;ist zu unterstreichen, dass wir just im Winter 1431/32, der laut Chroniken besonders hart gewesen sein soll, eine vergleichsweise geringe T
/Users/programming/PycharmProjects/Find_Bibliography_NEw/data/azk_library/bosshard-werner__14.pdf;5;generic;Schlacht-/Kriegserzählungen;\bkrieg(?:e|en)?\b;Sommermonate fallt, doch wenn wir die Graphik losgelést vom Thema «Krieg» und «Pest» betrachten, so fallt auf, dass die héchsten Gemiachtrh
/Users/programming/PycharmProjects/Find_Bibliography_NEw/data/azk_library/bosshard-werner__14.pdf;9;generic;Schlacht-/Kriegserzählungen;\bkrieg(?:e|en)?\b;eiger vom 29, Januar 2001) Kriegs- und Friedenszeiten erkennen. Der Krieg beeinflusste zwar den Zeitpunkt, nicht aber den Inhalt der letztwi
/Users/programming/PycharmProjects/Find_Bibliography_NEw/data/azk_library/bosshard-werner__14.pdf;9;generic;Schlacht-/Kriegserzählungen;\bkrieg(?:e|en)?\b;er letztwilligen Verfiigung. In beiden Fallen — vor und wahrend dem Krieg — wird vor allem eines klar: Fiir die verheiratete Bevélkerung Zii
/Users/programming/PycharmProjects/Find_Bibliography_NEw/data/azk_library/bosshard-werner__14.pdf;10;generic;Schlacht-/Kriegserzählungen;\bkrieg(?:e|en)?\b;u sehen, ob die Ziircherinnen und Ziircher sich auch angesichts von Krieg und Seuchen kaum um das Jenseits kiimmerten, sondern nur um die Zu
/Users/programming/PycharmProjects/Find_Bibliography_NEw/data/azk_library/bosshard-werner__14.pdf;11;work;Brennwald (Heinrich/Johannes Brennwald, Schweizerchronik);heinrich[\s \-]+brennwald;asel 1900, 191. Chronik der Stadt Ziirich (wie Anm. 9), 192. Heinrich Brennwald, Schweizerchronik, hg. von Rudolf Luginbiihl (QSG, N. FE, Ab
/Users/programming/PycharmProjects/Find_Bibliography_NEw/data/azk_library/bosshard-werner__14.pdf;11;work;Brennwald (Heinrich/Johannes Brennwald, Schweizerchronik);\bbrennwald\b;1900, 191. Chronik der Stadt Ziirich (wie Anm. 9), 192. Heinrich Brennwald, Schweizerchronik, hg. von Rudolf Luginbiihl (QSG, N. FE, Abt. I
/Users/programming/PycharmProjects/Find_Bibliography_NEw/data/azk_library/bosshard-werner__14.pdf;11;work;Brennwald (Heinrich/Johannes Brennwald, Schweizerchronik);\bbrennwald\b;Rudolf Luginbiihl (QSG, N. FE, Abt. I/1), Bd.2, Basel 1910, 502. Brennwald (wie Anm. 11), 502. Brennwald (wie Anm. 11), 503. Koch (wie Anm.
/Users/programming/PycharmProjects/Find_Bibliography_NEw/data/azk_library/bosshard-werner__14.pdf;11;work;Brennwald (Heinrich/Johannes Brennwald, Schweizerchronik);\bbrennwald\b;, Abt. I/1), Bd.2, Basel 1910, 502. Brennwald (wie Anm. 11), 502. Brennwald (wie Anm. 11), 503. Koch (wie Anm. 8), 119-121. Jacques Chiffole
/Users/programming/PycharmProjects/Find_Bibliography_NEw/data/azk_library/bosshard-werner__14.pdf;11;series;QSG (Quellen zur Schweizer Geschichte);\bqsg\b;wes brachend.» Chronik der Stadt Ziirich, hg. von Johannes Dierauer (QSG 18), Basel 1900, 191. Chronik der Stadt Ziirich (wie Anm. 9), 192.
/Users/programming/PycharmProjects/Find_Bibliography_NEw/data/azk_library/bosshard-werner__14.pdf;11;series;QSG (Quellen zur Schweizer Geschichte);\bqsg\b;92. Heinrich Brennwald, Schweizerchronik, hg. von Rudolf Luginbiihl (QSG, N. FE, Abt. I/1), Bd.2, Basel 1910, 502. Brennwald (wie Anm. 11),
/Users/programming/PycharmProjects/Find_Bibliography_NEw/data/azk_library/bosshard-werner__14.pdf;11;generic;Chronik/Chroniken;\bchronik(?:en)?\b;schad in disem land an bémen, die von swere des snewes brachend.» Chronik der Stadt Ziirich, hg. von Johannes Dierauer (QSG 18), Basel 1900
/Users/programming/PycharmProjects/Find_Bibliography_NEw/data/azk_library/bosshard-werner__14.pdf;11;generic;Chronik/Chroniken;\bchronik(?:en)?\b;tadt Ziirich, hg. von Johannes Dierauer (QSG 18), Basel 1900, 191. Chronik der Stadt Ziirich (wie Anm. 9), 192. Heinrich Brennwald, Schweize
/Users/programming/PycharmProjects/Find_Bibliography_NEw/data/azk_library/sutter-pascale__3.pdf;2;work;Klingenberger/Rapperswiler Chronik (Eberhard Wüest);klingenberger[\s \-]+chronik;ging gleichzeitig ein Biindnis mit Ziirich ein.'* Nach der Klingenberger Chronik zu schliessen, waren nicht alle Rapperswiler erfreut tiber
/Users/programming/PycharmProjects/Find_Bibliography_NEw/data/azk_library/sutter-pascale__3.pdf;2;generic;Chronik/Chroniken;\bchronik(?:en)?\b;leichzeitig ein Biindnis mit Ziirich ein.'* Nach der Klingenberger Chronik zu schliessen, waren nicht alle Rapperswiler erfreut tiber das Bi
/Users/programming/PycharmProjects/Find_Bibliography_NEw/data/azk_library/sutter-pascale__3.pdf;3;work;Schodoler (Werner Schodoler, Eidgenössische Chronik);werner[\s \-]+schodoler;"ten Rapperswiler Truppen Hurden. (Eidgendéssische Chronik des Werner Schodoler von 1514, Bd. 2, fol. 60 v; StadtA Bremgarten; Ausschnitt aus"
/Users/programming/PycharmProjects/Find_Bibliography_NEw/data/azk_library/sutter-pascale__3.pdf;3;work;Schodoler (Werner Schodoler, Eidgenössische Chronik);\bschodoler\b;"Rapperswiler Truppen Hurden. (Eidgendéssische Chronik des Werner Schodoler von 1514, Bd. 2, fol. 60 v; StadtA Bremgarten; Ausschnitt aus: S"
/Users/programming/PycharmProjects/Find_Bibliography_NEw/data/azk_library/sutter-pascale__3.pdf;3;work;Klingenberger/Rapperswiler Chronik (Eberhard Wüest);klingenberger[\s \-]+chronik;l war man auf der Hut und riistete zum Krieg. | Gemiass der Klingenberger Chronik wurde Ludwig Meyer als Hauptmann des KOonigs auf der Rappe
/Users/programming/PycharmProjects/Find_Bibliography_NEw/data/azk_library/sutter-pascale__3.pdf;3;generic;Chronik/Chroniken;\bchronik(?:en)?\b;"ennen und verwiisten Rapperswiler Truppen Hurden. (Eidgendéssische Chronik des Werner Schodoler von 1514, Bd. 2, fol. 60 v; StadtA Bremgarte"
/Users/programming/PycharmProjects/Find_Bibliography_NEw/data/azk_library/sutter-pascale__3.pdf;3;generic;Chronik/Chroniken;\bchronik(?:en)?\b;an auf der Hut und riistete zum Krieg. | Gemiass der Klingenberger Chronik wurde Ludwig Meyer als Hauptmann des KOonigs auf der Rapperswiler
/Users/programming/PycharmProjects/Find_Bibliography_NEw/data/azk_library/sutter-pascale__3.pdf;3;generic;Schlacht-/Kriegserzählungen;\bkrieg(?:e|en)?\b;u unternehmen.” Auf jeden Fall war man auf der Hut und riistete zum Krieg. | Gemiass der Klingenberger Chronik wurde Ludwig Meyer als Hauptm
/Users/programming/PycharmProjects/Find_Bibliography_NEw/data/azk_library/sutter-pascale__3.pdf;4;work;Klingenberger/Rapperswiler Chronik (Eberhard Wüest);klingenberger[\s \-]+chronik;zuwerben und die laufenden Kriegskosten zu decken. Nach der Klingenberger Chronik verstarkten noch vor dem Kriegsausbruch 400 Manner aus der
/Users/programming/PycharmProjects/Find_Bibliography_NEw/data/azk_library/sutter-pascale__3.pdf;4;work;Klingenberger/Rapperswiler Chronik (Eberhard Wüest);klingenberger[\s \-]+chronik;essung stand und wehrten sich tapfer, wie der Verfasser der Klingenberger Chronik stolz berichtet. Zum Verdruss der Schwyzer und Glarner rii
/Users/programming/PycharmProjects/Find_Bibliography_NEw/data/azk_library/sutter-pascale__3.pdf;4;generic;Chronik/Chroniken;\bchronik(?:en)?\b;n und die laufenden Kriegskosten zu decken. Nach der Klingenberger Chronik verstarkten noch vor dem Kriegsausbruch 400 Manner aus der Grafsc
/Users/programming/PycharmProjects/Find_Bibliography_NEw/data/azk_library/sutter-pascale__3.pdf;4;generic;Chronik/Chroniken;\bchronik(?:en)?\b;stand und wehrten sich tapfer, wie der Verfasser der Klingenberger Chronik stolz berichtet. Zum Verdruss der Schwyzer und Glarner riickte ei
/Users/programming/PycharmProjects/Find_Bibliography_NEw/data/azk_library/sutter-pascale__3.pdf;4;generic;Schlacht-/Kriegserzählungen;\bschlacht(?:en)?\b;zogen, begann die erwartete Belagerung erst am 29. Juli, nach der Schlacht bei St. Jakob an der Sihl. Die Rapperswiler hielten der Einschlie
/Users/programming/PycharmProjects/Find_Bibliography_NEw/data/azk_library/sutter-pascale__3.pdf;5;work;Schodoler (Werner Schodoler, Eidgenössische Chronik);werner[\s \-]+schodoler;"irich und Osterreich geschlossen. (Eidgendssische Chronik des Werner Schodoler von 1514, Bd. 2, fol. 76 v; StadtA Bremgarten; Ausschnitt aus"
/Users/programming/PycharmProjects/Find_Bibliography_NEw/data/azk_library/sutter-pascale__3.pdf;5;work;Schodoler (Werner Schodoler, Eidgenössische Chronik);\bschodoler\b;"ch und Osterreich geschlossen. (Eidgendssische Chronik des Werner Schodoler von 1514, Bd. 2, fol. 76 v; StadtA Bremgarten; Ausschnitt aus: S"
/Users/programming/PycharmProjects/Find_Bibliography_NEw/data/azk_library/sutter-pascale__3.pdf;5;generic;Chronik/Chroniken;\bchronik(?:en)?\b;"d Glarus sowie Ziirich und Osterreich geschlossen. (Eidgendssische Chronik des Werner Schodoler von 1514, Bd. 2, fol. 76 v; StadtA Bremgarte"
/Users/programming/PycharmProjects/Find_Bibliography_NEw/data/azk_library/sutter-pascale__3.pdf;5;generic;Schlacht-/Kriegserzählungen;\bkrieg(?:e|en)?\b;von Miinchen wegen des Verdachts der Spionage «tiber Rin und disen krieg u8 enthalb Rins sin und nit heriiber zuo komen, so lang der krieg
/Users/programming/PycharmProjects/Find_Bibliography_NEw/data/azk_library/sutter-pascale__3.pdf;5;generic;Schlacht-/Kriegserzählungen;\bkrieg(?:e|en)?\b;n krieg u8 enthalb Rins sin und nit heriiber zuo komen, so lang der krieg wert. Ouch den Eidgnossen noch denen, so an jrem teil sind, dehein
/Users/programming/PycharmProjects/Find_Bibliography_NEw/data/azk_library/sutter-pascale__3.pdf;7;generic;Eydgenossenschaft/Helvetia (frühneuzeitl. Schreibungen);eidt?genossenschaft;h vor verordneten Schiedsrichtern aus Ziirich, Luzern und der Eidgenossenschaft statt. Sie forderten die beiden Parteien auf, Herzog Sigmund
/Users/programming/PycharmProjects/Find_Bibliography_NEw/data/azk_library/sutter-pascale__3.pdf;7;generic;Eydgenossenschaft/Helvetia (frühneuzeitl. Schreibungen);eidt?genossenschaft;igelassen, durfte aber kiinftig nur in Rapperswil oder in der Eidgenossenschaft Wohnsitz nehmen.® Die erstaunlich gut dokumentierten Unruhen
/Users/programming/PycharmProjects/Find_Bibliography_NEw/data/azk_library/sutter-pascale__3.pdf;8;generic;Eydgenossenschaft/Helvetia (frühneuzeitl. Schreibungen);eidt?genossenschaft;er an der Fasnacht 1458 die Tagsatzung um die Aufnahme in die Eidgenossenschaft anzugehen.” Zu diesem Vorgehen mochte beigetragen haben, das
/Users/programming/PycharmProjects/Find_Bibliography_NEw/data/azk_library/sutter-pascale__3.pdf;8;generic;Eydgenossenschaft/Helvetia (frühneuzeitl. Schreibungen);eidt?genossenschaft;ach diversen Vorverhandlungen einigten sich die acht Orte der Eidgenossenschaft am 17. Juni 1458, wie sie sich in bezug auf die Stadt Rapper
/Users/programming/PycharmProjects/Find_Bibliography_NEw/data/azk_library/sutter-pascale__3.pdf;9;work;Schodoler (Werner Schodoler, Eidgenössische Chronik);werner[\s \-]+schodoler;"on einer Kugel tédlich getroffen. (Eidgendssische Chronik des Werner Schodoler von 1514, Bd. 2, fol. 121 v; StadtA Bremgarten; Ausschnitt au"
/Users/programming/PycharmProjects/Find_Bibliography_NEw/data/azk_library/sutter-pascale__3.pdf;9;work;Schodoler (Werner Schodoler, Eidgenössische Chronik);\bschodoler\b;"einer Kugel tédlich getroffen. (Eidgendssische Chronik des Werner Schodoler von 1514, Bd. 2, fol. 121 v; StadtA Bremgarten; Ausschnitt aus:"
/Users/programming/PycharmProjects/Find_Bibliography_NEw/data/azk_library/sutter-pascale__3.pdf;9;generic;Chronik/Chroniken;\bchronik(?:en)?\b;"n Hans ab Yberg von einer Kugel tédlich getroffen. (Eidgendssische Chronik des Werner Schodoler von 1514, Bd. 2, fol. 121 v; StadtA Bremgart"
/Users/programming/PycharmProjects/Find_Bibliography_NEw/data/azk_library/sutter-pascale__3.pdf;10;work;Tschudi (Aegidius/Gilg Tschudi, Chronicon Helveticum);\btschudi\b;"forschenden Gesellschaft zu Ziirich, in: MAGZ 6/5 (1849), 232-235; Tschudi, Bd. 6, 150-152, 265-269; vgl. die stidtische Jahrzeit im Jahrzei"
/Users/programming/PycharmProjects/Find_Bibliography_NEw/data/azk_library/sutter-pascale__3.pdf;10;work;Klingenberger/Rapperswiler Chronik (Eberhard Wüest);chronik[\s \-]+von[\s \-]+rapperswil;aller eidgendssischen Orte stand. Ludwig Ettmiiller (Hg.): Chronik von Rapperswil von 1000 bis zum Jahre 1388, nach einer von Matthdus Ricke
/Users/programming/PycharmProjects/Find_Bibliography_NEw/data/azk_library/sutter-pascale__3.pdf;10;series;MAGZ (Mitteilungen der Antiquarischen Gesellschaft in Zürich);\bmagz\b;"ift im Namen der alterthumsforschenden Gesellschaft zu Ziirich, in: MAGZ 6/5 (1849), 232-235; Tschudi, Bd. 6, 150-152, 265-269; vgl. die sti"
/Users/programming/PycharmProjects/Find_Bibliography_NEw/data/azk_library/sutter-pascale__3.pdf;10;generic;Chronik/Chroniken;\bchronik(?:en)?\b;agerung aller eidgendssischen Orte stand. Ludwig Ettmiiller (Hg.): Chronik von Rapperswil von 1000 bis zum Jahre 1388, nach einer von Matthd
/Users/programming/PycharmProjects/Find_Bibliography_NEw/data/azk_library/sutter-pascale__3.pdf;10;generic;Eydgenossenschaft/Helvetia (frühneuzeitl. Schreibungen);eidt?genossenschaft;rswil erneut und dieses Mal endgiiltig ab. Die Hinwendung zur Eidgenossenschaft wurde 1464 mit einem Schirmvertrag, den die vier Orte Uri, S
/Users/programming/PycharmProjects/Find_Bibliography_NEw/data/azk_library/sutter-pascale__3.pdf;10;generic;Eydgenossenschaft/Helvetia (frühneuzeitl. Schreibungen);eidt?genossenschaft;n und dafiir sorgten, dass Rapperswil ein zugewandter Ort der Eidgenossenschaft wurde. Anmerkungen 1 Chartularium Sangallense, bearb. von Ot
/Users/programming/PycharmProjects/Find_Bibliography_NEw/data/azk_library/sutter-pascale__3.pdf;10;generic;Schlacht-/Kriegserzählungen;\bschlacht(?:en)?\b;n misslang 1385 eine heimliche Einnahme Rapperswils, und nach der Schlacht von Nafels 1388 hielt Rapperswil der Belagerung aller eidgendssis
/Users/programming/PycharmProjects/Find_Bibliography_NEw/data/azk_library/sutter-pascale__3.pdf;11;work;Tschudi (Aegidius/Gilg Tschudi, Chronicon Helveticum);\btschudi\b;"dtA Rapperswil, A II 122, C112; StALU, Akten A1, F1, Schachtel 63. Tschudi, Bd. 11, 43 f.; Niederstiatter (wie Anm. 2), 113,119 f., 157. Zum"
/Users/programming/PycharmProjects/Find_Bibliography_NEw/data/azk_library/sutter-pascale__3.pdf;11;work;Tschudi (Aegidius/Gilg Tschudi, Chronicon Helveticum);\btschudi\b;"on Weesen 1388 erobert hatten, zuriickzuerhalten. EA, Bd.2, Nr.241;Tschudi, Bd. 6, 265-267, Bd. 10, 360 f., Bd. 12,53, 200; Xaver Rickenmann"
/Users/programming/PycharmProjects/Find_Bibliography_NEw/data/azk_library/sutter-pascale__3.pdf;11;work;Tschudi (Aegidius/Gilg Tschudi, Chronicon Helveticum);\btschudi\b;"24.1;TLA Innsbruck, Sigmundiana 4b.55.176; Thommen, Bd. 4, Nr. 163;Tschudi, Bd. 13/1, 102, Anm. 56. Meile-Huber (wie Anm. 9), 113 f. Dem Auf"
/Users/programming/PycharmProjects/Find_Bibliography_NEw/data/azk_library/sutter-pascale__3.pdf;11;work;Klingenberger/Rapperswiler Chronik (Eberhard Wüest);klingenberger[\s \-]+chronik;". StALU, Akten Al, F1, Schachtel 63; StAZ, A 176.1, Nr. 31. Klingenberger Chronik, 289. StadtA Rapperswil, A XXXIIa 1b 2,A XXXVII 11. Vgl. a"
/Users/programming/PycharmProjects/Find_Bibliography_NEw/data/azk_library/sutter-pascale__3.pdf;11;work;Klingenberger/Rapperswiler Chronik (Eberhard Wüest);klingenberger[\s \-]+chronik;", F1, Schachtel 63; Niederstatter (wie Anm. 2), 167; 369 f. Klingenberger Chronik, 295; Niederstatter (wie Anm. 2), 186. URStAZ, Bd. 6, Nr."
/Users/programming/PycharmProjects/Find_Bibliography_NEw/data/azk_library/sutter-pascale__3.pdf;11;work;Klingenberger/Rapperswiler Chronik (Eberhard Wüest);klingenberger[\s \-]+chronik;"ter (wie Anm. 2), 186. URStAZ, Bd. 6, Nr. 8859, 8868, 8879. Klingenberger Chronik, 299; Niederstatter (wie Anm. 2), 192 f. StadtA Rapperswil"
/Users/programming/PycharmProjects/Find_Bibliography_NEw/data/azk_library/sutter-pascale__3.pdf;11;work;Klingenberger/Rapperswiler Chronik (Eberhard Wüest);klingenberger[\s \-]+chronik;"atter (wie Anm. 2), 192 f. StadtA Rapperswil, A XIIla 26 1. Klingenberger Chronik, 303; Niederstatter (wie Anm. 2), 199. Klingenberger Chron"
/Users/programming/PycharmProjects/Find_Bibliography_NEw/data/azk_library/sutter-pascale__3.pdf;11;work;Klingenberger/Rapperswiler Chronik (Eberhard Wüest);klingenberger[\s \-]+chronik;"lingenberger Chronik, 303; Niederstatter (wie Anm. 2), 199. Klingenberger Chronik, 303; Niederstéatter (wie Anm. 2), 197 und 200. Vgl. auch"
/Users/programming/PycharmProjects/Find_Bibliography_NEw/data/azk_library/sutter-pascale__3.pdf;11;work;Klingenberger/Rapperswiler Chronik (Eberhard Wüest);klingenberger[\s \-]+chronik;"nm. 2), 201-203; URStAZ, Bd. 6, Nr. 8917, 8918, 8920, 8929. Klingenberger Chronik, 315, 323 f.,326; Niederstatter (wie Anm. 2), 213 £,, 224,"
/Users/programming/PycharmProjects/Find_Bibliography_NEw/data/azk_library/sutter-pascale__3.pdf;11;work;Klingenberger/Rapperswiler Chronik (Eberhard Wüest);klingenberger[\s \-]+chronik;"; URStAZ, Bd. 6, Nr. 9001. StadtA Rapperswil, A XIIla 26 2. Klingenberger Chronik, 329 f. StadtA Rapperswil, A XXXIIb 2 14. Niederstatter (w"
/Users/programming/PycharmProjects/Find_Bibliography_NEw/data/azk_library/sutter-pascale__3.pdf;11;work;Klingenberger/Rapperswiler Chronik (Eberhard Wüest);klingenberger[\s \-]+chronik;"4 (21. Juli 1445), Urk 233/3394 (27. Marz 1446). Vgl. auch: Klingenberger Chronik, 315; Niederstatter (wie Anm. 2), 224. StadtA Rapperswil,"
/Users/programming/PycharmProjects/Find_Bibliography_NEw/data/azk_library/sutter-pascale__3.pdf;11;generic;Chronik/Chroniken;\bchronik(?:en)?\b;", Akten Al, F1, Schachtel 63; StAZ, A 176.1, Nr. 31. Klingenberger Chronik, 289. StadtA Rapperswil, A XXXIIa 1b 2,A XXXVII 11. Vgl. auch: Ni"
/Users/programming/PycharmProjects/Find_Bibliography_NEw/data/azk_library/sutter-pascale__3.pdf;11;generic;Chronik/Chroniken;\bchronik(?:en)?\b;"chachtel 63; Niederstatter (wie Anm. 2), 167; 369 f. Klingenberger Chronik, 295; Niederstatter (wie Anm. 2), 186. URStAZ, Bd. 6, Nr. 8859, 8"
/Users/programming/PycharmProjects/Find_Bibliography_NEw/data/azk_library/sutter-pascale__3.pdf;11;generic;Chronik/Chroniken;\bchronik(?:en)?\b;"e Anm. 2), 186. URStAZ, Bd. 6, Nr. 8859, 8868, 8879. Klingenberger Chronik, 299; Niederstatter (wie Anm. 2), 192 f. StadtA Rapperswil, A XII"
/Users/programming/PycharmProjects/Find_Bibliography_NEw/data/azk_library/sutter-pascale__3.pdf;11;generic;Chronik/Chroniken;\bchronik(?:en)?\b;"wie Anm. 2), 192 f. StadtA Rapperswil, A XIIla 26 1. Klingenberger Chronik, 303; Niederstatter (wie Anm. 2), 199. Klingenberger Chronik, 303"
/Users/programming/PycharmProjects/Find_Bibliography_NEw/data/azk_library/sutter-pascale__3.pdf;11;generic;Chronik/Chroniken;\bchronik(?:en)?\b;"erger Chronik, 303; Niederstatter (wie Anm. 2), 199. Klingenberger Chronik, 303; Niederstéatter (wie Anm. 2), 197 und 200. Vgl. auch URStAZ,"
/Users/programming/PycharmProjects/Find_Bibliography_NEw/data/azk_library/sutter-pascale__3.pdf;11;generic;Chronik/Chroniken;\bchronik(?:en)?\b;"201-203; URStAZ, Bd. 6, Nr. 8917, 8918, 8920, 8929. Klingenberger Chronik, 315, 323 f.,326; Niederstatter (wie Anm. 2), 213 £,, 224, 234-23"
/Users/programming/PycharmProjects/Find_Bibliography_NEw/data/azk_library/sutter-pascale__3.pdf;11;generic;Chronik/Chroniken;\bchronik(?:en)?\b;Z, Bd. 6, Nr. 9001. StadtA Rapperswil, A XIIla 26 2. Klingenberger Chronik, 329 f. StadtA Rapperswil, A XXXIIb 2 14. Niederstatter (wie Anm.
/Users/programming/PycharmProjects/Find_Bibliography_NEw/data/azk_library/sutter-pascale__3.pdf;11;generic;Chronik/Chroniken;\bchronik(?:en)?\b;"Juli 1445), Urk 233/3394 (27. Marz 1446). Vgl. auch: Klingenberger Chronik, 315; Niederstatter (wie Anm. 2), 224. StadtA Rapperswil, A II 12"
/Users/programming/PycharmProjects/Find_Bibliography_NEw/data/azk_library/sutter-pascale__3.pdf;12;work;Tschudi (Aegidius/Gilg Tschudi, Chronicon Helveticum);\btschudi\b;"Heimatmuseums 14), Rapperswil 1993, 131; Thommen, Bd. 4, Nr. 198; Tschudi, Bd. 13/1, 88 f., 102, Anm. 56. StadtA Rapperswil, Bd. A 23, 29-3"
/Users/programming/PycharmProjects/Find_Bibliography_NEw/data/azk_library/sutter-pascale__3.pdf;12;work;Tschudi (Aegidius/Gilg Tschudi, Chronicon Helveticum);\btschudi\b;nbuch Abtei Sanct Gallen (wie Anm. 56), Bd. 6, Nr. 6132. Vgl. dazu Tschudi, Bd. 13/1, 104, Anm. 56. StALU, Akten A1, F1, Rapperswil, Schacht
/Users/programming/PycharmProjects/Find_Bibliography_NEw/data/azk_library/sutter-pascale__3.pdf;12;work;Tschudi (Aegidius/Gilg Tschudi, Chronicon Helveticum);\btschudi\b;"wil, A XXXIIb 2 20; EA, Bd. 2, Nr. 463, aber auch Nr. 478 und 493; Tschudi, Bd. 13/1, 101 f. StALU, Akten A1, F1, Rapperswil, Schachtel 399."
/Users/programming/PycharmProjects/Find_Bibliography_NEw/data/azk_library/sutter-pascale__3.pdf;12;work;Tschudi (Aegidius/Gilg Tschudi, Chronicon Helveticum);\btschudi\b;", Schachtel 399. TLA Innsbruck, Sigmundiana 4b.55.203, fol. 451 r; Tschudi, Bd. 13/1, 142-144. Vgl. dazu EA, Bd. 2, Nr. 493; Rolf Kohn: Unge"
/Users/programming/PycharmProjects/Find_Bibliography_NEw/data/azk_library/sutter-pascale__3.pdf;12;generic;Schlacht-/Kriegserzählungen;\bkrieg(?:e|en)?\b;"0, in: Thurgauer Beitrage zur Geschichte 127 (1990), 89-131; Ders.: Krieg im"
/Users/programming/PycharmProjects/Find_Bibliography_NEw/data/azk_library/sutter-pascale__3.pdf;13;work;Tschudi (Aegidius/Gilg Tschudi, Chronicon Helveticum);\btschudi\b;"4. Vgl.StadtA Rapperswil, A III 1 5a; StASZ, Akten 1, 431, Nr. 3; Tschudi, Bd. 13/2, 260, Anm. 137; Elsener (wie Anm. 45), 9 £; Meile-Huber"
/Users/programming/PycharmProjects/Find_Bibliography_NEw/data/azk_library/sutter-pascale__3.pdf;13;series;QSG (Quellen zur Schweizer Geschichte);\bqsg\b;Dokumente zur Geschichte des Biirgermeisters Hans Waldmann, 2 Bande (QSG,N.F, Abt. II/1), Basel 1911-1913, Bd.2, 368. — Als Stadtschreiber p
/Users/programming/PycharmProjects/Find_Bibliography_NEw/data/azk_library/stettler-bernhard__8.pdf;1;work;Klingenberger/Rapperswiler Chronik (Eberhard Wüest);klingenberger[\s \-]+chronik;Die Darstellung des Alten Ziirichkriegs in der sogenannten Klingenberger Chronik zeichnet sich durch ntichternen Realismus aus. Ihr ungenan
/Users/programming/PycharmProjects/Find_Bibliography_NEw/data/azk_library/stettler-bernhard__8.pdf;1;generic;Chronik/Chroniken;\bchronik(?:en)?\b;immer wieder mit Stolz verweist. Seine «nach und nach» entstandene Chronik ist insofern einzigartig, als nur in ihr die Ereignisse von 1436-
/Users/programming/PycharmProjects/Find_Bibliography_NEw/data/azk_library/stettler-bernhard__8.pdf;1;generic;Chronik/Chroniken;\bchronik(?:en)?\b;rstellung des Alten Ziirichkriegs in der sogenannten Klingenberger Chronik zeichnet sich durch ntichternen Realismus aus. Ihr ungenannter Ve
/Users/programming/PycharmProjects/Find_Bibliography_NEw/data/azk_library/stettler-bernhard__8.pdf;1;generic;Eydgenossenschaft/Helvetia (frühneuzeitl. Schreibungen);eidt?genossenschaft;u seinem Ende —nahmen nur Zeitgenossen im naheren Umkreis der Eidgenossenschaft wahr, handelte es sich doch wahrend der ersten Phase (1436-1
/Users/programming/PycharmProjects/Find_Bibliography_NEw/data/azk_library/stettler-bernhard__8.pdf;1;generic;Eydgenossenschaft/Helvetia (frühneuzeitl. Schreibungen);eidt?genossenschaft;ossen zu erklaren, also die Sache seines Landes zur Sache der Eidgenossenschaft zu machen. Er beherrscht die Kunst des Schonens und vor alle
/Users/programming/PycharmProjects/Find_Bibliography_NEw/data/azk_library/stettler-bernhard__8.pdf;2;work;Etterlin (Petermann Etterlin, Kronika);\betterlin\b;issi. Stumpfs Chronik blieb, von der summarischen Darstellung bei Etterlin abgesehen, lange Zeit die einzige im Druck zugangliche Darstellun
/Users/programming/PycharmProjects/Find_Bibliography_NEw/data/azk_library/stettler-bernhard__8.pdf;2;work;Stumpf (Johannes Stumpf, Schweizerchronik);johannes[\s \-]+stumpf;e Textseite zum Alten Ziirichkrieg in der Schweizerchronik von Johannes Stumpf mit dem Tod von Graf Friedrich VII. von Toggenburg am 30. Apr
/Users/programming/PycharmProjects/Find_Bibliography_NEw/data/azk_library/stettler-bernhard__8.pdf;2;work;Stumpf (Johannes Stumpf, Schweizerchronik);johannes[\s \-]+stumpf;ige im Druck zugangliche Darstellung des Alten Ziirichkriegs. (Johannes Stumpf: Gemeiner loblicher Eydgnoschafft Stetten, Landen und Vélcker
/Users/programming/PycharmProjects/Find_Bibliography_NEw/data/azk_library/stettler-bernhard__8.pdf;2;work;Stumpf (Johannes Stumpf, Schweizerchronik);stumpfs?[\s \-]+chronik;rechts das Wappen des Ziircher Biirgermeisters Rudolf Stiissi. Stumpfs Chronik blieb, von der summarischen Darstellung bei Etterlin abgesehe
/Users/programming/PycharmProjects/Find_Bibliography_NEw/data/azk_library/stettler-bernhard__8.pdf;2;work;Stumpf (Johannes Stumpf, Schweizerchronik);gemeiner[\s \-]+loblicher[\s \-]+eydgnoschafft[\s \-]+.*[\s \-]+chronick;n Ziirichkriegs. (Johannes Stumpf: Gemeiner loblicher Eydgnoschafft Stetten, Landen und Vélckeren Chronick etc., Ziirich 1548, Bd. 2, fol. 4
/Users/programming/PycharmProjects/Find_Bibliography_NEw/data/azk_library/stettler-bernhard__8.pdf;2;work;Klingenberger/Rapperswiler Chronik (Eberhard Wüest);klingenberger[\s \-]+chronik;g.” Es fallt auf, dass aus der Stadt Ztirich weder eine der Klingenberger Chronik ebenbiirtige noch eine Hans Friinds Bericht entsprechende,
/Users/programming/PycharmProjects/Find_Bibliography_NEw/data/azk_library/stettler-bernhard__8.pdf;2;generic;Chronik/Chroniken;\bchronik(?:en)?\b;fallt auf, dass aus der Stadt Ztirich weder eine der Klingenberger Chronik ebenbiirtige noch eine Hans Friinds Bericht entsprechende, durchg
/Users/programming/PycharmProjects/Find_Bibliography_NEw/data/azk_library/stettler-bernhard__8.pdf;2;generic;Chronik/Chroniken;\bchronik(?:en)?\b;Grund dafiir. Die um 1450 von einem anonymen Verfasser redigierte Chronik der Stadt Ziirich setzt erst mit dem Jahr 1443 ein. Ihren Detailk
/Users/programming/PycharmProjects/Find_Bibliography_NEw/data/azk_library/stettler-bernhard__8.pdf;2;generic;Chronik/Chroniken;\bchronik(?:en)?\b;ts das Wappen des Ziircher Biirgermeisters Rudolf Stiissi. Stumpfs Chronik blieb, von der summarischen Darstellung bei Etterlin abgesehen, l
/Users/programming/PycharmProjects/Find_Bibliography_NEw/data/azk_library/stettler-bernhard__8.pdf;2;generic;Chronik/Chroniken;\bchronick\b;f: Gemeiner loblicher Eydgnoschafft Stetten, Landen und Vélckeren Chronick etc., Ziirich 1548, Bd. 2, fol. 426 v) 24
/Users/programming/PycharmProjects/Find_Bibliography_NEw/data/azk_library/stettler-bernhard__8.pdf;2;generic;Eydgenossenschaft/Helvetia (frühneuzeitl. Schreibungen);eydt?g?nosch[aä]fft;g des Alten Ziirichkriegs. (Johannes Stumpf: Gemeiner loblicher Eydgnoschafft Stetten, Landen und Vélckeren Chronick etc., Ziirich 1548, Bd.
/Users/programming/PycharmProjects/Find_Bibliography_NEw/data/azk_library/stettler-bernhard__8.pdf;4;work;Hemmerlin (Felix Hemmerlin/Malleolus);de[\s \-]+nobilitate[\s \-]+et[\s \-]+rusticitate;sieren. In seinem Herzog Albrecht gewidmeten Hauptwerk «De nobilitate et rusticitate dialogus» (Zwiegesprach tiber Adel und Bauernstand) neh
/Users/programming/PycharmProjects/Find_Bibliography_NEw/data/azk_library/stettler-bernhard__8.pdf;4;generic;Chronik/Chroniken;\bchronik(?:en)?\b;richfreundlichen Stadt Konstanz weiss in seiner um 1470 verfassten Chronik nur einschubweise vom Alten Ziirichkrieg zu berichten, kann aber
/Users/programming/PycharmProjects/Find_Bibliography_NEw/data/azk_library/stettler-bernhard__8.pdf;4;generic;Schlacht-/Kriegserzählungen;\bschlacht(?:en)?\b;ngend die von Ziirich, was sy woltent». Aus Dachers Sicht war die Schlacht bei St. Jakob an der Birs eine Berner Angelegenheit: die Truppen
/Users/programming/PycharmProjects/Find_Bibliography_NEw/data/azk_library/stettler-bernhard__8.pdf;5;generic;Chronik/Chroniken;\bchronik(?:en)?\b;itte der 1450er Jahre entstandenen anonymen Basler Fortsetzung der Chronik von Jakob Twinger von Konigshofen wird der Ziirichkrieg unter dem
/Users/programming/PycharmProjects/Find_Bibliography_NEw/data/azk_library/stettler-bernhard__8.pdf;5;generic;Chronik/Chroniken;\bchronik(?:en)?\b;die Mitte der 1440er Jahre begonnene und dann laufend fortgesetzte Chronik des Baslers Erhard von Appenwiler geschrieben. Der Ziirichkrieg k
/Users/programming/PycharmProjects/Find_Bibliography_NEw/data/azk_library/stettler-bernhard__8.pdf;5;generic;Chronik/Chroniken;\bchronik(?:en)?\b;450.’ Die um 1470 entstandene anonyme Strassburger Fortsetzung der Chronik K6nigshofens bringt einen detailreichen Bericht tiber die krieger
/Users/programming/PycharmProjects/Find_Bibliography_NEw/data/azk_library/stettler-bernhard__8.pdf;5;generic;Schlacht-/Kriegserzählungen;\bschlacht(?:en)?\b;43 auf. Er kannte die elementare Brutalitat ihrer Krieger aus der Schlacht bei St. Jakob an der Sihl, und er geisselte ihren <hochmititigen
/Users/programming/PycharmProjects/Find_Bibliography_NEw/data/azk_library/stettler-bernhard__8.pdf;5;generic;Schlacht-/Kriegserzählungen;\bkrieg(?:e|en)?\b;in [ihnen] doch nie holt wart». Sie hatten «dis ungliicke und disen krieg allen gemaht, darumbe das si edel wurdent und nit blibent eytgenos
/Users/programming/PycharmProjects/Find_Bibliography_NEw/data/azk_library/stettler-bernhard__8.pdf;6;work;Tschachtlan (Benedikt Tschachtlan);\btschachtlan\b;ggebend dafiir war Bern. Der Berner Venner und Ratsherr Bendicht Tschachtlan stiitzte sich bei der Redaktion seiner 1470 abgeschlossenen Ges
/Users/programming/PycharmProjects/Find_Bibliography_NEw/data/azk_library/stettler-bernhard__8.pdf;6;work;Tschachtlan (Benedikt Tschachtlan);\btschachtlan\b;und rechtspriichen mit guotten eren behuoben und erobrett hant.» Tschachtlan beendigte seine Darstellung des Ziirichkriegs entsprechend sein
/Users/programming/PycharmProjects/Find_Bibliography_NEw/data/azk_library/stettler-bernhard__8.pdf;6;work;Justinger (Konrad Justinger, Berner Chronik);konrad[\s \-]+justinger;croneck der statt Bern», und das war fiir ihn die Chronik von Konrad Justinger, sowie fiir den Ziirichkrieg auf eine «andre geloubsame gesch
/Users/programming/PycharmProjects/Find_Bibliography_NEw/data/azk_library/stettler-bernhard__8.pdf;6;work;Justinger (Konrad Justinger, Berner Chronik);\bjustinger\b;neck der statt Bern», und das war fiir ihn die Chronik von Konrad Justinger, sowie fiir den Ziirichkrieg auf eine «andre geloubsame geschrif
/Users/programming/PycharmProjects/Find_Bibliography_NEw/data/azk_library/stettler-bernhard__8.pdf;6;work;Klingenberger/Rapperswiler Chronik (Eberhard Wüest);klingenberger[\s \-]+chronik;reprasentiert in viel weniger geschlossener Form durch die Klingenberger Chronik, die bereits 1444 abbricht, und die Ziircher Stadtchronik,
/Users/programming/PycharmProjects/Find_Bibliography_NEw/data/azk_library/stettler-bernhard__8.pdf;6;generic;Chronik/Chroniken;\bchronik(?:en)?\b;entiert in viel weniger geschlossener Form durch die Klingenberger Chronik, die bereits 1444 abbricht, und die Ziircher Stadtchronik, die in
/Users/programming/PycharmProjects/Find_Bibliography_NEw/data/azk_library/stettler-bernhard__8.pdf;6;generic;Chronik/Chroniken;\bchronik(?:en)?\b;auf «die rechte croneck der statt Bern», und das war fiir ihn die Chronik von Konrad Justinger, sowie fiir den Ziirichkrieg auf eine «andre
/Users/programming/PycharmProjects/Find_Bibliography_NEw/data/azk_library/stettler-bernhard__8.pdf;6;generic;Chronik/Chroniken;\bchronik(?:en)?\b;irichkrieg auf eine «andre geloubsame geschrift», und dies war die Chronik von Hans Friind. Aus Tschachtlans Sicht hatte das Thema Ziirichkr
/Users/programming/PycharmProjects/Find_Bibliography_NEw/data/azk_library/stettler-bernhard__8.pdf;6;generic;Schlacht-/Kriegserzählungen;\bschlacht(?:en)?\b;die Schlacht bei St. Jakob an der Birs schrieb er einen Monat nach dem Treffen an den koniglichen Protonotar Johann Gers. Laut Piccolomini w
/Users/programming/PycharmProjects/Find_Bibliography_NEw/data/azk_library/stettler-bernhard__8.pdf;6;generic;Schlacht-/Kriegserzählungen;\bschlacht(?:en)?\b;oriker Justinus fiir die Thermopylenschlacht verwendet hatte. Die Schlacht bei St. Jakob an der Birs wurde damit zur abendlandischen Sensati
/Users/programming/PycharmProjects/Find_Bibliography_NEw/data/azk_library/stettler-bernhard__8.pdf;6;generic;Schlacht-/Kriegserzählungen;\bkrieg(?:e|en)?\b;ltig formuliert, mit der erklarten Absicht, dass solcher «unwil und krieg» sich nie wieder ereigne. «Denn es unbillich ist, dz dehein ort in
/Users/programming/PycharmProjects/Find_Bibliography_NEw/data/azk_library/stettler-bernhard__8.pdf;6;generic;Schlacht-/Kriegserzählungen;\bkrieg(?:e|en)?\b;g gehorsam waren, das ouch inen am letsten und in sdlichen grossen kriegen ir houptsachen mit hilff des almechtigen gottes so vil gehalff, d
/Users/programming/PycharmProjects/Find_Bibliography_NEw/data/azk_library/stettler-bernhard__8.pdf;6;generic;Schlacht-/Kriegserzählungen;\bkrieg(?:e|en)?\b;des almechtigen gottes so vil gehalff, da8B si ir sachen in allen kriegen richtungen und rechtspriichen mit guotten eren behuoben und erobr
/Users/programming/PycharmProjects/Find_Bibliography_NEw/data/azk_library/stettler-bernhard__8.pdf;7;work;Schilling (ungenau);\bschilling\b;g. Die vom Berner Rat begutachtete «amtliche» Chronik des Diebold Schilling bringt praktisch den Tschachtlanschen Text. Valerius Anshelm hin
/Users/programming/PycharmProjects/Find_Bibliography_NEw/data/azk_library/stettler-bernhard__8.pdf;7;work;Schilling (ungenau);\bschilling\b;"ersucht. Er kannte aber mindestens die Berner Chronik des Diebold Schilling und somit die Friindsche Chronik; doch stand er dieser kritisch"
/Users/programming/PycharmProjects/Find_Bibliography_NEw/data/azk_library/stettler-bernhard__8.pdf;7;work;Edlibach (Gerold Edlibach, Zürcher Chronik);gerold[\s \-]+edlibach;s tiberbriickt worden war - meldete sich eine Ziircher Stimme: Gerold Edlibach. Er dachte durchaus eidgenéssisch, suchte aber auch Ziirichs
/Users/programming/PycharmProjects/Find_Bibliography_NEw/data/azk_library/stettler-bernhard__8.pdf;7;work;Edlibach (Gerold Edlibach, Zürcher Chronik);gerold[\s \-]+edlibach;amit die nach 1450 abgebrochene Ziircher Tradition wieder auf. Gerold Edlibach, Stiefsohn von Hans Waldmann, Ratsherr und Seckelmeister, wag
/Users/programming/PycharmProjects/Find_Bibliography_NEw/data/azk_library/stettler-bernhard__8.pdf;7;work;Edlibach (Gerold Edlibach, Zürcher Chronik);\bedlibach\b;berbriickt worden war - meldete sich eine Ziircher Stimme: Gerold Edlibach. Er dachte durchaus eidgenéssisch, suchte aber auch Ziirichs Stan
/Users/programming/PycharmProjects/Find_Bibliography_NEw/data/azk_library/stettler-bernhard__8.pdf;7;work;Edlibach (Gerold Edlibach, Zürcher Chronik);\bedlibach\b;die nach 1450 abgebrochene Ziircher Tradition wieder auf. Gerold Edlibach, Stiefsohn von Hans Waldmann, Ratsherr und Seckelmeister, wagte e
/Users/programming/PycharmProjects/Find_Bibliography_NEw/data/azk_library/stettler-bernhard__8.pdf;7;work;Edlibach (Gerold Edlibach, Zürcher Chronik);\bedlibach\b;«vor s6mlichen grossen tétlichen krieg zu ewigen zitten htiete». Edlibach war sich bewusst, was der Konflikt zwischen Ziirich und Schwyz, d
/Users/programming/PycharmProjects/Find_Bibliography_NEw/data/azk_library/stettler-bernhard__8.pdf;7;work;Edlibach (Gerold Edlibach, Zürcher Chronik);\bedlibach\b;guotz kommen, dz sy arm warend, und begert mencklicher fridens». Edlibach wollte nicht alte Wunden aufreissen. Er tiberging vieles, «da von
/Users/programming/PycharmProjects/Find_Bibliography_NEw/data/azk_library/stettler-bernhard__8.pdf;7;work;Edlibach (Gerold Edlibach, Zürcher Chronik);\bedlibach\b;be beiden Parteien «die schwentz zusammen gestrickt [gekniipft]». Edlibach ausserte sich auch zu den Schiedsverhandlungen der Jahre 1446 und
/Users/programming/PycharmProjects/Find_Bibliography_NEw/data/azk_library/stettler-bernhard__8.pdf;7;work;Anshelm (Valerius Anshelm, Berner Chronik);valerius[\s \-]+anshelm;Diebold Schilling bringt praktisch den Tschachtlanschen Text. Valerius Anshelm hingegen war bei der Abfassung seines nach 1529 entstandenen
/Users/programming/PycharmProjects/Find_Bibliography_NEw/data/azk_library/stettler-bernhard__8.pdf;7;work;Anshelm (Valerius Anshelm, Berner Chronik);\banshelm\b;old Schilling bringt praktisch den Tschachtlanschen Text. Valerius Anshelm hingegen war bei der Abfassung seines nach 1529 entstandenen Gesc
/Users/programming/PycharmProjects/Find_Bibliography_NEw/data/azk_library/stettler-bernhard__8.pdf;7;work;Berner Chronik (allgemein);\bberner[\s \-]+chronik\b;"n bis anhin noch nie untersucht. Er kannte aber mindestens die Berner Chronik des Diebold Schilling und somit die Friindsche Chronik; doch s"
/Users/programming/PycharmProjects/Find_Bibliography_NEw/data/azk_library/stettler-bernhard__8.pdf;7;generic;Chronik/Chroniken;\bchronik(?:en)?\b;ans politischer Lésung. Die vom Berner Rat begutachtete «amtliche» Chronik des Diebold Schilling bringt praktisch den Tschachtlanschen Text.
/Users/programming/PycharmProjects/Find_Bibliography_NEw/data/azk_library/stettler-bernhard__8.pdf;7;generic;Chronik/Chroniken;\bchronik(?:en)?\b;Ziirichkriegs — mdglicherweise das urspriingliche Anliegen seiner Chronik — und schloss diese am 20. Marz 1486 ab. Der erste und ausfiihrli
/Users/programming/PycharmProjects/Find_Bibliography_NEw/data/azk_library/stettler-bernhard__8.pdf;7;generic;Chronik/Chroniken;\bchronik(?:en)?\b;"is anhin noch nie untersucht. Er kannte aber mindestens die Berner Chronik des Diebold Schilling und somit die Friindsche Chronik; doch stan"
/Users/programming/PycharmProjects/Find_Bibliography_NEw/data/azk_library/stettler-bernhard__8.pdf;7;generic;Chronik/Chroniken;\bchronik(?:en)?\b;"die Berner Chronik des Diebold Schilling und somit die Friindsche Chronik; doch stand er dieser kritisch gegeniiber und erklarte in anderem"
/Users/programming/PycharmProjects/Find_Bibliography_NEw/data/azk_library/stettler-bernhard__8.pdf;7;generic;Chronik/Chroniken;\bkr?onik(?:en)?\b;er mehr als einen «verktirzten durchgang einer loblichen stat Bern kronik vom anfang bis zum end des burgundischen kriegs, haltend 286 jare»
/Users/programming/PycharmProjects/Find_Bibliography_NEw/data/azk_library/stettler-bernhard__8.pdf;7;generic;Eydgenossenschaft/Helvetia (frühneuzeitl. Schreibungen);eidt?genossenschaft;iirich dagegen konnte man auch nach der Anerkennung der neuen Eidgenossenschaft die Schwyzer Lesart nicht tibernehmen. Zunidchst einmal wurd
/Users/programming/PycharmProjects/Find_Bibliography_NEw/data/azk_library/stettler-bernhard__8.pdf;7;generic;Eydgenossenschaft/Helvetia (frühneuzeitl. Schreibungen);eidt?genossenschaft;hluss an die Burgunderkriege die Kontroverse um das Wesen der Eidgenossenschaft erneut aufgebrochen und 1481 mit dem Stanser Verkommnis durc
/Users/programming/PycharmProjects/Find_Bibliography_NEw/data/azk_library/stettler-bernhard__8.pdf;7;generic;Eydgenossenschaft/Helvetia (frühneuzeitl. Schreibungen);eidt?genossenschaft;rster Chronist als «alten Ziirichkrieg» bezeichnete, fiir die Eidgenossenschaft bedeutet hatte: 1445 war «mencklicher des kriegs miied, und
/Users/programming/PycharmProjects/Find_Bibliography_NEw/data/azk_library/stettler-bernhard__8.pdf;7;generic;Schlacht-/Kriegserzählungen;\bkrieg(?:e|en)?\b;ehre ziehen sollten, dass man sich «vor s6mlichen grossen tétlichen krieg zu ewigen zitten htiete». Edlibach war sich bewusst, was der Konfl
/Users/programming/PycharmProjects/Find_Bibliography_NEw/data/azk_library/stettler-bernhard__8.pdf;7;generic;Schlacht-/Kriegserzählungen;\bkrieg(?:e|en)?\b;gen stark verktirzt und schloss «dises buch von der alten eignossen krieg» mit dem Bericht vom tumultuésen Fasnachtsbesuch der Innerschweize
/Users/programming/PycharmProjects/Find_Bibliography_NEw/data/azk_library/stettler-bernhard__8.pdf;8;work;Etterlin (Petermann Etterlin, Kronika);petermann[\s \-]+etterlin;herischer Uberlieferung verlor seine Bedeutung. Der Luzerner Petermann Etterlin erGrterte in seiner 1507 erschienenen «Kronica von der lobli
/Users/programming/PycharmProjects/Find_Bibliography_NEw/data/azk_library/stettler-bernhard__8.pdf;8;work;Etterlin (Petermann Etterlin, Kronika);\betterlin\b;cher Uberlieferung verlor seine Bedeutung. Der Luzerner Petermann Etterlin erGrterte in seiner 1507 erschienenen «Kronica von der loblichen
/Users/programming/PycharmProjects/Find_Bibliography_NEw/data/azk_library/stettler-bernhard__8.pdf;8;work;Etterlin (Petermann Etterlin, Kronika);\betterlin\b;n muofent, dann das [als wenn] sy mit einanderen solten kriegen.» Etterlin wollte sich die Finger nicht verbrennen und konzentrierte sich in
/Users/programming/PycharmProjects/Find_Bibliography_NEw/data/azk_library/stettler-bernhard__8.pdf;8;work;Etterlin (Petermann Etterlin, Kronika);\betterlin\b;sars «Bellum Gallicum» mit den Helvetiern beginnen liess. Wahrend Etterlin bloss die Niitzlichkeit eidgendssischer Solidaritaét betont hatte
/Users/programming/PycharmProjects/Find_Bibliography_NEw/data/azk_library/stettler-bernhard__8.pdf;8;work;Edlibach (Gerold Edlibach, Zürcher Chronik);\bedlibach\b;ete die Klingenberger Chronik, vor allem aber die Darstellung von Edlibach samt den darin enthaltenen Dokumenten (die Chronik von Friind dag
/Users/programming/PycharmProjects/Find_Bibliography_NEw/data/azk_library/stettler-bernhard__8.pdf;8;work;Brennwald (Heinrich/Johannes Brennwald, Schweizerchronik);heinrich[\s \-]+brennwald;inn lassen betadigen [vereinbaren].»¥ Der Embracher Chorherr Heinrich Brennwald stellte um 1510 die Schweizer Geschichte auf eine grundsatzl
/Users/programming/PycharmProjects/Find_Bibliography_NEw/data/azk_library/stettler-bernhard__8.pdf;8;work;Brennwald (Heinrich/Johannes Brennwald, Schweizerchronik);\bbrennwald\b;lassen betadigen [vereinbaren].»¥ Der Embracher Chorherr Heinrich Brennwald stellte um 1510 die Schweizer Geschichte auf eine grundsatzlich
/Users/programming/PycharmProjects/Find_Bibliography_NEw/data/azk_library/stettler-bernhard__8.pdf;8;work;Brennwald (Heinrich/Johannes Brennwald, Schweizerchronik);\bbrennwald\b;keit eidgendssischer Solidaritaét betont hatte, wurde diese durch Brennwald erstmals auf historische Wurzeln zurtickgefiihrt. Zudem war Bren
/Users/programming/PycharmProjects/Find_Bibliography_NEw/data/azk_library/stettler-bernhard__8.pdf;8;work;Brennwald (Heinrich/Johannes Brennwald, Schweizerchronik);\bbrennwald\b;nwald erstmals auf historische Wurzeln zurtickgefiihrt. Zudem war Brennwald darauf bedacht, den einzelnen Orten in einem Aufriss ihrer Gesch
/Users/programming/PycharmProjects/Find_Bibliography_NEw/data/azk_library/stettler-bernhard__8.pdf;8;work;Brennwald (Heinrich/Johannes Brennwald, Schweizerchronik);\bbrennwald\b;st inhaltlich weitgehend von der Ziircher Uberlieferung bestimmt. Brennwald verwendete die Klingenberger Chronik, vor allem aber die Darstel
/Users/programming/PycharmProjects/Find_Bibliography_NEw/data/azk_library/stettler-bernhard__8.pdf;8;work;Klingenberger/Rapperswiler Chronik (Eberhard Wüest);klingenberger[\s \-]+chronik;r Ziircher Uberlieferung bestimmt. Brennwald verwendete die Klingenberger Chronik, vor allem aber die Darstellung von Edlibach samt den dari
/Users/programming/PycharmProjects/Find_Bibliography_NEw/data/azk_library/stettler-bernhard__8.pdf;8;generic;Chronik/Chroniken;\bchronik(?:en)?\b;her Uberlieferung bestimmt. Brennwald verwendete die Klingenberger Chronik, vor allem aber die Darstellung von Edlibach samt den darin entha
/Users/programming/PycharmProjects/Find_Bibliography_NEw/data/azk_library/stettler-bernhard__8.pdf;8;generic;Chronik/Chroniken;\bchronik(?:en)?\b;arstellung von Edlibach samt den darin enthaltenen Dokumenten (die Chronik von Friind dagegen war ihm nicht bekannt) und bereicherte diesen
/Users/programming/PycharmProjects/Find_Bibliography_NEw/data/azk_library/stettler-bernhard__8.pdf;8;generic;Eydgenossenschaft/Helvetia (frühneuzeitl. Schreibungen);eidt?genossenschaft;den. Die Chronisten um 1500 wandten ihren Blick auf die Gesamteidgenossenschaft und verstanden den Ziirichkrieg bloss noch als eine Krisenze
/Users/programming/PycharmProjects/Find_Bibliography_NEw/data/azk_library/stettler-bernhard__8.pdf;8;generic;Eydgenossenschaft/Helvetia (frühneuzeitl. Schreibungen);eidt?genossenschaft;iss ihrer Geschichte von den Anfangen bis zum Eintritt in die Eidgenossenschaft gerecht zu werden. Seine guteidgendssische Gesinnung wurzelt
/Users/programming/PycharmProjects/Find_Bibliography_NEw/data/azk_library/stettler-bernhard__8.pdf;8;generic;Eydgenossenschaft/Helvetia (frühneuzeitl. Schreibungen);helveti[ae];der Eidgenossen in Anlehnung an Caesars «Bellum Gallicum» mit den Helvetiern beginnen liess. Wahrend Etterlin bloss die Niitzlichkeit eidgen
/Users/programming/PycharmProjects/Find_Bibliography_NEw/data/azk_library/stettler-bernhard__8.pdf;8;generic;Schlacht-/Kriegserzählungen;\bschlacht(?:en)?\b;d konzentrierte sich in seiner summarischen Darstellung auf «die schlachten so zwiischent beyden parthien, wo und an welchen enden die besch
/Users/programming/PycharmProjects/Find_Bibliography_NEw/data/azk_library/stettler-bernhard__8.pdf;8;generic;Schlacht-/Kriegserzählungen;\bkrieg(?:e|en)?\b;ildhaftigkeit als einen Bruderkrieg: «Und wertt [dauerte] sdlicher kriege siben gantze iar [1439-1446], das vatter wider sun, bruoder wider
/Users/programming/PycharmProjects/Find_Bibliography_NEw/data/azk_library/stettler-bernhard__8.pdf;8;generic;Schlacht-/Kriegserzählungen;\bkrieg(?:e|en)?\b;r Machtentfaltung aus gesehen der Schluss: «Das was der hefftigost kriege, den die eidtgenossen ye gehept hand [...], dann es ist alles ein
/Users/programming/PycharmProjects/Find_Bibliography_NEw/data/azk_library/stettler-bernhard__8.pdf;8;generic;Schlacht-/Kriegserzählungen;\bkrieg(?:e|en)?\b;s ein kinden spyl, wan die eidtgenossen eins sind, mit wem sy doch kriegen muofent, dann das [als wenn] sy mit einanderen solten kriegen.» E
/Users/programming/PycharmProjects/Find_Bibliography_NEw/data/azk_library/stettler-bernhard__8.pdf;8;generic;Schlacht-/Kriegserzählungen;\bkrieg(?:e|en)?\b;doch kriegen muofent, dann das [als wenn] sy mit einanderen solten kriegen.» Etterlin wollte sich die Finger nicht verbrennen und konzentrie
/Users/programming/PycharmProjects/Find_Bibliography_NEw/data/azk_library/stettler-bernhard__8.pdf;9;work;Stumpf (Johannes Stumpf, Schweizerchronik);johannes[\s \-]+stumpf;itung des Themas unter Neugewichtung der Quellen war gekommen. Johannes Stumpf war damals gewissermassen der Geschichtsschreiber vom Dienst.
/Users/programming/PycharmProjects/Find_Bibliography_NEw/data/azk_library/stettler-bernhard__8.pdf;9;work;Brennwald (Heinrich/Johannes Brennwald, Schweizerchronik);\bbrennwald\b;"Ziirich und ander eignossen tiber einander verhazt [aufhetzte]». Brennwald schloss seine Darstellung mit dem Anlass vom Jahr 1446; von der"
/Users/programming/PycharmProjects/Find_Bibliography_NEw/data/azk_library/stettler-bernhard__8.pdf;9;work;Bullinger (Heinrich Bullinger, historiographische Werke);heinrich[\s \-]+bullinger;hm geistig tiberlegen waren, insbesondere durch den Antistes Heinrich Bullinger, der sich neben seiner Amtstatigkeit mit unermiidlicher Kraf
/Users/programming/PycharmProjects/Find_Bibliography_NEw/data/azk_library/stettler-bernhard__8.pdf;9;work;Bullinger (Heinrich Bullinger, historiographische Werke);heinrich[\s \-]+bullinger;politischen Konsequenzen des Zweiten Kappeler Kriegs hatten Heinrich Bullinger, seit 1529 Pfarrer in Bremgarten, in existentielle Gefahr ge
/Users/programming/PycharmProjects/Find_Bibliography_NEw/data/azk_library/stettler-bernhard__8.pdf;9;work;Bullinger (Heinrich Bullinger, historiographische Werke);\bbullinger\b;eistig tiberlegen waren, insbesondere durch den Antistes Heinrich Bullinger, der sich neben seiner Amtstatigkeit mit unermiidlicher Kraft um
/Users/programming/PycharmProjects/Find_Bibliography_NEw/data/azk_library/stettler-bernhard__8.pdf;9;work;Bullinger (Heinrich Bullinger, historiographische Werke);\bbullinger\b;itischen Konsequenzen des Zweiten Kappeler Kriegs hatten Heinrich Bullinger, seit 1529 Pfarrer in Bremgarten, in existentielle Gefahr gebrac
/Users/programming/PycharmProjects/Find_Bibliography_NEw/data/azk_library/stettler-bernhard__8.pdf;9;work;Bullinger (Heinrich Bullinger, historiographische Werke);\bbullinger\b;r dramatischen Entwicklung in den Gemeinen Herrschaften verfasste Bullinger 1532 einen «Radtschlag wie man moége vor kriegen sin und der fii
/Users/programming/PycharmProjects/Find_Bibliography_NEw/data/azk_library/stettler-bernhard__8.pdf;9;work;Bullinger (Heinrich Bullinger, historiographische Werke);\bbullinger\b;litat der Ziirichkriegsthematik schlaglichtartig beleuchtet wird. Bullinger befasste sich mit dem Wesen der Eidgenossenschaft an dessen heik
/Users/programming/PycharmProjects/Find_Bibliography_NEw/data/azk_library/stettler-bernhard__8.pdf;9;work;Bullinger (Heinrich Bullinger, historiographische Werke);\bbullinger\b;hlussspruch im Alten Ziirichkrieg habe dies beispielhaft gezeigt. Bullinger vertrat in diesem Ratschlag offen eine Extremposition, von der e
/Users/programming/PycharmProjects/Find_Bibliography_NEw/data/azk_library/stettler-bernhard__8.pdf;9;work;Bullinger (Heinrich Bullinger, historiographische Werke);\bbullinger\b;r sich aber immer wieder mit dem Alten Ziirichkrieg. 1568 schloss Bullinger seine «Historia gemeiner loblicher eydgnoschafft» ab. Das zweiba
/Users/programming/PycharmProjects/Find_Bibliography_NEw/data/azk_library/stettler-bernhard__8.pdf;9;work;Kopp (Joseph Eutych Kopp, Geschichte der Eidgenossen);geschichte[\s \-]+der[\s \-]+eidgenossen;ben seiner Amtstatigkeit mit unermiidlicher Kraft um die Geschichte der Eidgenossenschaft bemiihte. Die politischen Konsequenzen des Zweiten
/Users/programming/PycharmProjects/Find_Bibliography_NEw/data/azk_library/stettler-bernhard__8.pdf;9;generic;Historia/Historiae;\bhistori[ae]\b;wieder mit dem Alten Ziirichkrieg. 1568 schloss Bullinger seine «Historia gemeiner loblicher eydgnoschafft» ab. Das zweibandige Werk tragt
/Users/programming/PycharmProjects/Find_Bibliography_NEw/data/azk_library/stettler-bernhard__8.pdf;9;generic;Eydgenossenschaft/Helvetia (frühneuzeitl. Schreibungen);eydt?g?nosch[aä]fft;rieg. 1568 schloss Bullinger seine «Historia gemeiner loblicher eydgnoschafft» ab. Das zweibandige Werk tragt stark den Charakter einer Mate
/Users/programming/PycharmProjects/Find_Bibliography_NEw/data/azk_library/stettler-bernhard__8.pdf;9;generic;Eydgenossenschaft/Helvetia (frühneuzeitl. Schreibungen);eidt?genossenschaft;Reformators Huldrych Zwingli riihrten an den Grundfesten der Eidgenossenschaft. Der Misserfolg von Zwinglis Politik gab in Ziirich Anlass,
/Users/programming/PycharmProjects/Find_Bibliography_NEw/data/azk_library/stettler-bernhard__8.pdf;9;generic;Eydgenossenschaft/Helvetia (frühneuzeitl. Schreibungen);eidt?genossenschaft;Amtstatigkeit mit unermiidlicher Kraft um die Geschichte der Eidgenossenschaft bemiihte. Die politischen Konsequenzen des Zweiten Kappeler
/Users/programming/PycharmProjects/Find_Bibliography_NEw/data/azk_library/stettler-bernhard__8.pdf;9;generic;Eydgenossenschaft/Helvetia (frühneuzeitl. Schreibungen);eidt?genossenschaft;ig beleuchtet wird. Bullinger befasste sich mit dem Wesen der Eidgenossenschaft an dessen heikelster Stelle, namlich der durch die Eingliede
/Users/programming/PycharmProjects/Find_Bibliography_NEw/data/azk_library/stettler-bernhard__8.pdf;9;generic;Schlacht-/Kriegserzählungen;\bkrieg(?:e|en)?\b;aften verfasste Bullinger 1532 einen «Radtschlag wie man moége vor kriegen sin und der fiinf orten tyranny abkummen», durch den die Aktualit
/Users/programming/PycharmProjects/Find_Bibliography_NEw/data/azk_library/stettler-bernhard__8.pdf;10;work;Stumpf (Johannes Stumpf, Schweizerchronik);johannes[\s \-]+stumpf;ieg sind jedenfalls neben Bullingers Darstellung noch jene von Johannes Stumpf und Hans Fiissli beigebunden sowie eine umfangreiche Sammlung
/Users/programming/PycharmProjects/Find_Bibliography_NEw/data/azk_library/stettler-bernhard__8.pdf;10;work;Bullinger (Heinrich Bullinger, historiographische Werke);\bbullinger\b;acht ursach des ersten Ziirych kriegs» ersichtlich werden sollte. Bullinger selbst verfasste zum Ziirichkrieg nur eine Zusammenfassung, «ein
/Users/programming/PycharmProjects/Find_Bibliography_NEw/data/azk_library/stettler-bernhard__8.pdf;10;work;Bullinger (Heinrich Bullinger, historiographische Werke);\bbullinger\b;ch kriegs», die um 1540 verfasst worden war. Die «Epitome» konnte Bullinger aber erst schreiben, nachdem er die Dokumentensammlung «uf den b
/Users/programming/PycharmProjects/Find_Bibliography_NEw/data/azk_library/stettler-bernhard__8.pdf;10;work;Bullinger (Heinrich Bullinger, historiographische Werke);\bbullinger\b;n Ziircher Standpunkt vertritt. Der Standpunkt der Gegenseite war Bullinger ebenfalls bekannt, da eine Abschrift der Friindschen Chronik aus
/Users/programming/PycharmProjects/Find_Bibliography_NEw/data/azk_library/stettler-bernhard__8.pdf;10;work;Bullinger (Heinrich Bullinger, historiographische Werke);\bbullinger\b;sen parth gerichtet».'® Aufgrund all dieser Materialien verfasste Bullinger 1572-1574 die einschlagigen Abschnitte in seiner Gesamtdarstellu
/Users/programming/PycharmProjects/Find_Bibliography_NEw/data/azk_library/stettler-bernhard__8.pdf;10;generic;Chronik/Chroniken;\bchronik(?:en)?\b;ehrfach bei der Beschreibung von Kriegen. (Holzschnitt in: Stumpf, Chronik, wie Abb. 4, Bd. 2, fol. 430 v) richkrieg sind jedenfalls neben B
/Users/programming/PycharmProjects/Find_Bibliography_NEw/data/azk_library/stettler-bernhard__8.pdf;10;generic;Chronik/Chroniken;\bchronik(?:en)?\b;war Bullinger ebenfalls bekannt, da eine Abschrift der Friindschen Chronik aus dem Besitz von Werner Steiner an ihn tibergegangen war. Er ta
/Users/programming/PycharmProjects/Find_Bibliography_NEw/data/azk_library/stettler-bernhard__8.pdf;10;generic;Chronik/Chroniken;\bchronik(?:en)?\b;zum Bericht tiber den Ziirichkrieg beklagte er sich erneut liber Chroniken, in denen «ettlichs gar partyesch und alein uff der Schwytzern g
/Users/programming/PycharmProjects/Find_Bibliography_NEw/data/azk_library/stettler-bernhard__8.pdf;10;generic;Historia/Historiae;\bhistori[ae]\b;iente ihm die dem ersten Band beigebundene Abschrift von Stumpfs «Historia des allten tédtlichen sibeniarigen Ziirych kriegs», die um 1540 v
/Users/programming/PycharmProjects/Find_Bibliography_NEw/data/azk_library/stettler-bernhard__8.pdf;10;generic;Historia/Historiae;\bhistori[ae]\b;m krieg noch in zwey trucken verwaret habend», in die Stumpfsche «Historia» mittels Verweisen, Glossen und Beilagen eingearbeitet hatte. Die
/Users/programming/PycharmProjects/Find_Bibliography_NEw/data/azk_library/stettler-bernhard__8.pdf;10;generic;Schlacht-/Kriegserzählungen;\bkrieg(?:e|en)?\b;richkrieg, sondern verwendet ihn mehrfach bei der Beschreibung von Kriegen. (Holzschnitt in: Stumpf, Chronik, wie Abb. 4, Bd. 2, fol. 430 v)
/Users/programming/PycharmProjects/Find_Bibliography_NEw/data/azk_library/stettler-bernhard__8.pdf;10;generic;Schlacht-/Kriegserzählungen;\bkrieg(?:e|en)?\b;effen und geschrifften, die min gnddig herren von Ziirych von disem krieg noch in zwey trucken verwaret habend», in die Stumpfsche «Historia
/Users/programming/PycharmProjects/Find_Bibliography_NEw/data/azk_library/stettler-bernhard__8.pdf;11;work;Stumpf (Johannes Stumpf, Schweizerchronik);johannes[\s \-]+stumpf;acht eigenlich und allt namen ist».1” Der in Bruchsal geborene Johannes Stumpf, der vom Johanniterorden zum reformierten Glauben iibergetret
/Users/programming/PycharmProjects/Find_Bibliography_NEw/data/azk_library/stettler-bernhard__8.pdf;11;work;Bullinger (Heinrich Bullinger, historiographische Werke);heinrich[\s \-]+bullinger;rer geworden war, gehdrte zum Kreis der Geschichtsfreunde um Heinrich Bullinger. Bereits in den 1530er und frithen 1540er Jahren redigierte
/Users/programming/PycharmProjects/Find_Bibliography_NEw/data/azk_library/stettler-bernhard__8.pdf;11;work;Bullinger (Heinrich Bullinger, historiographische Werke);\bbullinger\b;andern an diesen Kriegen beteiligt habe. Aus dieser Sicht gewann Bullinger Distanz zum Geschehen. Ital Reding war nun nur noch «grimmig uff
/Users/programming/PycharmProjects/Find_Bibliography_NEw/data/azk_library/stettler-bernhard__8.pdf;11;work;Bullinger (Heinrich Bullinger, historiographische Werke);\bbullinger\b;die «bescheidenheit» vergessen. Seinen eigenen Bericht beschloss Bullinger in einem Anflug von Versohnlichkeit mit der Feststellung, dass m
/Users/programming/PycharmProjects/Find_Bibliography_NEw/data/azk_library/stettler-bernhard__8.pdf;11;work;Bullinger (Heinrich Bullinger, historiographische Werke);\bbullinger\b;geworden war, gehdrte zum Kreis der Geschichtsfreunde um Heinrich Bullinger. Bereits in den 1530er und frithen 1540er Jahren redigierte er m
/Users/programming/PycharmProjects/Find_Bibliography_NEw/data/azk_library/stettler-bernhard__8.pdf;11;generic;Chronik/Chroniken;\bchronik(?:en)?\b;llos allgemeine Kriegserfahrungen wieder. (Holzschnitt in: Stumpf, Chronik, wie Abb. 4, Bd. 2, fol. 444 v) ktindigte an, er wolle in dieser
/Users/programming/PycharmProjects/Find_Bibliography_NEw/data/azk_library/stettler-bernhard__8.pdf;11;generic;Chronik/Chroniken;\bchronik(?:en)?\b;wahnt in Form einer Abschrift Eingang in Bullingers Eidgendssische Chronik. Stumpfs Bericht basiert weitgehend auf Ziircher Quellen (auch Fe
/Users/programming/PycharmProjects/Find_Bibliography_NEw/data/azk_library/stettler-bernhard__8.pdf;11;generic;Eydgenossenschaft/Helvetia (frühneuzeitl. Schreibungen);eydt?g?nosch[aä]fft;e Eidgenossen Schweizer nenne, «und ist also der allt namen der eydgnoschafft nitt me alein dem land gaben und bliben sunder ist ouch genamp
/Users/programming/PycharmProjects/Find_Bibliography_NEw/data/azk_library/stettler-bernhard__8.pdf;11;generic;Eydgenossenschaft/Helvetia (frühneuzeitl. Schreibungen);eydt?g?nosch[aä]fft;bliben sunder ist ouch genampt dz Schwytzerland, und die u8 der eydgnoschafft sind Schwytzer genampt, das aber nitt der racht eigenlich und
/Users/programming/PycharmProjects/Find_Bibliography_NEw/data/azk_library/stettler-bernhard__8.pdf;11;generic;Schlacht-/Kriegserzählungen;\bkrieg(?:e|en)?\b;Ziirichkrieg, «diser schwer und langwirig innerlich und burgerlich krieg», wird als «von gott zur straff und ziichtigung gesanndt» erklart,
/Users/programming/PycharmProjects/Find_Bibliography_NEw/data/azk_library/stettler-bernhard__8.pdf;11;generic;Schlacht-/Kriegserzählungen;\bkrieg(?:e|en)?\b;weil die Eidgenossen zuvor mit viel Blutvergiessen, Raub und Brand Kriege gegen ihre Nachbarn in «tiitschen und walschen landen» geftihrt ha
/Users/programming/PycharmProjects/Find_Bibliography_NEw/data/azk_library/stettler-bernhard__8.pdf;11;generic;Schlacht-/Kriegserzählungen;\bkrieg(?:e|en)?\b;Schaden gekommen, als es sich «fiirnemer» als die andern an diesen Kriegen beteiligt habe. Aus dieser Sicht gewann Bullinger Distanz zum Ges
/Users/programming/PycharmProjects/Find_Bibliography_NEw/data/azk_library/stettler-bernhard__8.pdf;12;work;Edlibach (Gerold Edlibach, Zürcher Chronik);\bedlibach\b;ste Stumpf nicht mehr, als er tiber die Chronik von Brennwald aus Edlibach bis zum Jahr 1447 erfahren konnte.® In seiner 1548 im Druck ersch
/Users/programming/PycharmProjects/Find_Bibliography_NEw/data/azk_library/stettler-bernhard__8.pdf;12;work;Brennwald (Heinrich/Johannes Brennwald, Schweizerchronik);\bbrennwald\b;en Frieden wusste Stumpf nicht mehr, als er tiber die Chronik von Brennwald aus Edlibach bis zum Jahr 1447 erfahren konnte.® In seiner 1548
/Users/programming/PycharmProjects/Find_Bibliography_NEw/data/azk_library/stettler-bernhard__8.pdf;12;work;Bullinger (Heinrich Bullinger, historiographische Werke);\bbullinger\b;von Stumpf verfasst. Dabei bemiihte er sich noch mehr als spater Bullinger um Versdhnlichkeit, wurde doch auch den altglaubigen Orten je ei
/Users/programming/PycharmProjects/Find_Bibliography_NEw/data/azk_library/stettler-bernhard__8.pdf;12;work;Vadian (Joachim Vadianus, St. Galler Chronik);\bvadian(us)?\b;ch bereits um 1530 der St. Galler Biirgermeister Joachim von Watt (Vadian) zum Thema Ziirichkrieg geaussert. Als Aussenstehender brauchte er
/Users/programming/PycharmProjects/Find_Bibliography_NEw/data/azk_library/stettler-bernhard__8.pdf;12;generic;Chronik/Chroniken;\bchronik(?:en)?\b;um endgiiltigen Frieden wusste Stumpf nicht mehr, als er tiber die Chronik von Brennwald aus Edlibach bis zum Jahr 1447 erfahren konnte.® In
/Users/programming/PycharmProjects/Find_Bibliography_NEw/data/azk_library/stettler-bernhard__8.pdf;12;generic;Chronik/Chroniken;\bchronik(?:en)?\b;enden Uberblick, gewissermassen die Klammer fiir die in der ganzen Chronik verteilten Einzelbeitrage, die zufolge der historisch-topographis
/Users/programming/PycharmProjects/Find_Bibliography_NEw/data/azk_library/stettler-bernhard__8.pdf;12;generic;Chronik/Chroniken;\bchronik(?:en)?\b;h den altglaubigen Orten je ein Dedikationsexemplar der gedruckten Chronik tiberreicht. Provokative Dokumente wurden durch Andeutungen erset
/Users/programming/PycharmProjects/Find_Bibliography_NEw/data/azk_library/stettler-bernhard__8.pdf;12;generic;Eydgenossenschaft/Helvetia (frühneuzeitl. Schreibungen);eidt?genossenschaft;Stumpf nicht zuletzt beim Adel und bei Osterreich, welche die Eidgenossenschaft verderben wollten: «Und halff yederman, besonder vom adel un
/Users/programming/PycharmProjects/Find_Bibliography_NEw/data/azk_library/stettler-bernhard__8.pdf;12;generic;Schlacht-/Kriegserzählungen;\bschlacht(?:en)?\b;"ngen hatten, so bewiesen sie «nit minder wiiettery nach eroberter schlacht zuo Cappel im 1531. jar»; bei der Belagerung von Greifensee «hatt"
/Users/programming/PycharmProjects/Find_Bibliography_NEw/data/azk_library/stettler-bernhard__8.pdf;12;generic;Schlacht-/Kriegserzählungen;\bschlacht(?:en)?\b;eutungen ersetzt (so beispielsweise das Ziircher Missiv tiber die Schlacht bei St. Jakob an der Sihl mit der Erwahnung des Schwyzer Zeichent
/Users/programming/PycharmProjects/Find_Bibliography_NEw/data/azk_library/stettler-bernhard__8.pdf;12;generic;Schlacht-/Kriegserzählungen;\bkrieg(?:e|en)?\b;eiir anblaasen, darmit ein lobliche eidgnoschafft durch burgerliche krieg zerstért wurde.» Die Hauptbotschaft der Stumpfschen Darstellung wa
/Users/programming/PycharmProjects/Find_Bibliography_NEw/data/azk_library/stettler-bernhard__8.pdf;12;generic;Schlacht-/Kriegserzählungen;\bkrieg(?:e|en)?\b;Sicht nicht mehr als ein blutiges Zwischenspiel: «Diser burgerlich krieg wurde in vil jar mit grossem bluotvergiessen kosten und schaden ge
/Users/programming/PycharmProjects/Find_Bibliography_NEw/data/azk_library/stettler-bernhard__8.pdf;12;generic;Schlacht-/Kriegserzählungen;\bkrieg(?:e|en)?\b;tiberlassen, und 1532, nach Ziirichs Niederlage im Zweiten Kappeler Krieg, wurde die Abtei mit dem Zweiten 34
/Users/programming/PycharmProjects/Find_Bibliography_NEw/data/azk_library/stettler-bernhard__8.pdf;13;work;Edlibach (Gerold Edlibach, Zürcher Chronik);gerold[\s \-]+edlibach;ischer Seite schwanken zwischen 16 bei Hans Friind und 170 bei Gerold Edlibach. (Holzschnitt in: Stumpf, Chronik, wie Abb. 4, Bd. 2, fol. 14
/Users/programming/PycharmProjects/Find_Bibliography_NEw/data/azk_library/stettler-bernhard__8.pdf;13;work;Edlibach (Gerold Edlibach, Zürcher Chronik);\bedlibach\b;er Seite schwanken zwischen 16 bei Hans Friind und 170 bei Gerold Edlibach. (Holzschnitt in: Stumpf, Chronik, wie Abb. 4, Bd. 2, fol. 142 v)
/Users/programming/PycharmProjects/Find_Bibliography_NEw/data/azk_library/stettler-bernhard__8.pdf;13;work;Klingenberger/Rapperswiler Chronik (Eberhard Wüest);klingenberger[\s \-]+chronik;tihrungen stiitzte er sich hauptsachlich auf eine Kopie der Klingenberger Chronik, die er voriibergehend ausleihen konnte. Ganz in ihrem Sin
/Users/programming/PycharmProjects/Find_Bibliography_NEw/data/azk_library/stettler-bernhard__8.pdf;13;work;Vadian (Joachim Vadianus, St. Galler Chronik);\bvadian(us)?\b;llt. Unter dem Eindruck dieser wechselvollen Entwicklung verfasste Vadian seine Grosse Chronik der Abte von St. Gallen und widmete darin dem
/Users/programming/PycharmProjects/Find_Bibliography_NEw/data/azk_library/stettler-bernhard__8.pdf;13;work;Vadian (Joachim Vadianus, St. Galler Chronik);\bvadian(us)?\b;en unglimpf und widerwillen bi den aidgnoBen» gebracht. Emport ist Vadian dariiber, dass die Schwyzer 1441 mit K6nig Friedrich III. gegen di
/Users/programming/PycharmProjects/Find_Bibliography_NEw/data/azk_library/stettler-bernhard__8.pdf;13;generic;Chronik/Chroniken;\bchronik(?:en)?\b;Hans Friind und 170 bei Gerold Edlibach. (Holzschnitt in: Stumpf, Chronik, wie Abb. 4, Bd. 2, fol. 142 v) Landfrieden in ihren Rechten wied
/Users/programming/PycharmProjects/Find_Bibliography_NEw/data/azk_library/stettler-bernhard__8.pdf;13;generic;Chronik/Chroniken;\bchronik(?:en)?\b;uck dieser wechselvollen Entwicklung verfasste Vadian seine Grosse Chronik der Abte von St. Gallen und widmete darin dem Alten Ziirichkrieg
/Users/programming/PycharmProjects/Find_Bibliography_NEw/data/azk_library/stettler-bernhard__8.pdf;13;generic;Chronik/Chroniken;\bchronik(?:en)?\b;en stiitzte er sich hauptsachlich auf eine Kopie der Klingenberger Chronik, die er voriibergehend ausleihen konnte. Ganz in ihrem Sinn halt
/Users/programming/PycharmProjects/Find_Bibliography_NEw/data/azk_library/stettler-bernhard__8.pdf;13;generic;Eydgenossenschaft/Helvetia (frühneuzeitl. Schreibungen);eidt?genossenschaft;ehauptet hatten, sie handelten fiir «eer, fromm und nutz» der Eidgenossenschaft. Ein eidgenéssisches Schiedsgericht habe dieses Vorgehen geb
/Users/programming/PycharmProjects/Find_Bibliography_NEw/data/azk_library/stettler-bernhard__8.pdf;13;generic;Eydgenossenschaft/Helvetia (frühneuzeitl. Schreibungen);eidt?genossenschaft;. Wenn Ziirich 1442 sein Biindnis mit Osterreich als fiir die Eidgenossenschaft unschddlich erklarte, so handelte die Stadt nach Vadians Auf
/Users/programming/PycharmProjects/Find_Bibliography_NEw/data/azk_library/stettler-bernhard__8.pdf;14;work;Etterlin (Petermann Etterlin, Kronika);petermann[\s \-]+etterlin;eidgendssische Sicht stand trotz aller Nivellierung auch bei Petermann Etterlin und Heinrich Brennwald noch immer im Vordergrund. Mit Stumpf
/Users/programming/PycharmProjects/Find_Bibliography_NEw/data/azk_library/stettler-bernhard__8.pdf;14;work;Etterlin (Petermann Etterlin, Kronika);\betterlin\b;ndssische Sicht stand trotz aller Nivellierung auch bei Petermann Etterlin und Heinrich Brennwald noch immer im Vordergrund. Mit Stumpfs ged
/Users/programming/PycharmProjects/Find_Bibliography_NEw/data/azk_library/stettler-bernhard__8.pdf;14;work;Stumpf (Johannes Stumpf, Schweizerchronik);johannes[\s \-]+stumpf;er in Kontakt, und die Auffassungen Vadians waren ihm bekannt. Johannes Stumpf hatte er bei seiner Tatigkeit beraten und mit Quellenmaterial
/Users/programming/PycharmProjects/Find_Bibliography_NEw/data/azk_library/stettler-bernhard__8.pdf;14;work;Tschudi (Aegidius/Gilg Tschudi, Chronicon Helveticum);aegidi(?:us)?[\s \-]+tschudi;hkeit getragen. Der Glarner Politiker und Geschichtsschreiber Aegidius Tschudi war mit Stumpfs Schweizerchronik bestens vertraut, mit Bullin
/Users/programming/PycharmProjects/Find_Bibliography_NEw/data/azk_library/stettler-bernhard__8.pdf;14;work;Tschudi (Aegidius/Gilg Tschudi, Chronicon Helveticum);\btschudi\b;t getragen. Der Glarner Politiker und Geschichtsschreiber Aegidius Tschudi war mit Stumpfs Schweizerchronik bestens vertraut, mit Bullinger
/Users/programming/PycharmProjects/Find_Bibliography_NEw/data/azk_library/stettler-bernhard__8.pdf;14;work;Tschudi (Aegidius/Gilg Tschudi, Chronicon Helveticum);\btschudi\b;ullinger konnte Einblick nehmen in verschiedene seiner Werke. Aber Tschudi war ein tiberzeugter Altglaubiger, weshalb die Gelehrtenkontakte
/Users/programming/PycharmProjects/Find_Bibliography_NEw/data/azk_library/stettler-bernhard__8.pdf;14;work;Tschudi (Aegidius/Gilg Tschudi, Chronicon Helveticum);\btschudi\b;rschattete Thema des Alten Ziirichkriegs betrafen. Beweggrund fiir Tschudi, sich in den 1550er Jahren mit dieser Thematik zu befassen, waren
/Users/programming/PycharmProjects/Find_Bibliography_NEw/data/azk_library/stettler-bernhard__8.pdf;14;work;Tschudi (Aegidius/Gilg Tschudi, Chronicon Helveticum);\btschudi\b;den ihm vertrauten Luzerner Stadtschreiber Zacharias Bletz verrat Tschudi seine Parteilichkeit, indem er bei der Aufzahlung seiner Vorlagen
/Users/programming/PycharmProjects/Find_Bibliography_NEw/data/azk_library/stettler-bernhard__8.pdf;14;work;Tschudi (Aegidius/Gilg Tschudi, Chronicon Helveticum);\btschudi\b;e. Wie Bullinger auf Ziircher Seite die Friindsche Chronik, so zog Tschudi die Klingenberger und die Ziircher Stadtchronik sowie die Dokumen
/Users/programming/PycharmProjects/Find_Bibliography_NEw/data/azk_library/stettler-bernhard__8.pdf;14;work;Brennwald (Heinrich/Johannes Brennwald, Schweizerchronik);heinrich[\s \-]+brennwald;and trotz aller Nivellierung auch bei Petermann Etterlin und Heinrich Brennwald noch immer im Vordergrund. Mit Stumpfs gedruckter Schweizerc
/Users/programming/PycharmProjects/Find_Bibliography_NEw/data/azk_library/stettler-bernhard__8.pdf;14;work;Brennwald (Heinrich/Johannes Brennwald, Schweizerchronik);\bbrennwald\b;trotz aller Nivellierung auch bei Petermann Etterlin und Heinrich Brennwald noch immer im Vordergrund. Mit Stumpfs gedruckter Schweizerchron
/Users/programming/PycharmProjects/Find_Bibliography_NEw/data/azk_library/stettler-bernhard__8.pdf;14;work;Bullinger (Heinrich Bullinger, historiographische Werke);heinrich[\s \-]+bullinger;Tatigkeit beraten und mit Quellenmaterial untersttitzt, und Heinrich Bullinger konnte Einblick nehmen in verschiedene seiner Werke. Aber Ts
/Users/programming/PycharmProjects/Find_Bibliography_NEw/data/azk_library/stettler-bernhard__8.pdf;14;work;Bullinger (Heinrich Bullinger, historiographische Werke);\bbullinger\b;us Tschudi war mit Stumpfs Schweizerchronik bestens vertraut, mit Bullinger stand er in Kontakt, und die Auffassungen Vadians waren ihm beka
/Users/programming/PycharmProjects/Find_Bibliography_NEw/data/azk_library/stettler-bernhard__8.pdf;14;work;Bullinger (Heinrich Bullinger, historiographische Werke);\bbullinger\b;igkeit beraten und mit Quellenmaterial untersttitzt, und Heinrich Bullinger konnte Einblick nehmen in verschiedene seiner Werke. Aber Tschud
/Users/programming/PycharmProjects/Find_Bibliography_NEw/data/azk_library/stettler-bernhard__8.pdf;14;work;Bullinger (Heinrich Bullinger, historiographische Werke);\bbullinger\b;ich Friindsche — Bild vom Ziirichkrieg, das nach den Arbeiten von Bullinger und Stumpf sowie von Vadian nicht mehr haltbar war, unter Beriic
/Users/programming/PycharmProjects/Find_Bibliography_NEw/data/azk_library/stettler-bernhard__8.pdf;14;work;Bullinger (Heinrich Bullinger, historiographische Werke);\bbullinger\b;is Darstellung darf also als das Gegenstitick zu den Arbeiten von Bullinger und Stumpf sowie von Vadian bezeichnet werden — Gegenstiick zuha
/Users/programming/PycharmProjects/Find_Bibliography_NEw/data/azk_library/stettler-bernhard__8.pdf;14;work;Bullinger (Heinrich Bullinger, historiographische Werke);\bbullinger\b;rchiven hatte, aber ohne Gelehrtengespraich auskommen musste. Wie Bullinger auf Ziircher Seite die Friindsche Chronik, so zog Tschudi die Kl
/Users/programming/PycharmProjects/Find_Bibliography_NEw/data/azk_library/stettler-bernhard__8.pdf;14;work;Vadian (Joachim Vadianus, St. Galler Chronik);\bvadian(us)?\b;Osterreich Vorhaltungen zu machen. Trotz allem beurteilte Vadian Ziirichs Zuriickweisung des Biindnisrechts und sein Beharren auf Reichsrech
/Users/programming/PycharmProjects/Find_Bibliography_NEw/data/azk_library/stettler-bernhard__8.pdf;14;work;Vadian (Joachim Vadianus, St. Galler Chronik);\bvadian(us)?\b;z lut der piinten zuozuchend». Auch vor aktuellen Beziigen scheute Vadian nicht zuriick. Vor allem beklagte er, dass die innern Orte, die im
/Users/programming/PycharmProjects/Find_Bibliography_NEw/data/azk_library/stettler-bernhard__8.pdf;14;work;Vadian (Joachim Vadianus, St. Galler Chronik);\bvadian(us)?\b;ichkrieg, das nach den Arbeiten von Bullinger und Stumpf sowie von Vadian nicht mehr haltbar war, unter Beriicksichtigung der ziircherisch-d
/Users/programming/PycharmProjects/Find_Bibliography_NEw/data/azk_library/stettler-bernhard__8.pdf;14;work;Vadian (Joachim Vadianus, St. Galler Chronik);\bvadian(us)?\b;as Gegenstitick zu den Arbeiten von Bullinger und Stumpf sowie von Vadian bezeichnet werden — Gegenstiick zuhanden der altglaubigen inneren
/Users/programming/PycharmProjects/Find_Bibliography_NEw/data/azk_library/stettler-bernhard__8.pdf;14;generic;Chronik/Chroniken;\bchronik(?:en)?\b;e Parteilichkeit, indem er bei der Aufzahlung seiner Vorlagen die Chroniken «an unserm teil» jenen «an der widerparth» gegentiberstellte. Ts
/Users/programming/PycharmProjects/Find_Bibliography_NEw/data/azk_library/stettler-bernhard__8.pdf;14;generic;Chronik/Chroniken;\bchronik(?:en)?\b;auskommen musste. Wie Bullinger auf Ziircher Seite die Friindsche Chronik, so zog Tschudi die Klingenberger und die Ziircher Stadtchronik s
/Users/programming/PycharmProjects/Find_Bibliography_NEw/data/azk_library/stettler-bernhard__8.pdf;15;work;Schilling (ungenau);\bschilling\b;"assung hatte Stettler die Chroniken von Konrad Justinger, Diebold Schilling und Valerius Anshelm kopiert; zudem verwendete er Dokumente aus"
/Users/programming/PycharmProjects/Find_Bibliography_NEw/data/azk_library/stettler-bernhard__8.pdf;15;work;Justinger (Konrad Justinger, Berner Chronik);konrad[\s \-]+justinger;"erhielt. Vor deren Abfassung hatte Stettler die Chroniken von Konrad Justinger, Diebold Schilling und Valerius Anshelm kopiert; zudem verwen"
/Users/programming/PycharmProjects/Find_Bibliography_NEw/data/azk_library/stettler-bernhard__8.pdf;15;work;Justinger (Konrad Justinger, Berner Chronik);\bjustinger\b;"ielt. Vor deren Abfassung hatte Stettler die Chroniken von Konrad Justinger, Diebold Schilling und Valerius Anshelm kopiert; zudem verwendet"
/Users/programming/PycharmProjects/Find_Bibliography_NEw/data/azk_library/stettler-bernhard__8.pdf;15;work;Tschudi (Aegidius/Gilg Tschudi, Chronicon Helveticum);\btschudi\b;Bemerkenswert ist, dass Tschudi trotz abweichender Auffassungen in Ziirich nicht in Ungnade fiel. Der Ziircher Gelehrte Josias Simler schatz
/Users/programming/PycharmProjects/Find_Bibliography_NEw/data/azk_library/stettler-bernhard__8.pdf;15;work;Tschudi (Aegidius/Gilg Tschudi, Chronicon Helveticum);\btschudi\b;icht in Ungnade fiel. Der Ziircher Gelehrte Josias Simler schatzte Tschudi als Geschichtsschreiber sehr hoch ein und hatte einen wesentliche
/Users/programming/PycharmProjects/Find_Bibliography_NEw/data/azk_library/stettler-bernhard__8.pdf;15;work;Tschudi (Aegidius/Gilg Tschudi, Chronicon Helveticum);\btschudi\b;seiner Schweizerchronik von 1568 schrieb, hatte Geltung auch fiir Tschudi.¥ Weder Bullingers Darstellung noch jene von Tschudi und Vadian w
/Users/programming/PycharmProjects/Find_Bibliography_NEw/data/azk_library/stettler-bernhard__8.pdf;15;work;Tschudi (Aegidius/Gilg Tschudi, Chronicon Helveticum);\btschudi\b;ung auch fiir Tschudi.¥ Weder Bullingers Darstellung noch jene von Tschudi und Vadian wurden zu Lebzeiten der Verfasser gedruckt und fanden
/Users/programming/PycharmProjects/Find_Bibliography_NEw/data/azk_library/stettler-bernhard__8.pdf;15;work;Anshelm (Valerius Anshelm, Berner Chronik);valerius[\s \-]+anshelm;"ler die Chroniken von Konrad Justinger, Diebold Schilling und Valerius Anshelm kopiert; zudem verwendete er Dokumente aus dem Berner Archiv."
/Users/programming/PycharmProjects/Find_Bibliography_NEw/data/azk_library/stettler-bernhard__8.pdf;15;work;Anshelm (Valerius Anshelm, Berner Chronik);\banshelm\b;"die Chroniken von Konrad Justinger, Diebold Schilling und Valerius Anshelm kopiert; zudem verwendete er Dokumente aus dem Berner Archiv. Ste"
/Users/programming/PycharmProjects/Find_Bibliography_NEw/data/azk_library/stettler-bernhard__8.pdf;15;work;Bullinger (Heinrich Bullinger, historiographische Werke);\bbullinger\b;mopylen gleich.” Grund ftir diese Verséhnlichkeit diirfte wie bei Bullinger die innere und 4ussere politische Entwicklung der 1570er Jahre g
/Users/programming/PycharmProjects/Find_Bibliography_NEw/data/azk_library/stettler-bernhard__8.pdf;15;work;Bullinger (Heinrich Bullinger, historiographische Werke);\bbullinger\b;und 4ussere politische Entwicklung der 1570er Jahre gewesen sein. Bullinger verfasste seine Schweizerchronik «von wagen mines geliepten vatt
/Users/programming/PycharmProjects/Find_Bibliography_NEw/data/azk_library/stettler-bernhard__8.pdf;15;work;Bullinger (Heinrich Bullinger, historiographische Werke);\bbullinger\b;ssend sich also an, dz einer enderung groBlich zuo besorgen». Was Bullinger im Vorwort zu seiner Schweizerchronik von 1568 schrieb, hatte Ge
/Users/programming/PycharmProjects/Find_Bibliography_NEw/data/azk_library/stettler-bernhard__8.pdf;15;work;Vadian (Joachim Vadianus, St. Galler Chronik);\bvadian(us)?\b;r Tschudi.¥ Weder Bullingers Darstellung noch jene von Tschudi und Vadian wurden zu Lebzeiten der Verfasser gedruckt und fanden deshalb nich
/Users/programming/PycharmProjects/Find_Bibliography_NEw/data/azk_library/stettler-bernhard__8.pdf;15;work;Michael Stettler (Berner Chronik 1620–1622);michael[\s \-]+stettler;sten und herren». Am Beispiel des Berner Geschichtsschreibers Michael Stettler lasst sich dies exemplarisch zeigen. Michael Stettler, ein tr
/Users/programming/PycharmProjects/Find_Bibliography_NEw/data/azk_library/stettler-bernhard__8.pdf;15;work;Michael Stettler (Berner Chronik 1620–1622);michael[\s \-]+stettler;reibers Michael Stettler lasst sich dies exemplarisch zeigen. Michael Stettler, ein treuer Diener seines Staats, verdffentlichte 1627 eine D
/Users/programming/PycharmProjects/Find_Bibliography_NEw/data/azk_library/stettler-bernhard__8.pdf;15;work;Simler (Josias Simler, De Helvetiorum republica);josias[\s \-]+simler;ssungen in Ziirich nicht in Ungnade fiel. Der Ziircher Gelehrte Josias Simler schatzte Tschudi als Geschichtsschreiber sehr hoch ein und hat
/Users/programming/PycharmProjects/Find_Bibliography_NEw/data/azk_library/stettler-bernhard__8.pdf;15;work;Simler (Josias Simler, De Helvetiorum republica);\bsimler\b;gen in Ziirich nicht in Ungnade fiel. Der Ziircher Gelehrte Josias Simler schatzte Tschudi als Geschichtsschreiber sehr hoch ein und hatte e
/Users/programming/PycharmProjects/Find_Bibliography_NEw/data/azk_library/stettler-bernhard__8.pdf;15;work;Simler (Josias Simler, De Helvetiorum republica);\bsimler\b;weizerchronik. In seiner «Respublica Helvetiorum» von 1576 widmete Simler dem Alten Ziirichkrieg aber nur einen kurzen Hinweis, wobei er die
/Users/programming/PycharmProjects/Find_Bibliography_NEw/data/azk_library/stettler-bernhard__8.pdf;15;work;Simler (Josias Simler, De Helvetiorum republica);\bsimler\b;ra in Helvecijs conflatum»). Bei St. Jakob an der Birs hatten laut Simler die «Helvetier» ihr «Vaterland», ja «Germanien» gerettet («pro tot
/Users/programming/PycharmProjects/Find_Bibliography_NEw/data/azk_library/stettler-bernhard__8.pdf;15;generic;Chronik/Chroniken;\bchronik(?:en)?\b;zwei Jahrhunderte lang die einzige gedruckte gesamtschweizerische Chronik bleiben. Das Nachleben der spatmittelalterlich-friihneuzeitlichen
/Users/programming/PycharmProjects/Find_Bibliography_NEw/data/azk_library/stettler-bernhard__8.pdf;15;generic;Chronik/Chroniken;\bchronik(?:en)?\b;hweitzer Chronic» erhielt. Vor deren Abfassung hatte Stettler die Chroniken von Konrad Justinger, Diebold Schilling und Valerius Anshelm kop
/Users/programming/PycharmProjects/Find_Bibliography_NEw/data/azk_library/stettler-bernhard__8.pdf;15;generic;Chronik/Chroniken;\bchronicq?\b;lich in einer nationalpolitischen Anwandlung den Titel «Schweitzer Chronic» erhielt. Vor deren Abfassung hatte Stettler die Chroniken von Ko
/Users/programming/PycharmProjects/Find_Bibliography_NEw/data/azk_library/stettler-bernhard__8.pdf;15;generic;Eydgenossenschaft/Helvetia (frühneuzeitl. Schreibungen);helveti[ae];js conflatum»). Bei St. Jakob an der Birs hatten laut Simler die «Helvetier» ihr «Vaterland», ja «Germanien» gerettet («pro totius patriae,
/Users/programming/PycharmProjects/Find_Bibliography_NEw/data/azk_library/stettler-bernhard__8.pdf;15;generic;Schlacht-/Kriegserzählungen;\bkrieg(?:e|en)?\b;als warnendes Beispiel vor den Gefahren «innerlicher burgerlicher kriege» sowie vor «zu vieler gemeinschafft mit frombden fiirsten und herr
/Users/programming/PycharmProjects/Find_Bibliography_NEw/data/azk_library/stettler-bernhard__8.pdf;15;generic;Schlacht-/Kriegserzählungen;\bkrieg(?:e|en)?\b;exempel», dass sich die Eidgenossen «vor innerlichen burgerlichen kriegen» hiiten sollten und bedachten, wie sich diese «so ring [unschwer]
/Users/programming/PycharmProjects/Find_Bibliography_NEw/data/azk_library/stettler-bernhard__8.pdf;16;work;Hemmerlin (Felix Hemmerlin/Malleolus);de[\s \-]+nobilitate[\s \-]+et[\s \-]+rusticitate;ben, darunter das Schwyzer Kapitel aus Felix Hemmerlis «De nobilitate et rusticitate dialogus». In Lauffers «Historischen und critischen Bey
/Users/programming/PycharmProjects/Find_Bibliography_NEw/data/azk_library/stettler-bernhard__8.pdf;16;work;Schilling (ungenau);\bschilling\b;r weniger die Auffassungen von Hans Friind (die ihm tiber Diebold Schilling bekannt waren), umgedeutet auf reformierte Orthodoxie. Fiir Stet
/Users/programming/PycharmProjects/Find_Bibliography_NEw/data/azk_library/stettler-bernhard__8.pdf;16;work;Tschudi (Aegidius/Gilg Tschudi, Chronicon Helveticum);aegidi(?:us)?[\s \-]+tschudi;hte des Alten Ziirichkriegs.* Von diesem Aufbruch konnte auch Aegidius Tschudis Werk profitieren. 1734-1736 wurde sein «Chronicon Helveticum
/Users/programming/PycharmProjects/Find_Bibliography_NEw/data/azk_library/stettler-bernhard__8.pdf;16;work;Tschudi (Aegidius/Gilg Tschudi, Chronicon Helveticum);chronicon[\s \-]+helveticum;h Aegidius Tschudis Werk profitieren. 1734-1736 wurde sein «Chronicon Helveticum» in zwei Banden in Basel gedruckt, ediert von Johann Rudolf
/Users/programming/PycharmProjects/Find_Bibliography_NEw/data/azk_library/stettler-bernhard__8.pdf;16;work;Bullinger (Heinrich Bullinger, historiographische Werke);\bbullinger\b;Ziirichkriegs erhielt damit — verglichen mit den ungedruckten von Bullinger und Vadian — einen einmaligen Bekanntheitsgrad. Mit ihrem Materi
/Users/programming/PycharmProjects/Find_Bibliography_NEw/data/azk_library/stettler-bernhard__8.pdf;16;work;Vadian (Joachim Vadianus, St. Galler Chronik);\bvadian(us)?\b;erhielt damit — verglichen mit den ungedruckten von Bullinger und Vadian — einen einmaligen Bekanntheitsgrad. Mit ihrem Materialreichtum un
/Users/programming/PycharmProjects/Find_Bibliography_NEw/data/azk_library/stettler-bernhard__8.pdf;16;series;QSG (Quellen zur Schweizer Geschichte);quellen[\s \-]+zur[\s \-]+schweizer[\s \-]+geschichte;1735 im «Thesaurus Historiae Helveticae» ausgewahlte Quellen zur Schweizer Geschichte herausgegeben, darunter das Schwyzer Kapitel aus Feli
/Users/programming/PycharmProjects/Find_Bibliography_NEw/data/azk_library/stettler-bernhard__8.pdf;16;generic;Chronicon/Chronica;\bchronic(?:on|a|orum)\b;te auch Aegidius Tschudis Werk profitieren. 1734-1736 wurde sein «Chronicon Helveticum» in zwei Banden in Basel gedruckt, ediert von Johann
/Users/programming/PycharmProjects/Find_Bibliography_NEw/data/azk_library/stettler-bernhard__8.pdf;16;generic;Chronicon/Chronica;\bchronicon[\s \-]+helveticum\b;h Aegidius Tschudis Werk profitieren. 1734-1736 wurde sein «Chronicon Helveticum» in zwei Banden in Basel gedruckt, ediert von Johann Rudolf
/Users/programming/PycharmProjects/Find_Bibliography_NEw/data/azk_library/stettler-bernhard__8.pdf;16;generic;Historia/Historiae;\bhistori[ae]\b;seine Quellensammlung «Historische und critische Beytrage zu der Historie der Eidsgenossen» erschien, weist darauf hin, dass Lauffer an ein
/Users/programming/PycharmProjects/Find_Bibliography_NEw/data/azk_library/stettler-bernhard__8.pdf;16;generic;Eydgenossenschaft/Helvetia (frühneuzeitl. Schreibungen);eydt?g?nosch[aä]fft;be «durch frémbder fiirsten und herren geschwinde praticken ein eydgnoschafft schwerlich zertrent» und miisse «deBhalben gemeinen eydgnossen
/Users/programming/PycharmProjects/Find_Bibliography_NEw/data/azk_library/stettler-bernhard__8.pdf;16;generic;Eydgenossenschaft/Helvetia (frühneuzeitl. Schreibungen);eidt?genossenschaft;Jahrhunderts und unter dem Eindruck des Untergangs der Alten Eidgenossenschaft erhielt der Ztirichkrieg erneute Aktuali- 38
/Users/programming/PycharmProjects/Find_Bibliography_NEw/data/azk_library/stettler-bernhard__8.pdf;16;generic;Eydgenossenschaft/Helvetia (frühneuzeitl. Schreibungen);helveti[ae];andiges Monumentalwerk in 18 Teilen, in dem das Geschehen von den Helvetiern bis zur Mitte des 17. Jahrhundert behandelt wird. Lauffers Besc
/Users/programming/PycharmProjects/Find_Bibliography_NEw/data/azk_library/stettler-bernhard__8.pdf;16;generic;Schlacht-/Kriegserzählungen;\bkrieg(?:e|en)?\b;. In seinem Schlussurteil wendete sich Stettler gegen den Adel. Der Krieg habe «durch frémbder fiirsten und herren geschwinde praticken ein
/Users/programming/PycharmProjects/Find_Bibliography_NEw/data/azk_library/stettler-bernhard__8.pdf;16;generic;Schlacht-/Kriegserzählungen;\bkrieg(?:e|en)?\b;n und herren zu erholen seye». Im Hinblick auf den Dreissigjahrigen Krieg war dies eine verstandliche Mahnung.™ Stettlers Darstellung des Zi
/Users/programming/PycharmProjects/Find_Bibliography_NEw/data/azk_library/stettler-bernhard__8.pdf;17;generic;Chronik/Chroniken;\bchronik(?:en)?\b;durchbrechen und die Stadt zu versorgen. (Holzschnitt in: Stumpf, Chronik, wie Abb. 4, Bd. 2, fol. 431 r) tat. Johannes von Miiller wandte
/Users/programming/PycharmProjects/Find_Bibliography_NEw/data/azk_library/stettler-bernhard__8.pdf;17;generic;Eydgenossenschaft/Helvetia (frühneuzeitl. Schreibungen);eidt?genossenschaft;nerliche Krieg in mancherley Riicksichten die grésste von der Eidgenossenschaft jemals ausgestandene Gefahr» gewesen sei. Da seine «Geschich
/Users/programming/PycharmProjects/Find_Bibliography_NEw/data/azk_library/stettler-bernhard__8.pdf;17;generic;Eydgenossenschaft/Helvetia (frühneuzeitl. Schreibungen);eidt?genossenschaft;ne Gefahr» gewesen sei. Da seine «Geschichten Schweizerischer Eidgenossenschaft» in einer dramatischen Zeit entstanden, verlief nicht alles
/Users/programming/PycharmProjects/Find_Bibliography_NEw/data/azk_library/stettler-bernhard__8.pdf;17;generic;Eydgenossenschaft/Helvetia (frühneuzeitl. Schreibungen);eidt?genossenschaft;nd alle Fehler gutgemacht worden». In einer Zeit, da auch die Eidgenossenschaft, «des Friedens hohe Freystatte», von aussern Feinden nicht v
/Users/programming/PycharmProjects/Find_Bibliography_NEw/data/azk_library/stettler-bernhard__8.pdf;17;generic;Schlacht-/Kriegserzählungen;\bkrieg(?:e|en)?\b;ndte ihm seine besondere Aufmerksamkeit zu, weil «dieser innerliche Krieg in mancherley Riicksichten die grésste von der Eidgenossenschaft j
/Users/programming/PycharmProjects/Find_Bibliography_NEw/data/azk_library/stettler-bernhard__8.pdf;18;work;Tschudi (Aegidius/Gilg Tschudi, Chronicon Helveticum);aegidi(?:us)?[\s \-]+tschudi;ein leid» gewesen sei. In dieser Hinsicht sah sich Miller bei Aegidius Tschudi bestatigt. Die von Tschudi postulierte «erberkeit» als Trager
/Users/programming/PycharmProjects/Find_Bibliography_NEw/data/azk_library/stettler-bernhard__8.pdf;18;work;Tschudi (Aegidius/Gilg Tschudi, Chronicon Helveticum);\btschudi\b;leid» gewesen sei. In dieser Hinsicht sah sich Miller bei Aegidius Tschudi bestatigt. Die von Tschudi postulierte «erberkeit» als Tragerin a
/Users/programming/PycharmProjects/Find_Bibliography_NEw/data/azk_library/stettler-bernhard__8.pdf;18;work;Tschudi (Aegidius/Gilg Tschudi, Chronicon Helveticum);\btschudi\b;r Hinsicht sah sich Miller bei Aegidius Tschudi bestatigt. Die von Tschudi postulierte «erberkeit» als Tragerin alteidgendssischer Tugend tr
/Users/programming/PycharmProjects/Find_Bibliography_NEw/data/azk_library/stettler-bernhard__8.pdf;18;work;Tschudi (Aegidius/Gilg Tschudi, Chronicon Helveticum);\btschudi\b;nderts dagegen setzte sich grundsatzlich und zum Teil vehement von Tschudi ab, wobei sie aber die Kritik allzusehr auf Materielles konzentri
/Users/programming/PycharmProjects/Find_Bibliography_NEw/data/azk_library/stettler-bernhard__8.pdf;18;work;Tschudi (Aegidius/Gilg Tschudi, Chronicon Helveticum);chronicon[\s \-]+helveticum;n «Geschichten Schweizerischer Eidgenossenschaft» lebt das «Chronicon Helveticum» fort. Die wissenschaftliche Geschichtsschreibung des 19. J
/Users/programming/PycharmProjects/Find_Bibliography_NEw/data/azk_library/stettler-bernhard__8.pdf;18;generic;Chronicon/Chronica;\bchronic(?:on|a|orum)\b;In den «Geschichten Schweizerischer Eidgenossenschaft» lebt das «Chronicon Helveticum» fort. Die wissenschaftliche Geschichtsschreibung des
/Users/programming/PycharmProjects/Find_Bibliography_NEw/data/azk_library/stettler-bernhard__8.pdf;18;generic;Chronicon/Chronica;\bchronicon[\s \-]+helveticum\b;n «Geschichten Schweizerischer Eidgenossenschaft» lebt das «Chronicon Helveticum» fort. Die wissenschaftliche Geschichtsschreibung des 19. J
/Users/programming/PycharmProjects/Find_Bibliography_NEw/data/azk_library/stettler-bernhard__8.pdf;18;generic;Eydgenossenschaft/Helvetia (frühneuzeitl. Schreibungen);eidt?genossenschaft;s Ausfiihrungen verliess. In den «Geschichten Schweizerischer Eidgenossenschaft» lebt das «Chronicon Helveticum» fort. Die wissenschaftliche
/Users/programming/PycharmProjects/Find_Bibliography_NEw/data/azk_library/stettler-bernhard__8.pdf;18;generic;Eydgenossenschaft/Helvetia (frühneuzeitl. Schreibungen);eidt?genossenschaft;n zwischenortischen Konflikt. Gemass ihrer Auffassung war die Eidgenossenschaft bereits zu Beginn des 15. Jahrhunderts ein festgeftigtes vol
/Users/programming/PycharmProjects/Find_Bibliography_NEw/data/azk_library/stettler-bernhard__8.pdf;18;generic;Eydgenossenschaft/Helvetia (frühneuzeitl. Schreibungen);eidt?genossenschaft;Ausland. Ziirich trennte sich in verraterischer Weise von der Eidgenossenschaft und holte dabei erst noch beim demokratiefeindlichen Adel Hi
/Users/programming/PycharmProjects/Find_Bibliography_NEw/data/azk_library/stettler-bernhard__8.pdf;18;generic;Schlacht-/Kriegserzählungen;\bkrieg(?:e|en)?\b;und «Freyheit» abzugewinnen. Als «btirgerlicher» oder «innerlicher» Krieg aber war es in seinen Augen ein unverniinftiger, liberfliissiger K
/Users/programming/PycharmProjects/Find_Bibliography_NEw/data/azk_library/stettler-bernhard__8.pdf;18;generic;Schlacht-/Kriegserzählungen;\bkrieg(?:e|en)?\b;eg aber war es in seinen Augen ein unverniinftiger, liberfliissiger Krieg, den er mit den erfolglosen Kriegen des Schwedenk6nigs Karl XII. u
/Users/programming/PycharmProjects/Find_Bibliography_NEw/data/azk_library/stettler-bernhard__8.pdf;18;generic;Schlacht-/Kriegserzählungen;\bkrieg(?:e|en)?\b;unverniinftiger, liberfliissiger Krieg, den er mit den erfolglosen Kriegen des Schwedenk6nigs Karl XII. und jenen Friedrichs des Grossen ver
/Users/programming/PycharmProjects/Find_Bibliography_NEw/data/azk_library/stettler-bernhard__8.pdf;19;work;Hemmerlin (Felix Hemmerlin/Malleolus);de[\s \-]+nobilitate[\s \-]+et[\s \-]+rusticitate;erauer (QSG 18), Basel 1900, 212-225. 4 Felix Hemmerli: De nobilitate et rusticitate dialogus [Strassburg Joh. Priiss d. A. um 1500], fol. 1
/Users/programming/PycharmProjects/Find_Bibliography_NEw/data/azk_library/stettler-bernhard__8.pdf;19;work;Etterlin (Petermann Etterlin, Kronika);petermann[\s \-]+etterlin;Blésch, Bd. 1, Bern 1884, 53 Anm. a. 12 Edlibach, 1-105. 13 Petermann Etterlin: Kronica von der loblichen Eydtgnoschaft, jr harkomen und su
/Users/programming/PycharmProjects/Find_Bibliography_NEw/data/azk_library/stettler-bernhard__8.pdf;19;work;Etterlin (Petermann Etterlin, Kronika);\betterlin\b;ch, Bd. 1, Bern 1884, 53 Anm. a. 12 Edlibach, 1-105. 13 Petermann Etterlin: Kronica von der loblichen Eydtgnoschaft, jr harkomen und sust se
/Users/programming/PycharmProjects/Find_Bibliography_NEw/data/azk_library/stettler-bernhard__8.pdf;19;work;Tschachtlan (Benedikt Tschachtlan);\btschachtlan\b;eiben an Gers), und Bd. 2, Nr. 35-36 (Hilfegesuche). 10 Bendicht Tschachtlan: Berner Chronik bis zum Jahr 1470/71, hg. von Pascal Ladner, in
/Users/programming/PycharmProjects/Find_Bibliography_NEw/data/azk_library/stettler-bernhard__8.pdf;19;work;Edlibach (Gerold Edlibach, Zürcher Chronik);\bedlibach\b;ner Chronik, hg. von Emil Blésch, Bd. 1, Bern 1884, 53 Anm. a. 12 Edlibach, 1-105. 13 Petermann Etterlin: Kronica von der loblichen Eydtgnos
/Users/programming/PycharmProjects/Find_Bibliography_NEw/data/azk_library/stettler-bernhard__8.pdf;19;work;Tschudi (Aegidius/Gilg Tschudi, Chronicon Helveticum);aegidi(?:us)?[\s \-]+tschudi;rvorgegangene Bild von Hans Friind in der Ausgestaltung durch Aegidius Tschudi aus analoger Bewusstseinslage mit aktualisierter Interpretati
/Users/programming/PycharmProjects/Find_Bibliography_NEw/data/azk_library/stettler-bernhard__8.pdf;19;work;Tschudi (Aegidius/Gilg Tschudi, Chronicon Helveticum);aegidi(?:us)?[\s \-]+tschudi;druck eines Teils der Einleitung zu Bd. 12 der Neuedition von Aegidius Tschudis Schweizerchronik (Bernhard Stettler: Der Platz von Tschudis
/Users/programming/PycharmProjects/Find_Bibliography_NEw/data/azk_library/stettler-bernhard__8.pdf;19;work;Tschudi (Aegidius/Gilg Tschudi, Chronicon Helveticum);\btschudi\b;gegangene Bild von Hans Friind in der Ausgestaltung durch Aegidius Tschudi aus analoger Bewusstseinslage mit aktualisierter Interpretation w
/Users/programming/PycharmProjects/Find_Bibliography_NEw/data/azk_library/stettler-bernhard__8.pdf;19;work;Tschudi (Aegidius/Gilg Tschudi, Chronicon Helveticum);\btschudi\b;sich aber vom Bild des 19. Jahrhunderts — und damit von Friind und Tschudi — erst in neuester Zeit zu lésen.* Anmerkungen * Uberarbeiteter u
/Users/programming/PycharmProjects/Find_Bibliography_NEw/data/azk_library/stettler-bernhard__8.pdf;19;work;Tschudi (Aegidius/Gilg Tschudi, Chronicon Helveticum);\btschudi\b;is Darstellung in der Historiographie des Alten Ziirichkriegs, in: Tschudi, Bd. 12, 88*-116*), wo die Quellen und die Literatur vollumfangli
/Users/programming/PycharmProjects/Find_Bibliography_NEw/data/azk_library/stettler-bernhard__8.pdf;19;work;Tschudi (Aegidius/Gilg Tschudi, Chronicon Helveticum);\btschudi\b;ieferung von Hans Friinds Darstellung des Alten Ziirichkriegs, in: Tschudi, Bd. 12, 122*-134*. 2 Klingenberger Chronik, 226-337. — Eine Neue
/Users/programming/PycharmProjects/Find_Bibliography_NEw/data/azk_library/stettler-bernhard__8.pdf;19;work;Anshelm (Valerius Anshelm, Berner Chronik);valerius[\s \-]+anshelm;A 120 der Zentralbibliothek Ziirich, Luzern 1988, 290-407. 11 Valerius Anshelm: Berner Chronik, hg. von Emil Blésch, Bd. 1, Bern 1884, 53 An
/Users/programming/PycharmProjects/Find_Bibliography_NEw/data/azk_library/stettler-bernhard__8.pdf;19;work;Anshelm (Valerius Anshelm, Berner Chronik);\banshelm\b;0 der Zentralbibliothek Ziirich, Luzern 1988, 290-407. 11 Valerius Anshelm: Berner Chronik, hg. von Emil Blésch, Bd. 1, Bern 1884, 53 Anm. a
/Users/programming/PycharmProjects/Find_Bibliography_NEw/data/azk_library/stettler-bernhard__8.pdf;19;work;Klingenberger/Rapperswiler Chronik (Eberhard Wüest);klingenberger[\s \-]+chronik;des Alten Ziirichkriegs, in: Tschudi, Bd. 12, 122*-134*. 2 Klingenberger Chronik, 226-337. — Eine Neuedition der unter dem Namen «Klingenbe
/Users/programming/PycharmProjects/Find_Bibliography_NEw/data/azk_library/stettler-bernhard__8.pdf;19;work;Klingenberger/Rapperswiler Chronik (Eberhard Wüest);klingenberger[\s \-]+chronik;er Chronik, 226-337. — Eine Neuedition der unter dem Namen «Klingenberger Chronik» bekannten, mutmasslich aber vom Rapperswiler Stadtschreib
/Users/programming/PycharmProjects/Find_Bibliography_NEw/data/azk_library/stettler-bernhard__8.pdf;19;work;Berner Chronik (allgemein);\bberner[\s \-]+chronik\b;und Bd. 2, Nr. 35-36 (Hilfegesuche). 10 Bendicht Tschachtlan: Berner Chronik bis zum Jahr 1470/71, hg. von Pascal Ladner, in: Kommentar zur
/Users/programming/PycharmProjects/Find_Bibliography_NEw/data/azk_library/stettler-bernhard__8.pdf;19;work;Berner Chronik (allgemein);\bberner[\s \-]+chronik\b;bibliothek Ziirich, Luzern 1988, 290-407. 11 Valerius Anshelm: Berner Chronik, hg. von Emil Blésch, Bd. 1, Bern 1884, 53 Anm. a. 12 Edlibach
/Users/programming/PycharmProjects/Find_Bibliography_NEw/data/azk_library/stettler-bernhard__8.pdf;19;series;QSG (Quellen zur Schweizer Geschichte);\bqsg\b;tgrundlage). 3 Chronik der Stadt Ziirich, hg. von Johannes Dierauer (QSG 18), Basel 1900, 212-225. 4 Felix Hemmerli: De nobilitate et rustic
/Users/programming/PycharmProjects/Find_Bibliography_NEw/data/azk_library/stettler-bernhard__8.pdf;19;series;Basler Chroniken (Reihe);\bbasler[\s \-]+chroniken\b;des Jakob Twinger von K6nigshofen, hg. von August Bernoulli (Basler Chroniken 4), Basel 1890, 427 und 445 ff. 7 Erhard von Appenwiler, Chro
/Users/programming/PycharmProjects/Find_Bibliography_NEw/data/azk_library/stettler-bernhard__8.pdf;19;series;Basler Chroniken (Reihe);\bbasler[\s \-]+chroniken\b;. 7 Erhard von Appenwiler, Chronik, hg. von August Bernoulli (Basler Chroniken 4), Basel 1890, 254 ff. 8 Strassburger Fortsetzung des Jakob
/Users/programming/PycharmProjects/Find_Bibliography_NEw/data/azk_library/stettler-bernhard__8.pdf;19;generic;Chronik/Chroniken;\bchronik(?:en)?\b;ten Ziirichkriegs, in: Tschudi, Bd. 12, 122*-134*. 2 Klingenberger Chronik, 226-337. — Eine Neuedition der unter dem Namen «Klingenberger Ch
/Users/programming/PycharmProjects/Find_Bibliography_NEw/data/azk_library/stettler-bernhard__8.pdf;19;generic;Chronik/Chroniken;\bchronik(?:en)?\b;nik, 226-337. — Eine Neuedition der unter dem Namen «Klingenberger Chronik» bekannten, mutmasslich aber vom Rapperswiler Stadtschreiber Eber
/Users/programming/PycharmProjects/Find_Bibliography_NEw/data/azk_library/stettler-bernhard__8.pdf;19;generic;Chronik/Chroniken;\bchronik(?:en)?\b;ch aber vom Rapperswiler Stadtschreiber Eberhard Wiiest verfassten Chronik ist in Vorbereitung (mit ZBZ, Ms. A 78, als Textgrundlage). 3 Chr
/Users/programming/PycharmProjects/Find_Bibliography_NEw/data/azk_library/stettler-bernhard__8.pdf;19;generic;Chronik/Chroniken;\bchronik(?:en)?\b;onik ist in Vorbereitung (mit ZBZ, Ms. A 78, als Textgrundlage). 3 Chronik der Stadt Ziirich, hg. von Johannes Dierauer (QSG 18), Basel 1900
/Users/programming/PycharmProjects/Find_Bibliography_NEw/data/azk_library/stettler-bernhard__8.pdf;19;generic;Chronik/Chroniken;\bchronik(?:en)?\b;us [Strassburg Joh. Priiss d. A. um 1500], fol. 129 +141 v. 5 Die Chroniken der Stadt Konstanz, hg. von Philipp Ruppert, Bd. 1, Konstanz 189
/Users/programming/PycharmProjects/Find_Bibliography_NEw/data/azk_library/stettler-bernhard__8.pdf;19;generic;Chronik/Chroniken;\bchronik(?:en)?\b;s Jakob Twinger von K6nigshofen, hg. von August Bernoulli (Basler Chroniken 4), Basel 1890, 427 und 445 ff. 7 Erhard von Appenwiler, Chronik
/Users/programming/PycharmProjects/Find_Bibliography_NEw/data/azk_library/stettler-bernhard__8.pdf;19;generic;Chronik/Chroniken;\bchronik(?:en)?\b;Chroniken 4), Basel 1890, 427 und 445 ff. 7 Erhard von Appenwiler, Chronik, hg. von August Bernoulli (Basler Chroniken 4), Basel 1890, 254 f
/Users/programming/PycharmProjects/Find_Bibliography_NEw/data/azk_library/stettler-bernhard__8.pdf;19;generic;Chronik/Chroniken;\bchronik(?:en)?\b;Erhard von Appenwiler, Chronik, hg. von August Bernoulli (Basler Chroniken 4), Basel 1890, 254 ff. 8 Strassburger Fortsetzung des Jakob Twi
/Users/programming/PycharmProjects/Find_Bibliography_NEw/data/azk_library/stettler-bernhard__8.pdf;19;generic;Chronik/Chroniken;\bchronik(?:en)?\b;d Bd. 2, Nr. 35-36 (Hilfegesuche). 10 Bendicht Tschachtlan: Berner Chronik bis zum Jahr 1470/71, hg. von Pascal Ladner, in: Kommentar zur Fa
/Users/programming/PycharmProjects/Find_Bibliography_NEw/data/azk_library/stettler-bernhard__8.pdf;19;generic;Chronik/Chroniken;\bchronik(?:en)?\b;liothek Ziirich, Luzern 1988, 290-407. 11 Valerius Anshelm: Berner Chronik, hg. von Emil Blésch, Bd. 1, Bern 1884, 53 Anm. a. 12 Edlibach, 1
/Users/programming/PycharmProjects/Find_Bibliography_NEw/data/azk_library/stettler-bernhard__8.pdf;19;generic;Eydgenossenschaft/Helvetia (frühneuzeitl. Schreibungen);eidt?genossenschaft;Eugen Gruber (Quellenwerk zur Entstehung der Schweizerischen Eidgenossenschaft III/3), Aarau 1965, 208-223. 41
/Users/programming/PycharmProjects/Find_Bibliography_NEw/data/azk_library/stettler-bernhard__8.pdf;20;work;Stumpf (Johannes Stumpf, Schweizerchronik);johannes[\s \-]+stumpf;att Ziirych sachen VIII biiecher, ZBZ, Ms. Car. C 44, 125-370. Johannes Stumpf: Schweizerchronik, ZBZ, Ms. A 41, 373-569. Johannes Stumpf: G
/Users/programming/PycharmProjects/Find_Bibliography_NEw/data/azk_library/stettler-bernhard__8.pdf;20;work;Stumpf (Johannes Stumpf, Schweizerchronik);johannes[\s \-]+stumpf;70. Johannes Stumpf: Schweizerchronik, ZBZ, Ms. A 41, 373-569. Johannes Stumpf: Gemeiner loblicher Eydgnoschafft Stetten, Landen und Vélcker
/Users/programming/PycharmProjects/Find_Bibliography_NEw/data/azk_library/stettler-bernhard__8.pdf;20;work;Stumpf (Johannes Stumpf, Schweizerchronik);gemeiner[\s \-]+loblicher[\s \-]+eydgnoschafft[\s \-]+.*[\s \-]+chronick;s. A 41, 373-569. Johannes Stumpf: Gemeiner loblicher Eydgnoschafft Stetten, Landen und Vélckeren Chronick etc., Ziirich 1548, Bd. 2, fol. 4
/Users/programming/PycharmProjects/Find_Bibliography_NEw/data/azk_library/stettler-bernhard__8.pdf;20;work;Tschudi (Aegidius/Gilg Tschudi, Chronicon Helveticum);aegidi(?:us)?[\s \-]+tschudi;eytraége zu der Historie der Eidsgenossen etc., Ztirich 1739. Aegidius Tschudi: Chronicon Helveticum, hg. von Johann R. Iselin, Bd. 2, Basel
/Users/programming/PycharmProjects/Find_Bibliography_NEw/data/azk_library/stettler-bernhard__8.pdf;20;work;Tschudi (Aegidius/Gilg Tschudi, Chronicon Helveticum);\btschudi\b;"inger, Bd. 2: Chronik der Abte, St. Gallen 1877, 40-83 und 87-130. Tschudi, Bande 10-12 passim; besonders Bernhard Stettler: Tschudis Darste"
/Users/programming/PycharmProjects/Find_Bibliography_NEw/data/azk_library/stettler-bernhard__8.pdf;20;work;Tschudi (Aegidius/Gilg Tschudi, Chronicon Helveticum);\btschudi\b;aége zu der Historie der Eidsgenossen etc., Ztirich 1739. Aegidius Tschudi: Chronicon Helveticum, hg. von Johann R. Iselin, Bd. 2, Basel 173
/Users/programming/PycharmProjects/Find_Bibliography_NEw/data/azk_library/stettler-bernhard__8.pdf;20;work;Tschudi (Aegidius/Gilg Tschudi, Chronicon Helveticum);chronicon[\s \-]+helveticum;orie der Eidsgenossen etc., Ztirich 1739. Aegidius Tschudi: Chronicon Helveticum, hg. von Johann R. Iselin, Bd. 2, Basel 1736, 212-558. Joha
/Users/programming/PycharmProjects/Find_Bibliography_NEw/data/azk_library/stettler-bernhard__8.pdf;20;work;Brennwald (Heinrich/Johannes Brennwald, Schweizerchronik);heinrich[\s \-]+brennwald;42 14 15 16 17 18 19 20 21 22 23 24 25 26 27 28 29 30 Heinrich Brennwald: Schweizerchronik, hg. von Rudolf Luginbiihl (QSG,N. EF, Abt. I/1),
/Users/programming/PycharmProjects/Find_Bibliography_NEw/data/azk_library/stettler-bernhard__8.pdf;20;work;Bullinger (Heinrich Bullinger, historiographische Werke);heinrich[\s \-]+bullinger;Luginbiihl (QSG,N. EF, Abt. I/1), Bd. 2, Basel 1910, 1-177. Heinrich Bullinger: Radtschlag wie man mége vor kriegen sin und der ftinf orten
/Users/programming/PycharmProjects/Find_Bibliography_NEw/data/azk_library/stettler-bernhard__8.pdf;20;work;Bullinger (Heinrich Bullinger, historiographische Werke);heinrich[\s \-]+bullinger;2, hg. von Johannes Strickler, Bd. 5, Ziirich 1884, Nr. 176. Heinrich Bullinger: Historia gemeiner loblicher eydgnoschafft, ZBZ, Ms. A 14-15
/Users/programming/PycharmProjects/Find_Bibliography_NEw/data/azk_library/stettler-bernhard__8.pdf;20;work;Bullinger (Heinrich Bullinger, historiographische Werke);heinrich[\s \-]+bullinger;berarbeitete Abschrift von Stumpfs «Historia», fol. 240-357. Heinrich Bullinger: Von den Tigurineren und der statt Ziirych sachen VIII biiec
/Users/programming/PycharmProjects/Find_Bibliography_NEw/data/azk_library/stettler-bernhard__8.pdf;20;work;Bullinger (Heinrich Bullinger, historiographische Werke);\bbullinger\b;inbiihl (QSG,N. EF, Abt. I/1), Bd. 2, Basel 1910, 1-177. Heinrich Bullinger: Radtschlag wie man mége vor kriegen sin und der ftinf orten tyr
/Users/programming/PycharmProjects/Find_Bibliography_NEw/data/azk_library/stettler-bernhard__8.pdf;20;work;Bullinger (Heinrich Bullinger, historiographische Werke);\bbullinger\b;"g. von Johannes Strickler, Bd. 5, Ziirich 1884, Nr. 176. Heinrich Bullinger: Historia gemeiner loblicher eydgnoschafft, ZBZ, Ms. A 14-15; in"
/Users/programming/PycharmProjects/Find_Bibliography_NEw/data/azk_library/stettler-bernhard__8.pdf;20;work;Bullinger (Heinrich Bullinger, historiographische Werke);\bbullinger\b;"BZ, Ms. A 14-15; in Ms.A 14: «Epitome», fol. 184-205, und die von Bullinger iiberarbeitete Abschrift von Stumpfs «Historia», fol. 240-357. H"
/Users/programming/PycharmProjects/Find_Bibliography_NEw/data/azk_library/stettler-bernhard__8.pdf;20;work;Bullinger (Heinrich Bullinger, historiographische Werke);\bbullinger\b;rbeitete Abschrift von Stumpfs «Historia», fol. 240-357. Heinrich Bullinger: Von den Tigurineren und der statt Ziirych sachen VIII biiecher,
/Users/programming/PycharmProjects/Find_Bibliography_NEw/data/azk_library/stettler-bernhard__8.pdf;20;work;Bullinger (Heinrich Bullinger, historiographische Werke);\bbullinger\b;imler: De republica Helvetiorum libri duo, Ziirich 1576, fol. 58. Bullinger (wie Anm. 16), Ms. A 14, fol. 27. Michael Stettler: Schweitzer C
/Users/programming/PycharmProjects/Find_Bibliography_NEw/data/azk_library/stettler-bernhard__8.pdf;20;work;Vadian (Joachim Vadianus, St. Galler Chronik);\bvadian(us)?\b;ick etc., Ziirich 1548, Bd. 2, fol. 426 v-431 v. Joachim von Watt [Vadian]: Deutsche historische Schriften, hg. von Ernst Gétzinger, Bd. 2:
/Users/programming/PycharmProjects/Find_Bibliography_NEw/data/azk_library/stettler-bernhard__8.pdf;20;work;Cysat (Renward Cysat, Luzerner Chronik/Collectanea);renward[\s \-]+cysat;"12, 73*-88*; Brief an Zacharias Bletz vom 30. Oktober 1556, in: Renward Cysat: Collectanea Chronica etc., hg. von Josef Schmid, Bd. I/1 (Que"
/Users/programming/PycharmProjects/Find_Bibliography_NEw/data/azk_library/stettler-bernhard__8.pdf;20;work;Cysat (Renward Cysat, Luzerner Chronik/Collectanea);\bcysat\b;"73*-88*; Brief an Zacharias Bletz vom 30. Oktober 1556, in: Renward Cysat: Collectanea Chronica etc., hg. von Josef Schmid, Bd. I/1 (Quellen"
/Users/programming/PycharmProjects/Find_Bibliography_NEw/data/azk_library/stettler-bernhard__8.pdf;20;work;Michael Stettler (Berner Chronik 1620–1622);michael[\s \-]+stettler;ch 1576, fol. 58. Bullinger (wie Anm. 16), Ms. A 14, fol. 27. Michael Stettler: Schweitzer Chronic, Bd. 1, Bern 1627, 127-169. Jakob Lauffer
/Users/programming/PycharmProjects/Find_Bibliography_NEw/data/azk_library/stettler-bernhard__8.pdf;20;work;Simler (Josias Simler, De Helvetiorum republica);josias[\s \-]+simler;schichte von Luzern und der Innerschweiz 4), Luzern 1969, 38 f. Josias Simler: De republica Helvetiorum libri duo, Ziirich 1576, fol. 58. Bu
/Users/programming/PycharmProjects/Find_Bibliography_NEw/data/azk_library/stettler-bernhard__8.pdf;20;work;Simler (Josias Simler, De Helvetiorum republica);\bsimler\b;chte von Luzern und der Innerschweiz 4), Luzern 1969, 38 f. Josias Simler: De republica Helvetiorum libri duo, Ziirich 1576, fol. 58. Bullin
/Users/programming/PycharmProjects/Find_Bibliography_NEw/data/azk_library/stettler-bernhard__8.pdf;20;series;QSG (Quellen zur Schweizer Geschichte);\bqsg\b;30 Heinrich Brennwald: Schweizerchronik, hg. von Rudolf Luginbiihl (QSG,N. EF, Abt. I/1), Bd. 2, Basel 1910, 1-177. Heinrich Bullinger: Rad
/Users/programming/PycharmProjects/Find_Bibliography_NEw/data/azk_library/stettler-bernhard__8.pdf;20;generic;Chronik/Chroniken;\bchronik(?:en)?\b;]: Deutsche historische Schriften, hg. von Ernst Gétzinger, Bd. 2: Chronik der Abte, St. Gallen 1877, 40-83 und 87-130. Tschudi, Bande 10-12
/Users/programming/PycharmProjects/Find_Bibliography_NEw/data/azk_library/stettler-bernhard__8.pdf;20;generic;Chronik/Chroniken;\bchronick\b;f: Gemeiner loblicher Eydgnoschafft Stetten, Landen und Vélckeren Chronick etc., Ziirich 1548, Bd. 2, fol. 426 v-431 v. Joachim von Watt [Va
/Users/programming/PycharmProjects/Find_Bibliography_NEw/data/azk_library/stettler-bernhard__8.pdf;20;generic;Chronik/Chroniken;\bchronicq?\b;ger (wie Anm. 16), Ms. A 14, fol. 27. Michael Stettler: Schweitzer Chronic, Bd. 1, Bern 1627, 127-169. Jakob Lauffer: Genaue und umstindlich
/Users/programming/PycharmProjects/Find_Bibliography_NEw/data/azk_library/stettler-bernhard__8.pdf;20;generic;Chronicon/Chronica;\bchronic(?:on|a|orum)\b;harias Bletz vom 30. Oktober 1556, in: Renward Cysat: Collectanea Chronica etc., hg. von Josef Schmid, Bd. I/1 (Quellen und Forschungen zur
/Users/programming/PycharmProjects/Find_Bibliography_NEw/data/azk_library/stettler-bernhard__8.pdf;20;generic;Chronicon/Chronica;\bchronic(?:on|a|orum)\b;r Historie der Eidsgenossen etc., Ztirich 1739. Aegidius Tschudi: Chronicon Helveticum, hg. von Johann R. Iselin, Bd. 2, Basel 1736, 212-558
/Users/programming/PycharmProjects/Find_Bibliography_NEw/data/azk_library/stettler-bernhard__8.pdf;20;generic;Chronicon/Chronica;\bchronicon[\s \-]+helveticum\b;orie der Eidsgenossen etc., Ztirich 1739. Aegidius Tschudi: Chronicon Helveticum, hg. von Johann R. Iselin, Bd. 2, Basel 1736, 212-558. Joha
/Users/programming/PycharmProjects/Find_Bibliography_NEw/data/azk_library/stettler-bernhard__8.pdf;20;generic;Historia/Historiae;\bhistori[ae]\b;"nnes Strickler, Bd. 5, Ziirich 1884, Nr. 176. Heinrich Bullinger: Historia gemeiner loblicher eydgnoschafft, ZBZ, Ms. A 14-15; in Ms.A 14: «"
/Users/programming/PycharmProjects/Find_Bibliography_NEw/data/azk_library/stettler-bernhard__8.pdf;20;generic;Historia/Historiae;\bhistori[ae]\b;-205, und die von Bullinger iiberarbeitete Abschrift von Stumpfs «Historia», fol. 240-357. Heinrich Bullinger: Von den Tigurineren und der s
/Users/programming/PycharmProjects/Find_Bibliography_NEw/data/azk_library/stettler-bernhard__8.pdf;20;generic;Historia/Historiae;\bhistori[ae]\b;"n 1737, 62-208; Ders.: Historische und critische Beytraége zu der Historie der Eidsgenossen etc., Ztirich 1739. Aegidius Tschudi: Chronicon"
/Users/programming/PycharmProjects/Find_Bibliography_NEw/data/azk_library/stettler-bernhard__8.pdf;20;generic;Jahrbuch/Jahrbücher;jahrb[üu]ch(?:er|e)?\b;dgenossenschaft zum Reiche bis zum Schwabenkrieg, in: Politisches Jahrbuch der schweizerischen Eidgenossenschaft 5 (1890), 302-616, hier 435
/Users/programming/PycharmProjects/Find_Bibliography_NEw/data/azk_library/stettler-bernhard__8.pdf;20;generic;Eydgenossenschaft/Helvetia (frühneuzeitl. Schreibungen);eydt?g?nosch[aä]fft;"1884, Nr. 176. Heinrich Bullinger: Historia gemeiner loblicher eydgnoschafft, ZBZ, Ms. A 14-15; in Ms.A 14: «Epitome», fol. 184-205, und di"
/Users/programming/PycharmProjects/Find_Bibliography_NEw/data/azk_library/stettler-bernhard__8.pdf;20;generic;Eydgenossenschaft/Helvetia (frühneuzeitl. Schreibungen);eydt?g?nosch[aä]fft;ik, ZBZ, Ms. A 41, 373-569. Johannes Stumpf: Gemeiner loblicher Eydgnoschafft Stetten, Landen und Vélckeren Chronick etc., Ziirich 1548, Bd.
/Users/programming/PycharmProjects/Find_Bibliography_NEw/data/azk_library/stettler-bernhard__8.pdf;20;generic;Eydgenossenschaft/Helvetia (frühneuzeitl. Schreibungen);eidt?genossenschaft;6, 212-558. Johannes von Miiller, Geschichten Schweizerischer Eidgenossenschaft, Bd. 3/2, Winterthur 1795, 365-727, und Bd. 4, Leipzig 1805,
/Users/programming/PycharmProjects/Find_Bibliography_NEw/data/azk_library/stettler-bernhard__8.pdf;20;generic;Eydgenossenschaft/Helvetia (frühneuzeitl. Schreibungen);eidt?genossenschaft;tsgeliiste eines einzelnen Ortes sich dem Gesamtinteresse der Eidgenossenschaft, dem nationalen Bundesrechte, unterzuordnen hatten». Karl Da
/Users/programming/PycharmProjects/Find_Bibliography_NEw/data/azk_library/stettler-bernhard__8.pdf;20;generic;Eydgenossenschaft/Helvetia (frühneuzeitl. Schreibungen);eidt?genossenschaft;rer Krieg». Johannes Dierauer: Geschichte der schweizerischen Eidgenossenschaft, Bd.2,3. Aufl., Gotha 1920, 76.— Wilhelm Oechsli schreibt vo
/Users/programming/PycharmProjects/Find_Bibliography_NEw/data/azk_library/stettler-bernhard__8.pdf;20;generic;Eydgenossenschaft/Helvetia (frühneuzeitl. Schreibungen);eidt?genossenschaft;hatten. Wilhelm Oechsli: Die Beziehungen der schweizerischen Eidgenossenschaft zum Reiche bis zum Schwabenkrieg, in: Politisches Jahrbuch d
/Users/programming/PycharmProjects/Find_Bibliography_NEw/data/azk_library/stettler-bernhard__8.pdf;20;generic;Eydgenossenschaft/Helvetia (frühneuzeitl. Schreibungen);eidt?genossenschaft;m Schwabenkrieg, in: Politisches Jahrbuch der schweizerischen Eidgenossenschaft 5 (1890), 302-616, hier 435. Zitate nach Johannes Dierauer,
/Users/programming/PycharmProjects/Find_Bibliography_NEw/data/azk_library/stettler-bernhard__8.pdf;20;generic;Eydgenossenschaft/Helvetia (frühneuzeitl. Schreibungen);eidt?genossenschaft;ittler sich durch die aggressiven Schwyzer von ihrer fiir die Eidgenossenschaft heilsamen «mittleren Linie» ablenken liessen. Richard Feller
/Users/programming/PycharmProjects/Find_Bibliography_NEw/data/azk_library/stettler-bernhard__8.pdf;20;generic;Schlacht-/Kriegserzählungen;\bkrieg(?:e|en)?\b;Basel 1910, 1-177. Heinrich Bullinger: Radtschlag wie man mége vor kriegen sin und der ftinf orten tyranny abkummen, in: Actensammlung zur S
/Users/programming/PycharmProjects/Find_Bibliography_NEw/data/azk_library/stettler-bernhard__8.pdf;20;generic;Schlacht-/Kriegserzählungen;\bkrieg(?:e|en)?\b;nnes Dierauer betitelt das Geschehen von 1442 bis 1444 mit «Innerer Krieg». Johannes Dierauer: Geschichte der schweizerischen Eidgenossensch
/Users/programming/PycharmProjects/Find_Bibliography_NEw/data/azk_library/jucker-michael__9.pdf;1;series;MAGZ (Mitteilungen der Antiquarischen Gesellschaft in Zürich);mitteilungen[\s \-]+der[\s \-]+antiquarischen[\s \-]+gesellschaft[\s \-]+in[\s \-]+z[üu]rich;Zeitschrift: Mitteilungen der Antiquarischen Gesellschaft in Zürich Herausgeber: Antiquarische Gesellschaft in Zürich Band: 73 (2006) Artike
/Users/programming/PycharmProjects/Find_Bibliography_NEw/data/azk_library/jucker-michael__9.pdf;1;generic;Schlacht-/Kriegserzählungen;\bkrieg(?:e|en)?\b;3 (2006) Artikel: Verstetigung und Verrechtlichung der Diplomatie : Krieg als Innovationsfaktor für die Politik (1415-1460) Autor: Jucker, M
/Users/programming/PycharmProjects/Find_Bibliography_NEw/data/azk_library/jucker-michael__9.pdf;2;generic;Schlacht-/Kriegserzählungen;\bschlacht(?:en)?\b;eschränken sich in den meistenArbeiten allerdings auf siegreiche Schlachten, Gebietseroberungen oder dann auf militärtechnische Innovationen
/Users/programming/PycharmProjects/Find_Bibliography_NEw/data/azk_library/jucker-michael__9.pdf;2;generic;Schlacht-/Kriegserzählungen;\bkrieg(?:e|en)?\b;Verstetigung und Verrechtlichung der Diplomatie Krieg als Innovationsfaktor für die Politik (1415-1460) Michael Jucker Einleitung Dass Krieg
/Users/programming/PycharmProjects/Find_Bibliography_NEw/data/azk_library/jucker-michael__9.pdf;2;generic;Schlacht-/Kriegserzählungen;\bkrieg(?:e|en)?\b;nsfaktor für die Politik (1415-1460) Michael Jucker Einleitung Dass Krieg Veränderung hervorruft, scheint auf den ersten Blick eine Binsenwe
/Users/programming/PycharmProjects/Find_Bibliography_NEw/data/azk_library/jucker-michael__9.pdf;2;generic;Schlacht-/Kriegserzählungen;\bkrieg(?:e|en)?\b;ken des Kriegs und dem lange ersehnten, wieder erreichten Frieden.1 Krieg ist aber nicht nur das letzte Mittel oder der verlängerte Arm der
/Users/programming/PycharmProjects/Find_Bibliography_NEw/data/azk_library/jucker-michael__9.pdf;2;generic;Schlacht-/Kriegserzählungen;\bkrieg(?:e|en)?\b;ngerte Arm der Politik, sondern verändert auch die Politik selbst.2 Krieg hat politische und rechtliche Nachwirkungen. Dieser Aspekt wird in
/Users/programming/PycharmProjects/Find_Bibliography_NEw/data/azk_library/jucker-michael__9.pdf;2;generic;Schlacht-/Kriegserzählungen;\bkrieg(?:e|en)?\b;den und werden zwar als Innovationsfaktor betrachtet, die dabei dem Krieg zugeschriebenen innovativen Qualitäten beschränken sich in den mei
/Users/programming/PycharmProjects/Find_Bibliography_NEw/data/azk_library/jucker-michael__9.pdf;3;work;Kopp (Joseph Eutych Kopp, Geschichte der Eidgenossen);\bkopp\b;ge stark an völkerrechtliche Kongresse der Neuzeit, wie bereits Max Kopp festgestellt hat.9 Im folgenden geht es mir um die Frage, welche Au
/Users/programming/PycharmProjects/Find_Bibliography_NEw/data/azk_library/jucker-michael__9.pdf;3;generic;Eydgenossenschaft/Helvetia (frühneuzeitl. Schreibungen);eidt?genossenschaft;inn noch nicht vorhanden war. Gerade die spätmittelalterliche Eidgenossenschaft, die sich erst im 15. Jahrhundert etappenweise bildete, eign
/Users/programming/PycharmProjects/Find_Bibliography_NEw/data/azk_library/jucker-michael__9.pdf;3;generic;Eydgenossenschaft/Helvetia (frühneuzeitl. Schreibungen);eidt?genossenschaft;chtungen diplomatischer und rechtlicher Art sehr gut. War die Eidgenossenschaft doch ein Bündnisgeflecht, welches durch eine sowohl innen- w
/Users/programming/PycharmProjects/Find_Bibliography_NEw/data/azk_library/jucker-michael__9.pdf;3;generic;Eydgenossenschaft/Helvetia (frühneuzeitl. Schreibungen);eidt?genossenschaft;Frühen Neuzeit begriffen war.7 Zudem handelt es sich bei der Eidgenossenschaft um ein sonderbares System: einerseits löste sie sich schritt
/Users/programming/PycharmProjects/Find_Bibliography_NEw/data/azk_library/jucker-michael__9.pdf;3;generic;Eydgenossenschaft/Helvetia (frühneuzeitl. Schreibungen);eidt?genossenschaft;haupt. Als Besonderheit lässt sich zudem festhalten, dass der Eidgenossenschaft als einer der seltenen staatlichen Frühformen kein Fürst ode
/Users/programming/PycharmProjects/Find_Bibliography_NEw/data/azk_library/jucker-michael__9.pdf;3;generic;Eydgenossenschaft/Helvetia (frühneuzeitl. Schreibungen);eidt?genossenschaft;anderen Mächten stark waren, behauptete das Bündnisgeflecht «Eidgenossenschaft» zumindest teilweise politische Selbständigkeit gegenüber de
/Users/programming/PycharmProjects/Find_Bibliography_NEw/data/azk_library/jucker-michael__9.pdf;3;generic;Eydgenossenschaft/Helvetia (frühneuzeitl. Schreibungen);eidt?genossenschaft;m Reich und anderen Herrschaftsträgern. Gegen aussen trat die Eidgenossenschaft jedoch sehr selten als geschlossene politische Einheit auf.
/Users/programming/PycharmProjects/Find_Bibliography_NEw/data/azk_library/jucker-michael__9.pdf;3;generic;Eydgenossenschaft/Helvetia (frühneuzeitl. Schreibungen);eidt?genossenschaft;lso sagen, dass die aussenpolitische Vertragssouveränität der Eidgenossenschaft als Gesamtkomplex zu Beginn des 15. Jahrhunderts fehlte. Zud
/Users/programming/PycharmProjects/Find_Bibliography_NEw/data/azk_library/jucker-michael__9.pdf;3;generic;Eydgenossenschaft/Helvetia (frühneuzeitl. Schreibungen);eidt?genossenschaft;tkomplex zu Beginn des 15. Jahrhunderts fehlte. Zudem war die Eidgenossenschaft in sich selbst ein Bündnisgeflecht mit diplomatischen Treffe
/Users/programming/PycharmProjects/Find_Bibliography_NEw/data/azk_library/jucker-michael__9.pdf;3;generic;Eydgenossenschaft/Helvetia (frühneuzeitl. Schreibungen);eidt?genossenschaft;onfliktlösungsmechanismen innerhalb der spätmittelalterlichen Eidgenossenschaft hatten. Kann dieser Konflikt, der in der älteren Forschung t
/Users/programming/PycharmProjects/Find_Bibliography_NEw/data/azk_library/jucker-michael__9.pdf;3;generic;Eydgenossenschaft/Helvetia (frühneuzeitl. Schreibungen);eidt?genossenschaft;del der Praxis der diplomatischen Kommunikation innerhalb der Eidgenossenschaft und auf den Tagsatzungen näher betrachtet werden. Weniger vo
/Users/programming/PycharmProjects/Find_Bibliography_NEw/data/azk_library/jucker-michael__9.pdf;4;generic;Eydgenossenschaft/Helvetia (frühneuzeitl. Schreibungen);eidt?genossenschaft;den Tagsatzungen Ausgangspunkt sowohl für die Entstehung der Eidgenossenschaft und der Tagsatzungen wie auch indirekt für die international
/Users/programming/PycharmProjects/Find_Bibliography_NEw/data/azk_library/jucker-michael__9.pdf;4;generic;Eydgenossenschaft/Helvetia (frühneuzeitl. Schreibungen);eidt?genossenschaft;r Abgeordnete der vollberechtigten Mitglieder der achtörtigen Eidgenossenschaft, die jeweils ihre eigenen politischen Interessen durchzusetz
/Users/programming/PycharmProjects/Find_Bibliography_NEw/data/azk_library/jucker-michael__9.pdf;4;generic;Eydgenossenschaft/Helvetia (frühneuzeitl. Schreibungen);eidt?genossenschaft;inzip bis 1481 festgelegt und wurde ab dann bis zur 13örtigen Eidgenossenschaft von 1513 erweitert. Speziell an dieser Konstellation ist sic
/Users/programming/PycharmProjects/Find_Bibliography_NEw/data/azk_library/jucker-michael__9.pdf;4;generic;Eydgenossenschaft/Helvetia (frühneuzeitl. Schreibungen);eidt?genossenschaft;ausowenig wie einen Vorort oder ein Präsidium. Die achtörtige Eidgenossenschaft bestand bekanntlich aus einem komplexen Geflecht und einer V
/Users/programming/PycharmProjects/Find_Bibliography_NEw/data/azk_library/jucker-michael__9.pdf;6;generic;Eydgenossenschaft/Helvetia (frühneuzeitl. Schreibungen);eidt?genossenschaft;ländische Herrscher beriefen nun über einzelne Mitglieder der Eidgenossenschaft ebenfalls Treffen ein, indem sie diese mit Briefen anschrieb
/Users/programming/PycharmProjects/Find_Bibliography_NEw/data/azk_library/jucker-michael__9.pdf;6;generic;Eydgenossenschaft/Helvetia (frühneuzeitl. Schreibungen);eidt?genossenschaft;enträger zu treffen, denn die sich allmählich konstituierende Eidgenossenschaft wurde in ausgeprägtem Mass zum Söldnerreservoir Europas, und
/Users/programming/PycharmProjects/Find_Bibliography_NEw/data/azk_library/jucker-michael__9.pdf;6;generic;Eydgenossenschaft/Helvetia (frühneuzeitl. Schreibungen);eidt?genossenschaft;npolitischer Bruder- oder Bürgerkrieg, bei dem Zürich aus der Eidgenossenschaft ausscheren wollte.18 Vielmehr verfolgten Zürich und Friedric
/Users/programming/PycharmProjects/Find_Bibliography_NEw/data/azk_library/jucker-michael__9.pdf;6;generic;Schlacht-/Kriegserzählungen;\bkrieg(?:e|en)?\b;lgten Zürich und Friedrich III. eine konsequente Aussenpolitik. Der Krieg war aber auch kein lokaler Konflikt zwischen eidgenössischen Orten
/Users/programming/PycharmProjects/Find_Bibliography_NEw/data/azk_library/jucker-michael__9.pdf;6;generic;Schlacht-/Kriegserzählungen;\bkrieg(?:e|en)?\b;Konsequenzen. Nicht nur der Einsatz verschiedenster Söldnerheere im Krieg, sondern auch die Konfliktlösungsmechanismen waren eindeutig durch
/Users/programming/PycharmProjects/Find_Bibliography_NEw/data/azk_library/jucker-michael__9.pdf;7;generic;Eydgenossenschaft/Helvetia (frühneuzeitl. Schreibungen);eidt?genossenschaft;Konstanz vom November 1445 waren geprägt durch eine über die Eidgenossenschaft hinausreichende diplomatische Vermittlung durch zahlreiche H
/Users/programming/PycharmProjects/Find_Bibliography_NEw/data/azk_library/jucker-michael__9.pdf;7;generic;Eydgenossenschaft/Helvetia (frühneuzeitl. Schreibungen);eidt?genossenschaft;te. Nach aussen agierte man zwar insbesondere militärisch als Eidgenossenschaft, die einzelnen Gesandten handelten jedoch stets im Interesse
/Users/programming/PycharmProjects/Find_Bibliography_NEw/data/azk_library/jucker-michael__9.pdf;7;generic;Eydgenossenschaft/Helvetia (frühneuzeitl. Schreibungen);eidt?genossenschaft;stets im Interesse ihrer Orte. Die Souveränität der gesamten Eidgenossenschaft konnte somit nicht durch einzelne Gesandte repräsentiert wer
/Users/programming/PycharmProjects/Find_Bibliography_NEw/data/azk_library/jucker-michael__9.pdf;7;generic;Eydgenossenschaft/Helvetia (frühneuzeitl. Schreibungen);eidt?genossenschaft;somit nicht durch einzelne Gesandte repräsentiert werden. Die Eidgenossenschaft war kein rechtlicher Gesamtverband, vielmehr glich das eidge
/Users/programming/PycharmProjects/Find_Bibliography_NEw/data/azk_library/jucker-michael__9.pdf;7;generic;Eydgenossenschaft/Helvetia (frühneuzeitl. Schreibungen);eidt?genossenschaft;en, sondern an den unterschiedlichen Interessen innerhalb der Eidgenossenschaft scheiterten und die endgültige Friedenssicherung 1450 wieder
/Users/programming/PycharmProjects/Find_Bibliography_NEw/data/azk_library/jucker-michael__9.pdf;7;generic;Eydgenossenschaft/Helvetia (frühneuzeitl. Schreibungen);eidt?genossenschaft;irchlichen Vermittlungsversuchen neue Elemente Eingang in die Eidgenossenschaft fanden. Zwar kannten die eidgenössischen Herrschaftsträger d
/Users/programming/PycharmProjects/Find_Bibliography_NEw/data/azk_library/jucker-michael__9.pdf;8;generic;Eydgenossenschaft/Helvetia (frühneuzeitl. Schreibungen);eidt?genossenschaft;en, erst im Zusammenhang mit den Friedensverhandlungen in der Eidgenossenschaft aufkamen.30 Die eidgenössischen Gesandten und Schreiber beze
/Users/programming/PycharmProjects/Find_Bibliography_NEw/data/azk_library/jucker-michael__9.pdf;9;work;Etterlin (Petermann Etterlin, Kronika);\betterlin\b;rns zu einem neuen Produkt führten. Die Luzerner Schreiber Egloff Etterlin und sein Nachfolger Johannes alias Dietrich Sachs waren auf dem d
/Users/programming/PycharmProjects/Find_Bibliography_NEw/data/azk_library/jucker-michael__9.pdf;9;generic;Eydgenossenschaft/Helvetia (frühneuzeitl. Schreibungen);eidt?genossenschaft;sen Wandel waren mit ziemlich grosser Sicherheit die über die Eidgenossenschaft hinaus geführten Verhandlungen in Lindau und Konstanz. Diese
/Users/programming/PycharmProjects/Find_Bibliography_NEw/data/azk_library/jucker-michael__9.pdf;9;generic;Eydgenossenschaft/Helvetia (frühneuzeitl. Schreibungen);eidt?genossenschaft;waren auf dem diplomatischen Parkett nicht nur innerhalb der Eidgenossenschaft, sondern auch überregional häufiger unterwegs als ihre Vorgä
/Users/programming/PycharmProjects/Find_Bibliography_NEw/data/azk_library/jucker-michael__9.pdf;9;generic;Eydgenossenschaft/Helvetia (frühneuzeitl. Schreibungen);eidt?genossenschaft;ungsprotokollen der Tagsatzungen wurden nämlich innerhalb der Eidgenossenschaft zuerst nur in Luzern produziert und aufbewahrt. Es ist daher
/Users/programming/PycharmProjects/Find_Bibliography_NEw/data/azk_library/jucker-michael__9.pdf;10;work;Etterlin (Petermann Etterlin, Kronika);\betterlin\b;sbesondere die diplomatischen Reisen des Luzerner Stadtschreibers Etterlin während des Kriegs waren ausschlaggebend für das Entstehen der Ab
/Users/programming/PycharmProjects/Find_Bibliography_NEw/data/azk_library/jucker-michael__9.pdf;10;generic;Eydgenossenschaft/Helvetia (frühneuzeitl. Schreibungen);eidt?genossenschaft;der innen- wie aussenpolitischen Diplomatie in der werdenden Eidgenossenschaft bezeichnet werden. Bernhard Stettier hat unlängst gezeigt, d
/Users/programming/PycharmProjects/Find_Bibliography_NEw/data/azk_library/jucker-michael__9.pdf;10;generic;Eydgenossenschaft/Helvetia (frühneuzeitl. Schreibungen);eidt?genossenschaft;werden. Bernhard Stettier hat unlängst gezeigt, dass sich die Eidgenossenschaft nach diesen kriegerischen Ereignissen neu formierte, ja eige
/Users/programming/PycharmProjects/Find_Bibliography_NEw/data/azk_library/jucker-michael__9.pdf;10;generic;Eydgenossenschaft/Helvetia (frühneuzeitl. Schreibungen);eidt?genossenschaft;as Entstehen der Abschiede in Luzern und später in der ganzen Eidgenossenschaft. Gelang es nach 1450, Zürich wieder ins eidgenössische Bündn
/Users/programming/PycharmProjects/Find_Bibliography_NEw/data/azk_library/jucker-michael__9.pdf;10;generic;Eydgenossenschaft/Helvetia (frühneuzeitl. Schreibungen);eidt?genossenschaft;nössische Bündnissystem einzubeziehen und die Einungsidee der Eidgenossenschaft aufleben zu lassen, so war die Frage der Revindikation des A
/Users/programming/PycharmProjects/Find_Bibliography_NEw/data/azk_library/jucker-michael__9.pdf;10;generic;Eydgenossenschaft/Helvetia (frühneuzeitl. Schreibungen);eidt?genossenschaft;hriftlichkeit und für die aussenpolitische Bündnispolitik der Eidgenossenschaft war. 51
/Users/programming/PycharmProjects/Find_Bibliography_NEw/data/azk_library/jucker-michael__9.pdf;11;work;Tschudi (Aegidius/Gilg Tschudi, Chronicon Helveticum);\btschudi\b;"rzüglichen und detaillierten Einleitungen von Bernhard Stettier in:Tschudi,Bde. 10-12; nun auch Ders.: Die Eidgenossenschaft im 15. Jahrhund"
/Users/programming/PycharmProjects/Find_Bibliography_NEw/data/azk_library/jucker-michael__9.pdf;11;work;Kopp (Joseph Eutych Kopp, Geschichte der Eidgenossen);\bkopp\b;. Böhmer, Regesta Imperii), Köln/Weimar/Wien 2006 (im Druck). 9 Max Kopp: Die Geltung des Mehrheitsprinzips in eidgenössischen Angelegenheit
/Users/programming/PycharmProjects/Find_Bibliography_NEw/data/azk_library/jucker-michael__9.pdf;11;generic;Eydgenossenschaft/Helvetia (frühneuzeitl. Schreibungen);eidt?genossenschaft;vom 13. Jahrhundert bis 1848 in seiner Bedeutung für die Alte Eidgenossenschaft,Winterthur 1959. 10 Zum Innovationsbegriff im Mittelalter u.
/Users/programming/PycharmProjects/Find_Bibliography_NEw/data/azk_library/jucker-michael__9.pdf;11;generic;Eydgenossenschaft/Helvetia (frühneuzeitl. Schreibungen);eidt?genossenschaft;"Bernhard Stettier in:Tschudi,Bde. 10-12; nun auch Ders.: Die Eidgenossenschaft im 15. Jahrhundert. Die Suche nach einem gemeinsamen Nenner,"
/Users/programming/PycharmProjects/Find_Bibliography_NEw/data/azk_library/jucker-michael__9.pdf;11;generic;Schlacht-/Kriegserzählungen;\bkrieg(?:e|en)?\b;rden. Für Hinweise danke ich Klara Hübner und Bastian Walter. 2 Zum Krieg als Fortsetzung der Politik mit anderen Mitteln: Carl von Clausewi
/Users/programming/PycharmProjects/Find_Bibliography_NEw/data/azk_library/jucker-michael__9.pdf;11;generic;Schlacht-/Kriegserzählungen;\bkrieg(?:e|en)?\b;tsetzung der Politik mit anderen Mitteln: Carl von Clausewitz: Vom Kriege, Berlin o. J., 32 f. 3 Angesprochen schon bei Bacon und später bei
/Users/programming/PycharmProjects/Find_Bibliography_NEw/data/azk_library/jucker-michael__9.pdf;11;generic;Schlacht-/Kriegserzählungen;\bkrieg(?:e|en)?\b;"ndlegung, Baden-Baden 1978; Heinz Duchhardt und Patrice Veit (Hg.): Krieg und Frieden im Übergang vom Mittelalter zur Neuzeit. Theorie, Prax"
/Users/programming/PycharmProjects/Find_Bibliography_NEw/data/azk_library/jucker-michael__9.pdf;12;work;Fründ (Hans Fründ);\bfr[üu]nd\b;esser belegt dies allerdings nur aus der Chronistik von Tschudi und Fründ. Nun auch aktenmässig bezeugt: Deutsche Reichstagsakten unter Kais
/Users/programming/PycharmProjects/Find_Bibliography_NEw/data/azk_library/jucker-michael__9.pdf;12;work;Tschudi (Aegidius/Gilg Tschudi, Chronicon Helveticum);\btschudi\b;se hin, Segesser belegt dies allerdings nur aus der Chronistik von Tschudi und Fründ. Nun auch aktenmässig bezeugt: Deutsche Reichstagsakten
/Users/programming/PycharmProjects/Find_Bibliography_NEw/data/azk_library/jucker-michael__9.pdf;12;generic;Jahrbuch/Jahrbücher;jahrb[üu]ch(?:er|e)?\b;"Anm. 25); Gedenkschrift 500 Jahre Schlacht bei Dornach 1499-1999 (Jahrbuch für Solothurnische Geschichte 73), Solothurn 1999. 53"
/Users/programming/PycharmProjects/Find_Bibliography_NEw/data/azk_library/jucker-michael__9.pdf;12;generic;Eydgenossenschaft/Helvetia (frühneuzeitl. Schreibungen);eidt?genossenschaft;chenke. Ritual, Politik und die Sprache der Korruption in der Eidgenossenschaft im späten Mittelalter und am Beginn der Neuzeit (Konflikte u
/Users/programming/PycharmProjects/Find_Bibliography_NEw/data/azk_library/jucker-michael__9.pdf;12;generic;Eydgenossenschaft/Helvetia (frühneuzeitl. Schreibungen);eidt?genossenschaft;spätmittelalterlichen Bildungswege der Stadtschreiber in der Eidgenossenschaft, in: Thomas Hildbrand, Thomas David, Thomas Ch. Müller, Muri
/Users/programming/PycharmProjects/Find_Bibliography_NEw/data/azk_library/jucker-michael__9.pdf;12;generic;Eydgenossenschaft/Helvetia (frühneuzeitl. Schreibungen);eidt?genossenschaft;eft 18), Berlin 1996,453-476. 25 Bernhard Stettier: Reich und Eidgenossenschaft im 15. Jahrhundert, in: Peter Niederhäuser, Werner Fischer (
/Users/programming/PycharmProjects/Find_Bibliography_NEw/data/azk_library/jucker-michael__9.pdf;12;generic;Eydgenossenschaft/Helvetia (frühneuzeitl. Schreibungen);eidt?genossenschaft;ie Anm. 11), 196, sieht eine «relative Verselbständigung» der Eidgenossenschaft als Folge. 30 Vgl. zum ganzen Abschnitt Jucker (wie Anm. 7),
/Users/programming/PycharmProjects/Find_Bibliography_NEw/data/azk_library/jucker-michael__9.pdf;12;generic;Eydgenossenschaft/Helvetia (frühneuzeitl. Schreibungen);eidt?genossenschaft;"Bd. 3,88. 33 Vgl. dazu Jucker (wie Anm. 7), 279. 34 Stettier, Eidgenossenschaft (wie Anm. 11). 35 Stettier, Eidgenossenschaft (wie Anm. 11);"
/Users/programming/PycharmProjects/Find_Bibliography_NEw/data/azk_library/jucker-michael__9.pdf;12;generic;Eydgenossenschaft/Helvetia (frühneuzeitl. Schreibungen);eidt?genossenschaft;"9. 34 Stettier, Eidgenossenschaft (wie Anm. 11). 35 Stettier, Eidgenossenschaft (wie Anm. 11); Jucker (wie Anm. 7). Grundlegend für die Ausd"
/Users/programming/PycharmProjects/Find_Bibliography_NEw/data/azk_library/jucker-michael__9.pdf;12;generic;Schlacht-/Kriegserzählungen;\bschlacht(?:en)?\b;"in: Niederhäuser, Fischer (wie Anm. 25); Gedenkschrift 500 Jahre Schlacht bei Dornach 1499-1999 (Jahrbuch für Solothurnische Geschichte 73)"
/Users/programming/PycharmProjects/Find_Bibliography_NEw/data/azk_library/frey-stefan__13.pdf;1;generic;Schlacht-/Kriegserzählungen;\bschlacht(?:en)?\b;i, Ziircher Biirgermeister von 1430 bis zu seinem Tod 1443 in der Schlacht bei St. Jakob an der Sihl, viel Platz eingerfumt. Das dabei entst
/Users/programming/PycharmProjects/Find_Bibliography_NEw/data/azk_library/frey-stefan__13.pdf;1;generic;Schlacht-/Kriegserzählungen;\bkrieg(?:e|en)?\b;das Toggenburger Erbe eine giitliche Einigung verunmoglicht und zum Krieg gefiihrt, zudem habe er die eidgendssische Sache verraten und ein
/Users/programming/PycharmProjects/Find_Bibliography_NEw/data/azk_library/frey-stefan__13.pdf;6;generic;Schlacht-/Kriegserzählungen;\bschlacht(?:en)?\b;en, wie die Ritterwtirde erworben werden konnte: anlasslich einer Schlacht oder mittels einer Pilgerreise zum Heiligen Grab in Jerusalem. Mi
/Users/programming/PycharmProjects/Find_Bibliography_NEw/data/azk_library/frey-stefan__13.pdf;7;generic;Schlacht-/Kriegserzählungen;\bkrieg(?:e|en)?\b;ge — Stadtschreiber Michael Stebler genannt Graf die Hauptschuld am Krieg zu verantworten hatten, zwar eine lange Tradition besitzt, 95
/Users/programming/PycharmProjects/Find_Bibliography_NEw/data/azk_library/frey-stefan__13.pdf;8;work;Tschudi (Aegidius/Gilg Tschudi, Chronicon Helveticum);aegidi(?:us)?[\s \-]+tschudi;rich Brennwald oder, ausgepragt und sehr wirkungsmichtig, bei Aegidius Tschudi, der die beiden als «ufstérer und anhetzer zu allem krieg» be
/Users/programming/PycharmProjects/Find_Bibliography_NEw/data/azk_library/frey-stefan__13.pdf;8;work;Tschudi (Aegidius/Gilg Tschudi, Chronicon Helveticum);\btschudi\b;Brennwald oder, ausgepragt und sehr wirkungsmichtig, bei Aegidius Tschudi, der die beiden als «ufstérer und anhetzer zu allem krieg» bezeic
/Users/programming/PycharmProjects/Find_Bibliography_NEw/data/azk_library/frey-stefan__13.pdf;8;work;Brennwald (Heinrich/Johannes Brennwald, Schweizerchronik);heinrich[\s \-]+brennwald;ptschuldige findet sich erst spater, etwa in der Chronik von Heinrich Brennwald oder, ausgepragt und sehr wirkungsmichtig, bei Aegidius Tsch
/Users/programming/PycharmProjects/Find_Bibliography_NEw/data/azk_library/frey-stefan__13.pdf;8;work;Brennwald (Heinrich/Johannes Brennwald, Schweizerchronik);\bbrennwald\b;huldige findet sich erst spater, etwa in der Chronik von Heinrich Brennwald oder, ausgepragt und sehr wirkungsmichtig, bei Aegidius Tschudi,
/Users/programming/PycharmProjects/Find_Bibliography_NEw/data/azk_library/frey-stefan__13.pdf;8;work;Klingenberger/Rapperswiler Chronik (Eberhard Wüest);klingenberger[\s \-]+chronik;bar nach dem Alten Ziirichkrieg entstandene Quellen wie die Klingenberger Chronik oder die Chronik von Hans Friind berufen kann. Die Charakt
/Users/programming/PycharmProjects/Find_Bibliography_NEw/data/azk_library/frey-stefan__13.pdf;8;generic;Chronik/Chroniken;\bchronik(?:en)?\b;h dem Alten Ziirichkrieg entstandene Quellen wie die Klingenberger Chronik oder die Chronik von Hans Friind berufen kann. Die Charakterisier
/Users/programming/PycharmProjects/Find_Bibliography_NEw/data/azk_library/frey-stefan__13.pdf;8;generic;Chronik/Chroniken;\bchronik(?:en)?\b;chkrieg entstandene Quellen wie die Klingenberger Chronik oder die Chronik von Hans Friind berufen kann. Die Charakterisierung von Stiissi u
/Users/programming/PycharmProjects/Find_Bibliography_NEw/data/azk_library/frey-stefan__13.pdf;8;generic;Chronik/Chroniken;\bchronik(?:en)?\b;k eignete) als Hauptschuldige findet sich erst spater, etwa in der Chronik von Heinrich Brennwald oder, ausgepragt und sehr wirkungsmichtig,
/Users/programming/PycharmProjects/Find_Bibliography_NEw/data/azk_library/frey-stefan__13.pdf;8;generic;Schlacht-/Kriegserzählungen;\bschlacht(?:en)?\b;n zu sein. Als er im Juli 1443 in der fiir Ztirich katastrophalen Schlacht bei St. Jakob an der Sihl getétet wurde, soll seine Leiche nach c
/Users/programming/PycharmProjects/Find_Bibliography_NEw/data/azk_library/frey-stefan__13.pdf;8;generic;Schlacht-/Kriegserzählungen;\bkrieg(?:e|en)?\b;egidius Tschudi, der die beiden als «ufstérer und anhetzer zu allem krieg» bezeichnet.% Zudem gibt es, wie neuere Arbeiten nachweisen konnte
/Users/programming/PycharmProjects/Find_Bibliography_NEw/data/azk_library/frey-stefan__13.pdf;8;generic;Schlacht-/Kriegserzählungen;\bkrieg(?:e|en)?\b;lte. Halt man sich jedoch vor Augen, wie grausam im Spatmittelalter Krieg gefiihrt wurde, besteht wenig Grund dazu, diese Berichte als ungla
/Users/programming/PycharmProjects/Find_Bibliography_NEw/data/azk_library/frey-stefan__13.pdf;9;work;Schodoler (Werner Schodoler, Eidgenössische Chronik);werner[\s \-]+schodoler;"den Riickzug der Ziircher deckt. (Eidgendssische Chronik des Werner Schodoler von 1514, Bd. 1, fol. 72 v; StadtA Bremgarten; aus Geschichte"
/Users/programming/PycharmProjects/Find_Bibliography_NEw/data/azk_library/frey-stefan__13.pdf;9;work;Schodoler (Werner Schodoler, Eidgenössische Chronik);\bschodoler\b;"n Riickzug der Ziircher deckt. (Eidgendssische Chronik des Werner Schodoler von 1514, Bd. 1, fol. 72 v; StadtA Bremgarten; aus Geschichte de"
/Users/programming/PycharmProjects/Find_Bibliography_NEw/data/azk_library/frey-stefan__13.pdf;9;series;MGH (allgemein);monumenta[\s \-]+germaniae[\s \-]+historica;"Werner Schnyder, Bd. 1, Ziirich 1937, Nr. 316,357,427; Monumenta Germaniae Historica. Necrologia Germaniae, Bd. 1: Dioeceses Augustensis, C"
/Users/programming/PycharmProjects/Find_Bibliography_NEw/data/azk_library/frey-stefan__13.pdf;9;generic;Chronik/Chroniken;\bchronik(?:en)?\b;"en verteidigt und den Riickzug der Ziircher deckt. (Eidgendssische Chronik des Werner Schodoler von 1514, Bd. 1, fol. 72 v; StadtA Bremgarte"
/Users/programming/PycharmProjects/Find_Bibliography_NEw/data/azk_library/frey-stefan__13.pdf;9;generic;Schlacht-/Kriegserzählungen;\bschlacht(?:en)?\b;Abb. 17: Die Schlacht bei St. Jakob an der Sihl. In der Bildmitte Stiissi, der die Briicke iiber die Sihl gegen die eidgendssischen Truppen
/Users/programming/PycharmProjects/Find_Bibliography_NEw/data/azk_library/frey-stefan__13.pdf;10;work;Tschudi (Aegidius/Gilg Tschudi, Chronicon Helveticum);\btschudi\b;Konsolidierung und eidgenéssische Solidaritat im Widerstreit, in: Tschudi, Bd. 9,22*-158*. Chronik der Stadt Ziirich, hg. von Johannes Dier
/Users/programming/PycharmProjects/Find_Bibliography_NEw/data/azk_library/frey-stefan__13.pdf;10;work;Tschudi (Aegidius/Gilg Tschudi, Chronicon Helveticum);\btschudi\b;1438 als Zeugnis fiir den Zusammenstoss zweier Rechtskulturen, in: Tschudi, Bd. 10, 17*-62*. StAZ, B VI 214, fol. 168 r-169 v. Tschudi, Bd.
/Users/programming/PycharmProjects/Find_Bibliography_NEw/data/azk_library/frey-stefan__13.pdf;10;work;Tschudi (Aegidius/Gilg Tschudi, Chronicon Helveticum);\btschudi\b;n, in: Tschudi, Bd. 10, 17*-62*. StAZ, B VI 214, fol. 168 r-169 v. Tschudi, Bd. 10, 330 und Anm. 132. Martin Stadler: Das Biindnis zwischen
/Users/programming/PycharmProjects/Find_Bibliography_NEw/data/azk_library/frey-stefan__13.pdf;10;series;QSG (Quellen zur Schweizer Geschichte);\bqsg\b;d. 9,22*-158*. Chronik der Stadt Ziirich, hg. von Johannes Dierauer (QSG 18), Basel 1900, 231 f. Die Urkunden Kaiser Sigmunds (1410-1437), h
/Users/programming/PycharmProjects/Find_Bibliography_NEw/data/azk_library/frey-stefan__13.pdf;10;series;MAGZ (Mitteilungen der Antiquarischen Gesellschaft in Zürich);\bmagz\b;en Spatmittelalter und Friiher Neuzeit, hg. von Peter Niederhiuser (MAGZ 70), Ziirich 2003, 203-209. Wappenbrief: Thommen, Bd. 3, Nr. 160/VI
/Users/programming/PycharmProjects/Find_Bibliography_NEw/data/azk_library/frey-stefan__13.pdf;10;generic;Chronik/Chroniken;\bchronik(?:en)?\b;néssische Solidaritat im Widerstreit, in: Tschudi, Bd. 9,22*-158*. Chronik der Stadt Ziirich, hg. von Johannes Dierauer (QSG 18), Basel 1900
/Users/programming/PycharmProjects/Find_Bibliography_NEw/data/azk_library/frey-stefan__13.pdf;10;generic;Chronik/Chroniken;\bchronik(?:en)?\b;G 18 (1968), 422-458, hier 427-440. Schandung von Sttissis Leiche: Chronik der Stadt Ziirich (wie Anm. 11), 214. Kundschaft: Theodor von Lie
/Users/programming/PycharmProjects/Find_Bibliography_NEw/data/azk_library/frey-stefan__13.pdf;10;generic;Eydgenossenschaft/Helvetia (frühneuzeitl. Schreibungen);helveti[ae];ruar 1469). Zum Kloster Toss vel. Martina Wehrli-Johns: Toss, in: Helvetia Sacra, Band 4/5,2: Die Dominikaner und Dominikanerinnen in der Sc
/Users/programming/PycharmProjects/Find_Bibliography_NEw/data/azk_library/frey-stefan__13.pdf;10;generic;Schlacht-/Kriegserzählungen;\bkrieg(?:e|en)?\b;egsfiihrung vgl. Walter Schaufelberger: Der alte Schweizer und sein Krieg. Studien zur Kriegfiihrung vornehmlich im 15. Jahrhundert, Diss.,
/Users/programming/PycharmProjects/Find_Bibliography_NEw/data/azk_library/frey-stefan__13.pdf;11;work;Edlibach (Gerold Edlibach, Zürcher Chronik);gerold[\s \-]+edlibach;"ind dabei meistens nur schematisch wiedergegeben. (Chronik von Gerold Edlibach, Abschrift um 1506; Zentralbibliothek Ziirich, Ms. A 77, fol."
/Users/programming/PycharmProjects/Find_Bibliography_NEw/data/azk_library/frey-stefan__13.pdf;11;work;Edlibach (Gerold Edlibach, Zürcher Chronik);\bedlibach\b;ingen konnten, aber Hab und Gut verloren haben. Die Abschrift der Edlibach-Chronik enthialt kiinstlerisch hochstehende, kolorierte Federzeic
/Users/programming/PycharmProjects/Find_Bibliography_NEw/data/azk_library/frey-stefan__13.pdf;11;work;Edlibach (Gerold Edlibach, Zürcher Chronik);\bedlibach\b;"dabei meistens nur schematisch wiedergegeben. (Chronik von Gerold Edlibach, Abschrift um 1506; Zentralbibliothek Ziirich, Ms. A 77, fol. 37"
/Users/programming/PycharmProjects/Find_Bibliography_NEw/data/azk_library/frey-stefan__13.pdf;11;work;Edlibach (Gerold Edlibach, Zürcher Chronik);chronik[\s \-]+von[\s \-]+gerold[\s \-]+edlibach;"iten sind dabei meistens nur schematisch wiedergegeben. (Chronik von Gerold Edlibach, Abschrift um 1506; Zentralbibliothek Ziirich, Ms. A 77"
/Users/programming/PycharmProjects/Find_Bibliography_NEw/data/azk_library/frey-stefan__13.pdf;11;generic;Chronik/Chroniken;\bchronik(?:en)?\b;nnten, aber Hab und Gut verloren haben. Die Abschrift der Edlibach-Chronik enthialt kiinstlerisch hochstehende, kolorierte Federzeichnungen,
/Users/programming/PycharmProjects/Find_Bibliography_NEw/data/azk_library/frey-stefan__13.pdf;11;generic;Chronik/Chroniken;\bchronik(?:en)?\b;"Begebenheiten sind dabei meistens nur schematisch wiedergegeben. (Chronik von Gerold Edlibach, Abschrift um 1506; Zentralbibliothek Ziirich"
/Users/programming/PycharmProjects/Find_Bibliography_NEw/data/azk_library/frey-stefan__13.pdf;12;work;Edlibach (Gerold Edlibach, Zürcher Chronik);gerold[\s \-]+edlibach;"eidete Laufer von Uri an einem Stecken befestigt. (Chronik von Gerold Edlibach, Abschrift um 1506; Zentralbibliothek Ziirich, Ms. A 77, fol."
/Users/programming/PycharmProjects/Find_Bibliography_NEw/data/azk_library/frey-stefan__13.pdf;12;work;Edlibach (Gerold Edlibach, Zürcher Chronik);gerold[\s \-]+edlibach;"die eidgendssischen Truppen durchbrechen konnten. (Chronik von Gerold Edlibach, Abschrift um 1506; Zentralbibliothek Ziirich, Ms. A 77, fol."
/Users/programming/PycharmProjects/Find_Bibliography_NEw/data/azk_library/frey-stefan__13.pdf;12;work;Edlibach (Gerold Edlibach, Zürcher Chronik);\bedlibach\b;"te Laufer von Uri an einem Stecken befestigt. (Chronik von Gerold Edlibach, Abschrift um 1506; Zentralbibliothek Ziirich, Ms. A 77, fol.38 v"
/Users/programming/PycharmProjects/Find_Bibliography_NEw/data/azk_library/frey-stefan__13.pdf;12;work;Edlibach (Gerold Edlibach, Zürcher Chronik);\bedlibach\b;"eidgendssischen Truppen durchbrechen konnten. (Chronik von Gerold Edlibach, Abschrift um 1506; Zentralbibliothek Ziirich, Ms. A 77, fol. 39"
/Users/programming/PycharmProjects/Find_Bibliography_NEw/data/azk_library/frey-stefan__13.pdf;12;work;Edlibach (Gerold Edlibach, Zürcher Chronik);chronik[\s \-]+von[\s \-]+gerold[\s \-]+edlibach;"b gekleidete Laufer von Uri an einem Stecken befestigt. (Chronik von Gerold Edlibach, Abschrift um 1506; Zentralbibliothek Ziirich, Ms. A 77"
/Users/programming/PycharmProjects/Find_Bibliography_NEw/data/azk_library/frey-stefan__13.pdf;12;work;Edlibach (Gerold Edlibach, Zürcher Chronik);chronik[\s \-]+von[\s \-]+gerold[\s \-]+edlibach;", die die eidgendssischen Truppen durchbrechen konnten. (Chronik von Gerold Edlibach, Abschrift um 1506; Zentralbibliothek Ziirich, Ms. A 77"
/Users/programming/PycharmProjects/Find_Bibliography_NEw/data/azk_library/frey-stefan__13.pdf;12;generic;Chronik/Chroniken;\bchronik(?:en)?\b;"rz und Gelb gekleidete Laufer von Uri an einem Stecken befestigt. (Chronik von Gerold Edlibach, Abschrift um 1506; Zentralbibliothek Ziirich"
/Users/programming/PycharmProjects/Find_Bibliography_NEw/data/azk_library/frey-stefan__13.pdf;12;generic;Chronik/Chroniken;\bchronik(?:en)?\b;"erkennbar, die die eidgendssischen Truppen durchbrechen konnten. (Chronik von Gerold Edlibach, Abschrift um 1506; Zentralbibliothek Ziirich"
/Users/programming/PycharmProjects/Find_Bibliography_NEw/data/azk_library/frey-stefan__13.pdf;12;generic;Schlacht-/Kriegserzählungen;\bschlacht(?:en)?\b;Zentralbibliothek Ziirich, Ms. A 77, fol.38 v) Farbabb. 3: In der Schlacht am Hirzel vom 24. Mai 1443 erleiden die Ziircher Truppen und ihre
/Users/programming/PycharmProjects/Find_Bibliography_NEw/data/azk_library/frey-stefan__13.pdf;12;generic;Schlacht-/Kriegserzählungen;\bkrieg(?:e|en)?\b;n Orte, sich ebenfalls den Schwyzern anzuschliessen und Ziirich den Krieg zu erklaren. Die Kriegserklarung, den sogenannten Absagebrief, tib
/Users/programming/PycharmProjects/Find_Bibliography_NEw/data/azk_library/frey-stefan__13.pdf;14;work;Edlibach (Gerold Edlibach, Zürcher Chronik);gerold[\s \-]+edlibach;"das Feldlager der Belagerungstruppen dargestellt. (Chronik von Gerold Edlibach, Abschrift um 1506; Zentralbibliothek Ziirich, Ms. A 77, fol."
/Users/programming/PycharmProjects/Find_Bibliography_NEw/data/azk_library/frey-stefan__13.pdf;14;work;Edlibach (Gerold Edlibach, Zürcher Chronik);gerold[\s \-]+edlibach;"er Legende am Hinrichtungsort eingefunden hatten. (Chronik von Gerold Edlibach, Abschrift um 1506; Zentralbibliothek Ziirich, Ms. A 77, fol."
/Users/programming/PycharmProjects/Find_Bibliography_NEw/data/azk_library/frey-stefan__13.pdf;14;work;Edlibach (Gerold Edlibach, Zürcher Chronik);\bedlibach\b;"Feldlager der Belagerungstruppen dargestellt. (Chronik von Gerold Edlibach, Abschrift um 1506; Zentralbibliothek Ziirich, Ms. A 77, fol. 51"
/Users/programming/PycharmProjects/Find_Bibliography_NEw/data/azk_library/frey-stefan__13.pdf;14;work;Edlibach (Gerold Edlibach, Zürcher Chronik);\bedlibach\b;"egende am Hinrichtungsort eingefunden hatten. (Chronik von Gerold Edlibach, Abschrift um 1506; Zentralbibliothek Ziirich, Ms. A 77, fol. 56"
/Users/programming/PycharmProjects/Find_Bibliography_NEw/data/azk_library/frey-stefan__13.pdf;14;work;Edlibach (Gerold Edlibach, Zürcher Chronik);chronik[\s \-]+von[\s \-]+gerold[\s \-]+edlibach;"e ist das Feldlager der Belagerungstruppen dargestellt. (Chronik von Gerold Edlibach, Abschrift um 1506; Zentralbibliothek Ziirich, Ms. A 77"
/Users/programming/PycharmProjects/Find_Bibliography_NEw/data/azk_library/frey-stefan__13.pdf;14;work;Edlibach (Gerold Edlibach, Zürcher Chronik);chronik[\s \-]+von[\s \-]+gerold[\s \-]+edlibach;"mdss der Legende am Hinrichtungsort eingefunden hatten. (Chronik von Gerold Edlibach, Abschrift um 1506; Zentralbibliothek Ziirich, Ms. A 77"
/Users/programming/PycharmProjects/Find_Bibliography_NEw/data/azk_library/frey-stefan__13.pdf;14;generic;Chronik/Chroniken;\bchronik(?:en)?\b;"Bildhalfte ist das Feldlager der Belagerungstruppen dargestellt. (Chronik von Gerold Edlibach, Abschrift um 1506; Zentralbibliothek Ziirich"
/Users/programming/PycharmProjects/Find_Bibliography_NEw/data/azk_library/frey-stefan__13.pdf;14;generic;Chronik/Chroniken;\bchronik(?:en)?\b;"h zuvor gemdss der Legende am Hinrichtungsort eingefunden hatten. (Chronik von Gerold Edlibach, Abschrift um 1506; Zentralbibliothek Ziirich"
/Users/programming/PycharmProjects/Find_Bibliography_NEw/data/azk_library/frey-stefan__13.pdf;15;work;Edlibach (Gerold Edlibach, Zürcher Chronik);gerold[\s \-]+edlibach;"vor der Stadt sind kleinere Scharmiitzel im Gang. (Chronik von Gerold Edlibach, Abschrift um 1506; Zentralbibliothek Ziirich, Ms. A 77, fol."
/Users/programming/PycharmProjects/Find_Bibliography_NEw/data/azk_library/frey-stefan__13.pdf;15;work;Edlibach (Gerold Edlibach, Zürcher Chronik);\bedlibach\b;"der Stadt sind kleinere Scharmiitzel im Gang. (Chronik von Gerold Edlibach, Abschrift um 1506; Zentralbibliothek Ziirich, Ms. A 77, fol. 60"
/Users/programming/PycharmProjects/Find_Bibliography_NEw/data/azk_library/frey-stefan__13.pdf;15;work;Edlibach (Gerold Edlibach, Zürcher Chronik);chronik[\s \-]+von[\s \-]+gerold[\s \-]+edlibach;"Orten vor der Stadt sind kleinere Scharmiitzel im Gang. (Chronik von Gerold Edlibach, Abschrift um 1506; Zentralbibliothek Ziirich, Ms. A 77"
/Users/programming/PycharmProjects/Find_Bibliography_NEw/data/azk_library/frey-stefan__13.pdf;15;generic;Chronik/Chroniken;\bchronik(?:en)?\b;"mehreren Orten vor der Stadt sind kleinere Scharmiitzel im Gang. (Chronik von Gerold Edlibach, Abschrift um 1506; Zentralbibliothek Ziirich"
/Users/programming/PycharmProjects/Find_Bibliography_NEw/data/azk_library/frey-stefan__13.pdf;16;work;Edlibach (Gerold Edlibach, Zürcher Chronik);gerold[\s \-]+edlibach;"ie Verantwortung fiir den Krieg zugeschoben wird. (Chronik von Gerold Edlibach, Abschrift um 1506; Zentralbibliothek Ziirich, Ms. A 77, fol."
/Users/programming/PycharmProjects/Find_Bibliography_NEw/data/azk_library/frey-stefan__13.pdf;16;work;Edlibach (Gerold Edlibach, Zürcher Chronik);\bedlibach\b;"erantwortung fiir den Krieg zugeschoben wird. (Chronik von Gerold Edlibach, Abschrift um 1506; Zentralbibliothek Ziirich, Ms. A 77, fol. 61"
/Users/programming/PycharmProjects/Find_Bibliography_NEw/data/azk_library/frey-stefan__13.pdf;16;work;Edlibach (Gerold Edlibach, Zürcher Chronik);chronik[\s \-]+von[\s \-]+gerold[\s \-]+edlibach;"dem die Verantwortung fiir den Krieg zugeschoben wird. (Chronik von Gerold Edlibach, Abschrift um 1506; Zentralbibliothek Ziirich, Ms. A 77"
/Users/programming/PycharmProjects/Find_Bibliography_NEw/data/azk_library/frey-stefan__13.pdf;16;generic;Chronik/Chroniken;\bchronik(?:en)?\b;"rich III., dem die Verantwortung fiir den Krieg zugeschoben wird. (Chronik von Gerold Edlibach, Abschrift um 1506; Zentralbibliothek Ziirich"
/Users/programming/PycharmProjects/Find_Bibliography_NEw/data/azk_library/frey-stefan__13.pdf;16;generic;Schlacht-/Kriegserzählungen;\bkrieg(?:e|en)?\b;"Hilfsgesuch an KGnig Friedrich III., dem die Verantwortung fiir den Krieg zugeschoben wird. (Chronik von Gerold Edlibach, Abschrift um 1506;"
/Users/programming/PycharmProjects/Find_Bibliography_NEw/data/azk_library/frey-stefan__13.pdf;17;work;Edlibach (Gerold Edlibach, Zürcher Chronik);gerold[\s \-]+edlibach;"ffen, Munition und Versorgungsgiiter zu erkennen. (Chronik von Gerold Edlibach, Abschrift um 1506; Zentralbibliothek Ziirich, Ms. A 77, fol."
/Users/programming/PycharmProjects/Find_Bibliography_NEw/data/azk_library/frey-stefan__13.pdf;17;work;Edlibach (Gerold Edlibach, Zürcher Chronik);gerold[\s \-]+edlibach;"fe und zwei neuer Flosse auf Ziircher Seite fort. (Chronik von Gerold Edlibach, Abschrift um 1506; Zentralbibliothek Ziirich, Ms. A 77, fol."
/Users/programming/PycharmProjects/Find_Bibliography_NEw/data/azk_library/frey-stefan__13.pdf;17;work;Edlibach (Gerold Edlibach, Zürcher Chronik);\bedlibach\b;", Munition und Versorgungsgiiter zu erkennen. (Chronik von Gerold Edlibach, Abschrift um 1506; Zentralbibliothek Ziirich, Ms. A 77, fol. 68"
/Users/programming/PycharmProjects/Find_Bibliography_NEw/data/azk_library/frey-stefan__13.pdf;17;work;Edlibach (Gerold Edlibach, Zürcher Chronik);\bedlibach\b;"nd zwei neuer Flosse auf Ziircher Seite fort. (Chronik von Gerold Edlibach, Abschrift um 1506; Zentralbibliothek Ziirich, Ms. A 77, fol. 80"
/Users/programming/PycharmProjects/Find_Bibliography_NEw/data/azk_library/frey-stefan__13.pdf;17;work;Edlibach (Gerold Edlibach, Zürcher Chronik);chronik[\s \-]+von[\s \-]+gerold[\s \-]+edlibach;"ene Waffen, Munition und Versorgungsgiiter zu erkennen. (Chronik von Gerold Edlibach, Abschrift um 1506; Zentralbibliothek Ziirich, Ms. A 77"
/Users/programming/PycharmProjects/Find_Bibliography_NEw/data/azk_library/frey-stefan__13.pdf;17;work;Edlibach (Gerold Edlibach, Zürcher Chronik);chronik[\s \-]+von[\s \-]+gerold[\s \-]+edlibach;"Schiffe und zwei neuer Flosse auf Ziircher Seite fort. (Chronik von Gerold Edlibach, Abschrift um 1506; Zentralbibliothek Ziirich, Ms. A 77"
/Users/programming/PycharmProjects/Find_Bibliography_NEw/data/azk_library/frey-stefan__13.pdf;17;generic;Chronik/Chroniken;\bchronik(?:en)?\b;"tickgelassene Waffen, Munition und Versorgungsgiiter zu erkennen. (Chronik von Gerold Edlibach, Abschrift um 1506; Zentralbibliothek Ziirich"
/Users/programming/PycharmProjects/Find_Bibliography_NEw/data/azk_library/frey-stefan__13.pdf;17;generic;Chronik/Chroniken;\bchronik(?:en)?\b;"zwei neuer Schiffe und zwei neuer Flosse auf Ziircher Seite fort. (Chronik von Gerold Edlibach, Abschrift um 1506; Zentralbibliothek Ziirich"
/Users/programming/PycharmProjects/Find_Bibliography_NEw/data/azk_library/frey-stefan__13.pdf;17;generic;Schlacht-/Kriegserzählungen;\bschlacht(?:en)?\b;, nachdem die Nachricht von der Niederlage der Eidgenossen in der Schlacht bei St. Jakob an der Birs vier Tage zuvor eingetroffen ist. Im Vo
/Users/programming/PycharmProjects/Find_Bibliography_NEw/data/azk_library/frey-stefan__13.pdf;18;work;Edlibach (Gerold Edlibach, Zürcher Chronik);gerold[\s \-]+edlibach;"neutralen Instanz im Reich, den Weg zum Frieden. (Chronik von Gerold Edlibach, Abschrift um 1506; Zentralbibliothek Ziirich, Ms. A 77, fol."
/Users/programming/PycharmProjects/Find_Bibliography_NEw/data/azk_library/frey-stefan__13.pdf;18;work;Edlibach (Gerold Edlibach, Zürcher Chronik);\bedlibach\b;"tralen Instanz im Reich, den Weg zum Frieden. (Chronik von Gerold Edlibach, Abschrift um 1506; Zentralbibliothek Ziirich, Ms. A 77, fol. 90"
/Users/programming/PycharmProjects/Find_Bibliography_NEw/data/azk_library/frey-stefan__13.pdf;18;work;Edlibach (Gerold Edlibach, Zürcher Chronik);chronik[\s \-]+von[\s \-]+gerold[\s \-]+edlibach;"chsten neutralen Instanz im Reich, den Weg zum Frieden. (Chronik von Gerold Edlibach, Abschrift um 1506; Zentralbibliothek Ziirich, Ms. A 77"
/Users/programming/PycharmProjects/Find_Bibliography_NEw/data/azk_library/frey-stefan__13.pdf;18;generic;Chronik/Chroniken;\bchronik(?:en)?\b;"ig, der héchsten neutralen Instanz im Reich, den Weg zum Frieden. (Chronik von Gerold Edlibach, Abschrift um 1506; Zentralbibliothek Ziirich"
/Users/programming/PycharmProjects/Find_Bibliography_NEw/data/azk_library/illi-martin__24.pdf;1;generic;Schlacht-/Kriegserzählungen;\bkrieg(?:e|en)?\b;Schirmvogtei über das Kloster Einsiedeln. Unmittelbarer Anlass zum Krieg war der Streit um das Erbe des Grafen Friedrich VII. von Toggenbur
/Users/programming/PycharmProjects/Find_Bibliography_NEw/data/azk_library/illi-martin__24.pdf;2;generic;Schlacht-/Kriegserzählungen;\bschlacht(?:en)?\b;hen Niederlagen, unter anderem an der Letzi bei Horgen und in der Schlacht bei St. Jakob an der Sihl, wo der Zürcher Bürgermeister Rudolf St
/Users/programming/PycharmProjects/Find_Bibliography_NEw/data/azk_library/illi-martin__24.pdf;2;generic;Schlacht-/Kriegserzählungen;\bschlacht(?:en)?\b;für Zürich kam mit dem Aufmarsch der Armagnaken im Westen. In der Schlacht bei St. Jakob an der Birs 2 / 3
/Users/programming/PycharmProjects/Find_Bibliography_NEw/data/azk_library/illi-martin__24.pdf;3;generic;Eydgenossenschaft/Helvetia (frühneuzeitl. Schreibungen);eidt?genossenschaft;hen Verhältnisse im schweizerischen Raum und insbesondere der Eidgenossenschaft. Quellen und Literatur Literatur – A. Niederstätter, Der Alt
/Users/programming/PycharmProjects/Find_Bibliography_NEw/data/azk_library/rigendinger-fritz__2.pdf;4;work;Tschudi (Aegidius/Gilg Tschudi, Chronicon Helveticum);aegidi(?:us)?[\s \-]+tschudi;und vom Schwyzer Landschreiber Hans Friind sowie vom spateren Aegidius Tschudi ausfiihrlich geschildert: Die in der 114
/Users/programming/PycharmProjects/Find_Bibliography_NEw/data/azk_library/rigendinger-fritz__2.pdf;4;work;Tschudi (Aegidius/Gilg Tschudi, Chronicon Helveticum);\btschudi\b;vom Schwyzer Landschreiber Hans Friind sowie vom spateren Aegidius Tschudi ausfiihrlich geschildert: Die in der 114
/Users/programming/PycharmProjects/Find_Bibliography_NEw/data/azk_library/rigendinger-fritz__2.pdf;4;work;Klingenberger/Rapperswiler Chronik (Eberhard Wüest);klingenberger[\s \-]+chronik;leiteten, werden in der zeitgenossischen Chronistik, in der Klingenberger Chronik und vom Schwyzer Landschreiber Hans Friind sowie vom spate
/Users/programming/PycharmProjects/Find_Bibliography_NEw/data/azk_library/rigendinger-fritz__2.pdf;4;generic;Chronik/Chroniken;\bchronik(?:en)?\b;n, werden in der zeitgenossischen Chronistik, in der Klingenberger Chronik und vom Schwyzer Landschreiber Hans Friind sowie vom spateren Aeg
/Users/programming/PycharmProjects/Find_Bibliography_NEw/data/azk_library/rigendinger-fritz__2.pdf;4;generic;Eydgenossenschaft/Helvetia (frühneuzeitl. Schreibungen);eidt?genossenschaft;en Handel tiber die Walenseestrecke auf das Gebiet der ganzen Eidgenossenschaft ausdehnen.? Personell war Ziirichs Zugriff auf das Sarganser
/Users/programming/PycharmProjects/Find_Bibliography_NEw/data/azk_library/rigendinger-fritz__2.pdf;4;generic;Schlacht-/Kriegserzählungen;\bkrieg(?:e|en)?\b;te der Stadt Zitirich. Das Vorgehen der Glarner fiihrte beinahe zum Krieg zwischen Friedrich von Toggenburg und Glarus. Der Konflikt konnte
/Users/programming/PycharmProjects/Find_Bibliography_NEw/data/azk_library/rigendinger-fritz__2.pdf;5;generic;Schlacht-/Kriegserzählungen;\bkrieg(?:e|en)?\b;nis von Ziirich keine Biindnisse abschliessen und nicht selbstandig Krieg fiihren. Faktisch lief der Zusammenschluss mit der Landgemeinde au
/Users/programming/PycharmProjects/Find_Bibliography_NEw/data/azk_library/rigendinger-fritz__2.pdf;6;generic;Schlacht-/Kriegserzählungen;\bkrieg(?:e|en)?\b;Ziirichs Krieg gegen Osterreich fiihrt zur Aufldsung der Landgemeinde Im Mai 1437 setzten die Ziircher ihren Eroberungsplan in die Tat um. U
/Users/programming/PycharmProjects/Find_Bibliography_NEw/data/azk_library/rigendinger-fritz__2.pdf;7;work;Bullinger (Heinrich Bullinger, historiographische Werke);\bbullinger\b;f Kalberer in Ketten weggefiihrt. (Radierung von Johann Balthasar Bullinger im Neujahrsblatt 1747 der Gesellschaft der Constaffler und Feuer
/Users/programming/PycharmProjects/Find_Bibliography_NEw/data/azk_library/rigendinger-fritz__2.pdf;7;generic;Schlacht-/Kriegserzählungen;\bkrieg(?:e|en)?\b;Hungerjahr 1437/38 besonders hart auswirkte. Im Mai 1439 brach der Krieg mit einem Scharmiitzel am Etzel offen aus, konnte aber durch einen
/Users/programming/PycharmProjects/Find_Bibliography_NEw/data/azk_library/rigendinger-fritz__2.pdf;8;generic;Schlacht-/Kriegserzählungen;\bkrieg(?:e|en)?\b;1440 fiir sich und im Namen Graf Heinrichs den Sarganserlandern den Krieg und ktindigten an, sie wiirden mit aller Macht das von der «gantze
/Users/programming/PycharmProjects/Find_Bibliography_NEw/data/azk_library/rigendinger-fritz__2.pdf;10;work;Tschudi (Aegidius/Gilg Tschudi, Chronicon Helveticum);\btschudi\b;urden die zwei Stadttore gewaltsam gedffnet. Die Verteidiger, laut Tschudi 600 «starcke landtliit», mussten sich in das Schloss Sargans zuri
/Users/programming/PycharmProjects/Find_Bibliography_NEw/data/azk_library/rigendinger-fritz__2.pdf;10;generic;Schlacht-/Kriegserzählungen;\bschlacht(?:en)?\b;e Eroberung des Sarganserlands. Daran sollte auch ihr Sieg in der Schlacht bei Ragaz nichts andern, der mit Blick auf die Territorialherrsch
/Users/programming/PycharmProjects/Find_Bibliography_NEw/data/azk_library/rigendinger-fritz__2.pdf;10;generic;Schlacht-/Kriegserzählungen;\bschlacht(?:en)?\b;eradezu zum vierten eidgenéssischen Fehlschlag werden sollte. Die Schlacht bei Ragaz: ein verlorener Sieg Am 5. Marz 1446 setzte ein «unzahl
/Users/programming/PycharmProjects/Find_Bibliography_NEw/data/azk_library/rigendinger-fritz__2.pdf;11;generic;Schlacht-/Kriegserzählungen;\bschlacht(?:en)?\b;Freudenberg errichteten Pilgerkapelle kam es am 6. Marz 1446 zur Schlacht bei Ragaz, dem letzten Gefecht des Alten Ziirichkriegs, die mit e
/Users/programming/PycharmProjects/Find_Bibliography_NEw/data/azk_library/rigendinger-fritz__2.pdf;11;generic;Schlacht-/Kriegserzählungen;\bschlacht(?:en)?\b;nzend ihr Sieg ausfiel, so rasch réumten die Eidgenossen nach der Schlacht das Feld und kehrte das 6sterreichische «Rossvolk» zurtick.* Die
/Users/programming/PycharmProjects/Find_Bibliography_NEw/data/azk_library/rigendinger-fritz__2.pdf;11;generic;Schlacht-/Kriegserzählungen;\bschlacht(?:en)?\b;hanger der Eidgenossen deutlich in der Minderheit waren. Nach der Schlacht von Ragaz wurden einzelne von ihnen vertrieben und zogen nach Gla
/Users/programming/PycharmProjects/Find_Bibliography_NEw/data/azk_library/rigendinger-fritz__2.pdf;12;generic;Schlacht-/Kriegserzählungen;\bschlacht(?:en)?\b;ng den Eidgenossen drei Mal die Eroberung des Sarganserlands. Die Schlacht von Ragaz erwies sich aus eidgenossischer Sicht — trotz des glanz
/Users/programming/PycharmProjects/Find_Bibliography_NEw/data/azk_library/rigendinger-fritz__2.pdf;13;work;Tschudi (Aegidius/Gilg Tschudi, Chronicon Helveticum);\btschudi\b;Konsolidierung und eidgendssische Solidaritat im Widerstreit, in: Tschudi, Bd. 9, 22*-158*, hier 137*-140*. Wegelin (wie Anm. 3), Nr. 471-4
/Users/programming/PycharmProjects/Find_Bibliography_NEw/data/azk_library/rigendinger-fritz__2.pdf;13;work;Tschudi (Aegidius/Gilg Tschudi, Chronicon Helveticum);\btschudi\b;Zitat 232. StAZ, CI, Nr. 1542 (21. Dezember 1436), Entwurf. Druck: Tschudi, Bd. 10, 38-43. Analoger Gegenbrief von Hauptmann und Raten gross
/Users/programming/PycharmProjects/Find_Bibliography_NEw/data/azk_library/rigendinger-fritz__2.pdf;13;work;Tschudi (Aegidius/Gilg Tschudi, Chronicon Helveticum);\btschudi\b;Werdenberg-Sargans, Neuenburg 1891, Fig. 86) abgeschliffen. Druck: Tschudi, Bd. 10, 59-63, und Urkundensammlung (wie Anm. 5), Bd. 2, Nr. 201
/Users/programming/PycharmProjects/Find_Bibliography_NEw/data/azk_library/rigendinger-fritz__2.pdf;13;work;Tschudi (Aegidius/Gilg Tschudi, Chronicon Helveticum);\btschudi\b;"iber von Schwyz); StASZ, Urk. 412a (Vidimus 27. Juli 1449). Druck: Tschudi, Bd. 10, 142-148. Dazu ausfiihrlich Klingenberger Chronik, 243-24"
/Users/programming/PycharmProjects/Find_Bibliography_NEw/data/azk_library/rigendinger-fritz__2.pdf;13;work;Tschudi (Aegidius/Gilg Tschudi, Chronicon Helveticum);\btschudi\b;10, 142-148. Dazu ausfiihrlich Klingenberger Chronik, 243-249, und Tschudi, Bd. 10, 125-133. Zum Sarganser Zug vel. Bernhard Stettler: [Komm
/Users/programming/PycharmProjects/Find_Bibliography_NEw/data/azk_library/rigendinger-fritz__2.pdf;13;work;Tschudi (Aegidius/Gilg Tschudi, Chronicon Helveticum);\btschudi\b;25-133. Zum Sarganser Zug vel. Bernhard Stettler: [Kommentar], in: Tschudi, Bd. 10, 134 f. Anm. 42 und 43. URStAZ, Bd. 6, Nr. 8264-8265 (5.
/Users/programming/PycharmProjects/Find_Bibliography_NEw/data/azk_library/rigendinger-fritz__2.pdf;13;work;Tschudi (Aegidius/Gilg Tschudi, Chronicon Helveticum);\btschudi\b;"n, bearb. von Ferdinand Elsener, Aarau 1951, Nr. 9 (2. Marz 1438). Tschudi, Bd. 10, 215-221. Friind, 40. Friind, 42; Tschudi, Bd. 10, 224 f."
/Users/programming/PycharmProjects/Find_Bibliography_NEw/data/azk_library/rigendinger-fritz__2.pdf;13;work;Tschudi (Aegidius/Gilg Tschudi, Chronicon Helveticum);\btschudi\b;"(2. Marz 1438). Tschudi, Bd. 10, 215-221. Friind, 40. Friind, 42; Tschudi, Bd. 10, 224 f. Urkundliche Evidenz im Kilchberger Friede vom 1."
/Users/programming/PycharmProjects/Find_Bibliography_NEw/data/azk_library/rigendinger-fritz__2.pdf;13;work;Tschudi (Aegidius/Gilg Tschudi, Chronicon Helveticum);\btschudi\b;ndliche Evidenz im Kilchberger Friede vom 1. Dezember 1440, Druck: Tschudi, Bd. 10, 340-348, hier 341, Zeile 30-32. Friind, 54 (24. Oktober
/Users/programming/PycharmProjects/Find_Bibliography_NEw/data/azk_library/rigendinger-fritz__2.pdf;13;work;Tschudi (Aegidius/Gilg Tschudi, Chronicon Helveticum);\btschudi\b;"37). Das folgende nach: Klingenberger Chronik, 263; Friind, 55-58; Tschudi, Bd. 10, 292-299. 123"
/Users/programming/PycharmProjects/Find_Bibliography_NEw/data/azk_library/rigendinger-fritz__2.pdf;13;work;Klingenberger/Rapperswiler Chronik (Eberhard Wüest);klingenberger[\s \-]+chronik;Glarus 1865-1891, hier Bd. 2, Nr. 198 (22. September 1436). Klingenberger Chronik, 228-235, Zitat 232. StAZ, CI, Nr. 1542 (21. Dezember 1436
/Users/programming/PycharmProjects/Find_Bibliography_NEw/data/azk_library/rigendinger-fritz__2.pdf;13;work;Klingenberger/Rapperswiler Chronik (Eberhard Wüest);klingenberger[\s \-]+chronik;i 1449). Druck: Tschudi, Bd. 10, 142-148. Dazu ausfiihrlich Klingenberger Chronik, 243-249, und Tschudi, Bd. 10, 125-133. Zum Sarganser Zug
/Users/programming/PycharmProjects/Find_Bibliography_NEw/data/azk_library/rigendinger-fritz__2.pdf;13;work;Klingenberger/Rapperswiler Chronik (Eberhard Wüest);klingenberger[\s \-]+chronik;"gans vgl. oben Anm. 9 (7. Oktober 1437). Das folgende nach: Klingenberger Chronik, 263; Friind, 55-58; Tschudi, Bd. 10, 292-299. 123"
/Users/programming/PycharmProjects/Find_Bibliography_NEw/data/azk_library/rigendinger-fritz__2.pdf;13;generic;Chronik/Chroniken;\bchronik(?:en)?\b;1865-1891, hier Bd. 2, Nr. 198 (22. September 1436). Klingenberger Chronik, 228-235, Zitat 232. StAZ, CI, Nr. 1542 (21. Dezember 1436), Entw
/Users/programming/PycharmProjects/Find_Bibliography_NEw/data/azk_library/rigendinger-fritz__2.pdf;13;generic;Chronik/Chroniken;\bchronik(?:en)?\b;. Druck: Tschudi, Bd. 10, 142-148. Dazu ausfiihrlich Klingenberger Chronik, 243-249, und Tschudi, Bd. 10, 125-133. Zum Sarganser Zug vel. Be
/Users/programming/PycharmProjects/Find_Bibliography_NEw/data/azk_library/rigendinger-fritz__2.pdf;13;generic;Chronik/Chroniken;\bchronik(?:en)?\b;"l. oben Anm. 9 (7. Oktober 1437). Das folgende nach: Klingenberger Chronik, 263; Friind, 55-58; Tschudi, Bd. 10, 292-299. 123"
/Users/programming/PycharmProjects/Find_Bibliography_NEw/data/azk_library/rigendinger-fritz__2.pdf;13;generic;Eydgenossenschaft/Helvetia (frühneuzeitl. Schreibungen);eidt?genossenschaft;"Karl Wegelin (Die Regesten der Archive in der schweizerischen Eidgenossenschaft 1), Chur 1850, Nr. 199 (1351); Repertorium schweizergeschich"
/Users/programming/PycharmProjects/Find_Bibliography_NEw/data/azk_library/rigendinger-fritz__2.pdf;14;work;Tschachtlan (Benedikt Tschachtlan);\btschachtlan\b;cht der anwesenden Berner Hauptleute in der Chronik von Bendicht Tschachtlan, gedruckt ebd., Anm. 260-264. Zum Schlachtgeschehen ausfiihrlic
/Users/programming/PycharmProjects/Find_Bibliography_NEw/data/azk_library/rigendinger-fritz__2.pdf;14;work;Tschachtlan (Benedikt Tschachtlan);\btschachtlan\b;: [Kommentar], in: Tschudi, Bd. 11, 422, Anm. 212 (nach Bendicht Tschachtlan). Thommen, Bd. 4, Nr. 64 (16. November 1446) und 70 (14. Februa
/Users/programming/PycharmProjects/Find_Bibliography_NEw/data/azk_library/rigendinger-fritz__2.pdf;14;work;Tschudi (Aegidius/Gilg Tschudi, Chronicon Helveticum);\btschudi\b;"1600 (11. November 1440). Klingenberger Chronik, 273; Friind, 73; Tschudi, Bd. 10, 322. Tschudi, Bd. 10, 340-348 (Kilchberger Friede vom 1."
/Users/programming/PycharmProjects/Find_Bibliography_NEw/data/azk_library/rigendinger-fritz__2.pdf;14;work;Tschudi (Aegidius/Gilg Tschudi, Chronicon Helveticum);\btschudi\b;"40). Klingenberger Chronik, 273; Friind, 73; Tschudi, Bd. 10, 322. Tschudi, Bd. 10, 340-348 (Kilchberger Friede vom 1. Dezember 1440), hier"
/Users/programming/PycharmProjects/Find_Bibliography_NEw/data/azk_library/rigendinger-fritz__2.pdf;14;work;Tschudi (Aegidius/Gilg Tschudi, Chronicon Helveticum);\btschudi\b;» Zum Kilchberger Frieden vgl. Bernhard Stettler: [Kommentar], in: Tschudi, Bd. 10, 348 f., Anm. 136. StAZ, C I, Nr. 609 (19. November 1442)
/Users/programming/PycharmProjects/Find_Bibliography_NEw/data/azk_library/rigendinger-fritz__2.pdf;14;work;Tschudi (Aegidius/Gilg Tschudi, Chronicon Helveticum);\btschudi\b;"(Rapperswil). URStAZ, Bd. 6, Nr. 8889-8894 (13. Marz 1443). Druck: Tschudi, Bd. 11, 345 f. (30. November 1444; Original fehlt). Tschudi, Bd."
/Users/programming/PycharmProjects/Find_Bibliography_NEw/data/azk_library/rigendinger-fritz__2.pdf;14;work;Tschudi (Aegidius/Gilg Tschudi, Chronicon Helveticum);\btschudi\b;"ruck: Tschudi, Bd. 11, 345 f. (30. November 1444; Original fehlt). Tschudi, Bd. 11, 346 f. Graf Wilhelm als Hauptmann zu Walenstadt in TLA I"
/Users/programming/PycharmProjects/Find_Bibliography_NEw/data/azk_library/rigendinger-fritz__2.pdf;14;work;Tschudi (Aegidius/Gilg Tschudi, Chronicon Helveticum);\btschudi\b;ptember 1460, inseriert im Schreiben vom 12. Oktober 1460), Druck: Tschudi, Bd. 13/1, 150, Zeile 12. Eine weisse, rot bewehrte Gans in Schwa
/Users/programming/PycharmProjects/Find_Bibliography_NEw/data/azk_library/rigendinger-fritz__2.pdf;14;work;Tschudi (Aegidius/Gilg Tschudi, Chronicon Helveticum);\btschudi\b;", Basel 1951, 344 und 346 (Abbildung); HLS, Bd. 1,393 (Abbildung). Tschudi, Bd. 11, 353 f. Friind, 257-260; Tschudi, Bd. 11, 416-418. Friind"
/Users/programming/PycharmProjects/Find_Bibliography_NEw/data/azk_library/rigendinger-fritz__2.pdf;14;work;Tschudi (Aegidius/Gilg Tschudi, Chronicon Helveticum);\btschudi\b;"S, Bd. 1,393 (Abbildung). Tschudi, Bd. 11, 353 f. Friind, 257-260; Tschudi, Bd. 11, 416-418. Friind, 261. Friind, 260-264, sowie der Bericht"
/Users/programming/PycharmProjects/Find_Bibliography_NEw/data/azk_library/rigendinger-fritz__2.pdf;14;work;Tschudi (Aegidius/Gilg Tschudi, Chronicon Helveticum);\btschudi\b;Bd. 1, Heft 2, Bern 1935, 92-94. Zur Darstellung der Schlacht bei Tschudi vgl. Bernhard Stettler: [Kommentar], in: Tschudi, Bd. 11, 422 £,
/Users/programming/PycharmProjects/Find_Bibliography_NEw/data/azk_library/rigendinger-fritz__2.pdf;14;work;Tschudi (Aegidius/Gilg Tschudi, Chronicon Helveticum);\btschudi\b;der Schlacht bei Tschudi vgl. Bernhard Stettler: [Kommentar], in: Tschudi, Bd. 11, 422 £, Anm. 212. Friind, 264. Bernhard Stettler: [Kommen
/Users/programming/PycharmProjects/Find_Bibliography_NEw/data/azk_library/rigendinger-fritz__2.pdf;14;work;Tschudi (Aegidius/Gilg Tschudi, Chronicon Helveticum);\btschudi\b;422 £, Anm. 212. Friind, 264. Bernhard Stettler: [Kommentar], in: Tschudi, Bd. 11, 422, Anm. 212 (nach Bendicht Tschachtlan). Thommen, Bd.
/Users/programming/PycharmProjects/Find_Bibliography_NEw/data/azk_library/rigendinger-fritz__2.pdf;14;work;Klingenberger/Rapperswiler Chronik (Eberhard Wüest);klingenberger[\s \-]+chronik;"is [Lebensmittel] in unser schloss Sangans gekoufft haben». Klingenberger Chronik, 264; Friind, 56. StAZ, C I, Nr. 1600 (11. November 1440)."
/Users/programming/PycharmProjects/Find_Bibliography_NEw/data/azk_library/rigendinger-fritz__2.pdf;14;work;Klingenberger/Rapperswiler Chronik (Eberhard Wüest);klingenberger[\s \-]+chronik;", 264; Friind, 56. StAZ, C I, Nr. 1600 (11. November 1440). Klingenberger Chronik, 273; Friind, 73; Tschudi, Bd. 10, 322. Tschudi, Bd. 10, 3"
/Users/programming/PycharmProjects/Find_Bibliography_NEw/data/azk_library/rigendinger-fritz__2.pdf;14;generic;Chronik/Chroniken;\bchronik(?:en)?\b;"ensmittel] in unser schloss Sangans gekoufft haben». Klingenberger Chronik, 264; Friind, 56. StAZ, C I, Nr. 1600 (11. November 1440). Klinge"
/Users/programming/PycharmProjects/Find_Bibliography_NEw/data/azk_library/rigendinger-fritz__2.pdf;14;generic;Chronik/Chroniken;\bchronik(?:en)?\b;"Friind, 56. StAZ, C I, Nr. 1600 (11. November 1440). Klingenberger Chronik, 273; Friind, 73; Tschudi, Bd. 10, 322. Tschudi, Bd. 10, 340-348"
/Users/programming/PycharmProjects/Find_Bibliography_NEw/data/azk_library/rigendinger-fritz__2.pdf;14;generic;Chronik/Chroniken;\bchronik(?:en)?\b;260-264, sowie der Bericht der anwesenden Berner Hauptleute in der Chronik von Bendicht Tschachtlan, gedruckt ebd., Anm. 260-264. Zum Schlac
/Users/programming/PycharmProjects/Find_Bibliography_NEw/data/azk_library/rigendinger-fritz__2.pdf;14;generic;Schlacht-/Kriegserzählungen;\bschlacht(?:en)?\b;fiihrlich Erwin Rothenhdusler: Festschrift zum 500. Jahrestag der Schlacht bei Ragaz, Bad Ragaz 1946, konzise bei Rudolf von Fischer, in: Sc
/Users/programming/PycharmProjects/Find_Bibliography_NEw/data/azk_library/rigendinger-fritz__2.pdf;14;generic;Schlacht-/Kriegserzählungen;\bschlacht(?:en)?\b;sgeschichte, Bd. 1, Heft 2, Bern 1935, 92-94. Zur Darstellung der Schlacht bei Tschudi vgl. Bernhard Stettler: [Kommentar], in: Tschudi, Bd.
/Users/programming/PycharmProjects/Find_Bibliography_NEw/data/azk_library/speck-dieter__6.pdf;2;generic;Schlacht-/Kriegserzählungen;\bschlacht(?:en)?\b;Ritterheeres, einschliesslich des Tods Herzogs Leopold II. in der Schlacht. Die Beisetzung Leopolds in der alten Familiengrabstatte Konigsfe
/Users/programming/PycharmProjects/Find_Bibliography_NEw/data/azk_library/speck-dieter__6.pdf;6;generic;Eydgenossenschaft/Helvetia (frühneuzeitl. Schreibungen);eidt?genossenschaft;"iindnis mit Friedrich III. schloss; die Konfrontation mit der Eidgenossenschaft, die ebenfalls ihren Teil am Erbe beanspruchte, war 1442 unv"
/Users/programming/PycharmProjects/Find_Bibliography_NEw/data/azk_library/speck-dieter__6.pdf;6;generic;Schlacht-/Kriegserzählungen;\bkrieg(?:e|en)?\b;VI., die militarische Fiihrung. Im darauffolgenden Jahr begann der Krieg im eigentlichen Sinn, also noch vor Albrechts Ankunft in den Vorla
/Users/programming/PycharmProjects/Find_Bibliography_NEw/data/azk_library/speck-dieter__6.pdf;10;generic;Chronik/Chroniken;\bchronik(?:en)?\b;eu oder singular, so spricht beispielsweise Jacob Unrest in seiner Chronik tiber den Ziirichkrieg davon, dass «Hertzog Albrecht sich aines g
/Users/programming/PycharmProjects/Find_Bibliography_NEw/data/azk_library/speck-dieter__6.pdf;11;generic;Eydgenossenschaft/Helvetia (frühneuzeitl. Schreibungen);eidt?genossenschaft;achtanspruch deuten miissen, einem Machtanspruch, welcher der Eidgenossenschaft in der Nordschweiz keinen Platz lasst. Auch wenn dies zur Ze
/Users/programming/PycharmProjects/Find_Bibliography_NEw/data/azk_library/speck-dieter__6.pdf;11;generic;Eydgenossenschaft/Helvetia (frühneuzeitl. Schreibungen);eidt?genossenschaft;pfansage des Erzherzogs Albrecht, des nérdlichen Nachbarn der Eidgenossenschaft, verbunden mit der Negierung einer eidgendssischen Existenzb
/Users/programming/PycharmProjects/Find_Bibliography_NEw/data/azk_library/speck-dieter__6.pdf;12;generic;Schlacht-/Kriegserzählungen;\bfeldzug\b;ebiete uneingeschrankt vertrat. Ob aber Albrecht tatsachlich einen Feldzug gestartet oder nicht doch versucht hatte, eine pragmatischere Pol
/Users/programming/PycharmProjects/Find_Bibliography_NEw/data/azk_library/speck-dieter__6.pdf;13;generic;Jahrbuch/Jahrbücher;jahrb[üu]ch(?:er|e)?\b;"3-25; Erwin M. Auer: Die Siegel Albrechts VI. von Osterreich, in: Jahrbuch des Vereines fiir Geschichte der Stadt Wien 15/16 (1959/60), 107-"
/Users/programming/PycharmProjects/Find_Bibliography_NEw/data/azk_library/speck-dieter__6.pdf;13;generic;Eydgenossenschaft/Helvetia (frühneuzeitl. Schreibungen);eidt?genossenschaft;ung 78 (1970), 338-346. Alois Niederstatter: Habsburg und die Eidgenossenschaft im Spatmittelalter. Zum Forschungsstand tiber eine «Erbfeind
/Users/programming/PycharmProjects/Find_Bibliography_NEw/data/azk_library/speck-dieter__6.pdf;13;generic;Eydgenossenschaft/Helvetia (frühneuzeitl. Schreibungen);eidt?genossenschaft;gendéssischen Politik siehe vor allem: Bernhard Stettler: Die Eidgenossenschaft im 15. Jahrhundert. Die Suche nach einem gemeinsamen Nenner,
/Users/programming/PycharmProjects/Find_Bibliography_NEw/data/azk_library/speck-dieter__6.pdf;14;series;Basler Chroniken (Reihe);\bbasler[\s \-]+chroniken\b;"des régions de Thann-Guebwiller (1958/60), 58-77, bes. 75 f.; Basler Chroniken, Bd. 4, hg. von August Bernoulli, Leipzig 1890, bes. 58-59 (R"
/Users/programming/PycharmProjects/Find_Bibliography_NEw/data/azk_library/speck-dieter__6.pdf;14;series;MGH (allgemein);monumenta[\s \-]+germaniae[\s \-]+historica;1470) enthalten. Jakob Unrest: Osterreichische Chronik (Monumenta Germaniae Historica SS XI), Weimar 1957, 5. Baum (wie Anm. 6), Teil 1, 34-
/Users/programming/PycharmProjects/Find_Bibliography_NEw/data/azk_library/speck-dieter__6.pdf;14;generic;Chronik/Chroniken;\bchronik(?:en)?\b;"régions de Thann-Guebwiller (1958/60), 58-77, bes. 75 f.; Basler Chroniken, Bd. 4, hg. von August Bernoulli, Leipzig 1890, bes. 58-59 (Rats"
/Users/programming/PycharmProjects/Find_Bibliography_NEw/data/azk_library/speck-dieter__6.pdf;14;generic;Chronik/Chroniken;\bchronik(?:en)?\b;nd St. Gallen (1466-1470) enthalten. Jakob Unrest: Osterreichische Chronik (Monumenta Germaniae Historica SS XI), Weimar 1957, 5. Baum (wie
/Users/programming/PycharmProjects/Find_Bibliography_NEw/data/azk_library/speck-dieter__6.pdf;14;generic;Jahrbuch/Jahrbücher;jahrb[üu]ch(?:er|e)?\b;hts VI. von Osterreich. Codex Ingeram der ehem. Bibliothek Cotta (Jahrbuch der Heraldisch-Genealogischen Gesellschaft Adler, 3. Folge, Bd. 1
/Users/programming/PycharmProjects/Find_Bibliography_NEw/data/azk_library/michael-jucker__9.pdf;1;series;MAGZ (Mitteilungen der Antiquarischen Gesellschaft in Zürich);mitteilungen[\s \-]+der[\s \-]+antiquarischen[\s \-]+gesellschaft[\s \-]+in[\s \-]+z[üu]rich;Zeitschrift: Mitteilungen der Antiquarischen Gesellschaft in Zürich Herausgeber: Antiquarische Gesellschaft in Zürich Band: 73 (2006) Artike
/Users/programming/PycharmProjects/Find_Bibliography_NEw/data/azk_library/michael-jucker__9.pdf;1;generic;Schlacht-/Kriegserzählungen;\bkrieg(?:e|en)?\b;3 (2006) Artikel: Verstetigung und Verrechtlichung der Diplomatie : Krieg als Innovationsfaktor für die Politik (1415-1460) Autor: Jucker, M
/Users/programming/PycharmProjects/Find_Bibliography_NEw/data/azk_library/michael-jucker__9.pdf;2;generic;Schlacht-/Kriegserzählungen;\bschlacht(?:en)?\b;eschränken sich in den meistenArbeiten allerdings auf siegreiche Schlachten, Gebietseroberungen oder dann auf militärtechnische Innovationen
/Users/programming/PycharmProjects/Find_Bibliography_NEw/data/azk_library/michael-jucker__9.pdf;2;generic;Schlacht-/Kriegserzählungen;\bkrieg(?:e|en)?\b;Verstetigung und Verrechtlichung der Diplomatie Krieg als Innovationsfaktor für die Politik (1415-1460) Michael Jucker Einleitung Dass Krieg
/Users/programming/PycharmProjects/Find_Bibliography_NEw/data/azk_library/michael-jucker__9.pdf;2;generic;Schlacht-/Kriegserzählungen;\bkrieg(?:e|en)?\b;nsfaktor für die Politik (1415-1460) Michael Jucker Einleitung Dass Krieg Veränderung hervorruft, scheint auf den ersten Blick eine Binsenwe
/Users/programming/PycharmProjects/Find_Bibliography_NEw/data/azk_library/michael-jucker__9.pdf;2;generic;Schlacht-/Kriegserzählungen;\bkrieg(?:e|en)?\b;ken des Kriegs und dem lange ersehnten, wieder erreichten Frieden.1 Krieg ist aber nicht nur das letzte Mittel oder der verlängerte Arm der
/Users/programming/PycharmProjects/Find_Bibliography_NEw/data/azk_library/michael-jucker__9.pdf;2;generic;Schlacht-/Kriegserzählungen;\bkrieg(?:e|en)?\b;ngerte Arm der Politik, sondern verändert auch die Politik selbst.2 Krieg hat politische und rechtliche Nachwirkungen. Dieser Aspekt wird in
/Users/programming/PycharmProjects/Find_Bibliography_NEw/data/azk_library/michael-jucker__9.pdf;2;generic;Schlacht-/Kriegserzählungen;\bkrieg(?:e|en)?\b;den und werden zwar als Innovationsfaktor betrachtet, die dabei dem Krieg zugeschriebenen innovativen Qualitäten beschränken sich in den mei
/Users/programming/PycharmProjects/Find_Bibliography_NEw/data/azk_library/michael-jucker__9.pdf;3;work;Kopp (Joseph Eutych Kopp, Geschichte der Eidgenossen);\bkopp\b;ge stark an völkerrechtliche Kongresse der Neuzeit, wie bereits Max Kopp festgestellt hat.9 Im folgenden geht es mir um die Frage, welche Au
/Users/programming/PycharmProjects/Find_Bibliography_NEw/data/azk_library/michael-jucker__9.pdf;3;generic;Eydgenossenschaft/Helvetia (frühneuzeitl. Schreibungen);eidt?genossenschaft;inn noch nicht vorhanden war. Gerade die spätmittelalterliche Eidgenossenschaft, die sich erst im 15. Jahrhundert etappenweise bildete, eign
/Users/programming/PycharmProjects/Find_Bibliography_NEw/data/azk_library/michael-jucker__9.pdf;3;generic;Eydgenossenschaft/Helvetia (frühneuzeitl. Schreibungen);eidt?genossenschaft;chtungen diplomatischer und rechtlicher Art sehr gut. War die Eidgenossenschaft doch ein Bündnisgeflecht, welches durch eine sowohl innen- w
/Users/programming/PycharmProjects/Find_Bibliography_NEw/data/azk_library/michael-jucker__9.pdf;3;generic;Eydgenossenschaft/Helvetia (frühneuzeitl. Schreibungen);eidt?genossenschaft;Frühen Neuzeit begriffen war.7 Zudem handelt es sich bei der Eidgenossenschaft um ein sonderbares System: einerseits löste sie sich schritt
/Users/programming/PycharmProjects/Find_Bibliography_NEw/data/azk_library/michael-jucker__9.pdf;3;generic;Eydgenossenschaft/Helvetia (frühneuzeitl. Schreibungen);eidt?genossenschaft;haupt. Als Besonderheit lässt sich zudem festhalten, dass der Eidgenossenschaft als einer der seltenen staatlichen Frühformen kein Fürst ode
/Users/programming/PycharmProjects/Find_Bibliography_NEw/data/azk_library/michael-jucker__9.pdf;3;generic;Eydgenossenschaft/Helvetia (frühneuzeitl. Schreibungen);eidt?genossenschaft;anderen Mächten stark waren, behauptete das Bündnisgeflecht «Eidgenossenschaft» zumindest teilweise politische Selbständigkeit gegenüber de
/Users/programming/PycharmProjects/Find_Bibliography_NEw/data/azk_library/michael-jucker__9.pdf;3;generic;Eydgenossenschaft/Helvetia (frühneuzeitl. Schreibungen);eidt?genossenschaft;m Reich und anderen Herrschaftsträgern. Gegen aussen trat die Eidgenossenschaft jedoch sehr selten als geschlossene politische Einheit auf.
/Users/programming/PycharmProjects/Find_Bibliography_NEw/data/azk_library/michael-jucker__9.pdf;3;generic;Eydgenossenschaft/Helvetia (frühneuzeitl. Schreibungen);eidt?genossenschaft;lso sagen, dass die aussenpolitische Vertragssouveränität der Eidgenossenschaft als Gesamtkomplex zu Beginn des 15. Jahrhunderts fehlte. Zud
/Users/programming/PycharmProjects/Find_Bibliography_NEw/data/azk_library/michael-jucker__9.pdf;3;generic;Eydgenossenschaft/Helvetia (frühneuzeitl. Schreibungen);eidt?genossenschaft;tkomplex zu Beginn des 15. Jahrhunderts fehlte. Zudem war die Eidgenossenschaft in sich selbst ein Bündnisgeflecht mit diplomatischen Treffe
/Users/programming/PycharmProjects/Find_Bibliography_NEw/data/azk_library/michael-jucker__9.pdf;3;generic;Eydgenossenschaft/Helvetia (frühneuzeitl. Schreibungen);eidt?genossenschaft;onfliktlösungsmechanismen innerhalb der spätmittelalterlichen Eidgenossenschaft hatten. Kann dieser Konflikt, der in der älteren Forschung t
/Users/programming/PycharmProjects/Find_Bibliography_NEw/data/azk_library/michael-jucker__9.pdf;3;generic;Eydgenossenschaft/Helvetia (frühneuzeitl. Schreibungen);eidt?genossenschaft;del der Praxis der diplomatischen Kommunikation innerhalb der Eidgenossenschaft und auf den Tagsatzungen näher betrachtet werden. Weniger vo
/Users/programming/PycharmProjects/Find_Bibliography_NEw/data/azk_library/michael-jucker__9.pdf;4;generic;Eydgenossenschaft/Helvetia (frühneuzeitl. Schreibungen);eidt?genossenschaft;den Tagsatzungen Ausgangspunkt sowohl für die Entstehung der Eidgenossenschaft und der Tagsatzungen wie auch indirekt für die international
/Users/programming/PycharmProjects/Find_Bibliography_NEw/data/azk_library/michael-jucker__9.pdf;4;generic;Eydgenossenschaft/Helvetia (frühneuzeitl. Schreibungen);eidt?genossenschaft;r Abgeordnete der vollberechtigten Mitglieder der achtörtigen Eidgenossenschaft, die jeweils ihre eigenen politischen Interessen durchzusetz
/Users/programming/PycharmProjects/Find_Bibliography_NEw/data/azk_library/michael-jucker__9.pdf;4;generic;Eydgenossenschaft/Helvetia (frühneuzeitl. Schreibungen);eidt?genossenschaft;inzip bis 1481 festgelegt und wurde ab dann bis zur 13örtigen Eidgenossenschaft von 1513 erweitert. Speziell an dieser Konstellation ist sic
/Users/programming/PycharmProjects/Find_Bibliography_NEw/data/azk_library/michael-jucker__9.pdf;4;generic;Eydgenossenschaft/Helvetia (frühneuzeitl. Schreibungen);eidt?genossenschaft;ausowenig wie einen Vorort oder ein Präsidium. Die achtörtige Eidgenossenschaft bestand bekanntlich aus einem komplexen Geflecht und einer V
/Users/programming/PycharmProjects/Find_Bibliography_NEw/data/azk_library/michael-jucker__9.pdf;6;generic;Eydgenossenschaft/Helvetia (frühneuzeitl. Schreibungen);eidt?genossenschaft;ländische Herrscher beriefen nun über einzelne Mitglieder der Eidgenossenschaft ebenfalls Treffen ein, indem sie diese mit Briefen anschrieb
/Users/programming/PycharmProjects/Find_Bibliography_NEw/data/azk_library/michael-jucker__9.pdf;6;generic;Eydgenossenschaft/Helvetia (frühneuzeitl. Schreibungen);eidt?genossenschaft;enträger zu treffen, denn die sich allmählich konstituierende Eidgenossenschaft wurde in ausgeprägtem Mass zum Söldnerreservoir Europas, und
/Users/programming/PycharmProjects/Find_Bibliography_NEw/data/azk_library/michael-jucker__9.pdf;6;generic;Eydgenossenschaft/Helvetia (frühneuzeitl. Schreibungen);eidt?genossenschaft;npolitischer Bruder- oder Bürgerkrieg, bei dem Zürich aus der Eidgenossenschaft ausscheren wollte.18 Vielmehr verfolgten Zürich und Friedric
/Users/programming/PycharmProjects/Find_Bibliography_NEw/data/azk_library/michael-jucker__9.pdf;6;generic;Schlacht-/Kriegserzählungen;\bkrieg(?:e|en)?\b;lgten Zürich und Friedrich III. eine konsequente Aussenpolitik. Der Krieg war aber auch kein lokaler Konflikt zwischen eidgenössischen Orten
/Users/programming/PycharmProjects/Find_Bibliography_NEw/data/azk_library/michael-jucker__9.pdf;6;generic;Schlacht-/Kriegserzählungen;\bkrieg(?:e|en)?\b;Konsequenzen. Nicht nur der Einsatz verschiedenster Söldnerheere im Krieg, sondern auch die Konfliktlösungsmechanismen waren eindeutig durch
/Users/programming/PycharmProjects/Find_Bibliography_NEw/data/azk_library/michael-jucker__9.pdf;7;generic;Eydgenossenschaft/Helvetia (frühneuzeitl. Schreibungen);eidt?genossenschaft;Konstanz vom November 1445 waren geprägt durch eine über die Eidgenossenschaft hinausreichende diplomatische Vermittlung durch zahlreiche H
/Users/programming/PycharmProjects/Find_Bibliography_NEw/data/azk_library/michael-jucker__9.pdf;7;generic;Eydgenossenschaft/Helvetia (frühneuzeitl. Schreibungen);eidt?genossenschaft;te. Nach aussen agierte man zwar insbesondere militärisch als Eidgenossenschaft, die einzelnen Gesandten handelten jedoch stets im Interesse
/Users/programming/PycharmProjects/Find_Bibliography_NEw/data/azk_library/michael-jucker__9.pdf;7;generic;Eydgenossenschaft/Helvetia (frühneuzeitl. Schreibungen);eidt?genossenschaft;stets im Interesse ihrer Orte. Die Souveränität der gesamten Eidgenossenschaft konnte somit nicht durch einzelne Gesandte repräsentiert wer
/Users/programming/PycharmProjects/Find_Bibliography_NEw/data/azk_library/michael-jucker__9.pdf;7;generic;Eydgenossenschaft/Helvetia (frühneuzeitl. Schreibungen);eidt?genossenschaft;somit nicht durch einzelne Gesandte repräsentiert werden. Die Eidgenossenschaft war kein rechtlicher Gesamtverband, vielmehr glich das eidge
/Users/programming/PycharmProjects/Find_Bibliography_NEw/data/azk_library/michael-jucker__9.pdf;7;generic;Eydgenossenschaft/Helvetia (frühneuzeitl. Schreibungen);eidt?genossenschaft;en, sondern an den unterschiedlichen Interessen innerhalb der Eidgenossenschaft scheiterten und die endgültige Friedenssicherung 1450 wieder
/Users/programming/PycharmProjects/Find_Bibliography_NEw/data/azk_library/michael-jucker__9.pdf;7;generic;Eydgenossenschaft/Helvetia (frühneuzeitl. Schreibungen);eidt?genossenschaft;irchlichen Vermittlungsversuchen neue Elemente Eingang in die Eidgenossenschaft fanden. Zwar kannten die eidgenössischen Herrschaftsträger d
/Users/programming/PycharmProjects/Find_Bibliography_NEw/data/azk_library/michael-jucker__9.pdf;8;generic;Eydgenossenschaft/Helvetia (frühneuzeitl. Schreibungen);eidt?genossenschaft;en, erst im Zusammenhang mit den Friedensverhandlungen in der Eidgenossenschaft aufkamen.30 Die eidgenössischen Gesandten und Schreiber beze
/Users/programming/PycharmProjects/Find_Bibliography_NEw/data/azk_library/michael-jucker__9.pdf;9;work;Etterlin (Petermann Etterlin, Kronika);\betterlin\b;rns zu einem neuen Produkt führten. Die Luzerner Schreiber Egloff Etterlin und sein Nachfolger Johannes alias Dietrich Sachs waren auf dem d
/Users/programming/PycharmProjects/Find_Bibliography_NEw/data/azk_library/michael-jucker__9.pdf;9;generic;Eydgenossenschaft/Helvetia (frühneuzeitl. Schreibungen);eidt?genossenschaft;sen Wandel waren mit ziemlich grosser Sicherheit die über die Eidgenossenschaft hinaus geführten Verhandlungen in Lindau und Konstanz. Diese
/Users/programming/PycharmProjects/Find_Bibliography_NEw/data/azk_library/michael-jucker__9.pdf;9;generic;Eydgenossenschaft/Helvetia (frühneuzeitl. Schreibungen);eidt?genossenschaft;waren auf dem diplomatischen Parkett nicht nur innerhalb der Eidgenossenschaft, sondern auch überregional häufiger unterwegs als ihre Vorgä
/Users/programming/PycharmProjects/Find_Bibliography_NEw/data/azk_library/michael-jucker__9.pdf;9;generic;Eydgenossenschaft/Helvetia (frühneuzeitl. Schreibungen);eidt?genossenschaft;ungsprotokollen der Tagsatzungen wurden nämlich innerhalb der Eidgenossenschaft zuerst nur in Luzern produziert und aufbewahrt. Es ist daher
/Users/programming/PycharmProjects/Find_Bibliography_NEw/data/azk_library/michael-jucker__9.pdf;10;work;Etterlin (Petermann Etterlin, Kronika);\betterlin\b;sbesondere die diplomatischen Reisen des Luzerner Stadtschreibers Etterlin während des Kriegs waren ausschlaggebend für das Entstehen der Ab
/Users/programming/PycharmProjects/Find_Bibliography_NEw/data/azk_library/michael-jucker__9.pdf;10;generic;Eydgenossenschaft/Helvetia (frühneuzeitl. Schreibungen);eidt?genossenschaft;der innen- wie aussenpolitischen Diplomatie in der werdenden Eidgenossenschaft bezeichnet werden. Bernhard Stettier hat unlängst gezeigt, d
/Users/programming/PycharmProjects/Find_Bibliography_NEw/data/azk_library/michael-jucker__9.pdf;10;generic;Eydgenossenschaft/Helvetia (frühneuzeitl. Schreibungen);eidt?genossenschaft;werden. Bernhard Stettier hat unlängst gezeigt, dass sich die Eidgenossenschaft nach diesen kriegerischen Ereignissen neu formierte, ja eige
/Users/programming/PycharmProjects/Find_Bibliography_NEw/data/azk_library/michael-jucker__9.pdf;10;generic;Eydgenossenschaft/Helvetia (frühneuzeitl. Schreibungen);eidt?genossenschaft;as Entstehen der Abschiede in Luzern und später in der ganzen Eidgenossenschaft. Gelang es nach 1450, Zürich wieder ins eidgenössische Bündn
/Users/programming/PycharmProjects/Find_Bibliography_NEw/data/azk_library/michael-jucker__9.pdf;10;generic;Eydgenossenschaft/Helvetia (frühneuzeitl. Schreibungen);eidt?genossenschaft;nössische Bündnissystem einzubeziehen und die Einungsidee der Eidgenossenschaft aufleben zu lassen, so war die Frage der Revindikation des A
/Users/programming/PycharmProjects/Find_Bibliography_NEw/data/azk_library/michael-jucker__9.pdf;10;generic;Eydgenossenschaft/Helvetia (frühneuzeitl. Schreibungen);eidt?genossenschaft;hriftlichkeit und für die aussenpolitische Bündnispolitik der Eidgenossenschaft war. 51
/Users/programming/PycharmProjects/Find_Bibliography_NEw/data/azk_library/michael-jucker__9.pdf;11;work;Tschudi (Aegidius/Gilg Tschudi, Chronicon Helveticum);\btschudi\b;"rzüglichen und detaillierten Einleitungen von Bernhard Stettier in:Tschudi,Bde. 10-12; nun auch Ders.: Die Eidgenossenschaft im 15. Jahrhund"
/Users/programming/PycharmProjects/Find_Bibliography_NEw/data/azk_library/michael-jucker__9.pdf;11;work;Kopp (Joseph Eutych Kopp, Geschichte der Eidgenossen);\bkopp\b;. Böhmer, Regesta Imperii), Köln/Weimar/Wien 2006 (im Druck). 9 Max Kopp: Die Geltung des Mehrheitsprinzips in eidgenössischen Angelegenheit
/Users/programming/PycharmProjects/Find_Bibliography_NEw/data/azk_library/michael-jucker__9.pdf;11;generic;Eydgenossenschaft/Helvetia (frühneuzeitl. Schreibungen);eidt?genossenschaft;vom 13. Jahrhundert bis 1848 in seiner Bedeutung für die Alte Eidgenossenschaft,Winterthur 1959. 10 Zum Innovationsbegriff im Mittelalter u.
/Users/programming/PycharmProjects/Find_Bibliography_NEw/data/azk_library/michael-jucker__9.pdf;11;generic;Eydgenossenschaft/Helvetia (frühneuzeitl. Schreibungen);eidt?genossenschaft;"Bernhard Stettier in:Tschudi,Bde. 10-12; nun auch Ders.: Die Eidgenossenschaft im 15. Jahrhundert. Die Suche nach einem gemeinsamen Nenner,"
/Users/programming/PycharmProjects/Find_Bibliography_NEw/data/azk_library/michael-jucker__9.pdf;11;generic;Schlacht-/Kriegserzählungen;\bkrieg(?:e|en)?\b;rden. Für Hinweise danke ich Klara Hübner und Bastian Walter. 2 Zum Krieg als Fortsetzung der Politik mit anderen Mitteln: Carl von Clausewi
/Users/programming/PycharmProjects/Find_Bibliography_NEw/data/azk_library/michael-jucker__9.pdf;11;generic;Schlacht-/Kriegserzählungen;\bkrieg(?:e|en)?\b;tsetzung der Politik mit anderen Mitteln: Carl von Clausewitz: Vom Kriege, Berlin o. J., 32 f. 3 Angesprochen schon bei Bacon und später bei
/Users/programming/PycharmProjects/Find_Bibliography_NEw/data/azk_library/michael-jucker__9.pdf;11;generic;Schlacht-/Kriegserzählungen;\bkrieg(?:e|en)?\b;"ndlegung, Baden-Baden 1978; Heinz Duchhardt und Patrice Veit (Hg.): Krieg und Frieden im Übergang vom Mittelalter zur Neuzeit. Theorie, Prax"
/Users/programming/PycharmProjects/Find_Bibliography_NEw/data/azk_library/michael-jucker__9.pdf;12;work;Fründ (Hans Fründ);\bfr[üu]nd\b;esser belegt dies allerdings nur aus der Chronistik von Tschudi und Fründ. Nun auch aktenmässig bezeugt: Deutsche Reichstagsakten unter Kais
/Users/programming/PycharmProjects/Find_Bibliography_NEw/data/azk_library/michael-jucker__9.pdf;12;work;Tschudi (Aegidius/Gilg Tschudi, Chronicon Helveticum);\btschudi\b;se hin, Segesser belegt dies allerdings nur aus der Chronistik von Tschudi und Fründ. Nun auch aktenmässig bezeugt: Deutsche Reichstagsakten
/Users/programming/PycharmProjects/Find_Bibliography_NEw/data/azk_library/michael-jucker__9.pdf;12;generic;Jahrbuch/Jahrbücher;jahrb[üu]ch(?:er|e)?\b;"Anm. 25); Gedenkschrift 500 Jahre Schlacht bei Dornach 1499-1999 (Jahrbuch für Solothurnische Geschichte 73), Solothurn 1999. 53"
/Users/programming/PycharmProjects/Find_Bibliography_NEw/data/azk_library/michael-jucker__9.pdf;12;generic;Eydgenossenschaft/Helvetia (frühneuzeitl. Schreibungen);eidt?genossenschaft;chenke. Ritual, Politik und die Sprache der Korruption in der Eidgenossenschaft im späten Mittelalter und am Beginn der Neuzeit (Konflikte u
/Users/programming/PycharmProjects/Find_Bibliography_NEw/data/azk_library/michael-jucker__9.pdf;12;generic;Eydgenossenschaft/Helvetia (frühneuzeitl. Schreibungen);eidt?genossenschaft;spätmittelalterlichen Bildungswege der Stadtschreiber in der Eidgenossenschaft, in: Thomas Hildbrand, Thomas David, Thomas Ch. Müller, Muri
/Users/programming/PycharmProjects/Find_Bibliography_NEw/data/azk_library/michael-jucker__9.pdf;12;generic;Eydgenossenschaft/Helvetia (frühneuzeitl. Schreibungen);eidt?genossenschaft;eft 18), Berlin 1996,453-476. 25 Bernhard Stettier: Reich und Eidgenossenschaft im 15. Jahrhundert, in: Peter Niederhäuser, Werner Fischer (
/Users/programming/PycharmProjects/Find_Bibliography_NEw/data/azk_library/michael-jucker__9.pdf;12;generic;Eydgenossenschaft/Helvetia (frühneuzeitl. Schreibungen);eidt?genossenschaft;ie Anm. 11), 196, sieht eine «relative Verselbständigung» der Eidgenossenschaft als Folge. 30 Vgl. zum ganzen Abschnitt Jucker (wie Anm. 7),
/Users/programming/PycharmProjects/Find_Bibliography_NEw/data/azk_library/michael-jucker__9.pdf;12;generic;Eydgenossenschaft/Helvetia (frühneuzeitl. Schreibungen);eidt?genossenschaft;"Bd. 3,88. 33 Vgl. dazu Jucker (wie Anm. 7), 279. 34 Stettier, Eidgenossenschaft (wie Anm. 11). 35 Stettier, Eidgenossenschaft (wie Anm. 11);"
/Users/programming/PycharmProjects/Find_Bibliography_NEw/data/azk_library/michael-jucker__9.pdf;12;generic;Eydgenossenschaft/Helvetia (frühneuzeitl. Schreibungen);eidt?genossenschaft;"9. 34 Stettier, Eidgenossenschaft (wie Anm. 11). 35 Stettier, Eidgenossenschaft (wie Anm. 11); Jucker (wie Anm. 7). Grundlegend für die Ausd"
/Users/programming/PycharmProjects/Find_Bibliography_NEw/data/azk_library/michael-jucker__9.pdf;12;generic;Schlacht-/Kriegserzählungen;\bschlacht(?:en)?\b;"in: Niederhäuser, Fischer (wie Anm. 25); Gedenkschrift 500 Jahre Schlacht bei Dornach 1499-1999 (Jahrbuch für Solothurnische Geschichte 73)"
/Users/programming/PycharmProjects/Find_Bibliography_NEw/data/azk_library/zahnd-urs-martin__20.pdf;1;work;Fründ (Hans Fründ);hans[\s \-]+fr[üu]nd;Frieden weitgehend durchgesetzt hatten, kaum einen Niederschlag. Hans Fründ, der Schwyzer Land schreiber, beendet seine Chronik über den Alt
/Users/programming/PycharmProjects/Find_Bibliography_NEw/data/azk_library/zahnd-urs-martin__20.pdf;1;work;Fründ (Hans Fründ);hans[\s \-]+fr[üu]nd;an, der in seiner Darstellung der Jahre 1436 bis 1446 weitgehend Hans Fründ folgt, er wähnt zwar mehrmals den nachmaligen Obmann Heinrich vo
/Users/programming/PycharmProjects/Find_Bibliography_NEw/data/azk_library/zahnd-urs-martin__20.pdf;1;work;Fründ (Hans Fründ);\bfr[üu]nd\b;ieden weitgehend durchgesetzt hatten, kaum einen Niederschlag. Hans Fründ, der Schwyzer Land schreiber, beendet seine Chronik über den Alten
/Users/programming/PycharmProjects/Find_Bibliography_NEw/data/azk_library/zahnd-urs-martin__20.pdf;1;work;Fründ (Hans Fründ);\bfr[üu]nd\b;, der in seiner Darstellung der Jahre 1436 bis 1446 weitgehend Hans Fründ folgt, er wähnt zwar mehrmals den nachmaligen Obmann Heinrich von
/Users/programming/PycharmProjects/Find_Bibliography_NEw/data/azk_library/zahnd-urs-martin__20.pdf;1;work;Tschachtlan (Benedikt Tschachtlan);\btschachtlan\b;dem Jahr 1446 (Konstanzer Friede).7 Der Berner Ratsherr Bendicht Tschachtlan, der in seiner Darstellung der Jahre 1436 bis 1446 weitgehend H
/Users/programming/PycharmProjects/Find_Bibliography_NEw/data/azk_library/zahnd-urs-martin__20.pdf;1;work;Zürcher Stadtchronik (allgemein);z[üu]rcher[\s \-]+stadtchronik;allerdings von den Zürchern. In der zweiten Fortsetzung der Zürcher Stadtchronik wird Heinrich von Bubenbergs Urteil scharf kritisiert10 – e
/Users/programming/PycharmProjects/Find_Bibliography_NEw/data/azk_library/zahnd-urs-martin__20.pdf;1;generic;Chronik/Chroniken;\bchronik(?:en)?\b;ederschlag. Hans Fründ, der Schwyzer Land schreiber, beendet seine Chronik über den Alten Zürichkrieg bereits mit dem Jahr 1446 (Konstanzer
/Users/programming/PycharmProjects/Find_Bibliography_NEw/data/azk_library/zahnd-urs-martin__20.pdf;1;generic;Schlacht-/Kriegserzählungen;\bkrieg(?:e|en)?\b;ten4 – dem langjährigen Konflikt, der unter dem Namen «Alter Zürich krieg» in die Geschichte eingegangen ist, ein Ende.5 Zwar ruhten die dir
/Users/programming/PycharmProjects/Find_Bibliography_NEw/data/azk_library/zahnd-urs-martin__20.pdf;5;work;Schilling (ungenau);\bschilling\b;am Galternbach vom 29. März 1448 gegen die Freiburger. – Diebold Schilling: Spiezer Chronik (um 1485/86), Burgerbibliothek Bern, Mss.h.h.I.
/Users/programming/PycharmProjects/Find_Bibliography_NEw/data/azk_library/zahnd-urs-martin__20.pdf;5;generic;Chronik/Chroniken;\bchronik(?:en)?\b;m 29. März 1448 gegen die Freiburger. – Diebold Schilling: Spiezer Chronik (um 1485/86), Burgerbibliothek Bern, Mss.h.h.I.16, S. 772 [Aussch
/Users/programming/PycharmProjects/Find_Bibliography_NEw/data/azk_library/zahnd-urs-martin__20.pdf;7;generic;Schlacht-/Kriegserzählungen;\bkrieg(?:e|en)?\b;ernd liess sich Bern im Herbst 1440 auf der Seite von Schwyz in den Krieg einbinden.28 Nach der Niederlage Zürichs bei Pfäffikon bemühten si
/Users/programming/PycharmProjects/Find_Bibliography_NEw/data/azk_library/zahnd-urs-martin__20.pdf;7;generic;Schlacht-/Kriegserzählungen;\bkrieg(?:e|en)?\b;insbesondere das unschlüssige Luzern drängte, Zürich ebenfalls den Krieg zu erklären. Dass der Zürcher Rat der bernischen Unvoreingenommenh
/Users/programming/PycharmProjects/Find_Bibliography_NEw/data/azk_library/zahnd-urs-martin__20.pdf;8;work;Tschachtlan (Benedikt Tschachtlan);\btschachtlan\b;der andere über Mellingen in die Zürcher Landschaft. – Bendicht Tschachtlan: Bilderchronik (um 1470), Zentralbibliothek Zürich, Ms. A 120,
/Users/programming/PycharmProjects/Find_Bibliography_NEw/data/azk_library/zahnd-urs-martin__20.pdf;9;generic;Eydgenossenschaft/Helvetia (frühneuzeitl. Schreibungen);eidt?genossenschaft;er, wenn ein einzelner Ort verloren ginge, als wenn die ganze Eidgenossenschaft auseinanderfiele.35 Berns Bemühungen um Ausgleich 1440 –1450
/Users/programming/PycharmProjects/Find_Bibliography_NEw/data/azk_library/zahnd-urs-martin__20.pdf;9;generic;Schlacht-/Kriegserzählungen;\bschlacht(?:en)?\b;"n und Bremgarten teil; die Besetzung der Zürcher Land schaft, die Schlacht bei St. Jakob an der Sihl und die erste Belagerung von Zü rich er"
/Users/programming/PycharmProjects/Find_Bibliography_NEw/data/azk_library/zahnd-urs-martin__20.pdf;10;generic;Schlacht-/Kriegserzählungen;\bschlacht(?:en)?\b;rg in Stellung und liessen eine grosse Zahl von Gefallenen in der Schlacht bei St. Jakob an der Birs gegen die Armagnaken. Unmittelbar nach
/Users/programming/PycharmProjects/Find_Bibliography_NEw/data/azk_library/zahnd-urs-martin__20.pdf;13;work;Tschachtlan (Benedikt Tschachtlan);\btschachtlan\b;den verbündeten Städten Basel und Solothurn belagert. – Bendicht Tschachtlan: Bilderchronik (um 1470), Zentralbibliothek Zürich, Ms. A 120,
/Users/programming/PycharmProjects/Find_Bibliography_NEw/data/azk_library/zahnd-urs-martin__20.pdf;15;generic;Schlacht-/Kriegserzählungen;\bkrieg(?:e|en)?\b;chzeitig bemühte sich Savoyen, das Österreich im September 1445 den Krieg erklärt hatte, um die Fürsprache Berns am französischen Hof, weil
/Users/programming/PycharmProjects/Find_Bibliography_NEw/data/azk_library/zahnd-urs-martin__20.pdf;15;generic;Schlacht-/Kriegserzählungen;\bkrieg(?:e|en)?\b;erfen, und alte bernisch-freiburgische Rivalitäten führten zu einem Krieg zwischen Savoyen und Bern einerseits und dem von Österreich im Sti
/Users/programming/PycharmProjects/Find_Bibliography_NEw/data/azk_library/zahnd-urs-martin__20.pdf;15;generic;Schlacht-/Kriegserzählungen;\bkrieg(?:e|en)?\b;"eiburg andererseits. Mit dem Frieden von Murten von 1448 endete der Krieg für die Saanestadt zwar mit einer bitteren Niederlage; nach dem er"
/Users/programming/PycharmProjects/Find_Bibliography_NEw/data/azk_library/zahnd-urs-martin__20.pdf;16;generic;Schlacht-/Kriegserzählungen;\bschlacht(?:en)?\b;es Herzogs – unter anderen wie derum Jean de Fribourg –, nach der Schlacht bei St. Jakob an der Birs in den Verhandlungen zu Ensisheim zwisc
/Users/programming/PycharmProjects/Find_Bibliography_NEw/data/azk_library/zahnd-urs-martin__20.pdf;21;work;Zürcher Stadtchronik (allgemein);chronik[\s \-]+der[\s \-]+stadt[\s \-]+z[üu]rich;juristisch geprüft worden. In der zweiten Fortsetzung der Chronik der Stadt Zürich wird genau dieser Punkt bei der Darstellung des abschlies
/Users/programming/PycharmProjects/Find_Bibliography_NEw/data/azk_library/zahnd-urs-martin__20.pdf;21;work;Chronik der Stadt Zürich (Edlibach u. a.);chronik[\s \-]+der[\s \-]+stadt[\s \-]+z[üu]rich;juristisch geprüft worden. In der zweiten Fortsetzung der Chronik der Stadt Zürich wird genau dieser Punkt bei der Darstellung des abschlies
/Users/programming/PycharmProjects/Find_Bibliography_NEw/data/azk_library/zahnd-urs-martin__20.pdf;21;generic;Chronik/Chroniken;\bchronik(?:en)?\b;er Seite juristisch geprüft worden. In der zweiten Fortsetzung der Chronik der Stadt Zürich wird genau dieser Punkt bei der Darstellung des
/Users/programming/PycharmProjects/Find_Bibliography_NEw/data/azk_library/zahnd-urs-martin__20.pdf;21;generic;Eydgenossenschaft/Helvetia (frühneuzeitl. Schreibungen);eidt?genossenschaft;die Bündnisfrei heit einzelner Orte sich dem Gesamtwillen der Eidgenossenschaft unterzuordnen habe. Die Verträge, welche die einzelnen Orte
/Users/programming/PycharmProjects/Find_Bibliography_NEw/data/azk_library/zahnd-urs-martin__20.pdf;24;work;Fründ (Hans Fründ);\bfr[üu]nd\b;lten Zürichkrieg. Zürich 2006, 11f. 6 Stettler (wie Anm. 3), 161. 7 Fründ, Hans: Chronik. Hrsg. von Kind, Christian Immanuel. Chur 1875. 8 T
/Users/programming/PycharmProjects/Find_Bibliography_NEw/data/azk_library/zahnd-urs-martin__20.pdf;24;work;Tschachtlan (Benedikt Tschachtlan);\btschachtlan\b;), 361, Kap. 619, Z. 4 (Friedenskonferenz in Baden 22.3.1444). 9 Tschachtlan (wie Anm. 8), 407, Kap. 725, Z. 23 –29. 10 Chronik der Stadt Zü
/Users/programming/PycharmProjects/Find_Bibliography_NEw/data/azk_library/zahnd-urs-martin__20.pdf;24;work;Tschudi (Aegidius/Gilg Tschudi, Chronicon Helveticum);\btschudi\b;iede 2. Hrsg. von Segesser von, Anton Philipp. Luzern 1863, 859. 2 Tschudi, Aegidius: Chronicon Helveticum 12. Hrsg. von Stettler, Bernhard.
/Users/programming/PycharmProjects/Find_Bibliography_NEw/data/azk_library/zahnd-urs-martin__20.pdf;24;work;Tschudi (Aegidius/Gilg Tschudi, Chronicon Helveticum);\btschudi\b;"tons Bern 13 (1892), 387– 406; Stettler (wie Anm. 3), 175 –183. 13 Tschudi, Aegidius: Chronicon Helveticum 10. Hrsg. von Stettler, Bernhard."
/Users/programming/PycharmProjects/Find_Bibliography_NEw/data/azk_library/zahnd-urs-martin__20.pdf;24;work;Tschudi (Aegidius/Gilg Tschudi, Chronicon Helveticum);\btschudi\b;"r (wie Anm. 3), 145 –152; Schaufelberger (wie Anm. 11), 293 – 297; Tschudi 10 (wie Anm. 13), 14 – 349; Berger (wie Anm. 11), 62 –104. 15 Zur"
/Users/programming/PycharmProjects/Find_Bibliography_NEw/data/azk_library/zahnd-urs-martin__20.pdf;24;work;Tschudi (Aegidius/Gilg Tschudi, Chronicon Helveticum);\btschudi\b;"chiede 2 (wie Anm. 1), 811– 814, Beilage 21 (Friede von Konstanz); Tschudi, Aegidius, Chronicon Helveticum 11. Hrsg. von Stettler, Bernhard."
/Users/programming/PycharmProjects/Find_Bibliography_NEw/data/azk_library/zahnd-urs-martin__20.pdf;24;work;Tschudi (Aegidius/Gilg Tschudi, Chronicon Helveticum);chronicon[\s \-]+helveticum;von, Anton Philipp. Luzern 1863, 859. 2 Tschudi, Aegidius: Chronicon Helveticum 12. Hrsg. von Stettler, Bernhard. Basel 1998, 61*– 64*. 3 S
/Users/programming/PycharmProjects/Find_Bibliography_NEw/data/azk_library/zahnd-urs-martin__20.pdf;24;work;Tschudi (Aegidius/Gilg Tschudi, Chronicon Helveticum);chronicon[\s \-]+helveticum;"406; Stettler (wie Anm. 3), 175 –183. 13 Tschudi, Aegidius: Chronicon Helveticum 10. Hrsg. von Stettler, Bernhard. Basel 1994, 9*– 11*; Stet"
/Users/programming/PycharmProjects/Find_Bibliography_NEw/data/azk_library/zahnd-urs-martin__20.pdf;24;work;Tschudi (Aegidius/Gilg Tschudi, Chronicon Helveticum);chronicon[\s \-]+helveticum;"– 814, Beilage 21 (Friede von Konstanz); Tschudi, Aegidius, Chronicon Helveticum 11. Hrsg. von Stettler, Bernhard. Basel 1996, 13*– 99*, 442"
/Users/programming/PycharmProjects/Find_Bibliography_NEw/data/azk_library/zahnd-urs-martin__20.pdf;24;work;Zürcher Stadtchronik (allgemein);chronik[\s \-]+der[\s \-]+stadt[\s \-]+z[üu]rich;9 Tschachtlan (wie Anm. 8), 407, Kap. 725, Z. 23 –29. 10 Chronik der Stadt Zürich. Hrsg. von Dierauer, Johannes (= Quellen zur Schweizer Ge
/Users/programming/PycharmProjects/Find_Bibliography_NEw/data/azk_library/zahnd-urs-martin__20.pdf;24;work;Chronik der Stadt Zürich (Edlibach u. a.);chronik[\s \-]+der[\s \-]+stadt[\s \-]+z[üu]rich;9 Tschachtlan (wie Anm. 8), 407, Kap. 725, Z. 23 –29. 10 Chronik der Stadt Zürich. Hrsg. von Dierauer, Johannes (= Quellen zur Schweizer Ge
/Users/programming/PycharmProjects/Find_Bibliography_NEw/data/azk_library/zahnd-urs-martin__20.pdf;24;series;QSG (Quellen zur Schweizer Geschichte);quellen[\s \-]+zur[\s \-]+schweizer[\s \-]+geschichte;nik der Stadt Zürich. Hrsg. von Dierauer, Johannes (= Quellen zur Schweizer Geschichte 18). Basel 1900, 223f. 11 Berger, Hans: Der Alte Züri
/Users/programming/PycharmProjects/Find_Bibliography_NEw/data/azk_library/zahnd-urs-martin__20.pdf;24;generic;Chronik/Chroniken;\bchronik(?:en)?\b;eg. Zürich 2006, 11f. 6 Stettler (wie Anm. 3), 161. 7 Fründ, Hans: Chronik. Hrsg. von Kind, Christian Immanuel. Chur 1875. 8 Tschachtlans Bi
/Users/programming/PycharmProjects/Find_Bibliography_NEw/data/azk_library/zahnd-urs-martin__20.pdf;24;generic;Chronik/Chroniken;\bchronik(?:en)?\b;.3.1444). 9 Tschachtlan (wie Anm. 8), 407, Kap. 725, Z. 23 –29. 10 Chronik der Stadt Zürich. Hrsg. von Dierauer, Johannes (= Quellen zur Sch
/Users/programming/PycharmProjects/Find_Bibliography_NEw/data/azk_library/zahnd-urs-martin__20.pdf;24;generic;Chronicon/Chronica;\bchronic(?:on|a|orum)\b;gesser von, Anton Philipp. Luzern 1863, 859. 2 Tschudi, Aegidius: Chronicon Helveticum 12. Hrsg. von Stettler, Bernhard. Basel 1998, 61*– 64
/Users/programming/PycharmProjects/Find_Bibliography_NEw/data/azk_library/zahnd-urs-martin__20.pdf;24;generic;Chronicon/Chronica;\bchronic(?:on|a|orum)\b;"387– 406; Stettler (wie Anm. 3), 175 –183. 13 Tschudi, Aegidius: Chronicon Helveticum 10. Hrsg. von Stettler, Bernhard. Basel 1994, 9*– 11*"
/Users/programming/PycharmProjects/Find_Bibliography_NEw/data/azk_library/zahnd-urs-martin__20.pdf;24;generic;Chronicon/Chronica;\bchronic(?:on|a|orum)\b;"), 811– 814, Beilage 21 (Friede von Konstanz); Tschudi, Aegidius, Chronicon Helveticum 11. Hrsg. von Stettler, Bernhard. Basel 1996, 13*– 99"
/Users/programming/PycharmProjects/Find_Bibliography_NEw/data/azk_library/zahnd-urs-martin__20.pdf;24;generic;Chronicon/Chronica;\bchronicon[\s \-]+helveticum\b;von, Anton Philipp. Luzern 1863, 859. 2 Tschudi, Aegidius: Chronicon Helveticum 12. Hrsg. von Stettler, Bernhard. Basel 1998, 61*– 64*. 3 S
/Users/programming/PycharmProjects/Find_Bibliography_NEw/data/azk_library/zahnd-urs-martin__20.pdf;24;generic;Chronicon/Chronica;\bchronicon[\s \-]+helveticum\b;"406; Stettler (wie Anm. 3), 175 –183. 13 Tschudi, Aegidius: Chronicon Helveticum 10. Hrsg. von Stettler, Bernhard. Basel 1994, 9*– 11*; Stet"
/Users/programming/PycharmProjects/Find_Bibliography_NEw/data/azk_library/zahnd-urs-martin__20.pdf;24;generic;Chronicon/Chronica;\bchronicon[\s \-]+helveticum\b;"– 814, Beilage 21 (Friede von Konstanz); Tschudi, Aegidius, Chronicon Helveticum 11. Hrsg. von Stettler, Bernhard. Basel 1996, 13*– 99*, 442"
/Users/programming/PycharmProjects/Find_Bibliography_NEw/data/azk_library/zahnd-urs-martin__20.pdf;24;generic;Eydgenossenschaft/Helvetia (frühneuzeitl. Schreibungen);eidt?genossenschaft;er, Bernhard. Basel 1998, 61*– 64*. 3 Stettler, Bernhard: Die Eidgenossenschaft im 15. Jahrhundert. Die Suche nach einem gemeinsamen Nenner.
/Users/programming/PycharmProjects/Find_Bibliography_NEw/data/azk_library/zahnd-urs-martin__20.pdf;25;work;Tschudi (Aegidius/Gilg Tschudi, Chronicon Helveticum);\btschudi\b;"er (wie Anm. 3), 164 –179; Schaufelberger (wie Anm. 11), 303 –305; Tschudi 12 (wie Anm. 2), 27*– 64*; Berger (wie Anm. 11), 178 –192; Schnei"
/Users/programming/PycharmProjects/Find_Bibliography_NEw/data/azk_library/zahnd-urs-martin__20.pdf;25;work;Tschudi (Aegidius/Gilg Tschudi, Chronicon Helveticum);\btschudi\b;"Geschichte 3. Fribourg 1916, 13f.; Feller 1 (wie Anm. 11), 311f.; Tschudi 12 (wie Anm. 2), 60*f.; Zahnd (wie Anm. 18), 113f. 22 Tobler (wie"
/Users/programming/PycharmProjects/Find_Bibliography_NEw/data/azk_library/zahnd-urs-martin__20.pdf;25;work;Tschudi (Aegidius/Gilg Tschudi, Chronicon Helveticum);\btschudi\b;"Schneider (wie Anm. 12), passim; Feller 1 (wie Anm. 11), 271– 303; Tschudi 10 (wie Anm. 13), 182, Anm. 77; Tschudi 11 (wie Anm. 15), 81, Anm"
/Users/programming/PycharmProjects/Find_Bibliography_NEw/data/azk_library/zahnd-urs-martin__20.pdf;25;work;Tschudi (Aegidius/Gilg Tschudi, Chronicon Helveticum);\btschudi\b;"1 (wie Anm. 11), 271– 303; Tschudi 10 (wie Anm. 13), 182, Anm. 77; Tschudi 11 (wie Anm. 15), 81, Anm. 30. 23 Tschudi 10 (wie Anm. 13), 55, A"
/Users/programming/PycharmProjects/Find_Bibliography_NEw/data/azk_library/zahnd-urs-martin__20.pdf;25;work;Tschudi (Aegidius/Gilg Tschudi, Chronicon Helveticum);\btschudi\b;"Anm. 13), 182, Anm. 77; Tschudi 11 (wie Anm. 15), 81, Anm. 30. 23 Tschudi 10 (wie Anm. 13), 55, Anm. 25. 24 Tschudi 10 (wie Anm. 13), 89, A"
/Users/programming/PycharmProjects/Find_Bibliography_NEw/data/azk_library/zahnd-urs-martin__20.pdf;25;work;Tschudi (Aegidius/Gilg Tschudi, Chronicon Helveticum);\btschudi\b;"nm. 15), 81, Anm. 30. 23 Tschudi 10 (wie Anm. 13), 55, Anm. 25. 24 Tschudi 10 (wie Anm. 13), 89, Anm. 32; 111, Anm. 36; Schneider (wie Anm."
/Users/programming/PycharmProjects/Find_Bibliography_NEw/data/azk_library/zahnd-urs-martin__20.pdf;25;work;Tschudi (Aegidius/Gilg Tschudi, Chronicon Helveticum);\btschudi\b;"89, Anm. 32; 111, Anm. 36; Schneider (wie Anm. 12), 299 – 303. 25 Tschudi 10 (wie Anm. 13), 113f., Anm. 36; Stettler (wie Anm. 3), 150. 26"
/Users/programming/PycharmProjects/Find_Bibliography_NEw/data/azk_library/zahnd-urs-martin__20.pdf;25;work;Tschudi (Aegidius/Gilg Tschudi, Chronicon Helveticum);\btschudi\b;"i 10 (wie Anm. 13), 113f., Anm. 36; Stettler (wie Anm. 3), 150. 26 Tschudi 10 (wie Anm. 13), 17*– 62*; 183 –207; Schneider (wie Anm. 12), 30"
/Users/programming/PycharmProjects/Find_Bibliography_NEw/data/azk_library/zahnd-urs-martin__20.pdf;25;work;Tschudi (Aegidius/Gilg Tschudi, Chronicon Helveticum);\btschudi\b;"ede 2 (wie Anm. 1), 133, Nr. 211; Schneider (wie Anm. 12), 399. 28 Tschudi 10 (wie Anm. 13), 308, Anm. 127; Feller 1 (wie Anm. 11), 275 – 27"
/Users/programming/PycharmProjects/Find_Bibliography_NEw/data/azk_library/zahnd-urs-martin__20.pdf;25;work;Tschudi (Aegidius/Gilg Tschudi, Chronicon Helveticum);\btschudi\b;"11), 275 – 277. 29 Abschiede 2 (wie Anm. 1), 773 –777, Beilage 12; Tschudi 10 (wie Anm. 13), 337, Anm. 133; Schneider (wie Anm. 12), 311– 31"
/Users/programming/PycharmProjects/Find_Bibliography_NEw/data/azk_library/zahnd-urs-martin__20.pdf;25;work;Tschudi (Aegidius/Gilg Tschudi, Chronicon Helveticum);\btschudi\b;"wie Anm. 13), 337, Anm. 133; Schneider (wie Anm. 12), 311– 314. 30 Tschudi 10 (wie Anm. 13), 348, Anm. 136; 356, Anm. 140; Berger (wie Anm."
/Users/programming/PycharmProjects/Find_Bibliography_NEw/data/azk_library/zahnd-urs-martin__20.pdf;25;generic;Schlacht-/Kriegserzählungen;\bschlacht(?:en)?\b;"und der Alte Zürichkrieg. Menziken 2006; Natsch, Günther E.: Die Schlacht bei Ragaz am 6. März 1446. Erinnerungsschrift zum 550. Jahrestag"
/Users/programming/PycharmProjects/Find_Bibliography_NEw/data/azk_library/zahnd-urs-martin__20.pdf;26;work;Tschudi (Aegidius/Gilg Tschudi, Chronicon Helveticum);\btschudi\b;"antons Schwyz 83 (1991), 25 –39. 33 Feller 1 (wie Anm. 11), 273f.; Tschudi 10 (wie Anm. 13), 111, Anm. 36; 122, Anm. 38; 182, Anm. 77; Stett"
/Users/programming/PycharmProjects/Find_Bibliography_NEw/data/azk_library/zahnd-urs-martin__20.pdf;26;work;Tschudi (Aegidius/Gilg Tschudi, Chronicon Helveticum);\btschudi\b;"10, Nr. 145 (Ewiger Bund der Städte Zürich und Bern 22.1.1423). 35 Tschudi 10 (wie Anm. 13), 184, Anm. 77; Feller 1 (wie Anm. 11), 276. 36 T"
/Users/programming/PycharmProjects/Find_Bibliography_NEw/data/azk_library/zahnd-urs-martin__20.pdf;26;work;Tschudi (Aegidius/Gilg Tschudi, Chronicon Helveticum);\btschudi\b;"di 10 (wie Anm. 13), 184, Anm. 77; Feller 1 (wie Anm. 11), 276. 36 Tschudi 10 (wie Anm. 13), 356, Anm. 140; Tschudi 11 (wie Anm. 15), 81, An"
/Users/programming/PycharmProjects/Find_Bibliography_NEw/data/azk_library/zahnd-urs-martin__20.pdf;26;work;Tschudi (Aegidius/Gilg Tschudi, Chronicon Helveticum);\btschudi\b;"1 (wie Anm. 11), 276. 36 Tschudi 10 (wie Anm. 13), 356, Anm. 140; Tschudi 11 (wie Anm. 15), 81, Anm. 30; Schneider (wie Anm. 12), 312f.; Be"
/Users/programming/PycharmProjects/Find_Bibliography_NEw/data/azk_library/zahnd-urs-martin__20.pdf;26;work;Tschudi (Aegidius/Gilg Tschudi, Chronicon Helveticum);\btschudi\b;"00; Feller 1 (wie Anm. 11), 283f.; Berger (wie Anm. 11), 130 –132; Tschudi 11 (wie Anm. 15), 263, Anm. 123; 278, Anm. 129; 285, Anm. 131; 29"
/Users/programming/PycharmProjects/Find_Bibliography_NEw/data/azk_library/zahnd-urs-martin__20.pdf;26;work;Tschudi (Aegidius/Gilg Tschudi, Chronicon Helveticum);\btschudi\b;"0; Berger (wie Anm. 11), 146 –152; Stettler (wie Anm. 3), 157–160; Tschudi 11 (wie Anm. 15), 312, Anm. 139. 40 Tobler (wie Anm. 16), 404f.;"
/Users/programming/PycharmProjects/Find_Bibliography_NEw/data/azk_library/zahnd-urs-martin__20.pdf;26;work;Tschudi (Aegidius/Gilg Tschudi, Chronicon Helveticum);\btschudi\b;"40 Tobler (wie Anm. 16), 404f.; Schneider (wie Anm. 12), 337– 345; Tschudi 12 (wie Anm. 2), 13*– 21*. 41 Schneider (wie Anm. 12), 384–387; T"
/Users/programming/PycharmProjects/Find_Bibliography_NEw/data/azk_library/zahnd-urs-martin__20.pdf;26;work;Tschudi (Aegidius/Gilg Tschudi, Chronicon Helveticum);\btschudi\b;"di 12 (wie Anm. 2), 13*– 21*. 41 Schneider (wie Anm. 12), 384–387; Tschudi 12 (wie Anm. 2), 57*– 64*; Stettler (wie Anm. 3), 175 –179. 42 Fe"
/Users/programming/PycharmProjects/Find_Bibliography_NEw/data/azk_library/zahnd-urs-martin__20.pdf;26;work;Tschudi (Aegidius/Gilg Tschudi, Chronicon Helveticum);\btschudi\b;"49 –256, Nr. 156 (Bündnis von Bern, Solothurn und Basel 2.3.1441); Tschudi 10 (wie Anm. 13), 358, Anm. 142. 45 Rechtsquellen IV.1 (wie Anm."
/Users/programming/PycharmProjects/Find_Bibliography_NEw/data/azk_library/zahnd-urs-martin__20.pdf;26;work;Tschudi (Aegidius/Gilg Tschudi, Chronicon Helveticum);\btschudi\b;"g der Freiheiten Berns durch Friedrich III., Freiburg 17.10.1442); Tschudi 11 (wie Anm. 15), 23, Anm. 7; 53, Anm. 17; Feller 1 (wie Anm. 11)"
/Users/programming/PycharmProjects/Find_Bibliography_NEw/data/azk_library/zahnd-urs-martin__20.pdf;26;work;Tschudi (Aegidius/Gilg Tschudi, Chronicon Helveticum);\btschudi\b;"7; Feller 1 (wie Anm. 11), 278; Berger (wie Anm. 11), 109 –113. 46 Tschudi 11 (wie Anm. 15), 65*– 82*; 81, Anm. 30; 184, Anm. 82; 187, Anm."
/Users/programming/PycharmProjects/Find_Bibliography_NEw/data/azk_library/zahnd-urs-martin__20.pdf;26;work;Tschudi (Aegidius/Gilg Tschudi, Chronicon Helveticum);\btschudi\b;"nm. 83; Feller 1 (wie Anm. 11), 283; Berger (wie Anm. 11), 195. 47 Tschudi 11 (wie Anm. 15), 393, Anm. 194; Feller 1 (wie Anm. 11), 290f.; S"
/Users/programming/PycharmProjects/Find_Bibliography_NEw/data/azk_library/zahnd-urs-martin__20.pdf;27;work;Tschachtlan (Benedikt Tschachtlan);\btschachtlan\b;"iede 2 (wie Anm. 1), 174, Nr. 273; Tobler (wie Anm. 16), 374. 57 Tschachtlan (wie Anm. 8), 290, Kap. 451; Rechtsquellen IV.1 (wie Anm. 34),"
/Users/programming/PycharmProjects/Find_Bibliography_NEw/data/azk_library/zahnd-urs-martin__20.pdf;27;work;Tschudi (Aegidius/Gilg Tschudi, Chronicon Helveticum);\btschudi\b;"6), 380f.; 404 – 406, Beilage 18; Berger (wie Anm. 11), 189 – 192; Tschudi 11 (wie Anm. 15), 371, Anm. 175. 61 Actenstücke betreffend die zu"
/Users/programming/PycharmProjects/Find_Bibliography_NEw/data/azk_library/zahnd-urs-martin__20.pdf;27;work;Tschudi (Aegidius/Gilg Tschudi, Chronicon Helveticum);\btschudi\b;"lage 25; 841– 844, Beilage 26; Schneider (wie Anm. 12), 384 – 387; Tschudi 12 (wie Anm. 2), 33*f., 58f.; Stettler (wie Anm. 3), 177f. 73 Abs"
/Users/programming/PycharmProjects/Find_Bibliography_NEw/data/azk_library/zahnd-urs-martin__20.pdf;27;work;Tschudi (Aegidius/Gilg Tschudi, Chronicon Helveticum);\btschudi\b;"V.1 (wie Anm. 34), 348, Z. 14; Schneider (wie Anm. 12), 399 – 402; Tschudi 12 (wie Anm. 2), 60*, Anm. 133*. 74 Abschiede 2 (wie Anm. 1), 858"
/Users/programming/PycharmProjects/Find_Bibliography_NEw/data/azk_library/zahnd-urs-martin__20.pdf;27;work;Tschudi (Aegidius/Gilg Tschudi, Chronicon Helveticum);\btschudi\b;"Abschiede 2 (wie Anm. 1), 859. 76 Stettler (wie Anm. 3), 179 –183; Tschudi 12 (wie Anm. 2), 67*–72*. 77 Chronik der Stadt Zürich (wie Anm. 1"
/Users/programming/PycharmProjects/Find_Bibliography_NEw/data/azk_library/zahnd-urs-martin__20.pdf;27;work;Tschudi (Aegidius/Gilg Tschudi, Chronicon Helveticum);\btschudi\b;"67*–72*. 77 Chronik der Stadt Zürich (wie Anm. 10), 224, Z. 7–11; Tschudi 12 (wie Anm. 2), 64*– 67*. 78 Quellenwerk zur Entstehung der Schw"
/Users/programming/PycharmProjects/Find_Bibliography_NEw/data/azk_library/zahnd-urs-martin__20.pdf;27;work;Zürcher Stadtchronik (allgemein);chronik[\s \-]+der[\s \-]+stadt[\s \-]+z[üu]rich;"e Anm. 3), 179 –183; Tschudi 12 (wie Anm. 2), 67*–72*. 77 Chronik der Stadt Zürich (wie Anm. 10), 224, Z. 7–11; Tschudi 12 (wie Anm. 2), 64*"
/Users/programming/PycharmProjects/Find_Bibliography_NEw/data/azk_library/zahnd-urs-martin__20.pdf;27;work;Chronik der Stadt Zürich (Edlibach u. a.);chronik[\s \-]+der[\s \-]+stadt[\s \-]+z[üu]rich;"e Anm. 3), 179 –183; Tschudi 12 (wie Anm. 2), 67*–72*. 77 Chronik der Stadt Zürich (wie Anm. 10), 224, Z. 7–11; Tschudi 12 (wie Anm. 2), 64*"
/Users/programming/PycharmProjects/Find_Bibliography_NEw/data/azk_library/zahnd-urs-martin__20.pdf;27;generic;Chronik/Chroniken;\bchronik(?:en)?\b;"ttler (wie Anm. 3), 179 –183; Tschudi 12 (wie Anm. 2), 67*–72*. 77 Chronik der Stadt Zürich (wie Anm. 10), 224, Z. 7–11; Tschudi 12 (wie Anm"
/Users/programming/PycharmProjects/Find_Bibliography_NEw/data/azk_library/zahnd-urs-martin__20.pdf;27;generic;Eydgenossenschaft/Helvetia (frühneuzeitl. Schreibungen);eidt?genossenschaft;, 64*– 67*. 78 Quellenwerk zur Entstehung der Schweizerischen Eidgenossenschaft I.3. Hrsg. von Schudel, Elisabeth et al. Aarau 1964, 612 (Bü
/Users/programming/PycharmProjects/Find_Bibliography_NEw/data/azk_library/zahnd-urs-martin__20.pdf;28;work;Tschudi (Aegidius/Gilg Tschudi, Chronicon Helveticum);\btschudi\b;Hrsg. von Beer, Ellen J. et al. Bern 2003, 2. Aufl., 330 – 348. 81 Tschudi 12 (wie Anm. 2), 61*, Anm. 136*. 82 Rechtsquellen IV.1 (wie Anm.
/Users/programming/PycharmProjects/Find_Bibliography_NEw/data/azk_library/niederhauser-peter__4.pdf;2;work;Stumpf (Johannes Stumpf, Schweizerchronik);johannes[\s \-]+stumpf;nutz hoch beschwart.»? Unverbliimt wies der Ziircher Chronist Johannes Stumpf in der Mitte des 16. Jahrhunderts auf das Schicksal Winterthu
/Users/programming/PycharmProjects/Find_Bibliography_NEw/data/azk_library/niederhauser-peter__4.pdf;2;generic;Chronik/Chroniken;\bchronik(?:en)?\b;thurer Chorherr Laurenz Bosshart sich in seiner um 1530 verfassten Chronik lange als unbeteiligter Kommentator der Ereignisse zeigt. Erst zu
/Users/programming/PycharmProjects/Find_Bibliography_NEw/data/azk_library/niederhauser-peter__4.pdf;2;generic;Schlacht-/Kriegserzählungen;\bkrieg(?:e|en)?\b;der Alte Ziirichkrieg' Peter Niederhduser «Und in disen oberzelten kriegen [dem Alten Ziirichkrieg] habend die Winterthurer nit allzeyt sig
/Users/programming/PycharmProjects/Find_Bibliography_NEw/data/azk_library/niederhauser-peter__4.pdf;2;generic;Schlacht-/Kriegserzählungen;\bkrieg(?:e|en)?\b;ichtet unter dem Titel «Guot Sorg hat man zuo Winterthur» iiber den Krieg? Die Schilderung der Ereignisse mit der Erwahnung der Verluste Win
/Users/programming/PycharmProjects/Find_Bibliography_NEw/data/azk_library/niederhauser-peter__4.pdf;3;generic;Schlacht-/Kriegserzählungen;\bkrieg(?:e|en)?\b;hen schienen. Die «armen Leute» von Winterthur seien «jn den alten kriegen durch unser gnadigen Herschaft willen so schwerlich an lip, liit
/Users/programming/PycharmProjects/Find_Bibliography_NEw/data/azk_library/niederhauser-peter__4.pdf;5;generic;Schlacht-/Kriegserzählungen;\bkrieg(?:e|en)?\b;urg aber weitgehend sich selbst tiberlassen wurden.'® Eine Stadt im Krieg Als zunachst «neutrale» (Reichs-)Stadt konnte sich Winterthur den
/Users/programming/PycharmProjects/Find_Bibliography_NEw/data/azk_library/niederhauser-peter__4.pdf;6;generic;Schlacht-/Kriegserzählungen;\bkrieg(?:e|en)?\b;burgischen Hauptmanns die Freiheit geschenkt.** Noch 1451 stand der Krieg zur Debatte, als ein Schiedsgericht dariiber zu entscheiden hatte,
/Users/programming/PycharmProjects/Find_Bibliography_NEw/data/azk_library/niederhauser-peter__4.pdf;7;work;Schilling (ungenau);\bschilling\b;sen), von Eiern, Schmalz und Salz, Spezereien (fiir 2 1/2 Pfund 2 Schilling von Elli Spenglerin), vor allem aber von Wein. Der Altschultheis
/Users/programming/PycharmProjects/Find_Bibliography_NEw/data/azk_library/niederhauser-peter__4.pdf;8;work;Tschachtlan (Benedikt Tschachtlan);\btschachtlan\b;"n des Freiherrn von Raron gerieten. (Berner Chronik des Bendicht Tschachtlan, 1470; Handschrift A 120 der Zentralbibliothek Ziirich, Faksimi"
/Users/programming/PycharmProjects/Find_Bibliography_NEw/data/azk_library/niederhauser-peter__4.pdf;8;work;Berner Chronik (allgemein);\bberner[\s \-]+chronik\b;"inen Hinterhalt der Truppen des Freiherrn von Raron gerieten. (Berner Chronik des Bendicht Tschachtlan, 1470; Handschrift A 120 der Zentralb"
/Users/programming/PycharmProjects/Find_Bibliography_NEw/data/azk_library/niederhauser-peter__4.pdf;8;generic;Chronik/Chroniken;\bchronik(?:en)?\b;"n Hinterhalt der Truppen des Freiherrn von Raron gerieten. (Berner Chronik des Bendicht Tschachtlan, 1470; Handschrift A 120 der Zentralbibl"
/Users/programming/PycharmProjects/Find_Bibliography_NEw/data/azk_library/niederhauser-peter__4.pdf;9;generic;Schlacht-/Kriegserzählungen;\bkrieg(?:e|en)?\b;ckten Beutezug nicht nur das Fahnlein, sondern auch gegen 50 Mann.” Krieg, Finanzen und Verwaltung Uberraschenderweise kommt der Blutzoll in
/Users/programming/PycharmProjects/Find_Bibliography_NEw/data/azk_library/niederhauser-peter__4.pdf;9;generic;Schlacht-/Kriegserzählungen;\bkrieg(?:e|en)?\b;allender Dichte und oft erstmals tiberhaupt tiberliefert sind. Dass Krieg und Finanzen eng miteinander verbunden sind, muss nicht eigens bet
/Users/programming/PycharmProjects/Find_Bibliography_NEw/data/azk_library/niederhauser-peter__4.pdf;9;generic;Schlacht-/Kriegserzählungen;\bkrieg(?:e|en)?\b;chen denn auch deutlich, dass Winterthur «jn dem nachsten vergangen krieg [dem Alten Ziirichkrieg] [...] mercklichen grossen costen gehept»
/Users/programming/PycharmProjects/Find_Bibliography_NEw/data/azk_library/niederhauser-peter__4.pdf;11;generic;Schlacht-/Kriegserzählungen;\bkrieg(?:e|en)?\b;etonte seine Notlage und erwartete — als Dank fiir seine Haltung im Krieg — einen betrachtlichen finanziellen Zustupf. Die Hoffnung war nich
/Users/programming/PycharmProjects/Find_Bibliography_NEw/data/azk_library/niederhauser-peter__4.pdf;11;generic;Schlacht-/Kriegserzählungen;\bkrieg(?:e|en)?\b;erwertikhait, so unser getrewen lieben burger zu Winterthur in den kriegen, so zwischen dem Hus Osterreich und den Aidgenossen gewesen sind,
/Users/programming/PycharmProjects/Find_Bibliography_NEw/data/azk_library/niederhauser-peter__4.pdf;14;work;Stumpf (Johannes Stumpf, Schweizerchronik);johannes[\s \-]+stumpf;nke Christian Sieber fiir die kritische Durchsicht des Textes. Johannes Stumpf: Gemeiner loblicher Eydgnoschafft Stetten, Landen und Vélcker
/Users/programming/PycharmProjects/Find_Bibliography_NEw/data/azk_library/niederhauser-peter__4.pdf;14;work;Stumpf (Johannes Stumpf, Schweizerchronik);gemeiner[\s \-]+loblicher[\s \-]+eydgnoschafft[\s \-]+.*[\s \-]+chronick;sicht des Textes. Johannes Stumpf: Gemeiner loblicher Eydgnoschafft Stetten, Landen und Vélckeren Chronick etc., Ziirich 1548, Bd. 2, fol. 1
/Users/programming/PycharmProjects/Find_Bibliography_NEw/data/azk_library/niederhauser-peter__4.pdf;14;work;Tschudi (Aegidius/Gilg Tschudi, Chronicon Helveticum);\btschudi\b;"burg a. d. L. 1991, 111-129; Einleitung von Bernhard Stettler: in: Tschudi, Bd. 11; kiinftig auch Peter Niederhauser: «Damit si bei dem haus"
/Users/programming/PycharmProjects/Find_Bibliography_NEw/data/azk_library/niederhauser-peter__4.pdf;14;work;Tschudi (Aegidius/Gilg Tschudi, Chronicon Helveticum);\btschudi\b;"pel, Thommen, Bd. 4, Nr. 15. VII; Privilegienbestatigung fiir Uri, Tschudi, Bd. 11, 47 ff. Hilfsforderung: StAW, Urkunde Nr. 799; Verhandlun"
/Users/programming/PycharmProjects/Find_Bibliography_NEw/data/azk_library/niederhauser-peter__4.pdf;14;work;Klingenberger/Rapperswiler Chronik (Eberhard Wüest);klingenberger[\s \-]+chronik;"Bohmer, Regesta Imperii), K6ln/Weimar/Wien 2006 (im Druck). Klingenberger Chronik, 289 f; Urkundenausstellungen in Winterthur: Lehensbestati"
/Users/programming/PycharmProjects/Find_Bibliography_NEw/data/azk_library/niederhauser-peter__4.pdf;14;generic;Chronik/Chroniken;\bchronik(?:en)?\b;en und Vélckeren Chronick etc., Ziirich 1548, Bd. 2, fol. 111. Die Chronik des Laurencius Bosshart von Winterthur, 1185-1532, hg. von Kaspar
/Users/programming/PycharmProjects/Find_Bibliography_NEw/data/azk_library/niederhauser-peter__4.pdf;14;generic;Chronik/Chroniken;\bchronik(?:en)?\b;"Regesta Imperii), K6ln/Weimar/Wien 2006 (im Druck). Klingenberger Chronik, 289 f; Urkundenausstellungen in Winterthur: Lehensbestatigung ft"
/Users/programming/PycharmProjects/Find_Bibliography_NEw/data/azk_library/niederhauser-peter__4.pdf;14;generic;Chronik/Chroniken;\bchronick\b;f: Gemeiner loblicher Eydgnoschafft Stetten, Landen und Vélckeren Chronick etc., Ziirich 1548, Bd. 2, fol. 111. Die Chronik des Laurencius B
/Users/programming/PycharmProjects/Find_Bibliography_NEw/data/azk_library/niederhauser-peter__4.pdf;14;generic;Jahrbuch/Jahrbücher;jahrb[üu]ch(?:er|e)?\b;sich der Eidgenossenschaft zuwandte, in: St. Galler Linthgebiet. Jahrbuch 1981/82, 18-28, hier 23. Siehe auch den Beitrag von Pascale Sutte
/Users/programming/PycharmProjects/Find_Bibliography_NEw/data/azk_library/niederhauser-peter__4.pdf;14;generic;Eydgenossenschaft/Helvetia (frühneuzeitl. Schreibungen);eydt?g?nosch[aä]fft;sche Durchsicht des Textes. Johannes Stumpf: Gemeiner loblicher Eydgnoschafft Stetten, Landen und Vélckeren Chronick etc., Ziirich 1548, Bd.
/Users/programming/PycharmProjects/Find_Bibliography_NEw/data/azk_library/niederhauser-peter__4.pdf;14;generic;Eydgenossenschaft/Helvetia (frühneuzeitl. Schreibungen);eidt?genossenschaft;undert. Wie sich Rapperswil von Osterreich loste und sich der Eidgenossenschaft zuwandte, in: St. Galler Linthgebiet. Jahrbuch 1981/82, 18-2
/Users/programming/PycharmProjects/Find_Bibliography_NEw/data/azk_library/niederhauser-peter__4.pdf;14;generic;Schlacht-/Kriegserzählungen;\bkrieg(?:e|en)?\b;se». Aspekte der Ziircher Geschichte im Spannungsfeld von Sempacher Krieg und Altem Ziirichkrieg, in: SZG 31 (1981), 121-143. Bosshart (wie
/Users/programming/PycharmProjects/Find_Bibliography_NEw/data/azk_library/niederhauser-peter__4.pdf;15;work;Klingenberger/Rapperswiler Chronik (Eberhard Wüest);klingenberger[\s \-]+chronik;von Peter Niederhauser im vorliegenden Band. Siehe Anm. 2. Klingenberger Chronik, 260,271 und 274. Vgl. auch die Diskussion tiber die Pliin
/Users/programming/PycharmProjects/Find_Bibliography_NEw/data/azk_library/niederhauser-peter__4.pdf;15;work;Klingenberger/Rapperswiler Chronik (Eberhard Wüest);klingenberger[\s \-]+chronik;"4295; EA, Bd. 2, Nr. 235 und 237, URStAZ, Bd. 6, Nr. 8662. Klingenberger Chronik, 305 und 345. Vgl. auch: URStAZ, Bd. 6, Nr. 8917; Bosshart"
/Users/programming/PycharmProjects/Find_Bibliography_NEw/data/azk_library/niederhauser-peter__4.pdf;15;work;Klingenberger/Rapperswiler Chronik (Eberhard Wüest);klingenberger[\s \-]+chronik;"urer Sicht siehe Hauser, in: Bosshart (wie Anm. 3), 354 ff. Klingenberger Chronik, 300, 329 f., 334, 345 und 348; auch URStAZ, Bd. 6, Nr. 90"
/Users/programming/PycharmProjects/Find_Bibliography_NEw/data/azk_library/niederhauser-peter__4.pdf;15;work;Klingenberger/Rapperswiler Chronik (Eberhard Wüest);klingenberger[\s \-]+chronik;r. 846. Vgl. auch Hauser, in: Bosshart (wie Anm. 3), 357 f. Klingenberger Chronik, 345. StAW, B 4/1, Nr. 6. URStAZ, Bd. 6, Nr. 8078 (Aarburg
/Users/programming/PycharmProjects/Find_Bibliography_NEw/data/azk_library/niederhauser-peter__4.pdf;15;generic;Chronik/Chroniken;\bchronik(?:en)?\b;ter Niederhauser im vorliegenden Band. Siehe Anm. 2. Klingenberger Chronik, 260,271 und 274. Vgl. auch die Diskussion tiber die Pliinderunge
/Users/programming/PycharmProjects/Find_Bibliography_NEw/data/azk_library/niederhauser-peter__4.pdf;15;generic;Chronik/Chroniken;\bchronik(?:en)?\b;"EA, Bd. 2, Nr. 235 und 237, URStAZ, Bd. 6, Nr. 8662. Klingenberger Chronik, 305 und 345. Vgl. auch: URStAZ, Bd. 6, Nr. 8917; Bosshart (wie A"
/Users/programming/PycharmProjects/Find_Bibliography_NEw/data/azk_library/niederhauser-peter__4.pdf;15;generic;Chronik/Chroniken;\bchronik(?:en)?\b;"cht siehe Hauser, in: Bosshart (wie Anm. 3), 354 ff. Klingenberger Chronik, 300, 329 f., 334, 345 und 348; auch URStAZ, Bd. 6, Nr. 9001, 903"
/Users/programming/PycharmProjects/Find_Bibliography_NEw/data/azk_library/niederhauser-peter__4.pdf;15;generic;Chronik/Chroniken;\bchronik(?:en)?\b;Vgl. auch Hauser, in: Bosshart (wie Anm. 3), 357 f. Klingenberger Chronik, 345. StAW, B 4/1, Nr. 6. URStAZ, Bd. 6, Nr. 8078 (Aarburg), 8321
/Users/programming/PycharmProjects/Find_Bibliography_NEw/data/azk_library/niederhauser-peter__4.pdf;15;generic;Jahrbuch/Jahrbücher;jahrb[üu]ch(?:er|e)?\b;": Kaspar Hauser: Winterthurs Strassburger Schuld (1314-1479), in: Jahrbuch fiir Schweizerische Geschichte 28 (1903), 1-59; Oliver Landolt: D"
/Users/programming/PycharmProjects/Find_Bibliography_NEw/data/azk_library/niederhauser-peter__4.pdf;15;generic;Schlacht-/Kriegserzählungen;\bkrieg(?:e|en)?\b;B 4/1, Nr. 8. Grundsitzlich: Gerhard Fouquet: Die Finanzierung von Krieg und Verteidigung in oberdeutschen Stadten des spaten Mittelalters
/Users/programming/PycharmProjects/Find_Bibliography_NEw/data/azk_library/niederhauser-peter__4.pdf;15;generic;Schlacht-/Kriegserzählungen;\bkrieg(?:e|en)?\b;"500), in: Bernhard Kirchgissner und Giinter Scholz (Hg.): Stadt und Krieg (Stadt in der Geschichte 15), Sigmaringen 1989, 41-82; Oliver Land"
/Users/programming/PycharmProjects/Find_Bibliography_NEw/data/azk_library/niederhauser-peter__4.pdf;16;work;Tschudi (Aegidius/Gilg Tschudi, Chronicon Helveticum);\btschudi\b;"alter (Vortrége und Forschungen 49), Stuttgart 2002, 233-273. Vel. Tschudi, Bd. 13, 17*-95*; Bernhard Stettler: Die Eidgenossenschaft im 15."
/Users/programming/PycharmProjects/Find_Bibliography_NEw/data/azk_library/niederhauser-peter__4.pdf;16;generic;Jahrbuch/Jahrbücher;jahrb[üu]ch(?:er|e)?\b;n ...». Juden im spatmittelalterlichen Winterthur, in: Winterthur Jahrbuch 2001, 138-145. Vgl. auch Landolt, 2004 (wie Anm. 35), 437 ff. StA
/Users/programming/PycharmProjects/Find_Bibliography_NEw/data/azk_library/niederhauser-peter__4.pdf;16;generic;Eydgenossenschaft/Helvetia (frühneuzeitl. Schreibungen);eidt?genossenschaft;"33-273. Vel. Tschudi, Bd. 13, 17*-95*; Bernhard Stettler: Die Eidgenossenschaft im 15. Jahrhundert. Die Suche nach einem gemeinsamen Nenner,"
/Users/programming/PycharmProjects/Find_Bibliography_NEw/data/azk_library/konstantin-m-langmaier__28.pdf;2;series;MGH (allgemein);\bmgh\b;Deutschen, Karlmanns und Ludwigs des Jüngeren, bearb. von P. Kehr (= MGH, Diplomata, Die Urkunden der deutschen Karolinger, Bd. 1), Berlin 1
/Users/programming/PycharmProjects/Find_Bibliography_NEw/data/azk_library/konstantin-m-langmaier__28.pdf;2;series;MAGZ (Mitteilungen der Antiquarischen Gesellschaft in Zürich);mitteilungen[\s \-]+der[\s \-]+antiquarischen[\s \-]+gesellschaft[\s \-]+in[\s \-]+z[üu]rich;ch: von der Königsabtei zur Stadtkirche (= Mitteilungen der Antiquarischen Gesellschaft in Zürich, Bd. 80/177. Neujahrsblatt der Antiquarisc
/Users/programming/PycharmProjects/Find_Bibliography_NEw/data/azk_library/konstantin-m-langmaier__28.pdf;2;series;MAGZ (Mitteilungen der Antiquarischen Gesellschaft in Zürich);mitteilungen[\s \-]+der[\s \-]+antiquarischen[\s \-]+gesellschaft[\s \-]+in[\s \-]+z[üu]rich;von Wyss, Geschichte der Abtei Zürich, in: Mitteilungen der Antiquarischen Gesellschaft in Zürich 8 (1851/58), Beilagen, Nr. 453, S. 413.
/Users/programming/PycharmProjects/Find_Bibliography_NEw/data/azk_library/konstantin-m-langmaier__28.pdf;4;generic;Schlacht-/Kriegserzählungen;\bkrieg(?:e|en)?\b;ndschafft über die Abbtisin zum Fr[au-]Münster als sie in währendem Krieg es mit den Eÿdtgenosen gehalten und von Rudolf [über der Zeile: Ha
/Users/programming/PycharmProjects/Find_Bibliography_NEw/data/azk_library/konstantin-m-langmaier__28.pdf;7;generic;Eydgenossenschaft/Helvetia (frühneuzeitl. Schreibungen);helveti[ae];"05 ff.; Judith Steinmann, Art. Zürich ZH, Benedikti nerinnen, in: Helvetia Sacra, Abt. III, Bd. 1, Bern 1986, S. 2013 f.; Vgl. Anm. 21. 21 V"
/Users/programming/PycharmProjects/Find_Bibliography_NEw/data/azk_library/konstantin-m-langmaier__28.pdf;7;generic;Eydgenossenschaft/Helvetia (frühneuzeitl. Schreibungen);helveti[ae];"g. von Elmar Kuhn u. a., Friedrichshafen 1988, Bd. 1, S. 384–391; Helvetia Sacra, Bd. I/2, 351–356."
/Users/programming/PycharmProjects/Find_Bibliography_NEw/data/azk_library/konstantin-m-langmaier__28.pdf;8;work;Fründ (Hans Fründ);hans[\s \-]+fr[üu]nd;"= Clio Lucernensis, Bd. 2), Zürich 1993, S. 309; Die Chronik des Hans Fründ, Landschreiber zu Schwytz, hrsg. von Christian Immanuel Kind, Ch"
/Users/programming/PycharmProjects/Find_Bibliography_NEw/data/azk_library/konstantin-m-langmaier__28.pdf;8;work;Fründ (Hans Fründ);\bfr[üu]nd\b;"Clio Lucernensis, Bd. 2), Zürich 1993, S. 309; Die Chronik des Hans Fründ, Landschreiber zu Schwytz, hrsg. von Christian Immanuel Kind, Chur"
/Users/programming/PycharmProjects/Find_Bibliography_NEw/data/azk_library/konstantin-m-langmaier__28.pdf;8;generic;Chronik/Chroniken;\bchronik(?:en)?\b;"Opitz u. a. (= Clio Lucernensis, Bd. 2), Zürich 1993, S. 309; Die Chronik des Hans Fründ, Landschreiber zu Schwytz, hrsg. von Christian Imm"
/Users/programming/PycharmProjects/Find_Bibliography_NEw/data/azk_library/konstantin-m-langmaier__28.pdf;8;generic;Schlacht-/Kriegserzählungen;\bkrieg(?:e|en)?\b;in Rapperswil zu einem achtmonatigen Waffenstillstand gekommen. Der Krieg wurde am 23. April 1444 fortgesetzt. Vgl. die Angaben bei: Guy P.
/Users/programming/PycharmProjects/Find_Bibliography_NEw/data/azk_library/konstantin-m-langmaier__28.pdf;12;work;Tschudi (Aegidius/Gilg Tschudi, Chronicon Helveticum);aegidi(?:us)?[\s \-]+tschudi;e Grenzen des Handelns fielen umso mehr bei einer Ade 44 Vgl. Aegidius Tschudi, Chronicon Helveticum, bearb. von Bernhard Stettler (= Quel l
/Users/programming/PycharmProjects/Find_Bibliography_NEw/data/azk_library/konstantin-m-langmaier__28.pdf;12;work;Tschudi (Aegidius/Gilg Tschudi, Chronicon Helveticum);\btschudi\b;enzen des Handelns fielen umso mehr bei einer Ade 44 Vgl. Aegidius Tschudi, Chronicon Helveticum, bearb. von Bernhard Stettler (= Quel len z
/Users/programming/PycharmProjects/Find_Bibliography_NEw/data/azk_library/konstantin-m-langmaier__28.pdf;12;work;Tschudi (Aegidius/Gilg Tschudi, Chronicon Helveticum);chronicon[\s \-]+helveticum;ns fielen umso mehr bei einer Ade 44 Vgl. Aegidius Tschudi, Chronicon Helveticum, bearb. von Bernhard Stettler (= Quel len zur Schweizer Ges
/Users/programming/PycharmProjects/Find_Bibliography_NEw/data/azk_library/konstantin-m-langmaier__28.pdf;12;generic;Chronik/Chroniken;\bchronik(?:en)?\b;ard Stettler (= Quel len zur Schweizer Geschichte, N. F., 1. Abt. Chroniken, Bd. VII/11), Basel 1996, Teil 11, S. 53*: «Bemerkenswert ist de
/Users/programming/PycharmProjects/Find_Bibliography_NEw/data/azk_library/konstantin-m-langmaier__28.pdf;12;generic;Chronicon/Chronica;\bchronic(?:on|a|orum)\b;Handelns fielen umso mehr bei einer Ade 44 Vgl. Aegidius Tschudi, Chronicon Helveticum, bearb. von Bernhard Stettler (= Quel len zur Schweiz
/Users/programming/PycharmProjects/Find_Bibliography_NEw/data/azk_library/konstantin-m-langmaier__28.pdf;12;generic;Chronicon/Chronica;\bchronicon[\s \-]+helveticum\b;ns fielen umso mehr bei einer Ade 44 Vgl. Aegidius Tschudi, Chronicon Helveticum, bearb. von Bernhard Stettler (= Quel len zur Schweizer Ges
/Users/programming/PycharmProjects/Find_Bibliography_NEw/data/azk_library/konstantin-m-langmaier__28.pdf;14;generic;Schlacht-/Kriegserzählungen;\bkrieg(?:e|en)?\b;1 r] Her Hanns Tigen 49 seit, dz die ebbtissin 50 i in dem vordern krieg 51 vil bottschafften gen Einsidlen 52 tette, und so er da vil rett
/Users/programming/PycharmProjects/Find_Bibliography_NEw/data/azk_library/konstantin-m-langmaier__28.pdf;17;generic;Schlacht-/Kriegserzählungen;\bkrieg(?:e|en)?\b;undschafft über die Abbtisin zum Fr[au]Münster als sie in währendem Krieg es mit den Eÿdtgenosen gehalten und von Rudolf [über der Zeile: Ha
/Users/programming/PycharmProjects/Find_Bibliography_NEw/data/azk_library/konstantin-m-langmaier__28.pdf;19;generic;Eydgenossenschaft/Helvetia (frühneuzeitl. Schreibungen);helveti[ae];"wie Anm. 4), S. 26; von Wyss (wie Anm. 3), Hauptteil, S. 105 ff.; Helvetia Sacra, Abt. III, Bd. 1, S. 2013 f.; URZ, Bd. 7 (wie Anm. 49), S."
/Users/programming/PycharmProjects/Find_Bibliography_NEw/data/azk_library/konstantin-m-langmaier__28.pdf;20;work;Klingenberger/Rapperswiler Chronik (Eberhard Wüest);klingenberger[\s \-]+chronik;und vom Abt von Einsiedeln vermittelt worden. Vgl. die sog. Klingenberger Chronik des Eberhard Wüst, Stadt schreiber von Rapperswil, bearb.
/Users/programming/PycharmProjects/Find_Bibliography_NEw/data/azk_library/konstantin-m-langmaier__28.pdf;20;generic;Chronik/Chroniken;\bchronik(?:en)?\b;Abt von Einsiedeln vermittelt worden. Vgl. die sog. Klingenberger Chronik des Eberhard Wüst, Stadt schreiber von Rapperswil, bearb. von Ber
/Users/programming/PycharmProjects/Find_Bibliography_NEw/data/azk_library/konstantin-m-langmaier__28.pdf;20;generic;Eydgenossenschaft/Helvetia (frühneuzeitl. Schreibungen);eidt?genossenschaft;rtsort, Gerichtshof, Landesheiligtum, Einsiedeln und die Alte Eidgenossenschaft, in: Mitteilungen des historischen Vereins des Kantons Schwy
/Users/programming/PycharmProjects/Find_Bibliography_NEw/data/azk_library/konstantin-m-langmaier__28.pdf;20;generic;Eydgenossenschaft/Helvetia (frühneuzeitl. Schreibungen);eidt?genossenschaft;k und heil darvon, Die Bedeutung Einsiedelns für die werdende Eidgenossenschaft (1350–1525): Adelskloster, Wallfahrtsort, Gerichtshof und Ge
/Users/programming/PycharmProjects/Find_Bibliography_NEw/data/azk_library/konstantin-m-langmaier__28.pdf;20;generic;Eydgenossenschaft/Helvetia (frühneuzeitl. Schreibungen);helveti[ae];te. Vgl. Joachim Salzgeber, Art. In der Au bei Einsiedeln SZ, in: Helvetia Sacra, Abt. III, Bd. 1/3, Frühe Klöster, die Benediktiner und Ben
/Users/programming/PycharmProjects/Find_Bibliography_NEw/data/azk_library/konstantin-m-langmaier__28.pdf;20;generic;Schlacht-/Kriegserzählungen;\bkrieg(?:e|en)?\b;"19 51 = im vorangehenden Krieg; vgl. Jacob und Wilhelm Grimm, Deutsches Wörterbuch, Bd. 26, Sp. 951. Gemeint sind auf den ersten Blick die e"
/Users/programming/PycharmProjects/Find_Bibliography_NEw/data/azk_library/konstantin-m-langmaier__28.pdf;20;generic;Schlacht-/Kriegserzählungen;\bkrieg(?:e|en)?\b;gust 1443 zu einem achtmonatigen Waffenstillstand gekommen war. Der Krieg wurde am 23. April 1444 fortgesetzt. Es könnte also auch der Zeitr
/Users/programming/PycharmProjects/Find_Bibliography_NEw/data/azk_library/konstantin-m-langmaier__28.pdf;21;work;Fründ (Hans Fründ);hans[\s \-]+fr[üu]nd;"oberung der Stadt Zürich befürch tet wurde; vgl. Die Chronik des Hans Fründ, Landschreiber zu Schwytz, hrsg. von Christian Immanuel Kind, Ch"
/Users/programming/PycharmProjects/Find_Bibliography_NEw/data/azk_library/konstantin-m-langmaier__28.pdf;21;work;Fründ (Hans Fründ);\bfr[üu]nd\b;"erung der Stadt Zürich befürch tet wurde; vgl. Die Chronik des Hans Fründ, Landschreiber zu Schwytz, hrsg. von Christian Immanuel Kind, Chur"
/Users/programming/PycharmProjects/Find_Bibliography_NEw/data/azk_library/konstantin-m-langmaier__28.pdf;21;series;MAGZ (Mitteilungen der Antiquarischen Gesellschaft in Zürich);\bmagz\b;n Zürichkrieg, hrsg. von Peter Niederhäuser und Christian Sieber (= MAGZ, Bd. 73, 170. Neujahrsblatt), Zürich 2006, S. 73. 58 Vgl. Schweizer
/Users/programming/PycharmProjects/Find_Bibliography_NEw/data/azk_library/konstantin-m-langmaier__28.pdf;21;series;MAGZ (Mitteilungen der Antiquarischen Gesellschaft in Zürich);mitteilungen[\s \-]+der[\s \-]+antiquarischen[\s \-]+gesellschaft[\s \-]+in[\s \-]+z[üu]rich;: J. R. Rahn, Das Fraumünster in Zürich (= Mitteilungen der Antiquarischen Gesellschaft in Zürich, Bd. 25, Heft 1), Zürich 1900, S. 28 u. S.
/Users/programming/PycharmProjects/Find_Bibliography_NEw/data/azk_library/konstantin-m-langmaier__28.pdf;21;generic;Chronik/Chroniken;\bchronik(?:en)?\b;"43, als die Eroberung der Stadt Zürich befürch tet wurde; vgl. Die Chronik des Hans Fründ, Landschreiber zu Schwytz, hrsg. von Christian Imm"
/Users/programming/PycharmProjects/Find_Bibliography_NEw/data/azk_library/konstantin-m-langmaier__28.pdf;21;generic;Schlacht-/Kriegserzählungen;\bschlacht(?:en)?\b;"3 (1895), Sp. 1143 f. 57 Unklar; wahrscheinlich vor oder nach der Schlacht bei St. Jakob an der Sihl (22. Juli 1443), vielleicht auch am 26."
/Users/programming/PycharmProjects/Find_Bibliography_NEw/data/azk_library/konstantin-m-langmaier__28.pdf;22;work;Fründ (Hans Fründ);hans[\s \-]+fr[üu]nd;"(1895), Sp. 6. 71 Vgl. URZ, Bd. 6 (wie Anm. 50), Nr. 8965, 8966; Hans Fründ, Chronik (wie Anm. 57), S. 158 72 Der Bruder des Konstanzer Bisc"
/Users/programming/PycharmProjects/Find_Bibliography_NEw/data/azk_library/konstantin-m-langmaier__28.pdf;22;work;Fründ (Hans Fründ);\bfr[üu]nd\b;"895), Sp. 6. 71 Vgl. URZ, Bd. 6 (wie Anm. 50), Nr. 8965, 8966; Hans Fründ, Chronik (wie Anm. 57), S. 158 72 Der Bruder des Konstanzer Bischo"
/Users/programming/PycharmProjects/Find_Bibliography_NEw/data/azk_library/konstantin-m-langmaier__28.pdf;22;work;Tschudi (Aegidius/Gilg Tschudi, Chronicon Helveticum);aegidi(?:us)?[\s \-]+tschudi;"Der Bruder des Konstanzer Bischofs Heinrichs von Hewen; vgl. Aegidius Tschudi, Chronicon Helveticum, Teil 11, bearb. von Bernhard Stettler"
/Users/programming/PycharmProjects/Find_Bibliography_NEw/data/azk_library/konstantin-m-langmaier__28.pdf;22;work;Tschudi (Aegidius/Gilg Tschudi, Chronicon Helveticum);aegidi(?:us)?[\s \-]+tschudi;"2; Neumarkt 61; vacat; identisch?). 74 Bleibt zu klären; vgl. Aegidius Tschudi, Chronicon Helveticum, Teil 11, S. 196; Re gesten zur Geschic"
/Users/programming/PycharmProjects/Find_Bibliography_NEw/data/azk_library/konstantin-m-langmaier__28.pdf;22;work;Tschudi (Aegidius/Gilg Tschudi, Chronicon Helveticum);\btschudi\b;"Bruder des Konstanzer Bischofs Heinrichs von Hewen; vgl. Aegidius Tschudi, Chronicon Helveticum, Teil 11, bearb. von Bernhard Stettler (= Q"
/Users/programming/PycharmProjects/Find_Bibliography_NEw/data/azk_library/konstantin-m-langmaier__28.pdf;22;work;Tschudi (Aegidius/Gilg Tschudi, Chronicon Helveticum);\btschudi\b;"eumarkt 61; vacat; identisch?). 74 Bleibt zu klären; vgl. Aegidius Tschudi, Chronicon Helveticum, Teil 11, S. 196; Re gesten zur Geschichte"
/Users/programming/PycharmProjects/Find_Bibliography_NEw/data/azk_library/konstantin-m-langmaier__28.pdf;22;work;Tschudi (Aegidius/Gilg Tschudi, Chronicon Helveticum);chronicon[\s \-]+helveticum;"tanzer Bischofs Heinrichs von Hewen; vgl. Aegidius Tschudi, Chronicon Helveticum, Teil 11, bearb. von Bernhard Stettler (= Quellen zur Schwe"
/Users/programming/PycharmProjects/Find_Bibliography_NEw/data/azk_library/konstantin-m-langmaier__28.pdf;22;work;Tschudi (Aegidius/Gilg Tschudi, Chronicon Helveticum);chronicon[\s \-]+helveticum;"t; identisch?). 74 Bleibt zu klären; vgl. Aegidius Tschudi, Chronicon Helveticum, Teil 11, S. 196; Re gesten zur Geschichte der Bischöfe von"
/Users/programming/PycharmProjects/Find_Bibliography_NEw/data/azk_library/konstantin-m-langmaier__28.pdf;22;generic;Chronik/Chroniken;\bchronik(?:en)?\b;". 6. 71 Vgl. URZ, Bd. 6 (wie Anm. 50), Nr. 8965, 8966; Hans Fründ, Chronik (wie Anm. 57), S. 158 72 Der Bruder des Konstanzer Bischofs Heinr"
/Users/programming/PycharmProjects/Find_Bibliography_NEw/data/azk_library/konstantin-m-langmaier__28.pdf;22;generic;Chronik/Chroniken;\bchronik(?:en)?\b;ettler (= Quellen zur Schwei zer Geschichte, Neue Folge, 1. Abt., Chroniken, Bd. VII/11), Basel 1996, S. 83*, 183, 193, 195. 73 Wahrscheinli
/Users/programming/PycharmProjects/Find_Bibliography_NEw/data/azk_library/konstantin-m-langmaier__28.pdf;22;generic;Chronicon/Chronica;\bchronic(?:on|a|orum)\b;"s Konstanzer Bischofs Heinrichs von Hewen; vgl. Aegidius Tschudi, Chronicon Helveticum, Teil 11, bearb. von Bernhard Stettler (= Quellen zur"
/Users/programming/PycharmProjects/Find_Bibliography_NEw/data/azk_library/konstantin-m-langmaier__28.pdf;22;generic;Chronicon/Chronica;\bchronic(?:on|a|orum)\b;"; vacat; identisch?). 74 Bleibt zu klären; vgl. Aegidius Tschudi, Chronicon Helveticum, Teil 11, S. 196; Re gesten zur Geschichte der Bischö"
/Users/programming/PycharmProjects/Find_Bibliography_NEw/data/azk_library/konstantin-m-langmaier__28.pdf;22;generic;Chronicon/Chronica;\bchronicon[\s \-]+helveticum\b;"tanzer Bischofs Heinrichs von Hewen; vgl. Aegidius Tschudi, Chronicon Helveticum, Teil 11, bearb. von Bernhard Stettler (= Quellen zur Schwe"
/Users/programming/PycharmProjects/Find_Bibliography_NEw/data/azk_library/konstantin-m-langmaier__28.pdf;22;generic;Chronicon/Chronica;\bchronicon[\s \-]+helveticum\b;"t; identisch?). 74 Bleibt zu klären; vgl. Aegidius Tschudi, Chronicon Helveticum, Teil 11, S. 196; Re gesten zur Geschichte der Bischöfe von"
/Users/programming/PycharmProjects/Find_Bibliography_NEw/data/azk_library/konstantin-m-langmaier__28.pdf;22;generic;Schlacht-/Kriegserzählungen;\bschlacht(?:en)?\b;au 29/30 (1972/73), S. 7–56. 67 22. Juli 1443. 68 Gemeint ist die Schlacht bei St. Jakob an der Sihl. Vgl. Alois Niederstätter, Der Alte Zür
/Users/programming/PycharmProjects/Find_Bibliography_NEw/data/azk_library/konstantin-m-langmaier__28.pdf;23;series;MAGZ (Mitteilungen der Antiquarischen Gesellschaft in Zürich);\bmagz\b;n Zürichkrieg, hrsg. von Peter Niederhäuser und Christian Sieber (= MAGZ, Bd. 73, 170. Neujahrsblatt), Zürich 2006, S. 59 f. 82 = in die Hän
/Users/programming/PycharmProjects/Find_Bibliography_NEw/data/azk_library/konstantin-m-langmaier__28.pdf;24;series;ZsG (Zeitschrift für schweizerische Geschichte);zeitschrift[\s \-]+f[üu]r[\s \-]+schweizerische[\s \-]+geschichte;"Zürichs im ausgehenden Mittelalter, Teil II, in: Zeitschrift für schweizerische Geschichte 30 (1950), S. 539). 94 fehlen; vgl. Schweizerisc"
/Users/programming/PycharmProjects/Find_Bibliography_NEw/data/azk_library/konstantin-m-langmaier__28.pdf;25;generic;Schlacht-/Kriegserzählungen;\bkrieg(?:e|en)?\b;". 139 (1455; her lútpriester; identisch?); Horgen war besonders vom Krieg betroffen. Vgl. Köppel, S. 561. 112 = geständig. Vgl. Schweizerisc"
/Users/programming/PycharmProjects/Find_Bibliography_NEw/data/azk_library/konstantin-m-langmaier__28.pdf;26;generic;Schlacht-/Kriegserzählungen;\bschlacht(?:en)?\b;auch: Langmaier, Hass (wie Anm. 33), S. 675. 134 Gemeint ist die Schlacht am Hirzel am 24. Mai 1443. Vgl. Niederstätter, Der Alte Zürichkri
/Users/programming/PycharmProjects/Find_Bibliography_NEw/data/azk_library/niederhauser-peter__7.pdf;1;work;Tschachtlan (Benedikt Tschachtlan);\btschachtlan\b;"adt mit Waffen und Nahrungsmitteln. (Berner Chronik des Bendicht Tschachtlan, 1470; Handschrift A 120 der Zentralbibliothek Ztirich, Faksimi"
/Users/programming/PycharmProjects/Find_Bibliography_NEw/data/azk_library/niederhauser-peter__7.pdf;1;work;Berner Chronik (allgemein);\bberner[\s \-]+chronik\b;"swil und versorgten die Stadt mit Waffen und Nahrungsmitteln. (Berner Chronik des Bendicht Tschachtlan, 1470; Handschrift A 120 der Zentralb"
/Users/programming/PycharmProjects/Find_Bibliography_NEw/data/azk_library/niederhauser-peter__7.pdf;1;generic;Chronik/Chroniken;\bchronik(?:en)?\b;"l und versorgten die Stadt mit Waffen und Nahrungsmitteln. (Berner Chronik des Bendicht Tschachtlan, 1470; Handschrift A 120 der Zentralbibl"
/Users/programming/PycharmProjects/Find_Bibliography_NEw/data/azk_library/niederhauser-peter__7.pdf;4;work;Klingenberger/Rapperswiler Chronik (Eberhard Wüest);klingenberger[\s \-]+chronik;"d 840 (1444, Zitat). 8 Zu diesem Kriegszug Friind, 219-221; Klingenberger Chronik,344 f; Die Chronik des Laurencius Bosshart von Winterthur"
/Users/programming/PycharmProjects/Find_Bibliography_NEw/data/azk_library/niederhauser-peter__7.pdf;4;generic;Chronik/Chroniken;\bchronik(?:en)?\b;"1444, Zitat). 8 Zu diesem Kriegszug Friind, 219-221; Klingenberger Chronik,344 f; Die Chronik des Laurencius Bosshart von Winterthur 1185-15"
/Users/programming/PycharmProjects/Find_Bibliography_NEw/data/azk_library/niederhauser-peter__7.pdf;4;generic;Chronik/Chroniken;\bchronik(?:en)?\b;"diesem Kriegszug Friind, 219-221; Klingenberger Chronik,344 f; Die Chronik des Laurencius Bosshart von Winterthur 1185-1532, hg. von Kaspar"
/Users/programming/PycharmProjects/Find_Bibliography_NEw/data/azk_library/niederhauser-peter__7.pdf;5;generic;Schlacht-/Kriegserzählungen;\bkrieg(?:e|en)?\b;tenwesen sowie fiir besondere Ausgaben, die in Zusammenhang mit dem Krieg standen, in erster Linie Lebensmittellieferungen und Soldgelder. I
/Users/programming/PycharmProjects/Find_Bibliography_NEw/data/azk_library/niederhauser-peter__7.pdf;15;work;Tschudi (Aegidius/Gilg Tschudi, Chronicon Helveticum);\btschudi\b;arkgrafschaft Burgau, dstlich von Ulm). 84 Zasingen (Elsass), vg]. Tschudi, Bd. 11, 251. 85 Schlitten. 194
/Users/programming/PycharmProjects/Find_Bibliography_NEw/data/azk_library/niederhauser-peter__7.pdf;18;generic;Schlacht-/Kriegserzählungen;\bkrieg(?:e|en)?\b;", erklarte am 8. Oktober 1444 von Villingen aus den Eidgenossen den Krieg; vgl. Niederstatter (wie Anm. 1), 277. 100 27. Dezember 1444. 101"
/Users/programming/PycharmProjects/Find_Bibliography_NEw/data/azk_library/niederhauser-peter__7.pdf;27;work;Klingenberger/Rapperswiler Chronik (Eberhard Wüest);klingenberger[\s \-]+chronik;amit der Angriff auf Wil (SG) von Ende Januar gemeint? Vgl. Klingenberger Chronik, 345. 169 Hans von Bodman, 1445 Hauptmann des Jorgenschild
/Users/programming/PycharmProjects/Find_Bibliography_NEw/data/azk_library/niederhauser-peter__7.pdf;27;generic;Chronik/Chroniken;\bchronik(?:en)?\b;r Angriff auf Wil (SG) von Ende Januar gemeint? Vgl. Klingenberger Chronik, 345. 169 Hans von Bodman, 1445 Hauptmann des Jorgenschilds. 170
/Users/programming/PycharmProjects/Find_Bibliography_NEw/data/azk_library/langmaier-konstantin-m__18.pdf;3;generic;Chronik/Chroniken;\bchronik(?:en)?\b;Reichsstadt Gengenbach im Dreißigjährigen Krieg. Leonard Feinleins Chronik über das Jahr 1643. Von Jonas BECHTOLD . . . . . . . . . . . . .
/Users/programming/PycharmProjects/Find_Bibliography_NEw/data/azk_library/langmaier-konstantin-m__18.pdf;3;generic;Schlacht-/Kriegserzählungen;\bkrieg(?:e|en)?\b;. . . . . . . . . 223 Die Reichsstadt Gengenbach im Dreißigjährigen Krieg. Leonard Feinleins Chronik über das Jahr 1643. Von Jonas BECHTOLD
/Users/programming/PycharmProjects/Find_Bibliography_NEw/data/azk_library/langmaier-konstantin-m__18.pdf;7;work;Tschudi (Aegidius/Gilg Tschudi, Chronicon Helveticum);aegidi(?:us)?[\s \-]+tschudi;"il das von Stettler gründlich kommentierte Monumentalwerk des Aegidius Tschudi ediert zur Verfügung steht (gest. 1572; vergleichbar mit Joha"
/Users/programming/PycharmProjects/Find_Bibliography_NEw/data/azk_library/langmaier-konstantin-m__18.pdf;7;work;Tschudi (Aegidius/Gilg Tschudi, Chronicon Helveticum);aegidi(?:us)?[\s \-]+tschudi;"1572; vergleichbar mit Johannes Aventin), vgl. im Folgenden: Aegidius TSCHUDI, Chronicon Helveticum, Teil 10 u. 11, bearb. von Bernhard STE"
/Users/programming/PycharmProjects/Find_Bibliography_NEw/data/azk_library/langmaier-konstantin-m__18.pdf;7;work;Tschudi (Aegidius/Gilg Tschudi, Chronicon Helveticum);\btschudi\b;"as von Stettler gründlich kommentierte Monumentalwerk des Aegidius Tschudi ediert zur Verfügung steht (gest. 1572; vergleichbar mit Johannes"
/Users/programming/PycharmProjects/Find_Bibliography_NEw/data/azk_library/langmaier-konstantin-m__18.pdf;7;work;Tschudi (Aegidius/Gilg Tschudi, Chronicon Helveticum);\btschudi\b;"2; vergleichbar mit Johannes Aventin), vgl. im Folgenden: Aegidius TSCHUDI, Chronicon Helveticum, Teil 10 u. 11, bearb. von Bernhard STETTLE"
/Users/programming/PycharmProjects/Find_Bibliography_NEw/data/azk_library/langmaier-konstantin-m__18.pdf;7;work;Tschudi (Aegidius/Gilg Tschudi, Chronicon Helveticum);chronicon[\s \-]+helveticum;mit Johannes Aventin), vgl. im Folgenden: Aegidius TSCHUDI, Chronicon Helveticum, Teil 10 u. 11, bearb. von Bernhard STETTLER (Quellen zur S
/Users/programming/PycharmProjects/Find_Bibliography_NEw/data/azk_library/langmaier-konstantin-m__18.pdf;7;series;QSG (Quellen zur Schweizer Geschichte);quellen[\s \-]+zur[\s \-]+schweizer[\s \-]+geschichte;veticum, Teil 10 u. 11, bearb. von Bernhard STETTLER (Quellen zur Schweizer Geschichte, N. F., 1. Abt. Chroniken VII/10–11), Basel 1994–1996
/Users/programming/PycharmProjects/Find_Bibliography_NEw/data/azk_library/langmaier-konstantin-m__18.pdf;7;generic;Chronik/Chroniken;\bchronik(?:en)?\b;rnhard STETTLER (Quellen zur Schweizer Geschichte, N. F., 1. Abt. Chroniken VII/10–11), Basel 1994–1996 sowie zahlreiche ältere landes- und
/Users/programming/PycharmProjects/Find_Bibliography_NEw/data/azk_library/langmaier-konstantin-m__18.pdf;7;generic;Chronicon/Chronica;\bchronic(?:on|a|orum)\b;chbar mit Johannes Aventin), vgl. im Folgenden: Aegidius TSCHUDI, Chronicon Helveticum, Teil 10 u. 11, bearb. von Bernhard STETTLER (Quellen
/Users/programming/PycharmProjects/Find_Bibliography_NEw/data/azk_library/langmaier-konstantin-m__18.pdf;7;generic;Chronicon/Chronica;\bchronicon[\s \-]+helveticum\b;mit Johannes Aventin), vgl. im Folgenden: Aegidius TSCHUDI, Chronicon Helveticum, Teil 10 u. 11, bearb. von Bernhard STETTLER (Quellen zur S
/Users/programming/PycharmProjects/Find_Bibliography_NEw/data/azk_library/langmaier-konstantin-m__18.pdf;7;generic;Eydgenossenschaft/Helvetia (frühneuzeitl. Schreibungen);eidt?genossenschaft;"sche Geschichte 1278–1411), Wien 2001; Bernhard STETTLER, Die Eidgenossenschaft im 15. Jahrhundert. Die Suche nach einem gemeinsamen Nenner,"
/Users/programming/PycharmProjects/Find_Bibliography_NEw/data/azk_library/langmaier-konstantin-m__18.pdf;9;work;Hemmerlin (Felix Hemmerlin/Malleolus);de[\s \-]+nobilitate[\s \-]+et[\s \-]+rusticitate;Hemmerli und der Dialog über den Adel und den Bauern (De nobilitate et rusticitate dialogus): Seine Bedeutung für die Erforschung der Men
/Users/programming/PycharmProjects/Find_Bibliography_NEw/data/azk_library/langmaier-konstantin-m__18.pdf;10;work;Tschudi (Aegidius/Gilg Tschudi, Chronicon Helveticum);\btschudi\b;ichen Standpunkt der Parteien vgl. die differenzierte Analyse bei: TSCHUDI (wie Anm. 3) Teil 10, S. 10* ff. 17 Wichtig: Otto SIGG, Spätmitte
/Users/programming/PycharmProjects/Find_Bibliography_NEw/data/azk_library/langmaier-konstantin-m__18.pdf;10;generic;Schlacht-/Kriegserzählungen;\bkrieg(?:e|en)?\b;fochtenen Konflikts war das Erbe der Toggenburger Grafen16. Bei dem Krieg, der auch als „Alter Zürichkrieg“ bekannt ist, ging es den Anraine
/Users/programming/PycharmProjects/Find_Bibliography_NEw/data/azk_library/langmaier-konstantin-m__18.pdf;10;generic;Schlacht-/Kriegserzählungen;\bkrieg(?:e|en)?\b;ise“. Aspekte der Zürcher Geschichte im Spannungsfeld von Sempacher Krieg und Altem Zürichkrieg, in: Schweizerische Zeitschrift für Geschich
/Users/programming/PycharmProjects/Find_Bibliography_NEw/data/azk_library/langmaier-konstantin-m__18.pdf;11;work;Stumpf (Johannes Stumpf, Schweizerchronik);johannes[\s \-]+stumpf;escriptio Helvetiae, Fratris Felicis Fabri descriptio Sueviae, Johannes Stumpf, Reisebericht von 1544, hg. von Hermann ESCHER u. a. (Quellen
/Users/programming/PycharmProjects/Find_Bibliography_NEw/data/azk_library/langmaier-konstantin-m__18.pdf;11;series;QSG (Quellen zur Schweizer Geschichte);quellen[\s \-]+zur[\s \-]+schweizer[\s \-]+geschichte;"Reisebericht von 1544, hg. von Hermann ESCHER u. a. (Quellen zur Schweizer Geschichte, Bd. 6), Basel 1884, S. 156 f.; vgl. auch: StA Zürich"
/Users/programming/PycharmProjects/Find_Bibliography_NEw/data/azk_library/langmaier-konstantin-m__18.pdf;11;series;MAGZ (Mitteilungen der Antiquarischen Gesellschaft in Zürich);mitteilungen[\s \-]+der[\s \-]+antiquarischen[\s \-]+gesellschaft[\s \-]+in[\s \-]+z[üu]rich;von Peter NIEDERHÄUSER / Christian SIEBER (Mitteilungen der Antiquarischen Gesellschaft in Zürich, Bd. 73), Zürich 2006, S. 100 u. 103 ff.
/Users/programming/PycharmProjects/Find_Bibliography_NEw/data/azk_library/langmaier-konstantin-m__18.pdf;11;generic;Eydgenossenschaft/Helvetia (frühneuzeitl. Schreibungen);helveti[ae];onradi Türst de situ confoederatorum descriptio, Balci descriptio Helvetiae, Fratris Felicis Fabri descriptio Sueviae, Johannes Stumpf, Reis
/Users/programming/PycharmProjects/Find_Bibliography_NEw/data/azk_library/langmaier-konstantin-m__18.pdf;11;generic;Schlacht-/Kriegserzählungen;\bkrieg(?:e|en)?\b;lichenheit, welche die Stadt Zürich vorzuweisen hatte, fand mit dem Krieg ein abruptes Ende22. Natürlich gab es Gründe, die nicht nur strate
/Users/programming/PycharmProjects/Find_Bibliography_NEw/data/azk_library/langmaier-konstantin-m__18.pdf;11;generic;Schlacht-/Kriegserzählungen;\bkrieg(?:e|en)?\b;19) S. 340. 23 Das wird besonders bei Felix Fabri deutlich, der den Krieg als kleines Kind miterlebt hatte, vgl. Fratris Felicis Fabri Descr
/Users/programming/PycharmProjects/Find_Bibliography_NEw/data/azk_library/langmaier-konstantin-m__18.pdf;11;generic;Schlacht-/Kriegserzählungen;\bkrieg(?:e|en)?\b;vgl. etwa: Aussage Nr. [9, 56, 77, 82, 87, 88]. 25 Werner BOSSHARD, Krieg und Todesvorbereitung, Zürcher letztwillige Verfügungen 1428–1445,
/Users/programming/PycharmProjects/Find_Bibliography_NEw/data/azk_library/langmaier-konstantin-m__18.pdf;12;series;MAGZ (Mitteilungen der Antiquarischen Gesellschaft in Zürich);mitteilungen[\s \-]+der[\s \-]+antiquarischen[\s \-]+gesellschaft[\s \-]+in[\s \-]+z[üu]rich;Stadtadel im spätmittelalterlichen Zürich (Mitteilungen der Antiquarischen Gesellschaft in Zürich, Bd. 84, 181. Neujahrsblatt), Zürich 2017,
/Users/programming/PycharmProjects/Find_Bibliography_NEw/data/azk_library/langmaier-konstantin-m__18.pdf;12;generic;Schlacht-/Kriegserzählungen;\bschlacht(?:en)?\b;indlicher Verlust, wenn bedacht wird, dass hier in einer einzigen Schlacht mehr als ein Zehntel der waffenfähigen Zürcher Bevölkerung getöte
/Users/programming/PycharmProjects/Find_Bibliography_NEw/data/azk_library/langmaier-konstantin-m__18.pdf;12;generic;Schlacht-/Kriegserzählungen;\bkrieg(?:e|en)?\b;e Grenzen ihrer Kräfte gelangt war und Teile der Bewohnerschaft den Krieg mit den ehemaligen Bündnispartnern ablehnten. Tatsächlich belegen
/Users/programming/PycharmProjects/Find_Bibliography_NEw/data/azk_library/langmaier-konstantin-m__18.pdf;13;generic;Chronik/Chroniken;\bchronik(?:en)?\b;er von Lichtensteig, hg. von Gustav SCHERRER (Kleine Toggenburger Chroniken. Mit Beilagen und Erörterungen), St. Gallen 1874, S. 48. 44 Vgl.
/Users/programming/PycharmProjects/Find_Bibliography_NEw/data/azk_library/langmaier-konstantin-m__18.pdf;13;generic;Schlacht-/Kriegserzählungen;\bschlacht(?:en)?\b;t mehr kompensieren konnte43. So verzeichnete man allein nach der Schlacht bei St. Jakob an der Birs im August 1444 rund 1.300 Tote, ein bea
/Users/programming/PycharmProjects/Find_Bibliography_NEw/data/azk_library/langmaier-konstantin-m__18.pdf;13;generic;Schlacht-/Kriegserzählungen;\bschlacht(?:en)?\b;gl. Werner MEYER, „Also griffen die Eidgenossen das Volk an“. Die Schlacht bei St. Jakob an der Birs, Hintergründe, Verlauf und Bedeutung, i
/Users/programming/PycharmProjects/Find_Bibliography_NEw/data/azk_library/langmaier-konstantin-m__18.pdf;13;generic;Schlacht-/Kriegserzählungen;\bkrieg(?:e|en)?\b;Vorarlberg aufs Schwerste bedrängt werden sollten33. Hatte sich der Krieg am Gegensatz mit Zürich entzündet, galt es für die Eidgenossen, di
/Users/programming/PycharmProjects/Find_Bibliography_NEw/data/azk_library/langmaier-konstantin-m__18.pdf;13;generic;Schlacht-/Kriegserzählungen;\bkrieg(?:e|en)?\b;Feind zur Zermürbungstaktik überging35, indem er Geldmittel für den Krieg frei machte36, seine zeitweilige numerische Überlegenheit einsetzt
/Users/programming/PycharmProjects/Find_Bibliography_NEw/data/azk_library/langmaier-konstantin-m__18.pdf;14;work;Edlibach (Gerold Edlibach, Zürcher Chronik);gerold[\s \-]+edlibach;im Mittelalter, hg. von DEMS., Berlin 2001, S. 18 ff. 46 Vgl. Gerold Edlibach’s Chronik, hg. von Johann Martin USTERI (Mitteilungen der ant
/Users/programming/PycharmProjects/Find_Bibliography_NEw/data/azk_library/langmaier-konstantin-m__18.pdf;14;work;Edlibach (Gerold Edlibach, Zürcher Chronik);\bedlibach\b;Mittelalter, hg. von DEMS., Berlin 2001, S. 18 ff. 46 Vgl. Gerold Edlibach’s Chronik, hg. von Johann Martin USTERI (Mitteilungen der antiqua
/Users/programming/PycharmProjects/Find_Bibliography_NEw/data/azk_library/langmaier-konstantin-m__18.pdf;14;generic;Chronik/Chroniken;\bchronik(?:en)?\b;r, hg. von DEMS., Berlin 2001, S. 18 ff. 46 Vgl. Gerold Edlibach’s Chronik, hg. von Johann Martin USTERI (Mitteilungen der antiquarischen Ge
/Users/programming/PycharmProjects/Find_Bibliography_NEw/data/azk_library/langmaier-konstantin-m__18.pdf;14;generic;Schlacht-/Kriegserzählungen;\bschlacht(?:en)?\b;"57 (mit weiteren Literaturhinweisen); Hans Georg WACKERNAGEL, Die Schlacht bei St. Jakob an der Birs, in: Altes Volkstum der Schweiz, Gesamm"
/Users/programming/PycharmProjects/Find_Bibliography_NEw/data/azk_library/langmaier-konstantin-m__18.pdf;14;generic;Schlacht-/Kriegserzählungen;\bkrieg(?:e|en)?\b;Mobilisierung des öffentlichen Lebens der gemain im Krieg: Gefahren einer Negativspirale? Ohne hier tiefergehende statistische Betrachtungen
/Users/programming/PycharmProjects/Find_Bibliography_NEw/data/azk_library/langmaier-konstantin-m__18.pdf;14;generic;Schlacht-/Kriegserzählungen;\bkrieg(?:e|en)?\b;u sein, um der Macht des Feindes widerstehen zu können. Mag man den Krieg im Clausewitzschen Sinne als fortgesetztes Mittel der Politik betr
/Users/programming/PycharmProjects/Find_Bibliography_NEw/data/azk_library/langmaier-konstantin-m__18.pdf;14;generic;Schlacht-/Kriegserzählungen;\bkrieg(?:e|en)?\b;iner vorgegebenen Logik von Anfang an folgen zu müssen, scheint der Krieg jede Sphäre zu erfassen, muss doch eine absolute Verteidigungs- un
/Users/programming/PycharmProjects/Find_Bibliography_NEw/data/azk_library/langmaier-konstantin-m__18.pdf;14;generic;Schlacht-/Kriegserzählungen;\bkrieg(?:e|en)?\b;ttelalter sei hier am Rande verwiesen auf: Hans-Henning KORTÜM, Der Krieg im Mittelalter als Gegenstand der Historischen Kulturwissenschafte
/Users/programming/PycharmProjects/Find_Bibliography_NEw/data/azk_library/langmaier-konstantin-m__18.pdf;14;generic;Schlacht-/Kriegserzählungen;\bkrieg(?:e|en)?\b;er Historischen Kulturwissenschaften. Versuch einer Annäherung, in: Krieg im Mittelalter, hg. von DEMS., Berlin 2001, S. 18 ff. 46 Vgl. Gero
/Users/programming/PycharmProjects/Find_Bibliography_NEw/data/azk_library/langmaier-konstantin-m__18.pdf;15;work;Tschudi (Aegidius/Gilg Tschudi, Chronicon Helveticum);aegidi(?:us)?[\s \-]+tschudi;und seinen tieferen Ursachen unterschieden werden muss, vgl. Aegidius TSCHUDI (wie Anm. 3) Teil 10, S. 10. 48 Zu dem inflationär benutzten
/Users/programming/PycharmProjects/Find_Bibliography_NEw/data/azk_library/langmaier-konstantin-m__18.pdf;15;work;Tschudi (Aegidius/Gilg Tschudi, Chronicon Helveticum);\btschudi\b;seinen tieferen Ursachen unterschieden werden muss, vgl. Aegidius TSCHUDI (wie Anm. 3) Teil 10, S. 10. 48 Zu dem inflationär benutzten Begr
/Users/programming/PycharmProjects/Find_Bibliography_NEw/data/azk_library/langmaier-konstantin-m__18.pdf;17;work;Tschudi (Aegidius/Gilg Tschudi, Chronicon Helveticum);\btschudi\b;"Huphan, aus Glarus stammte. Vgl. StA Zürich, B VI 215, fol. 38rv; TSCHUDI (wie Anm. 3) Teil 11, S. 236. 59 GILOMEN (wie Anm. 22) S. 339. 60"
/Users/programming/PycharmProjects/Find_Bibliography_NEw/data/azk_library/langmaier-konstantin-m__18.pdf;17;generic;Schlacht-/Kriegserzählungen;\bkrieg(?:e|en)?\b;e die Partei der Fernhändler, der Krämer und des Textilgewerbes den Krieg mit den Eidgenossen, während die Exponenten des regionalen Gewerbe
/Users/programming/PycharmProjects/Find_Bibliography_NEw/data/azk_library/langmaier-konstantin-m__18.pdf;17;generic;Schlacht-/Kriegserzählungen;\bkrieg(?:e|en)?\b;2) S. 339. 60 Ebd., S. 340. 61 Vgl. z. B.: Willy SCHULZE, Freiburgs Krieg gegen Savoyen 1447–1448. Kann sich eine mittelalterliche Stadt üb
/Users/programming/PycharmProjects/Find_Bibliography_NEw/data/azk_library/langmaier-konstantin-m__18.pdf;17;generic;Schlacht-/Kriegserzählungen;\bkrieg(?:e|en)?\b;7–1448. Kann sich eine mittelalterliche Stadt überhaupt noch einen Krieg leisten?, in: Freiburger Geschichtsblätter 79 (2002) S. 7–55. 62
/Users/programming/PycharmProjects/Find_Bibliography_NEw/data/azk_library/langmaier-konstantin-m__18.pdf;18;series;ZsG (Zeitschrift für schweizerische Geschichte);zeitschrift[\s \-]+f[üu]r[\s \-]+schweizerische[\s \-]+geschichte;., Zürich und die geistliche Gerichtsbarkeit, in: Zeitschrift für schweizerische Geschichte 16 (1936) S. 1–35. 67 BURGHARTZ (wie Anm. 66) S.
/Users/programming/PycharmProjects/Find_Bibliography_NEw/data/azk_library/langmaier-konstantin-m__18.pdf;18;generic;Schlacht-/Kriegserzählungen;\bkrieg(?:e|en)?\b;"‚Staatsinteresse‘ gab, sondern unterschiedliche Motivationen einen Krieg zu führen; oft sei Krieg nur von einer Partei innerhalb einer Stad"
/Users/programming/PycharmProjects/Find_Bibliography_NEw/data/azk_library/langmaier-konstantin-m__18.pdf;18;generic;Schlacht-/Kriegserzählungen;\bkrieg(?:e|en)?\b;"ondern unterschiedliche Motivationen einen Krieg zu führen; oft sei Krieg nur von einer Partei innerhalb einer Stadt ausgegangen). 64 ILLI ("
/Users/programming/PycharmProjects/Find_Bibliography_NEw/data/azk_library/langmaier-konstantin-m__18.pdf;19;generic;Schlacht-/Kriegserzählungen;\bkrieg(?:e|en)?\b;ichtlichkeit solcher Listen). 72 Gabriel ZEILINGER, Lebensformen im Krieg. Eine Alltags- und Erfahrungsgeschichte des süddeutschen Städtek
/Users/programming/PycharmProjects/Find_Bibliography_NEw/data/azk_library/langmaier-konstantin-m__18.pdf;19;generic;Schlacht-/Kriegserzählungen;\bkrieg(?:e|en)?\b;lich deshalb, weil die rechtzeitige Übermittlung von Nachrichten im Krieg von äußerst neuralgischer Bedeutung ist. Vgl. Konstantin Moritz LA
/Users/programming/PycharmProjects/Find_Bibliography_NEw/data/azk_library/langmaier-konstantin-m__18.pdf;20;work;Tschudi (Aegidius/Gilg Tschudi, Chronicon Helveticum);aegidi(?:us)?[\s \-]+tschudi;. und 16. Jahrhundert. Die Lieder im Chronicon Helveticum von Aegidius Tschudi (Göppinger Arbeiten zur Germanistik, Nr. 405), Göppingen 1986
/Users/programming/PycharmProjects/Find_Bibliography_NEw/data/azk_library/langmaier-konstantin-m__18.pdf;20;work;Tschudi (Aegidius/Gilg Tschudi, Chronicon Helveticum);aegidi(?:us)?[\s \-]+tschudi;"unde, Bd. 60), Basel 1976, S. 658 ff. (betrifft Schmähungen); Aegidius TSCHUDI, Chronicon Helveticum, Hilfsmittel, 1. Teil, Verzeichnis der"
/Users/programming/PycharmProjects/Find_Bibliography_NEw/data/azk_library/langmaier-konstantin-m__18.pdf;20;work;Tschudi (Aegidius/Gilg Tschudi, Chronicon Helveticum);\btschudi\b;"u. a. 1998, S. 34 ff.; NIEDER- STÄTTER (wie Anm. 17) S. 103 f. 80 TSCHUDI (wie Anm. 3) Teil 11, S. 174 ff.; Beate RATTAY, Entstehung und Re"
/Users/programming/PycharmProjects/Find_Bibliography_NEw/data/azk_library/langmaier-konstantin-m__18.pdf;20;work;Tschudi (Aegidius/Gilg Tschudi, Chronicon Helveticum);\btschudi\b;d 16. Jahrhundert. Die Lieder im Chronicon Helveticum von Aegidius Tschudi (Göppinger Arbeiten zur Germanistik, Nr. 405), Göppingen 1986, S.
/Users/programming/PycharmProjects/Find_Bibliography_NEw/data/azk_library/langmaier-konstantin-m__18.pdf;20;work;Tschudi (Aegidius/Gilg Tschudi, Chronicon Helveticum);\btschudi\b;", Bd. 60), Basel 1976, S. 658 ff. (betrifft Schmähungen); Aegidius TSCHUDI, Chronicon Helveticum, Hilfsmittel, 1. Teil, Verzeichnis der Doku"
/Users/programming/PycharmProjects/Find_Bibliography_NEw/data/azk_library/langmaier-konstantin-m__18.pdf;20;work;Tschudi (Aegidius/Gilg Tschudi, Chronicon Helveticum);chronicon[\s \-]+helveticum;politischer Lyrik im 15. und 16. Jahrhundert. Die Lieder im Chronicon Helveticum von Aegidius Tschudi (Göppinger Arbeiten zur Germanistik, N
/Users/programming/PycharmProjects/Find_Bibliography_NEw/data/azk_library/langmaier-konstantin-m__18.pdf;20;work;Tschudi (Aegidius/Gilg Tschudi, Chronicon Helveticum);chronicon[\s \-]+helveticum;"1976, S. 658 ff. (betrifft Schmähungen); Aegidius TSCHUDI, Chronicon Helveticum, Hilfsmittel, 1. Teil, Verzeichnis der Dokumente, Verzeichn"
/Users/programming/PycharmProjects/Find_Bibliography_NEw/data/azk_library/langmaier-konstantin-m__18.pdf;20;series;QSG (Quellen zur Schweizer Geschichte);quellen[\s \-]+zur[\s \-]+schweizer[\s \-]+geschichte;"Verzeichnis der Lieder, bearb. von Christian SIEBER (Quellen zur Schweizer Geschichte, N.F., 1. Abt. Bd. VII/H1), Basel 2001, S. 261ff.; Ro"
/Users/programming/PycharmProjects/Find_Bibliography_NEw/data/azk_library/langmaier-konstantin-m__18.pdf;20;generic;Chronicon/Chronica;\bchronic(?:on|a|orum)\b;ption politischer Lyrik im 15. und 16. Jahrhundert. Die Lieder im Chronicon Helveticum von Aegidius Tschudi (Göppinger Arbeiten zur Germanis
/Users/programming/PycharmProjects/Find_Bibliography_NEw/data/azk_library/langmaier-konstantin-m__18.pdf;20;generic;Chronicon/Chronica;\bchronic(?:on|a|orum)\b;"Basel 1976, S. 658 ff. (betrifft Schmähungen); Aegidius TSCHUDI, Chronicon Helveticum, Hilfsmittel, 1. Teil, Verzeichnis der Dokumente, Ver"
/Users/programming/PycharmProjects/Find_Bibliography_NEw/data/azk_library/langmaier-konstantin-m__18.pdf;20;generic;Chronicon/Chronica;\bchronicon[\s \-]+helveticum\b;politischer Lyrik im 15. und 16. Jahrhundert. Die Lieder im Chronicon Helveticum von Aegidius Tschudi (Göppinger Arbeiten zur Germanistik, N
/Users/programming/PycharmProjects/Find_Bibliography_NEw/data/azk_library/langmaier-konstantin-m__18.pdf;20;generic;Chronicon/Chronica;\bchronicon[\s \-]+helveticum\b;"1976, S. 658 ff. (betrifft Schmähungen); Aegidius TSCHUDI, Chronicon Helveticum, Hilfsmittel, 1. Teil, Verzeichnis der Dokumente, Verzeichn"
/Users/programming/PycharmProjects/Find_Bibliography_NEw/data/azk_library/langmaier-konstantin-m__18.pdf;20;generic;Schlacht-/Kriegserzählungen;\bkrieg(?:e|en)?\b;Vorgänge im Detail auszubreiten, soll klargemacht werden, dass der Krieg, so überschaubar er von außen erscheinen mag, ansonsten relevante
/Users/programming/PycharmProjects/Find_Bibliography_NEw/data/azk_library/langmaier-konstantin-m__18.pdf;20;generic;Schlacht-/Kriegserzählungen;\bkrieg(?:e|en)?\b;t bestimmte den Alltag. Die normale Rechtsprechung ordnete sich dem Krieg unter und wurde dadurch mindestens indirekt zum Terrorinstrument.
/Users/programming/PycharmProjects/Find_Bibliography_NEw/data/azk_library/langmaier-konstantin-m__18.pdf;20;generic;Schlacht-/Kriegserzählungen;\bkrieg(?:e|en)?\b;ür zu sorgen, dass die Bürger mehr Angst vor ihr hatten als vor dem Krieg. Gleiches galt auch für die Geistlichkeit, die der Kriegspartei mo
/Users/programming/PycharmProjects/Find_Bibliography_NEw/data/azk_library/langmaier-konstantin-m__18.pdf;20;generic;Schlacht-/Kriegserzählungen;\bkrieg(?:e|en)?\b;reiche Kriegslieder aus dieser Zeit bekannt80. Fest steht, dass der Krieg keineswegs auf rein Militärisches beschränkt 75 Ebd., S. 61ff. u.
/Users/programming/PycharmProjects/Find_Bibliography_NEw/data/azk_library/langmaier-konstantin-m__18.pdf;21;generic;Schlacht-/Kriegserzählungen;\bkrieg(?:e|en)?\b;en Schwyz-Gegnern und Schwyz-Befürwortern war daher immer auch ein ‚Krieg der Schwänze‘82. Hatte jemand eine Pfauenfeder am Hut, wurde sie i
/Users/programming/PycharmProjects/Find_Bibliography_NEw/data/azk_library/langmaier-konstantin-m__18.pdf;23;work;Tschudi (Aegidius/Gilg Tschudi, Chronicon Helveticum);\btschudi\b;"latt der Stadtbibliothek Zürich, Nr. 257), Zürich 1901, S. 19 ff.; TSCHUDI (wie Anm. 3) Teil 11, S. 31* f.; SCHLÜER (wie Anm. 19) S. 128; Di"
/Users/programming/PycharmProjects/Find_Bibliography_NEw/data/azk_library/langmaier-konstantin-m__18.pdf;23;work;Tschudi (Aegidius/Gilg Tschudi, Chronicon Helveticum);\btschudi\b;ichnis bei: FREY, Fromme feste Junker (wie Anm. 28) S. 45. 92 Vgl. TSCHUDI (wie Anm. 3) Teil 11, S. 27*–30*. 93 Hans SCHULTHESS, Die Zunft z
/Users/programming/PycharmProjects/Find_Bibliography_NEw/data/azk_library/langmaier-konstantin-m__18.pdf;23;work;Tschudi (Aegidius/Gilg Tschudi, Chronicon Helveticum);\btschudi\b;"866, in: Zürcher Taschenbuch, N.F., 57 [auf das Jahr] 1937, S. 12; TSCHUDI (wie Anm. 3) Teil 11, 84 Konstantin Moritz Langmaier"
/Users/programming/PycharmProjects/Find_Bibliography_NEw/data/azk_library/langmaier-konstantin-m__18.pdf;23;work;Zürcher Stadtchronik (allgemein);chronik[\s \-]+der[\s \-]+stadt[\s \-]+z[üu]rich;Angaben bei FREY (wie Anm. 87) S. 98, Anm. 16. Vgl. auch: Chronik der Stadt Zürich: mit Fortsetzungen, hg. von Johannes DIERAUER (Quellen zu
/Users/programming/PycharmProjects/Find_Bibliography_NEw/data/azk_library/langmaier-konstantin-m__18.pdf;23;work;Chronik der Stadt Zürich (Edlibach u. a.);chronik[\s \-]+der[\s \-]+stadt[\s \-]+z[üu]rich;Angaben bei FREY (wie Anm. 87) S. 98, Anm. 16. Vgl. auch: Chronik der Stadt Zürich: mit Fortsetzungen, hg. von Johannes DIERAUER (Quellen zu
/Users/programming/PycharmProjects/Find_Bibliography_NEw/data/azk_library/langmaier-konstantin-m__18.pdf;23;series;QSG (Quellen zur Schweizer Geschichte);quellen[\s \-]+zur[\s \-]+schweizer[\s \-]+geschichte;Zürich: mit Fortsetzungen, hg. von Johannes DIERAUER (Quellen zur Schweizer Geschichte, Bd. 18), Basel 1900, S. 231. Zu den Wappenbriefen vg
/Users/programming/PycharmProjects/Find_Bibliography_NEw/data/azk_library/langmaier-konstantin-m__18.pdf;23;generic;Chronik/Chroniken;\bchronik(?:en)?\b;auch die Angaben bei FREY (wie Anm. 87) S. 98, Anm. 16. Vgl. auch: Chronik der Stadt Zürich: mit Fortsetzungen, hg. von Johannes DIERAUER (Q
/Users/programming/PycharmProjects/Find_Bibliography_NEw/data/azk_library/langmaier-konstantin-m__18.pdf;24;work;Tschudi (Aegidius/Gilg Tschudi, Chronicon Helveticum);\btschudi\b;"e 18 (1968) S. 432 ff. 95 Vgl. NIEDERSTÄTTER (wie Anm. 17) S. 144; TSCHUDI (wie Anm. 3) Teil 11, S. 31*. Heinrich Schwend war für zwei Jahre"
/Users/programming/PycharmProjects/Find_Bibliography_NEw/data/azk_library/langmaier-konstantin-m__18.pdf;24;work;Tschudi (Aegidius/Gilg Tschudi, Chronicon Helveticum);\btschudi\b;wei Jahre als habsburgischer Vogt von Kyburg eingesetzt worden. 96 TSCHUDI (wie Anm. 3) Teil 11, S. 53*. U. a. Götz Escher und Paul Göldli r
/Users/programming/PycharmProjects/Find_Bibliography_NEw/data/azk_library/langmaier-konstantin-m__18.pdf;24;work;Tschudi (Aegidius/Gilg Tschudi, Chronicon Helveticum);\btschudi\b;"14. Vgl. in diesem Zusammenhang auch die Anmerkungen von Stettler; TSCHUDI (wie Anm. 3) Teil 11, S. 54*. 85 Terror in der Stadt?"
/Users/programming/PycharmProjects/Find_Bibliography_NEw/data/azk_library/langmaier-konstantin-m__18.pdf;25;series;ZsG (Zeitschrift für schweizerische Geschichte);zeitschrift[\s \-]+f[üu]r[\s \-]+schweizerische[\s \-]+geschichte;Zürichs im ausgehenden Mittelalter, Teil II, in: Zeitschrift für schweizerische Geschichte 30 (1950) S. 539. 107 Vgl. die jüngst erschienen
/Users/programming/PycharmProjects/Find_Bibliography_NEw/data/azk_library/langmaier-konstantin-m__18.pdf;27;work;Tschudi (Aegidius/Gilg Tschudi, Chronicon Helveticum);\btschudi\b;Wissenschaften 2 (1838) S. 124–154 u. 351–370, hier S. 133 ff. 116 TSCHUDI (wie Anm. 3) Teil 10, S. 339, Anm. 134 (ohne Quellenangabe). 117
/Users/programming/PycharmProjects/Find_Bibliography_NEw/data/azk_library/langmaier-konstantin-m__18.pdf;27;work;Hottinger (Johann Jakob Hottinger, Helvetische Kirchengeschichte);johann[\s \-]+jakob[\s \-]+hottinger;und Rechtsquellen, Bd. 40), Ostfildern 2008, S. 600 f. 115 Johann Jakob HOTTINGER, Zürichs inneres Leben während der Dauer des alten Zürichk
/Users/programming/PycharmProjects/Find_Bibliography_NEw/data/azk_library/langmaier-konstantin-m__18.pdf;27;work;Hottinger (Johann Jakob Hottinger, Helvetische Kirchengeschichte);\bhottinger\b;chtsquellen, Bd. 40), Ostfildern 2008, S. 600 f. 115 Johann Jakob HOTTINGER, Zürichs inneres Leben während der Dauer des alten Zürichkrieges
/Users/programming/PycharmProjects/Find_Bibliography_NEw/data/azk_library/langmaier-konstantin-m__18.pdf;27;series;MAGZ (Mitteilungen der Antiquarischen Gesellschaft in Zürich);mitteilungen[\s \-]+der[\s \-]+antiquarischen[\s \-]+gesellschaft[\s \-]+in[\s \-]+z[üu]rich;"VON WYSS, Geschichte der Abtei Zürich, in: Mitteilungen der Antiquarischen Gesellschaft in Zürich 8 (1851–1858) S. 437 ff. (unzureichend); K"
/Users/programming/PycharmProjects/Find_Bibliography_NEw/data/azk_library/langmaier-konstantin-m__18.pdf;27;generic;Chronik/Chroniken;\bchronik(?:en)?\b;n und öffentlichkeitswirksam kritisieren. 114 Vgl. Die „Konstanzer Chronik“ Gebhart Dachers: By des Byschoffs zyten volgiengen disz nachgesc
/Users/programming/PycharmProjects/Find_Bibliography_NEw/data/azk_library/langmaier-konstantin-m__18.pdf;27;generic;Eydgenossenschaft/Helvetia (frühneuzeitl. Schreibungen);helveti[ae];"105 ff.; Judith STEINMANN, Art. Zürich ZH, Benediktinerinnen, in: Helvetia Sacra, Abt. III, Bd. 1, Bern 1986, S. 2013 f.; URZ, Bd. 7, S. 623"
/Users/programming/PycharmProjects/Find_Bibliography_NEw/data/azk_library/langmaier-konstantin-m__18.pdf;29;generic;Schlacht-/Kriegserzählungen;\bkrieg(?:e|en)?\b;hnliche „Unruhe“, sondern um den Kopf derer, die den verlustreichen Krieg gegen die Eidgenossen angezettelt zu haben schienen. Da das prohab
/Users/programming/PycharmProjects/Find_Bibliography_NEw/data/azk_library/langmaier-konstantin-m__18.pdf;31;work;Edlibach (Gerold Edlibach, Zürcher Chronik);gerold[\s \-]+edlibach;] S. 348). 137 Ähnlich auch die später entstandene Chronik des Gerold Edlibach (vgl. Gerold Edlibach’s Chronik [wie Anm. 46] S. 44: Item uff
/Users/programming/PycharmProjects/Find_Bibliography_NEw/data/azk_library/langmaier-konstantin-m__18.pdf;31;work;Edlibach (Gerold Edlibach, Zürcher Chronik);gerold[\s \-]+edlibach;auch die später entstandene Chronik des Gerold Edlibach (vgl. Gerold Edlibach’s Chronik [wie Anm. 46] S. 44: Item uff den balmabint wass me
/Users/programming/PycharmProjects/Find_Bibliography_NEw/data/azk_library/langmaier-konstantin-m__18.pdf;31;work;Edlibach (Gerold Edlibach, Zürcher Chronik);\bedlibach\b;348). 137 Ähnlich auch die später entstandene Chronik des Gerold Edlibach (vgl. Gerold Edlibach’s Chronik [wie Anm. 46] S. 44: Item uff den
/Users/programming/PycharmProjects/Find_Bibliography_NEw/data/azk_library/langmaier-konstantin-m__18.pdf;31;work;Edlibach (Gerold Edlibach, Zürcher Chronik);\bedlibach\b;h die später entstandene Chronik des Gerold Edlibach (vgl. Gerold Edlibach’s Chronik [wie Anm. 46] S. 44: Item uff den balmabint wass meiss
/Users/programming/PycharmProjects/Find_Bibliography_NEw/data/azk_library/langmaier-konstantin-m__18.pdf;31;work;Tschudi (Aegidius/Gilg Tschudi, Chronicon Helveticum);\btschudi\b;erische Geschichtsforscher 6 (1827) S. 349. 133 Vgl. Anm. 413. 134 TSCHUDI (wie Anm. 3) Teil 11, S. 237, Anm. 107. 135 Wichtig: LOHNER (wie
/Users/programming/PycharmProjects/Find_Bibliography_NEw/data/azk_library/langmaier-konstantin-m__18.pdf;31;work;Tschudi (Aegidius/Gilg Tschudi, Chronicon Helveticum);\btschudi\b;g 1843, S. 155. Der Fünfte war wohl nicht der Stadtschreiber (vgl. TSCHUDI [wie Anm. 3] Teil 11, S. 235, Anm. 107). Allerdings ist aus einer
/Users/programming/PycharmProjects/Find_Bibliography_NEw/data/azk_library/langmaier-konstantin-m__18.pdf;31;generic;Chronik/Chroniken;\bchronik(?:en)?\b;ER [wie Anm. 132] S. 348). 137 Ähnlich auch die später entstandene Chronik des Gerold Edlibach (vgl. Gerold Edlibach’s Chronik [wie Anm. 46]
/Users/programming/PycharmProjects/Find_Bibliography_NEw/data/azk_library/langmaier-konstantin-m__18.pdf;31;generic;Chronik/Chroniken;\bchronik(?:en)?\b;er entstandene Chronik des Gerold Edlibach (vgl. Gerold Edlibach’s Chronik [wie Anm. 46] S. 44: Item uff den balmabint wass meiss und zörnli
/Users/programming/PycharmProjects/Find_Bibliography_NEw/data/azk_library/langmaier-konstantin-m__18.pdf;31;generic;Chronik/Chroniken;\bchronik(?:en)?\b;"tarp er an statt von rehtem schrecken; vgl. Straszburgische Archiv-Chronik, hg. von Louis SCHNEEGANS / Adam Walther STROBEL, in: Code histor"
/Users/programming/PycharmProjects/Find_Bibliography_NEw/data/azk_library/langmaier-konstantin-m__18.pdf;31;generic;Schlacht-/Kriegserzählungen;\bkrieg(?:e|en)?\b;den Anschein legitimen Handelns und eröffnete ihnen die Chance, den Krieg fortzuführen, wobei der Gedanke, im Falle einer Niederlage an der
/Users/programming/PycharmProjects/Find_Bibliography_NEw/data/azk_library/langmaier-konstantin-m__18.pdf;32;work;Tschachtlan (Benedikt Tschachtlan);\btschachtlan\b;ssern woeltind ze rich und mechtig werden144. 138 Vgl. Benedicht TSCHACHTLAN, Berner Chronik bis zum Jahr 1470/71, bearb. von Pascal LADNER,
/Users/programming/PycharmProjects/Find_Bibliography_NEw/data/azk_library/langmaier-konstantin-m__18.pdf;32;work;Berner Chronik (allgemein);\bberner[\s \-]+chronik\b;ze rich und mechtig werden144. 138 Vgl. Benedicht TSCHACHTLAN, Berner Chronik bis zum Jahr 1470/71, bearb. von Pascal LADNER, in: Tschachtla
/Users/programming/PycharmProjects/Find_Bibliography_NEw/data/azk_library/langmaier-konstantin-m__18.pdf;32;generic;Chronik/Chroniken;\bchronik(?:en)?\b;rich und mechtig werden144. 138 Vgl. Benedicht TSCHACHTLAN, Berner Chronik bis zum Jahr 1470/71, bearb. von Pascal LADNER, in: Tschachtlans
/Users/programming/PycharmProjects/Find_Bibliography_NEw/data/azk_library/langmaier-konstantin-m__18.pdf;32;generic;Schlacht-/Kriegserzählungen;\bkrieg(?:e|en)?\b;d Weiningen ganz bezeichnend den Vorwurf äußerte, Zürich hätte den Krieg mit den Eidgenossen begonnen, dz die dorfluett verderben soeltind,
/Users/programming/PycharmProjects/Find_Bibliography_NEw/data/azk_library/langmaier-konstantin-m__18.pdf;34;work;Fründ (Hans Fründ);hans[\s \-]+fr[üu]nd;libach’s Chronik (wie Anm. 46) S. 44. Vgl. auch: Die Chronik des Hans Fründ, Landschreiber zu Schwytz, hg. von Christian Immanuel KIND, Chur
/Users/programming/PycharmProjects/Find_Bibliography_NEw/data/azk_library/langmaier-konstantin-m__18.pdf;34;work;Fründ (Hans Fründ);\bfr[üu]nd\b;bach’s Chronik (wie Anm. 46) S. 44. Vgl. auch: Die Chronik des Hans Fründ, Landschreiber zu Schwytz, hg. von Christian Immanuel KIND, Chur 1
/Users/programming/PycharmProjects/Find_Bibliography_NEw/data/azk_library/langmaier-konstantin-m__18.pdf;34;work;Edlibach (Gerold Edlibach, Zürcher Chronik);gerold[\s \-]+edlibach;n werden (gemeinsam mit den übrigen vier Angeklagten) [40] 146 Gerold Edlibach’s Chronik (wie Anm. 46) S. 44. Vgl. auch: Die Chronik des Han
/Users/programming/PycharmProjects/Find_Bibliography_NEw/data/azk_library/langmaier-konstantin-m__18.pdf;34;work;Edlibach (Gerold Edlibach, Zürcher Chronik);gerold[\s \-]+edlibach;asel 1910, S. 103 f. (keine zeitgenössische Chronik). 147 Vgl. Gerold Edlibach’s Chronik(wie Anm. 46) S. 44. 148 Vgl. Zentralbibliothek Züri
/Users/programming/PycharmProjects/Find_Bibliography_NEw/data/azk_library/langmaier-konstantin-m__18.pdf;34;work;Edlibach (Gerold Edlibach, Zürcher Chronik);\bedlibach\b;7, geschont. Die Hinrichtung im April 1444 ist in der Chronik des Edlibach bildlich festgehalten148. Gegen Hans Brunner den Älteren sind 14
/Users/programming/PycharmProjects/Find_Bibliography_NEw/data/azk_library/langmaier-konstantin-m__18.pdf;34;work;Edlibach (Gerold Edlibach, Zürcher Chronik);\bedlibach\b;rden (gemeinsam mit den übrigen vier Angeklagten) [40] 146 Gerold Edlibach’s Chronik (wie Anm. 46) S. 44. Vgl. auch: Die Chronik des Hans Fr
/Users/programming/PycharmProjects/Find_Bibliography_NEw/data/azk_library/langmaier-konstantin-m__18.pdf;34;work;Edlibach (Gerold Edlibach, Zürcher Chronik);\bedlibach\b;1910, S. 103 f. (keine zeitgenössische Chronik). 147 Vgl. Gerold Edlibach’s Chronik(wie Anm. 46) S. 44. 148 Vgl. Zentralbibliothek Zürich,
/Users/programming/PycharmProjects/Find_Bibliography_NEw/data/azk_library/langmaier-konstantin-m__18.pdf;34;work;Brennwald (Heinrich/Johannes Brennwald, Schweizerchronik);heinrich[\s \-]+brennwald;"en der eidgenössischen Gesandten in den Wellenberg geführt); Heinrich Brennwalds Schweizerchronik, Bd. 2, hg. von Rudolf LUGINBÜHL (Quellen"
/Users/programming/PycharmProjects/Find_Bibliography_NEw/data/azk_library/langmaier-konstantin-m__18.pdf;34;series;QSG (Quellen zur Schweizer Geschichte);quellen[\s \-]+zur[\s \-]+schweizer[\s \-]+geschichte;ds Schweizerchronik, Bd. 2, hg. von Rudolf LUGINBÜHL (Quellen zur Schweizer Geschichte, N.F., 1. Abt., Bd. 2), Basel 1910, S. 103 f. (keine
/Users/programming/PycharmProjects/Find_Bibliography_NEw/data/azk_library/langmaier-konstantin-m__18.pdf;34;generic;Chronik/Chroniken;\bchronik(?:en)?\b;der gemain147, geschont. Die Hinrichtung im April 1444 ist in der Chronik des Edlibach bildlich festgehalten148. Gegen Hans Brunner den Ält
/Users/programming/PycharmProjects/Find_Bibliography_NEw/data/azk_library/langmaier-konstantin-m__18.pdf;34;generic;Chronik/Chroniken;\bchronik(?:en)?\b;insam mit den übrigen vier Angeklagten) [40] 146 Gerold Edlibach’s Chronik (wie Anm. 46) S. 44. Vgl. auch: Die Chronik des Hans Fründ, Lands
/Users/programming/PycharmProjects/Find_Bibliography_NEw/data/azk_library/langmaier-konstantin-m__18.pdf;34;generic;Chronik/Chroniken;\bchronik(?:en)?\b;146 Gerold Edlibach’s Chronik (wie Anm. 46) S. 44. Vgl. auch: Die Chronik des Hans Fründ, Landschreiber zu Schwytz, hg. von Christian Imman
/Users/programming/PycharmProjects/Find_Bibliography_NEw/data/azk_library/langmaier-konstantin-m__18.pdf;34;generic;Chronik/Chroniken;\bchronik(?:en)?\b;.F., 1. Abt., Bd. 2), Basel 1910, S. 103 f. (keine zeitgenössische Chronik). 147 Vgl. Gerold Edlibach’s Chronik(wie Anm. 46) S. 44. 148 Vgl.
/Users/programming/PycharmProjects/Find_Bibliography_NEw/data/azk_library/langmaier-konstantin-m__18.pdf;34;generic;Chronik/Chroniken;\bchronik(?:en)?\b;103 f. (keine zeitgenössische Chronik). 147 Vgl. Gerold Edlibach’s Chronik(wie Anm. 46) S. 44. 148 Vgl. Zentralbibliothek Zürich, Ms. A 75,
/Users/programming/PycharmProjects/Find_Bibliography_NEw/data/azk_library/langmaier-konstantin-m__18.pdf;36;generic;Schlacht-/Kriegserzählungen;\bkrieg(?:e|en)?\b;g, der Wohlstand der Stadt sei in Gefahr [45, 46] – der Aufruf, vom Krieg abzulassen, sowie die Aufforderung, den Herren im Rat ungehorsam z
/Users/programming/PycharmProjects/Find_Bibliography_NEw/data/azk_library/langmaier-konstantin-m__18.pdf;36;generic;Schlacht-/Kriegserzählungen;\bkrieg(?:e|en)?\b;nkler hatte bei gleicher Gelegenheit von sich behauptet, dass er im Krieg sechs Häuser verloren habe. Da diese Aussage zu seinen Gunsten gew
/Users/programming/PycharmProjects/Find_Bibliography_NEw/data/azk_library/langmaier-konstantin-m__18.pdf;41;work;Bullinger (Heinrich Bullinger, historiographische Werke);heinrich[\s \-]+bullinger;nid159 in gefangnussii, hat er [...]iii160 [späterer Vermerk Heinrich Bullingers161:] ze Ostern 1444 [fol. 1r] [Haupthand:] Item man sol nac
/Users/programming/PycharmProjects/Find_Bibliography_NEw/data/azk_library/langmaier-konstantin-m__18.pdf;41;work;Bullinger (Heinrich Bullinger, historiographische Werke);heinrich[\s \-]+bullinger;den zeitüblichen Mitteln „erfragt“ wurde. Vgl. Anm. 312. 161 Heinrich Bullinger (1504–1575), Schweizer Reformator. 162 Uneinigkeit, vgl. Sch
/Users/programming/PycharmProjects/Find_Bibliography_NEw/data/azk_library/langmaier-konstantin-m__18.pdf;41;work;Bullinger (Heinrich Bullinger, historiographische Werke);\bbullinger\b;zeitüblichen Mitteln „erfragt“ wurde. Vgl. Anm. 312. 161 Heinrich Bullinger (1504–1575), Schweizer Reformator. 162 Uneinigkeit, vgl. Schweiz
/Users/programming/PycharmProjects/Find_Bibliography_NEw/data/azk_library/langmaier-konstantin-m__18.pdf;43;work;Tschudi (Aegidius/Gilg Tschudi, Chronicon Helveticum);\btschudi\b;Teilnehmer verschiedener Krönungsfahrten. Vgl. die Anmerkungen in: TSCHUDI (wie Anm. 3) Teil 10, S. 331f. (dort weiterführende Angaben). Vgl
/Users/programming/PycharmProjects/Find_Bibliography_NEw/data/azk_library/langmaier-konstantin-m__18.pdf;43;generic;Schlacht-/Kriegserzählungen;\bschlacht(?:en)?\b;vgl. AMMANN [wie Anm. 106] Teil II, S. 539). 190 Gemeint ist die Schlacht bei St. Jakob an der Sihl. Vgl. NIEDERSTÄTTER (wie Anm. 17) S. 22
/Users/programming/PycharmProjects/Find_Bibliography_NEw/data/azk_library/langmaier-konstantin-m__18.pdf;44;generic;Schlacht-/Kriegserzählungen;\bkrieg(?:e|en)?\b;Ritter, dicit, Hans Meis sige zuo im komen, habe mit im uss uenserm krieg geredtt199 und rett, man soelte gelimpflich200 in die sach komen,
/Users/programming/PycharmProjects/Find_Bibliography_NEw/data/azk_library/langmaier-konstantin-m__18.pdf;45;work;Fründ (Hans Fründ);hans[\s \-]+fr[üu]nd;"März 1444). Vgl. Gerold Edlibach’s Chronik (wie Anm. 46) S. 44; Hans Fründ Chronik (wie Anm. 146) S. 171ff.; TSCHUDI (wie Anm. 3) Teil 11,"
/Users/programming/PycharmProjects/Find_Bibliography_NEw/data/azk_library/langmaier-konstantin-m__18.pdf;45;work;Fründ (Hans Fründ);\bfr[üu]nd(?:s)?\s+chronik;"1444). Vgl. Gerold Edlibach’s Chronik (wie Anm. 46) S. 44; Hans Fründ Chronik (wie Anm. 146) S. 171ff.; TSCHUDI (wie Anm. 3) Teil 11, S. 223"
/Users/programming/PycharmProjects/Find_Bibliography_NEw/data/azk_library/langmaier-konstantin-m__18.pdf;45;work;Fründ (Hans Fründ);\bfr[üu]nd\b;"ärz 1444). Vgl. Gerold Edlibach’s Chronik (wie Anm. 46) S. 44; Hans Fründ Chronik (wie Anm. 146) S. 171ff.; TSCHUDI (wie Anm. 3) Teil 11, S."
/Users/programming/PycharmProjects/Find_Bibliography_NEw/data/azk_library/langmaier-konstantin-m__18.pdf;45;work;Edlibach (Gerold Edlibach, Zürcher Chronik);gerold[\s \-]+edlibach;"d vorwarf (u. a. auch auf dem Tag zu Baden im März 1444). Vgl. Gerold Edlibach’s Chronik (wie Anm. 46) S. 44; Hans Fründ Chronik (wie Anm. 1"
/Users/programming/PycharmProjects/Find_Bibliography_NEw/data/azk_library/langmaier-konstantin-m__18.pdf;45;work;Edlibach (Gerold Edlibach, Zürcher Chronik);\bedlibach\b;"rwarf (u. a. auch auf dem Tag zu Baden im März 1444). Vgl. Gerold Edlibach’s Chronik (wie Anm. 46) S. 44; Hans Fründ Chronik (wie Anm. 146)"
/Users/programming/PycharmProjects/Find_Bibliography_NEw/data/azk_library/langmaier-konstantin-m__18.pdf;45;work;Tschudi (Aegidius/Gilg Tschudi, Chronicon Helveticum);\btschudi\b;"(wie Anm. 46) S. 44; Hans Fründ Chronik (wie Anm. 146) S. 171ff.; TSCHUDI (wie Anm. 3) Teil 11, S. 223 ff.; NIEDERSTÄTTER (wie Anm. 17) S."
/Users/programming/PycharmProjects/Find_Bibliography_NEw/data/azk_library/langmaier-konstantin-m__18.pdf;45;generic;Chronik/Chroniken;\bchronik(?:en)?\b;"a. auch auf dem Tag zu Baden im März 1444). Vgl. Gerold Edlibach’s Chronik (wie Anm. 46) S. 44; Hans Fründ Chronik (wie Anm. 146) S. 171ff.;"
/Users/programming/PycharmProjects/Find_Bibliography_NEw/data/azk_library/langmaier-konstantin-m__18.pdf;45;generic;Chronik/Chroniken;\bchronik(?:en)?\b;"4). Vgl. Gerold Edlibach’s Chronik (wie Anm. 46) S. 44; Hans Fründ Chronik (wie Anm. 146) S. 171ff.; TSCHUDI (wie Anm. 3) Teil 11, S. 223 ff"
/Users/programming/PycharmProjects/Find_Bibliography_NEw/data/azk_library/langmaier-konstantin-m__18.pdf;45;generic;Chronik/Chroniken;\bchronik(?:en)?\b;enfalls vollzogen wurde (vgl. etwa: Franz Joseph MONE, Speierische Chronik (1406 bis 1476), in: Quellensammlung zur badischen Landesgeschich
/Users/programming/PycharmProjects/Find_Bibliography_NEw/data/azk_library/langmaier-konstantin-m__18.pdf;45;generic;Schlacht-/Kriegserzählungen;\bkrieg(?:e|en)?\b;in Rapperswil zu einem achtmonatigen Waffenstillstand gekommen. Der Krieg 106 Konstantin Moritz Langmaier
/Users/programming/PycharmProjects/Find_Bibliography_NEw/data/azk_library/langmaier-konstantin-m__18.pdf;46;work;Fründ (Hans Fründ);hans[\s \-]+fr[üu]nd;"dia OPITZ u. a. (Clio Lucernensis, Bd. 2), Zürich 1993, S. 309; Hans Fründ, Chronik (wie Anm. 146) S. 163 ff. 212 Vgl. Anm. 178. 213 Obst,"
/Users/programming/PycharmProjects/Find_Bibliography_NEw/data/azk_library/langmaier-konstantin-m__18.pdf;46;work;Fründ (Hans Fründ);\bfr[üu]nd\b;"a OPITZ u. a. (Clio Lucernensis, Bd. 2), Zürich 1993, S. 309; Hans Fründ, Chronik (wie Anm. 146) S. 163 ff. 212 Vgl. Anm. 178. 213 Obst, vg"
/Users/programming/PycharmProjects/Find_Bibliography_NEw/data/azk_library/langmaier-konstantin-m__18.pdf;46;series;MAGZ (Mitteilungen der Antiquarischen Gesellschaft in Zürich);mitteilungen[\s \-]+der[\s \-]+antiquarischen[\s \-]+gesellschaft[\s \-]+in[\s \-]+z[üu]rich;"rag zur Kulturgeschichte des alten Zürich (Mitteilungen der Antiquarischen Gesellschaft in Zürich, Bd. 33/1), Zürich 1939; Die Kunstdenkmäle"
/Users/programming/PycharmProjects/Find_Bibliography_NEw/data/azk_library/langmaier-konstantin-m__18.pdf;46;generic;Chronik/Chroniken;\bchronik(?:en)?\b;"u. a. (Clio Lucernensis, Bd. 2), Zürich 1993, S. 309; Hans Fründ, Chronik (wie Anm. 146) S. 163 ff. 212 Vgl. Anm. 178. 213 Obst, vgl. Schwe"
/Users/programming/PycharmProjects/Find_Bibliography_NEw/data/azk_library/langmaier-konstantin-m__18.pdf;47;work;Hemmerlin (Felix Hemmerlin/Malleolus);de[\s \-]+nobilitate[\s \-]+et[\s \-]+rusticitate;Nähe wohnte Felix Hemmerli (Linden 114), der in seinem De nobilitate et rusticitate dialogus (33. Kapitel) auf diese, den Ortskundigen sich
/Users/programming/PycharmProjects/Find_Bibliography_NEw/data/azk_library/langmaier-konstantin-m__18.pdf;47;generic;Chronik/Chroniken;\bchronik(?:en)?\b;"f. 222 Die Parole der prohabsburgischen Partei, vgl. Hans Fründ, Chronik (wie Anm. 146) S. 93 f.; Joseph SEEMÜLLER, Friedrichs III. Aachen"
/Users/programming/PycharmProjects/Find_Bibliography_NEw/data/azk_library/langmaier-konstantin-m__18.pdf;47;generic;Jahrbuch/Jahrbücher;jahrb[üu]ch(?:er|e)?\b;Spotte ...“ Der Habsburger Pfau – ein kurioser Wappenträger, in: Jahrbuch des Kunsthistorischen Museums Wien 13/14 (2011/12) S. 77–103. Der
/Users/programming/PycharmProjects/Find_Bibliography_NEw/data/azk_library/langmaier-konstantin-m__18.pdf;47;generic;Eydgenossenschaft/Helvetia (frühneuzeitl. Schreibungen);eidt?genossenschaft;Ein Beitrag zur Erfassung politischer Verhaltensweisen in der Eidgenossenschaft (1440–1500) unter historisch-anthropologischen Aspekten, Zür
/Users/programming/PycharmProjects/Find_Bibliography_NEw/data/azk_library/langmaier-konstantin-m__18.pdf;49;generic;Schlacht-/Kriegserzählungen;\bschlacht(?:en)?\b;Fehdeunternehmer in habsburgisch-vorländischen Diensten. Nach der Schlacht von St. Jakob an der Sihl war er gemeinsam mit Hans von Rechberg
/Users/programming/PycharmProjects/Find_Bibliography_NEw/data/azk_library/langmaier-konstantin-m__18.pdf;50;work;Justinger (Konrad Justinger, Berner Chronik);konrad[\s \-]+justinger;"56 Zunftmeister der Zürcher Schiffsleute; vgl. Kathrin JOST, Konrad Justinger (ca. 1365–1438): Chronist und Finanzmann in Berns grosser Zei"
/Users/programming/PycharmProjects/Find_Bibliography_NEw/data/azk_library/langmaier-konstantin-m__18.pdf;50;work;Justinger (Konrad Justinger, Berner Chronik);\bjustinger\b;"Zunftmeister der Zürcher Schiffsleute; vgl. Kathrin JOST, Konrad Justinger (ca. 1365–1438): Chronist und Finanzmann in Berns grosser Zeit ("
/Users/programming/PycharmProjects/Find_Bibliography_NEw/data/azk_library/langmaier-konstantin-m__18.pdf;50;work;Tschudi (Aegidius/Gilg Tschudi, Chronicon Helveticum);\btschudi\b;"rs Vater (vgl. URZ, Bd. 6, Nr. 9015 bzw. Anm. 248). 252 Vgl. u. a. TSCHUDI (wie Anm. 3) Teil 10, S. 57; Teil 11, S. 224; URZ, Bd. 6, Nr. 778"
/Users/programming/PycharmProjects/Find_Bibliography_NEw/data/azk_library/langmaier-konstantin-m__18.pdf;52;series;SSRQ (Sammlung Schweizerischer Rechtsquellen);sammlung[\s \-]+schweizerischer[\s \-]+rechtsquellen;Teil, Bd. 1, Das Neuamt, bearb. von Thomas WEIBEL (Sammlung Schweizerischer Rechtsquellen, 1. Abt.), Aarau 1996, S. 287 ff. 272 LANGMAIER Ha
/Users/programming/PycharmProjects/Find_Bibliography_NEw/data/azk_library/langmaier-konstantin-m__18.pdf;54;work;Tschudi (Aegidius/Gilg Tschudi, Chronicon Helveticum);\btschudi\b;"Z, Bd. 7, Nr. 9235, 9754, 10039, 10174, 10203, 10358 (identisch?); TSCHUDI (wie Anm. 3) Teil 11, S. 54*. 294 =Aufwiegler, hier wohl im Sinne"
/Users/programming/PycharmProjects/Find_Bibliography_NEw/data/azk_library/langmaier-konstantin-m__18.pdf;57;work;Tschudi (Aegidius/Gilg Tschudi, Chronicon Helveticum);\btschudi\b;tikon, Bd. 2 (1885) Sp. 1281. Zum Tag von Baden vgl. Anm. 413 bzw. TSCHUDI (wie Anm. 3) Teil 11, S. 226. 327 =geschehe, vgl. Schweizerisches
/Users/programming/PycharmProjects/Find_Bibliography_NEw/data/azk_library/langmaier-konstantin-m__18.pdf;58;generic;Schlacht-/Kriegserzählungen;\bkrieg(?:e|en)?\b;h von Zürich die Partei des Hans Meisen unterstützten, weil sie vom Krieg ganz besonders betroffen waren. 334 Je mehr von ihnen herein kämen
/Users/programming/PycharmProjects/Find_Bibliography_NEw/data/azk_library/langmaier-konstantin-m__18.pdf;59;work;Tschudi (Aegidius/Gilg Tschudi, Chronicon Helveticum);\btschudi\b;genossen. 352 Nämlich im Höllenfeuer, vgl. die Interpretation bei: TSCHUDI (wie Anm. 3) Teil 10, S. 332. 353 Vgl. Anm. 275. 354 =in der Quer
/Users/programming/PycharmProjects/Find_Bibliography_NEw/data/azk_library/langmaier-konstantin-m__18.pdf;60;work;Tschudi (Aegidius/Gilg Tschudi, Chronicon Helveticum);\btschudi\b;auf Warnungen des Feindes durch Brunner und seine Mitverschwörer: TSCHUDI (wie Anm. 3) Teil 11, S. 109 f. 372 =anzuhören, verhören, vgl. Sc
/Users/programming/PycharmProjects/Find_Bibliography_NEw/data/azk_library/langmaier-konstantin-m__18.pdf;62;work;Tschudi (Aegidius/Gilg Tschudi, Chronicon Helveticum);\btschudi\b;"l. GRIMM, Bd. 2, Sp. 256. 385 =U elman Trinkler; ein Beiname; vgl. TSCHUDI (wie Anm. 3) Teil 11, S. 233. (Trinklers Erben befanden sich 1444"
/Users/programming/PycharmProjects/Find_Bibliography_NEw/data/azk_library/langmaier-konstantin-m__18.pdf;63;work;Klingenberger/Rapperswiler Chronik (Eberhard Wüest);klingenberger[\s \-]+chronik;"iligt (gemeinsam mit dem Konstanzer Bischof); vgl. Die sog. Klingenberger Chronik des Eberhard Wüst, Stadtschreiber von Rapperswil, bearb. v"
/Users/programming/PycharmProjects/Find_Bibliography_NEw/data/azk_library/langmaier-konstantin-m__18.pdf;63;generic;Chronik/Chroniken;\bchronik(?:en)?\b;"gemeinsam mit dem Konstanzer Bischof); vgl. Die sog. Klingenberger Chronik des Eberhard Wüst, Stadtschreiber von Rapperswil, bearb. von Bern"
/Users/programming/PycharmProjects/Find_Bibliography_NEw/data/azk_library/langmaier-konstantin-m__18.pdf;63;generic;Eydgenossenschaft/Helvetia (frühneuzeitl. Schreibungen);eidt?genossenschaft;rtsort, Gerichtshof, Landesheiligtum. Einsiedeln und die Alte Eidgenossenschaft, in: Mitteilungen des historischen Vereins des Kantons Schwy
/Users/programming/PycharmProjects/Find_Bibliography_NEw/data/azk_library/langmaier-konstantin-m__18.pdf;63;generic;Eydgenossenschaft/Helvetia (frühneuzeitl. Schreibungen);eidt?genossenschaft;k und heil darvon. Die Bedeutung Einsiedelns für die werdende Eidgenossenschaft (1350–1525): Adelskloster, Wallfahrtsort, Gerichtshof und Ge
/Users/programming/PycharmProjects/Find_Bibliography_NEw/data/azk_library/langmaier-konstantin-m__18.pdf;64;work;Tschudi (Aegidius/Gilg Tschudi, Chronicon Helveticum);\btschudi\b;"zu Baden präsent gewesen. Vgl. NIEDERSTÄTTER (wie Anm. 17) S. 252; TSCHUDI (wie Anm. 3) Teil 11, S. 227 f. (mit weiterführenden Hinweisen);"
/Users/programming/PycharmProjects/Find_Bibliography_NEw/data/azk_library/langmaier-konstantin-m__18.pdf;68;work;Tschudi (Aegidius/Gilg Tschudi, Chronicon Helveticum);\btschudi\b;Sp. 1604. 458 Vgl. Anm. 206. 459 =Hans Iberg, Vogt zu Baden, vgl. TSCHUDI (wie Anm. 3) Teil 11, S. 140 f. u. 236. 460 =Ehrenwort, vgl. Schw
/Users/programming/PycharmProjects/Find_Bibliography_NEw/data/azk_library/langmaier-konstantin-m__18.pdf;71;work;Tschudi (Aegidius/Gilg Tschudi, Chronicon Helveticum);\btschudi\b;"damit der Vater des Effinger gemeint ist oder der des Boten, vgl. TSCHUDI (wie Anm. 3) Teil 11, S. 236; möglicherweise ein Sohn des oben ge"
/Users/programming/PycharmProjects/Find_Bibliography_NEw/data/azk_library/langmaier-konstantin-m__18.pdf;74;work;Tschudi (Aegidius/Gilg Tschudi, Chronicon Helveticum);\btschudi\b;"e Anm. 118) S. 7–52; CURSCHELLAS (wie Anm. 118) S. 1–144. 535 Vgl. TSCHUDI (wie Anm. 3) Teil 11, S. 226 f. 536 =es wäre zu befürchten, vgl."
/Users/programming/PycharmProjects/Find_Bibliography_NEw/data/azk_library/langmaier-konstantin-m__18.pdf;78;work;Edlibach (Gerold Edlibach, Zürcher Chronik);\bedlibach\b;AZ, B VI 215 f. 39r. Die bildliche Darstellung in der Chronik des Edlibach ist daher richtig. Dort werden nur Trinkler und Meisen hingericht
/Users/programming/PycharmProjects/Find_Bibliography_NEw/data/azk_library/langmaier-konstantin-m__18.pdf;78;generic;Chronik/Chroniken;\bchronik(?:en)?\b;. 581 Vgl. StAZ, B VI 215 f. 39r. Die bildliche Darstellung in der Chronik des Edlibach ist daher richtig. Dort werden nur Trinkler und Meis
/Users/programming/PycharmProjects/Find_Bibliography_NEw/data/azk_library/sieber-christian__11.pdf;1;generic;Schlacht-/Kriegserzählungen;\bschlacht(?:en)?\b;hart (hier «Jacob Giintert»), Bannervortrager der Ziircher in der Schlacht bei Wollerau vom 16. Dezember 1445, der «ohngeachtet der vielen e
/Users/programming/PycharmProjects/Find_Bibliography_NEw/data/azk_library/sieber-christian__11.pdf;2;work;Schilling (ungenau);\bschilling\b;r Bevélkerung von Freienbach erlaubt, sich gegen einen Lohn von 5 Schilling pro Leiche, dem damals tiblichen Totengrabertarif, an der Arbeit
/Users/programming/PycharmProjects/Find_Bibliography_NEw/data/azk_library/sieber-christian__11.pdf;2;generic;Schlacht-/Kriegserzählungen;\bschlacht(?:en)?\b;len die Leichen der Soldaten bergen, die vier Tage zuvor in einer Schlacht gegen eidgendssische Truppen in der Nahe von Wollerau umgekommen
/Users/programming/PycharmProjects/Find_Bibliography_NEw/data/azk_library/sieber-christian__11.pdf;2;generic;Schlacht-/Kriegserzählungen;\bschlacht(?:en)?\b;zu retten. Die Nachhut der Ziircher entdeckte Giinthart nach der Schlacht am Seeufer in Freienbach und konnte ihn in ihr Schiff aufnehmen,
/Users/programming/PycharmProjects/Find_Bibliography_NEw/data/azk_library/sieber-christian__11.pdf;2;generic;Schlacht-/Kriegserzählungen;\bschlacht(?:en)?\b;m in Ziirich, nachdem es Adam Naf von Hausen am Albis 1531 in der Schlacht bei Kappel noch einmal hatte retten mtissen, ebenfalls nach dem T
/Users/programming/PycharmProjects/Find_Bibliography_NEw/data/azk_library/sieber-christian__11.pdf;3;generic;Chronik/Chroniken;\bchronik(?:en)?\b;ecken und ftihrte dabei ein Kriegstagebuch, das er spater zu einer Chronik umarbeitete.* Fiir das erste Gefecht bei Freienbach am 22. Mai 14
/Users/programming/PycharmProjects/Find_Bibliography_NEw/data/azk_library/sieber-christian__11.pdf;3;generic;Schlacht-/Kriegserzählungen;\bschlacht(?:en)?\b;"Feinden, die man in eine Grube gelegt habe; fiir die erste grosse Schlacht an der Letzi im Raum Hirzel/Horgenberg nur zwei Tage spater nennt"
/Users/programming/PycharmProjects/Find_Bibliography_NEw/data/azk_library/sieber-christian__11.pdf;3;generic;Schlacht-/Kriegserzählungen;\bschlacht(?:en)?\b;Zahlung der Leichen auf dem Schlachtfeld. Fiir die zweite grosse Schlacht bei St. Jakob an der Sihl vor Ziirich, beim heutigen Stauffacher,
/Users/programming/PycharmProjects/Find_Bibliography_NEw/data/azk_library/sieber-christian__11.pdf;3;generic;Schlacht-/Kriegserzählungen;\bkrieg(?:e|en)?\b;Augenzeugen des Sezessionskriegs Walt Whitman, wonach der wirkliche Krieg nie in die Geschichtsbticher gelangt, gilt auch fiir den Alten Zii
/Users/programming/PycharmProjects/Find_Bibliography_NEw/data/azk_library/sieber-christian__11.pdf;3;generic;Schlacht-/Kriegserzählungen;\bkrieg(?:e|en)?\b;ilt auch fiir den Alten Ziirichkrieg. Obwohl bis heute kein anderer Krieg die Stadt Ziirich und ihr Herrschaftsgebiet mit der dort lebenden
/Users/programming/PycharmProjects/Find_Bibliography_NEw/data/azk_library/sieber-christian__11.pdf;3;generic;Schlacht-/Kriegserzählungen;\bkrieg(?:e|en)?\b;1436-1441 und 1442-1450, in denen bei weitem nicht standig offener Krieg herrschte. In der ersten Phase beschrankten sich die Kampfhandlung
/Users/programming/PycharmProjects/Find_Bibliography_NEw/data/azk_library/sieber-christian__11.pdf;3;generic;Schlacht-/Kriegserzählungen;\bkrieg(?:e|en)?\b;April 1444 bis Juni 1446, also wahrend zweieinhalb Jahren, offener Krieg herrschte - mit entsprechend gravierenderen Folgen. Von dieser Zei
/Users/programming/PycharmProjects/Find_Bibliography_NEw/data/azk_library/sieber-christian__11.pdf;3;generic;Schlacht-/Kriegserzählungen;\bkrieg(?:e|en)?\b;Raum Basel. Eidgenéssisches Gebiet war nur in Grenzlagen direkt vom Krieg betroffen, so Freienbach und Wollerau sowie Zuger Gebiete. Themati
/Users/programming/PycharmProjects/Find_Bibliography_NEw/data/azk_library/sieber-christian__11.pdf;3;generic;Schlacht-/Kriegserzählungen;\bkrieg(?:e|en)?\b;gen einige Bemerkungen zur Nachkriegszeit und zur Erinnerung an den Krieg. Die Gefallenen Die gréssten Verluste erlitten die Ziircher Truppe
/Users/programming/PycharmProjects/Find_Bibliography_NEw/data/azk_library/sieber-christian__11.pdf;4;generic;Schlacht-/Kriegserzählungen;\bschlacht(?:en)?\b;genannte Zahl der nach der Schlacht bei Wollerau geborgenen 102 Toten findet sich bei Friind und beruht auf einer Zahlung der Leichen, wie s
/Users/programming/PycharmProjects/Find_Bibliography_NEw/data/azk_library/sieber-christian__11.pdf;4;generic;Schlacht-/Kriegserzählungen;\bschlacht(?:en)?\b;n bei Friind tibereinstimmt. Die weitaus héheren Opferzahlen der Schlachten am Hirzel und bei St. Jakob an der Sihl machte die Ziircher Stad
/Users/programming/PycharmProjects/Find_Bibliography_NEw/data/azk_library/sieber-christian__11.pdf;4;generic;Schlacht-/Kriegserzählungen;\bschlacht(?:en)?\b;00 Menschen in Kiisnacht, Erlenbach und Herrliberg. Allein in der Schlacht am Hirzel sind 55 Manner aus den drei Gemeinden umgekommen, darun
/Users/programming/PycharmProjects/Find_Bibliography_NEw/data/azk_library/sieber-christian__11.pdf;4;generic;Schlacht-/Kriegserzählungen;\bschlacht(?:en)?\b;"n und Hirzel zaihlten, 34 Namen; sie beschrankt sich aber auf die Schlacht am Hirzel.'> Schliesslich finden sich in den Jahrzeitbiichern des"
/Users/programming/PycharmProjects/Find_Bibliography_NEw/data/azk_library/sieber-christian__11.pdf;4;generic;Schlacht-/Kriegserzählungen;\bschlacht(?:en)?\b;eiber Hans Friind alle Schwyzer Toten mit Namen fiir ein grosses Schlachten- 67
/Users/programming/PycharmProjects/Find_Bibliography_NEw/data/azk_library/sieber-christian__11.pdf;4;generic;Schlacht-/Kriegserzählungen;\bkrieg(?:e|en)?\b;und beruht auf einer Zahlung der Leichen, wie sie auch in modernen Kriegen als «body count» anzutreffen ist.® Zusammen ergibt das fiir die v
/Users/programming/PycharmProjects/Find_Bibliography_NEw/data/azk_library/sieber-christian__11.pdf;5;work;Bullinger (Heinrich Bullinger, historiographische Werke);heinrich[\s \-]+bullinger;ochen auf, die man den Gefallenen von 1443 zuwies,” und auch Heinrich Bullinger sah 1512 als achtjahriger Knabe in der Nahe seiner Heimatsta
/Users/programming/PycharmProjects/Find_Bibliography_NEw/data/azk_library/sieber-christian__11.pdf;5;work;Bullinger (Heinrich Bullinger, historiographische Werke);\bbullinger\b;n auf, die man den Gefallenen von 1443 zuwies,” und auch Heinrich Bullinger sah 1512 als achtjahriger Knabe in der Nahe seiner Heimatstadt B
/Users/programming/PycharmProjects/Find_Bibliography_NEw/data/azk_library/sieber-christian__11.pdf;5;generic;Schlacht-/Kriegserzählungen;\bschlacht(?:en)?\b;"tten,""’ wie auch die oben geschilderte Bergung der Gefallenen der Schlacht von Wollerau erkennen lasst; diese wurden tibrigens mehrheitlich"
/Users/programming/PycharmProjects/Find_Bibliography_NEw/data/azk_library/sieber-christian__11.pdf;5;generic;Schlacht-/Kriegserzählungen;\bschlacht(?:en)?\b;utz konnten im Marz 1446 Frauen und Geistliche die Toten nach der Schlacht bei Ragaz abtransportieren.” Schwieriger war die Bergung — allein
/Users/programming/PycharmProjects/Find_Bibliography_NEw/data/azk_library/sieber-christian__11.pdf;5;generic;Schlacht-/Kriegserzählungen;\bschlacht(?:en)?\b;, aber auch wegen der Fortsetzung der Kampfhandlungen — nach den Schlachten am Hirzel und bei St. Jakob an der Sihl. Landschreiber Friind be
/Users/programming/PycharmProjects/Find_Bibliography_NEw/data/azk_library/sieber-christian__11.pdf;5;generic;Schlacht-/Kriegserzählungen;\bschlacht(?:en)?\b;ich in diesem Zusammenhang ein Blick auf die besser dokumentierte Schlacht bei Kappel 1531. Dort wurde die Mehrheit der Gefallenen, namlich
/Users/programming/PycharmProjects/Find_Bibliography_NEw/data/azk_library/sieber-christian__11.pdf;5;generic;Schlacht-/Kriegserzählungen;\bkrieg(?:e|en)?\b;iber Friind berichtet jedenfalls von Massengrabern, die er nach dem Krieg namentlich an beiden Ufern des Ziirichsees gesehen habe.”! Zweifel
/Users/programming/PycharmProjects/Find_Bibliography_NEw/data/azk_library/sieber-christian__11.pdf;7;work;Edlibach (Gerold Edlibach, Zürcher Chronik);gerold[\s \-]+edlibach;n der Hand, die um Gnade flehten, wie es der Ziircher Chronist Gerold Edlibach aufgrund von Augenzeugenberichten eindrticklich beschreibt. A
/Users/programming/PycharmProjects/Find_Bibliography_NEw/data/azk_library/sieber-christian__11.pdf;7;work;Edlibach (Gerold Edlibach, Zürcher Chronik);\bedlibach\b;r Hand, die um Gnade flehten, wie es der Ziircher Chronist Gerold Edlibach aufgrund von Augenzeugenberichten eindrticklich beschreibt. Am Sc
/Users/programming/PycharmProjects/Find_Bibliography_NEw/data/azk_library/sieber-christian__11.pdf;7;generic;Schlacht-/Kriegserzählungen;\bkrieg(?:e|en)?\b;Politik der Ziircher Stadtfiihrung, in der die eigentlich fiir den Krieg Verantwortlichen sassen? Die Zivilbevolkerung auf der Landschaft N
/Users/programming/PycharmProjects/Find_Bibliography_NEw/data/azk_library/sieber-christian__11.pdf;7;generic;Schlacht-/Kriegserzählungen;\bkrieg(?:e|en)?\b;e kommen, und zwar zunachst auf der Ziircher Landschaft, wo man dem Krieg weitaus schutzloser ausgeliefert war als in der Stadt. So wie beid
/Users/programming/PycharmProjects/Find_Bibliography_NEw/data/azk_library/sieber-christian__11.pdf;8;work;Klingenberger/Rapperswiler Chronik (Eberhard Wüest);klingenberger[\s \-]+chronik;nur noch die Tiirschlésser rauben kénnen, heisst es in der Klingenberger Chronik tiberspitzt. Andernorts wurden Familien auseinandergerisse
/Users/programming/PycharmProjects/Find_Bibliography_NEw/data/azk_library/sieber-christian__11.pdf;8;generic;Chronik/Chroniken;\bchronik(?:en)?\b;ch die Tiirschlésser rauben kénnen, heisst es in der Klingenberger Chronik tiberspitzt. Andernorts wurden Familien auseinandergerissen, wie
/Users/programming/PycharmProjects/Find_Bibliography_NEw/data/azk_library/sieber-christian__11.pdf;8;generic;Schlacht-/Kriegserzählungen;\bschlacht(?:en)?\b;zur Situation nach der Schlacht bei St. Jakob an der Sihl: «Als sy [die Eidgenossen] nu [...] vor Ziirich lagent, und da verbrant und gewuos
/Users/programming/PycharmProjects/Find_Bibliography_NEw/data/azk_library/sieber-christian__11.pdf;8;generic;Schlacht-/Kriegserzählungen;\bschlacht(?:en)?\b;n wie im bésen.Zu Beginn des Kriegs, als die Eidgenossen nach der Schlacht am Hirzel bis in die Vorstadt von Ziirich zogen, traf es die Bevé
/Users/programming/PycharmProjects/Find_Bibliography_NEw/data/azk_library/sieber-christian__11.pdf;8;generic;Schlacht-/Kriegserzählungen;\bkrieg(?:e|en)?\b;Seeufer lautete die Bilanz 180 zerstérte Wohnhauser.” Wie in jedem Krieg gab es Fliichtlinge. Viele Bewohner der Ziircher Landschaft flohen
/Users/programming/PycharmProjects/Find_Bibliography_NEw/data/azk_library/sieber-christian__11.pdf;9;work;Edlibach (Gerold Edlibach, Zürcher Chronik);\bedlibach\b;als «byderb liit», die «sich mit den Eidgnossen bewartent». Nach Edlibach sollen die Griininger sogar dafiir verantwortlich gewesen sein, d
/Users/programming/PycharmProjects/Find_Bibliography_NEw/data/azk_library/sieber-christian__11.pdf;9;generic;Schlacht-/Kriegserzählungen;\bkrieg(?:e|en)?\b;"Bewohner beteiligten sich sogar aktiv auf eidgendssischer Seite am Krieg gegen Ziirich und kampften gegen ihre Nachbarn am Ziirichsee; Land"
/Users/programming/PycharmProjects/Find_Bibliography_NEw/data/azk_library/sieber-christian__11.pdf;9;generic;Schlacht-/Kriegserzählungen;\bkrieg(?:e|en)?\b;uine belehnen, némlich mit der Hofstatte, auf der «nechst vor disem krieg» sein Haus stand, wie es im Lehensbrief heisst.” Die Zivilbevélker
/Users/programming/PycharmProjects/Find_Bibliography_NEw/data/azk_library/sieber-christian__11.pdf;10;work;Klingenberger/Rapperswiler Chronik (Eberhard Wüest);klingenberger[\s \-]+chronik;reits auf die andere Seite der Limmat fliichteten. Laut der Klingenberger Chronik war die Stadt in jenem Moment so gefahrdet wie nie zuvor i
/Users/programming/PycharmProjects/Find_Bibliography_NEw/data/azk_library/sieber-christian__11.pdf;10;generic;Chronik/Chroniken;\bchronik(?:en)?\b;uf die andere Seite der Limmat fliichteten. Laut der Klingenberger Chronik war die Stadt in jenem Moment so gefahrdet wie nie zuvor in ihrem
/Users/programming/PycharmProjects/Find_Bibliography_NEw/data/azk_library/sieber-christian__11.pdf;10;generic;Schlacht-/Kriegserzählungen;\bschlacht(?:en)?\b;al wurde es brenzlig fiir die Stadt. Zunachst 1443 anlasslich der Schlacht bei St. Jakob an der Sihl, als vom Rennwegtor her die Eroberung d
/Users/programming/PycharmProjects/Find_Bibliography_NEw/data/azk_library/sieber-christian__11.pdf;10;generic;Schlacht-/Kriegserzählungen;\bkrieg(?:e|en)?\b;ne Unterscheidung zwischen zuldssigem und unzulassigem Verhalten im Krieg gab es aber, wie erwahnt, auch damals. Der Sempacherbrief und deta
/Users/programming/PycharmProjects/Find_Bibliography_NEw/data/azk_library/sieber-christian__11.pdf;11;generic;Schlacht-/Kriegserzählungen;\bschlacht(?:en)?\b;die Schandung der Leiche Btirgermeister Rudolf Stiissis nach der Schlacht bei St. Jakob an der Sihl.** Die Ziircher setzten die Zeugenaussa
/Users/programming/PycharmProjects/Find_Bibliography_NEw/data/azk_library/sieber-christian__11.pdf;11;generic;Schlacht-/Kriegserzählungen;\bkrieg(?:e|en)?\b;spezielle Vollmachten, damit die Pfarrer reuige Krieger von den im Krieg begangenen Siinden lossprechen konnten, und zwar auch in solchen F
/Users/programming/PycharmProjects/Find_Bibliography_NEw/data/azk_library/sieber-christian__11.pdf;11;generic;Schlacht-/Kriegserzählungen;\bkrieg(?:e|en)?\b;en niedergebrannten Kirche. In Stallikon musste die Kirche nach dem Krieg neu geweiht werden, nachdem sie durch Brandstiftung grossen Schade
/Users/programming/PycharmProjects/Find_Bibliography_NEw/data/azk_library/sieber-christian__11.pdf;11;generic;Schlacht-/Kriegserzählungen;\bkrieg(?:e|en)?\b;Fall der Kirche von Hongg packte die Schwyzer und Glarner nach dem Krieg selbst die Reue: ein halbes Jahr nach dem Waffenstillstand erliess
/Users/programming/PycharmProjects/Find_Bibliography_NEw/data/azk_library/sieber-christian__11.pdf;11;generic;Schlacht-/Kriegserzählungen;\bkrieg(?:e|en)?\b;ssen sie emen Spendenaufruf zugunsten der «jetz in disem vergangnen krieg verbrennten und gantz gewiisten und verhergeten» Kirche, wie es in
/Users/programming/PycharmProjects/Find_Bibliography_NEw/data/azk_library/sieber-christian__11.pdf;12;generic;Schlacht-/Kriegserzählungen;\bkrieg(?:e|en)?\b;quellenmiassig nachweisbar sind. Mit Dreiecken markiert sind die im Krieg nachweislich zerstérten oder beschddigten 30 Kirchen und Kapellen.
/Users/programming/PycharmProjects/Find_Bibliography_NEw/data/azk_library/sieber-christian__11.pdf;13;generic;Chronik/Chroniken;\bchronik(?:en)?\b;menschliche Leid. Selbst Landschreiber Friind klagt am Ende seiner Chronik, dass der Krieg viele Frauen und Kinder zu Witwen und Waisen gema
/Users/programming/PycharmProjects/Find_Bibliography_NEw/data/azk_library/sieber-christian__11.pdf;13;generic;Schlacht-/Kriegserzählungen;\bkrieg(?:e|en)?\b;der Waffenstillstand in Kraft, den Pfalzgraf Ludwig, die héchste am Krieg unbeteiligte Autoritat im Reich, in Konstanz ausgehandelt hatte. A
/Users/programming/PycharmProjects/Find_Bibliography_NEw/data/azk_library/sieber-christian__11.pdf;13;generic;Schlacht-/Kriegserzählungen;\bkrieg(?:e|en)?\b;war von Dauer und wurde eingehalten. Nur einige wenige, die sich am Krieg auf eigene Faust beteiligt hatten, waren verdrgert, weil sie nun i
/Users/programming/PycharmProjects/Find_Bibliography_NEw/data/azk_library/sieber-christian__11.pdf;13;generic;Schlacht-/Kriegserzählungen;\bkrieg(?:e|en)?\b;kehrte ein, nicht aber Normalitat. Welche 6konomischen Schaden der Krieg verursacht hatte, wurde bereits erwahnt. Die Stadt Ziirich fordert
/Users/programming/PycharmProjects/Find_Bibliography_NEw/data/azk_library/sieber-christian__11.pdf;13;generic;Schlacht-/Kriegserzählungen;\bkrieg(?:e|en)?\b;in den Jahren 1425-1455 um ein Viertel, sicher verursacht durch den Krieg.* Nicht geringer war das menschliche Leid. Selbst Landschreiber Fr
/Users/programming/PycharmProjects/Find_Bibliography_NEw/data/azk_library/sieber-christian__11.pdf;13;generic;Schlacht-/Kriegserzählungen;\bkrieg(?:e|en)?\b;Selbst Landschreiber Friind klagt am Ende seiner Chronik, dass der Krieg viele Frauen und Kinder zu Witwen und Waisen gemacht hatte.*” Die
/Users/programming/PycharmProjects/Find_Bibliography_NEw/data/azk_library/sieber-christian__11.pdf;14;work;Edlibach (Gerold Edlibach, Zürcher Chronik);gerold[\s \-]+edlibach;r begrebte by der kilchen Uster habend». Spater liess Landvogt Gerold Edlibach eine neue Gedenkkapelle errrichten, und noch im Jahr 1543 erh
/Users/programming/PycharmProjects/Find_Bibliography_NEw/data/azk_library/sieber-christian__11.pdf;14;work;Edlibach (Gerold Edlibach, Zürcher Chronik);gerold[\s \-]+edlibach;en Krieg wachgehalten: Der eben erwahnte Landvogt und Chronist Gerold Edlibach (1454-1530) kannte ihn 77
/Users/programming/PycharmProjects/Find_Bibliography_NEw/data/azk_library/sieber-christian__11.pdf;14;work;Edlibach (Gerold Edlibach, Zürcher Chronik);\bedlibach\b;grebte by der kilchen Uster habend». Spater liess Landvogt Gerold Edlibach eine neue Gedenkkapelle errrichten, und noch im Jahr 1543 erhielt
/Users/programming/PycharmProjects/Find_Bibliography_NEw/data/azk_library/sieber-christian__11.pdf;14;work;Edlibach (Gerold Edlibach, Zürcher Chronik);\bedlibach\b;rieg wachgehalten: Der eben erwahnte Landvogt und Chronist Gerold Edlibach (1454-1530) kannte ihn 77
/Users/programming/PycharmProjects/Find_Bibliography_NEw/data/azk_library/sieber-christian__11.pdf;14;generic;Gesta/Acta;\bacta\b;lebten aber noch. Sie legten die Kriegsjahre im wértlichen Sinn «ad acta», indem sie das ganze Aktenmaterial im Archiv deponierten.® Ein off
/Users/programming/PycharmProjects/Find_Bibliography_NEw/data/azk_library/sieber-christian__11.pdf;14;generic;Schlacht-/Kriegserzählungen;\bschlacht(?:en)?\b;weise ein Ziircher Fahnlein, das der Glarner Landschreiber in der Schlacht bei St. Jakob an der Sihl erbeutet hatte.” Raubgut sollte gemass
/Users/programming/PycharmProjects/Find_Bibliography_NEw/data/azk_library/sieber-christian__11.pdf;14;generic;Schlacht-/Kriegserzählungen;\bschlacht(?:en)?\b;"f Sttissi und Stadtschreiber Michael Stebler — waren beide in der Schlacht bei St. Jakob an der Sihl umgekommen; viele Ratsherren, die ihre"
/Users/programming/PycharmProjects/Find_Bibliography_NEw/data/azk_library/sieber-christian__11.pdf;14;generic;Schlacht-/Kriegserzählungen;\bkrieg(?:e|en)?\b;ten sich Ziircher und Eidgenossen 1451 lautstark, wer die Schuld am Krieg trug und ob die Hinrichtung der Besatzung von Greifensee gerechtfe
/Users/programming/PycharmProjects/Find_Bibliography_NEw/data/azk_library/sieber-christian__11.pdf;14;generic;Schlacht-/Kriegserzählungen;\bkrieg(?:e|en)?\b;war.? Die Erinnerung bleibt Das offizielle Ziirich verdraingte den Krieg nach Mdéglichkeit. Die Architekten der gescheiterten Politik — Bii
/Users/programming/PycharmProjects/Find_Bibliography_NEw/data/azk_library/sieber-christian__11.pdf;14;generic;Schlacht-/Kriegserzählungen;\bkrieg(?:e|en)?\b;eh6rte.® Auch im innerfamiliaren Rahmen wurde die Erinnerung an den Krieg wachgehalten: Der eben erwahnte Landvogt und Chronist Gerold Edlib
/Users/programming/PycharmProjects/Find_Bibliography_NEw/data/azk_library/sieber-christian__11.pdf;15;work;Edlibach (Gerold Edlibach, Zürcher Chronik);\bedlibach\b;ie nicht unterdessen verschriftlicht wurden, wie eben im Fall von Edlibach, Fabri und Bullinger. Heinrich Bullinger verdanken wir auch einig
/Users/programming/PycharmProjects/Find_Bibliography_NEw/data/azk_library/sieber-christian__11.pdf;15;work;Bullinger (Heinrich Bullinger, historiographische Werke);heinrich[\s \-]+bullinger;zeitlebens von seiner Kindheit im Krieg gepragt, und selbst Heinrich Bullinger (1504-1575) hérte als junger Knabe aufmerksam seiner Grossmu
/Users/programming/PycharmProjects/Find_Bibliography_NEw/data/azk_library/sieber-christian__11.pdf;15;work;Bullinger (Heinrich Bullinger, historiographische Werke);heinrich[\s \-]+bullinger;wurden, wie eben im Fall von Edlibach, Fabri und Bullinger. Heinrich Bullinger verdanken wir auch einige Kriegserinnerungen aus anderen Zii
/Users/programming/PycharmProjects/Find_Bibliography_NEw/data/azk_library/sieber-christian__11.pdf;15;work;Bullinger (Heinrich Bullinger, historiographische Werke);\bbullinger\b;tlebens von seiner Kindheit im Krieg gepragt, und selbst Heinrich Bullinger (1504-1575) hérte als junger Knabe aufmerksam seiner Grossmutter
/Users/programming/PycharmProjects/Find_Bibliography_NEw/data/azk_library/sieber-christian__11.pdf;15;work;Bullinger (Heinrich Bullinger, historiographische Werke);\bbullinger\b;verschriftlicht wurden, wie eben im Fall von Edlibach, Fabri und Bullinger. Heinrich Bullinger verdanken wir auch einige Kriegserinnerungen
/Users/programming/PycharmProjects/Find_Bibliography_NEw/data/azk_library/sieber-christian__11.pdf;15;work;Bullinger (Heinrich Bullinger, historiographische Werke);\bbullinger\b;den, wie eben im Fall von Edlibach, Fabri und Bullinger. Heinrich Bullinger verdanken wir auch einige Kriegserinnerungen aus anderen Ziirche
/Users/programming/PycharmProjects/Find_Bibliography_NEw/data/azk_library/sieber-christian__11.pdf;15;generic;Schlacht-/Kriegserzählungen;\bschlacht(?:en)?\b;hrte Dominikaner Felix Fabri (1438-1502), der seinen Vater in der Schlacht bei St. Jakob an der Sihl verloren hatte und bei seinem Onkel Osw
/Users/programming/PycharmProjects/Find_Bibliography_NEw/data/azk_library/sieber-christian__11.pdf;15;generic;Schlacht-/Kriegserzählungen;\bschlacht(?:en)?\b;e. Auch die eingangs geschilderte Rettung des Stadtbanners in der Schlacht bei Wollerau durch Heini Ginthart beruht vermutlich teilweise auf
/Users/programming/PycharmProjects/Find_Bibliography_NEw/data/azk_library/sieber-christian__11.pdf;15;generic;Schlacht-/Kriegserzählungen;\bkrieg(?:e|en)?\b;t auf der Kyburg, aufwuchs, blieb zeitlebens von seiner Kindheit im Krieg gepragt, und selbst Heinrich Bullinger (1504-1575) hérte als junge
/Users/programming/PycharmProjects/Find_Bibliography_NEw/data/azk_library/sieber-christian__11.pdf;15;generic;Schlacht-/Kriegserzählungen;\bkrieg(?:e|en)?\b;5) hérte als junger Knabe aufmerksam seiner Grossmutter zu, die den Krieg als vier- oder fiinfjahriges Madchen in Brugg im Aargau miterlebt
/Users/programming/PycharmProjects/Find_Bibliography_NEw/data/azk_library/sieber-christian__11.pdf;15;generic;Schlacht-/Kriegserzählungen;\bkrieg(?:e|en)?\b;haben — kaum zufiallig — dieselbe Botschaft, namlich: Auch wenn der Krieg fiir Ziirich verlorenging, so haben sich doch einzelne durch Tapfe
/Users/programming/PycharmProjects/Find_Bibliography_NEw/data/azk_library/sieber-christian__11.pdf;15;generic;Schlacht-/Kriegserzählungen;\bkrieg(?:e|en)?\b;Kriegsdienst bewahrt und einen pers6nlichen Sieg errungen.” Schluss Krieg wurde im Spatmittelalter und weit dariiber hinaus viel staérker al
/Users/programming/PycharmProjects/Find_Bibliography_NEw/data/azk_library/sieber-christian__11.pdf;15;generic;Schlacht-/Kriegserzählungen;\bkrieg(?:e|en)?\b;s heute nach den zwei Weltkriegen der Fall ist. Der Ruf «Nie wieder Krieg!» ist deshalb nach dem Alten Ziirichkrieg und mit Blick auf die Bu
/Users/programming/PycharmProjects/Find_Bibliography_NEw/data/azk_library/sieber-christian__11.pdf;15;generic;Schlacht-/Kriegserzählungen;\bkrieg(?:e|en)?\b;tiber frithere Rechtsverhaltnisse oder Ereignisse taucht der «alte krieg» immer wieder als Datierungshilfe auf, als zeitlicher Orientierung
/Users/programming/PycharmProjects/Find_Bibliography_NEw/data/azk_library/sieber-christian__11.pdf;15;generic;Schlacht-/Kriegserzählungen;\bkrieg(?:e|en)?\b;ch drei Generationen spater in der Reformationszeit, als wieder ein Krieg zwischen Ziirich und den Eidgenossen drohte und sich die Vertreter
/Users/programming/PycharmProjects/Find_Bibliography_NEw/data/azk_library/sieber-christian__11.pdf;15;generic;Schlacht-/Kriegserzählungen;\bkrieg(?:e|en)?\b;gewiesen und «wellint nit mer verbrent werden, wie im alten Ziirich krieg syg beschachen».” In zwei Fallen reicht das Gedenken sogar bis in
/Users/programming/PycharmProjects/Find_Bibliography_NEw/data/azk_library/sieber-christian__11.pdf;16;work;Bullinger (Heinrich Bullinger, historiographische Werke);\bbullinger\b;remit — Nikolaus von Fliie im Alten Ziirichkrieg Ein Nachtrag zum Bullinger-Jahr Robert Durrer (1867-1934), Staatsarchivar von Nidwalden, ha
/Users/programming/PycharmProjects/Find_Bibliography_NEw/data/azk_library/sieber-christian__11.pdf;16;generic;Schlacht-/Kriegserzählungen;\bkrieg(?:e|en)?\b;enn auch um 1501: «Nikolaus nahm nur auf obrigkeitlichen Befehl an Kriegen teil. Er war der grésste Freund des Friedens. Doch wo es galt fii
/Users/programming/PycharmProjects/Find_Bibliography_NEw/data/azk_library/sieber-christian__11.pdf;17;work;Stumpf (Johannes Stumpf, Schweizerchronik);johannes[\s \-]+stumpf;Historia des allten tédtlichen sibenjarigen Ziirychkriegs» von Johannes Stumpf, von der Bullinger durch Rudolf Giider eine Abschrift herstel
/Users/programming/PycharmProjects/Find_Bibliography_NEw/data/azk_library/sieber-christian__11.pdf;17;work;Bullinger (Heinrich Bullinger, historiographische Werke);heinrich[\s \-]+bullinger;von Fltie am Alten Ziirichkrieg und zu deren Interpretation. Heinrich Bullinger nun tiberliefert — was bisher tibersehen wurde — in seiner «
/Users/programming/PycharmProjects/Find_Bibliography_NEw/data/azk_library/sieber-christian__11.pdf;17;work;Bullinger (Heinrich Bullinger, historiographische Werke);\bbullinger\b;Fltie am Alten Ziirichkrieg und zu deren Interpretation. Heinrich Bullinger nun tiberliefert — was bisher tibersehen wurde — in seiner «Eidg
/Users/programming/PycharmProjects/Find_Bibliography_NEw/data/azk_library/sieber-christian__11.pdf;17;work;Bullinger (Heinrich Bullinger, historiographische Werke);\bbullinger\b;dtlichen sibenjarigen Ziirychkriegs» von Johannes Stumpf, von der Bullinger durch Rudolf Giider eine Abschrift herstellen liess, die er dann
/Users/programming/PycharmProjects/Find_Bibliography_NEw/data/azk_library/sieber-christian__11.pdf;17;work;Bullinger (Heinrich Bullinger, historiographische Werke);\bbullinger\b;imm Ziirychkrieg zuo Cappell hatte gehulffen iibel hu8 halten.»* Bullinger hatte also, mutmasslich wahrend seiner Zeit als Schulmeister im
/Users/programming/PycharmProjects/Find_Bibliography_NEw/data/azk_library/sieber-christian__11.pdf;17;generic;Chronik/Chroniken;\bchronik(?:en)?\b;iefert — was bisher tibersehen wurde — in seiner «Eidgendéssischen Chronik» von 1568, die im Abschnitt tiber den Alten Zitirichkrieg noch st
/Users/programming/PycharmProjects/Find_Bibliography_NEw/data/azk_library/sieber-christian__11.pdf;17;generic;Historia/Historiae;\bhistori[ae]\b;3. Sie findet sich als eigenhandige Randbemerkung Bullingers zur «Historia des allten tédtlichen sibenjarigen Ziirychkriegs» von Johannes St
/Users/programming/PycharmProjects/Find_Bibliography_NEw/data/azk_library/sieber-christian__11.pdf;17;generic;Schlacht-/Kriegserzählungen;\bkrieg(?:e|en)?\b;Bonstetten betont, Nikolaus von Fliie habe nie als Sdldner an einem Krieg teilgenommen («er ist nie [...] vermerckt [...] in kriegen durch e
/Users/programming/PycharmProjects/Find_Bibliography_NEw/data/azk_library/sieber-christian__11.pdf;17;generic;Schlacht-/Kriegserzählungen;\bkrieg(?:e|en)?\b;an einem Krieg teilgenommen («er ist nie [...] vermerckt [...] in kriegen durch eigen bewegnis»),® was jedoch eine Teilnahme am Alten Ziiri
/Users/programming/PycharmProjects/Find_Bibliography_NEw/data/azk_library/sieber-christian__11.pdf;17;generic;Schlacht-/Kriegserzählungen;\bkrieg(?:e|en)?\b;"ereits verheiratet und Familienvater war — was auf das Verhalten im Krieg einen Einfluss haben konnte™ -, steht nicht fest; seine Eheschlies"
/Users/programming/PycharmProjects/Find_Bibliography_NEw/data/azk_library/sieber-christian__11.pdf;18;work;Bullinger (Heinrich Bullinger, historiographische Werke);heinrich[\s \-]+bullinger;ber vergoldet (Durchmesser 42,9 mm), und Bildnismedaille von Heinrich Bullinger, 1566, Silber (Durchmesser 41,5 mm: Schweizerisches Landesmu
/Users/programming/PycharmProjects/Find_Bibliography_NEw/data/azk_library/sieber-christian__11.pdf;18;work;Bullinger (Heinrich Bullinger, historiographische Werke);\bbullinger\b;vergoldet (Durchmesser 42,9 mm), und Bildnismedaille von Heinrich Bullinger, 1566, Silber (Durchmesser 41,5 mm: Schweizerisches Landesmuseum
/Users/programming/PycharmProjects/Find_Bibliography_NEw/data/azk_library/sieber-christian__11.pdf;18;work;Bullinger (Heinrich Bullinger, historiographische Werke);\bbullinger\b;iir die Eidgenossen ebenfalls ein potentielles Angriffsziel war.” Bullinger beschaftigte sich intensiv mit der Geschichte des Klosters Kappe
/Users/programming/PycharmProjects/Find_Bibliography_NEw/data/azk_library/sieber-christian__11.pdf;18;work;Bullinger (Heinrich Bullinger, historiographische Werke);\bbullinger\b;nen Beobachtungen zur Geschichte des Alten Ziirichkriegs, wie sie Bullinger als Historiker systematisch und sein Leben lang sammelte.” Als i
/Users/programming/PycharmProjects/Find_Bibliography_NEw/data/azk_library/sieber-christian__11.pdf;19;work;Stumpf (Johannes Stumpf, Schweizerchronik);johannes[\s \-]+stumpf;dgnoschafft, ZBZ, Ms. A 14-15, hier Ms. A 14, fol. 328 v (nach Johannes Stumpf), und Ms. A 15, 51 (aus «alten Ziirych chroniken»), 107 f. (n
/Users/programming/PycharmProjects/Find_Bibliography_NEw/data/azk_library/sieber-christian__11.pdf;19;work;Tschudi (Aegidius/Gilg Tschudi, Chronicon Helveticum);\btschudi\b;"ieferung von Hans Friinds Darstellung des Alten Ziirichkriegs, in: Tschudi, Bd. 12, 122*-134*; Friind, 224: «ich han je nach und nach die sa"
/Users/programming/PycharmProjects/Find_Bibliography_NEw/data/azk_library/sieber-christian__11.pdf;19;work;Bullinger (Heinrich Bullinger, historiographische Werke);heinrich[\s \-]+bullinger;"d, 251-256; URStAZ, Bd. 6, Nr. 9121 sowie Nr. 8098 (Banner); Heinrich Bullinger: Historia gemeiner loblicher eydgnoschafft, ZBZ, Ms. A 14-15"
/Users/programming/PycharmProjects/Find_Bibliography_NEw/data/azk_library/sieber-christian__11.pdf;19;work;Bullinger (Heinrich Bullinger, historiographische Werke);\bbullinger\b;31 in der Schlacht von Kappel gefallen, noch am Leben war.)” Wenn Bullinger die Nachricht spater nicht in seine Tigurinerchronik tibernahm,
/Users/programming/PycharmProjects/Find_Bibliography_NEw/data/azk_library/sieber-christian__11.pdf;19;work;Bullinger (Heinrich Bullinger, historiographische Werke);\bbullinger\b;richt allenfalls méglich gewesen wire, lag weder im Interesse von Bullinger noch der Reformierten im allgemeinen. In der Bilanz kann deshalb
/Users/programming/PycharmProjects/Find_Bibliography_NEw/data/azk_library/sieber-christian__11.pdf;19;work;Bullinger (Heinrich Bullinger, historiographische Werke);\bbullinger\b;allgemeinen. In der Bilanz kann deshalb festgehalten werden, dass Bullinger die Nachricht wohl zuverlassig, das heisst ohne Verfalschung dur
/Users/programming/PycharmProjects/Find_Bibliography_NEw/data/azk_library/sieber-christian__11.pdf;19;work;Bullinger (Heinrich Bullinger, historiographische Werke);\bbullinger\b;"51-256; URStAZ, Bd. 6, Nr. 9121 sowie Nr. 8098 (Banner); Heinrich Bullinger: Historia gemeiner loblicher eydgnoschafft, ZBZ, Ms. A 14-15, hi"
/Users/programming/PycharmProjects/Find_Bibliography_NEw/data/azk_library/sieber-christian__11.pdf;19;generic;Chronik/Chroniken;\bchronik(?:en)?\b;"28 v (nach Johannes Stumpf), und Ms. A 15, 51 (aus «alten Ziirych chroniken»), 107 f. (nach Hans Fiiessli); StAZ, G I 96, fol. 258 r—v (9. A"
/Users/programming/PycharmProjects/Find_Bibliography_NEw/data/azk_library/sieber-christian__11.pdf;19;generic;Historia/Historiae;\bhistori[ae]\b;"tAZ, Bd. 6, Nr. 9121 sowie Nr. 8098 (Banner); Heinrich Bullinger: Historia gemeiner loblicher eydgnoschafft, ZBZ, Ms. A 14-15, hier Ms. A 14"
/Users/programming/PycharmProjects/Find_Bibliography_NEw/data/azk_library/sieber-christian__11.pdf;19;generic;Eydgenossenschaft/Helvetia (frühneuzeitl. Schreibungen);eydt?g?nosch[aä]fft;"8098 (Banner); Heinrich Bullinger: Historia gemeiner loblicher eydgnoschafft, ZBZ, Ms. A 14-15, hier Ms. A 14, fol. 328 v (nach Johannes St"
/Users/programming/PycharmProjects/Find_Bibliography_NEw/data/azk_library/sieber-christian__11.pdf;19;generic;Schlacht-/Kriegserzählungen;\bschlacht(?:en)?\b;nur Wolfgang Joner, 1520-1527 selbst Abt und 1531 in der Schlacht von Kappel gefallen, noch am Leben war.)” Wenn Bullinger die Nachricht spa
/Users/programming/PycharmProjects/Find_Bibliography_NEw/data/azk_library/sieber-christian__11.pdf;19;generic;Schlacht-/Kriegserzählungen;\bschlacht(?:en)?\b;5636). Zur zweiten Rettung des Banners vegl.: Friedrich Hegi: Die Schlacht bei Kappel und das Nafengeschlecht, in: Zwingliana 3 (1916), 211-
/Users/programming/PycharmProjects/Find_Bibliography_NEw/data/azk_library/sieber-christian__11.pdf;19;generic;Schlacht-/Kriegserzählungen;\bschlacht(?:en)?\b;"cht, in: Zwingliana 3 (1916), 211-221; Adrian Corrodi-Sulzer: Die Schlacht bei Kappel und das Nafengeschlecht, in: Zwingliana 4 (1925), 276-"
/Users/programming/PycharmProjects/Find_Bibliography_NEw/data/azk_library/sieber-christian__11.pdf;19;generic;Schlacht-/Kriegserzählungen;\bkrieg(?:e|en)?\b;sondern auch hinsichtlich der Vermeidung unnotiger Zerst6rungen im Krieg zu relativieren. Was bleibt, ist die Tatsache, dass Gewaltverzicht
/Users/programming/PycharmProjects/Find_Bibliography_NEw/data/azk_library/sieber-christian__11.pdf;20;work;Hemmerlin (Felix Hemmerlin/Malleolus);felix[\s \-]+hemmerlin;", einer Handschrift aus dem Kloster Rheinau); Balthasar Reber: Felix Hemmerlin von Ziirich, Ziirich 1846, 269 (St. Jakob nach Hemmerli: 151"
/Users/programming/PycharmProjects/Find_Bibliography_NEw/data/azk_library/sieber-christian__11.pdf;20;work;Hemmerlin (Felix Hemmerlin/Malleolus);\bhemmerlin\b;"iner Handschrift aus dem Kloster Rheinau); Balthasar Reber: Felix Hemmerlin von Ziirich, Ziirich 1846, 269 (St. Jakob nach Hemmerli: 151 Tot"
/Users/programming/PycharmProjects/Find_Bibliography_NEw/data/azk_library/sieber-christian__11.pdf;20;work;Edlibach (Gerold Edlibach, Zürcher Chronik);\bedlibach\b;"Erlenbach am 13. Oktober 1444 mit 27 Toten, «die gezelt wurdent»; Edlibach, 67, bringt das Gefecht zum 6. Oktober 1445, aber nahezu iiberein"
/Users/programming/PycharmProjects/Find_Bibliography_NEw/data/azk_library/sieber-christian__11.pdf;20;work;Edlibach (Gerold Edlibach, Zürcher Chronik);\bedlibach\b;"ohannes Dierauer (QSG 18), Basel 1900, 213 (St. Jakob: 150 Tote); Edlibach, 38, 43 (Hirzel: 300 Tote, St. Jakob: 160 Tote); AnzSG 1 (1859),"
/Users/programming/PycharmProjects/Find_Bibliography_NEw/data/azk_library/sieber-christian__11.pdf;20;work;Brennwald (Heinrich/Johannes Brennwald, Schweizerchronik);heinrich[\s \-]+brennwald;s Irakkriegs: www.iraqbodycount.org. Vgl. namentlich die bei Heinrich Brennwald: Schweizerchronik, hg. von Rudolf Luginbiihl (QSG, N. F, Abt
/Users/programming/PycharmProjects/Find_Bibliography_NEw/data/azk_library/sieber-christian__11.pdf;20;work;Brennwald (Heinrich/Johannes Brennwald, Schweizerchronik);\bbrennwald\b;akkriegs: www.iraqbodycount.org. Vgl. namentlich die bei Heinrich Brennwald: Schweizerchronik, hg. von Rudolf Luginbiihl (QSG, N. F, Abt. I/
/Users/programming/PycharmProjects/Find_Bibliography_NEw/data/azk_library/sieber-christian__11.pdf;20;work;Bullinger (Heinrich Bullinger, historiographische Werke);heinrich[\s \-]+bullinger;), 34 (Kilchberg) bzw. 16 (Horgen) Gefallene zu verzeichnen. Heinrich Bullinger: Reformationsgeschichte, hg. von Johann Jakob Hottinger und
/Users/programming/PycharmProjects/Find_Bibliography_NEw/data/azk_library/sieber-christian__11.pdf;20;work;Bullinger (Heinrich Bullinger, historiographische Werke);\bbullinger\b;". Gallen, Cod. 630). StAZ, F IIa 241, fol. 45 v-46 v (Kiisnacht); Bullinger (wie Anm. 2), Ms. A 15, 34 f. (Kilchberg); StAZ, F IIc 39a, Inne"
/Users/programming/PycharmProjects/Find_Bibliography_NEw/data/azk_library/sieber-christian__11.pdf;20;work;Bullinger (Heinrich Bullinger, historiographische Werke);\bbullinger\b;4 (Kilchberg) bzw. 16 (Horgen) Gefallene zu verzeichnen. Heinrich Bullinger: Reformationsgeschichte, hg. von Johann Jakob Hottinger und Hans
/Users/programming/PycharmProjects/Find_Bibliography_NEw/data/azk_library/sieber-christian__11.pdf;20;work;Klingenberger/Rapperswiler Chronik (Eberhard Wüest);klingenberger[\s \-]+chronik;"rund 150 Namen und einer Zahl von rund 850 Pferden, ferner Klingenberger Chronik, 314 (rund 500 Pferde); URStAZ, Bd. 6, Nr. 8904, 8907, 902"
/Users/programming/PycharmProjects/Find_Bibliography_NEw/data/azk_library/sieber-christian__11.pdf;20;work;Klingenberger/Rapperswiler Chronik (Eberhard Wüest);klingenberger[\s \-]+chronik;, N. F. 7 (1896), 377 (Zitat). Weitere Gefallenenzahlen in: Klingenberger Chronik, 304 f£., 307, 320 (Freienbach: 42 Tote, Hirzel: 250-300 T
/Users/programming/PycharmProjects/Find_Bibliography_NEw/data/azk_library/sieber-christian__11.pdf;20;work;Klingenberger/Rapperswiler Chronik (Eberhard Wüest);klingenberger[\s \-]+chronik;"ich, Ziirich 1846, 269 (St. Jakob nach Hemmerli: 151 Tote); Klingenberger Chronik, 322, Anm. ww (St. Jakob: 140 Tote gemiass Stiftsbibliothe"
/Users/programming/PycharmProjects/Find_Bibliography_NEw/data/azk_library/sieber-christian__11.pdf;20;work;Hottinger (Johann Jakob Hottinger, Helvetische Kirchengeschichte);johann[\s \-]+jakob[\s \-]+hottinger;chnen. Heinrich Bullinger: Reformationsgeschichte, hg. von Johann Jakob Hottinger und Hans Heinrich Végeli, Bd. 3, Frauenfeld 1840, 147-150.
/Users/programming/PycharmProjects/Find_Bibliography_NEw/data/azk_library/sieber-christian__11.pdf;20;work;Hottinger (Johann Jakob Hottinger, Helvetische Kirchengeschichte);\bhottinger\b;Heinrich Bullinger: Reformationsgeschichte, hg. von Johann Jakob Hottinger und Hans Heinrich Végeli, Bd. 3, Frauenfeld 1840, 147-150. Monum
/Users/programming/PycharmProjects/Find_Bibliography_NEw/data/azk_library/sieber-christian__11.pdf;20;series;QSG (Quellen zur Schweizer Geschichte);\bqsg\b;bei Heinrich Brennwald: Schweizerchronik, hg. von Rudolf Luginbiihl (QSG, N. F, Abt. I/1), Bd. 2, Basel 1910, 77-83 iiberlieferte Liste mit
/Users/programming/PycharmProjects/Find_Bibliography_NEw/data/azk_library/sieber-christian__11.pdf;20;series;QSG (Quellen zur Schweizer Geschichte);\bqsg\b;"hl: 145 Tote); Chronik der Stadt Ziirich, hg. von Johannes Dierauer (QSG 18), Basel 1900, 213 (St. Jakob: 150 Tote); Edlibach, 38, 43 (Hirze"
/Users/programming/PycharmProjects/Find_Bibliography_NEw/data/azk_library/sieber-christian__11.pdf;20;series;QSG (Quellen zur Schweizer Geschichte);\bqsg\b;"den innerschweizerischen Jahrzeitbiichern, hg. von Rudolf Henggeler (QSG,N. F, Abt. II/3), Basel 1940, 293; REC, Bd. 4, Nr. 11512. Chronik d"
/Users/programming/PycharmProjects/Find_Bibliography_NEw/data/azk_library/sieber-christian__11.pdf;20;series;MGH (allgemein);monumenta[\s \-]+germaniae[\s \-]+historica;Hans Heinrich Végeli, Bd. 3, Frauenfeld 1840, 147-150. Monumenta Germaniae Historica. Necrologia Germaniae, Bd. 1: Dioeceses Augustensis, C
/Users/programming/PycharmProjects/Find_Bibliography_NEw/data/azk_library/sieber-christian__11.pdf;20;generic;Chronik/Chroniken;\bchronik(?:en)?\b;"50 Namen und einer Zahl von rund 850 Pferden, ferner Klingenberger Chronik, 314 (rund 500 Pferde); URStAZ, Bd. 6, Nr. 8904, 8907, 9021. Vegi"
/Users/programming/PycharmProjects/Find_Bibliography_NEw/data/azk_library/sieber-christian__11.pdf;20;generic;Chronik/Chroniken;\bchronik(?:en)?\b;7 (1896), 377 (Zitat). Weitere Gefallenenzahlen in: Klingenberger Chronik, 304 f£., 307, 320 (Freienbach: 42 Tote, Hirzel: 250-300 Tote, St
/Users/programming/PycharmProjects/Find_Bibliography_NEw/data/azk_library/sieber-christian__11.pdf;20;generic;Chronik/Chroniken;\bchronik(?:en)?\b;": 42 Tote, Hirzel: 250-300 Tote, St. Jakob an der Sihl: 145 Tote); Chronik der Stadt Ziirich, hg. von Johannes Dierauer (QSG 18), Basel 1900"
/Users/programming/PycharmProjects/Find_Bibliography_NEw/data/azk_library/sieber-christian__11.pdf;20;generic;Chronik/Chroniken;\bchronik(?:en)?\b;"irich 1846, 269 (St. Jakob nach Hemmerli: 151 Tote); Klingenberger Chronik, 322, Anm. ww (St. Jakob: 140 Tote gemiass Stiftsbibliothek St. G"
/Users/programming/PycharmProjects/Find_Bibliography_NEw/data/azk_library/sieber-christian__11.pdf;20;generic;Chronik/Chroniken;\bchronik(?:en)?\b;"ler (QSG,N. F, Abt. II/3), Basel 1940, 293; REC, Bd. 4, Nr. 11512. Chronik der Stadt Ziirich (wie Anm. 12), 220. STASZ, Urk. 464 (zuginglich"
/Users/programming/PycharmProjects/Find_Bibliography_NEw/data/azk_library/sieber-christian__11.pdf;20;generic;Chronik/Chroniken;\bchronik(?:en)?\b;"mmlung»); Friind, 132. Friind, 263. Friind, 138 f. Paul Schweizer: Chronik von einem Sohn des Bannerherrn Hans Schwyzer, in: Zwingliana 3 (1"
/Users/programming/PycharmProjects/Find_Bibliography_NEw/data/azk_library/sieber-christian__11.pdf;20;generic;Schlacht-/Kriegserzählungen;\bschlacht(?:en)?\b;auch URStAZ, Bd. 6, Nr. 8922, 8965, 9121. —Zum Vergleich: In der Schlacht bei Kappel 1531 hatten die drei Pfarreien 38 (Kiisnacht), 34 (Kil
/Users/programming/PycharmProjects/Find_Bibliography_NEw/data/azk_library/sieber-christian__11.pdf;20;generic;Schlacht-/Kriegserzählungen;\bschlacht(?:en)?\b;tion im Fall von Winterthur mit der fiir die Stadt katastrophalen Schlacht am Stoss. Vgl. Peter Niederhauser: «Durch der herschafft willen l
/Users/programming/PycharmProjects/Find_Bibliography_NEw/data/azk_library/sieber-christian__11.pdf;20;generic;Schlacht-/Kriegserzählungen;\bschlacht(?:en)?\b;z 1999, 122-124. Beinahe die Halfte der Gefallenen stammt aus der Schlacht bei St. Jakob an der Birs. Belege fiir die eidgendssische Seite b
/Users/programming/PycharmProjects/Find_Bibliography_NEw/data/azk_library/sieber-christian__11.pdf;20;generic;Schlacht-/Kriegserzählungen;\bschlacht(?:en)?\b;um Vorschein, die zu den mehr als 200 Gefallenen der sog. Zweiten Schlacht bei Ziirich vom 26. September 1799 gehdrten, welche von der Lokal
/Users/programming/PycharmProjects/Find_Bibliography_NEw/data/azk_library/sieber-christian__11.pdf;21;work;Hemmerlin (Felix Hemmerlin/Malleolus);de[\s \-]+nobilitate[\s \-]+et[\s \-]+rusticitate;". 46) = Liebenau (wie Anm. 46), 238 £.; Felix Hemmerli: De nobilitate et rusticitate dialogus. [Strassburg, Johann Priiss d. A. um 1500], fo"
/Users/programming/PycharmProjects/Find_Bibliography_NEw/data/azk_library/sieber-christian__11.pdf;21;work;Edlibach (Gerold Edlibach, Zürcher Chronik);\bedlibach\b;"6, Nr. 8193, 8938. Klingenberger Chronik, 309 f.; Friind, 144 £; Edlibach, 39; vgl. auch URStAZ, Bd. 6, Nr. 7328. Klingenberger Chronik, 31"
/Users/programming/PycharmProjects/Find_Bibliography_NEw/data/azk_library/sieber-christian__11.pdf;21;work;Edlibach (Gerold Edlibach, Zürcher Chronik);\bedlibach\b;"Bd. 6, Nr. 7328. Klingenberger Chronik, 310-312; Friind, 145-147; Edlibach, 39 f.; URStAZ, Bd. 6, Nr. 8985; StAZ, A 29.1, Mappe 3a (friiher"
/Users/programming/PycharmProjects/Find_Bibliography_NEw/data/azk_library/sieber-christian__11.pdf;21;work;Edlibach (Gerold Edlibach, Zürcher Chronik);\bedlibach\b;"Friind, 188-192; Chronik der Stadt Ziirich (wie Anm. 12), 214 f.; Edlibach, 45-53; Thuner Missive (wie Anm. 5), 355-366, Nr. 28-34; URStAZ,"
/Users/programming/PycharmProjects/Find_Bibliography_NEw/data/azk_library/sieber-christian__11.pdf;21;work;Edlibach (Gerold Edlibach, Zürcher Chronik);\bedlibach\b;"ermann Rennefahrt, Aarau 1971, Nr. 339, 393 f.; Friind, 190. Vel. Edlibach, 40: «rouben oder brennen und alles, dz zu kriegschen sachen gehé"
/Users/programming/PycharmProjects/Find_Bibliography_NEw/data/azk_library/sieber-christian__11.pdf;21;work;Edlibach (Gerold Edlibach, Zürcher Chronik);\bedlibach\b;". Friind, 139 £., 144, 146; Klingenberger Chronik, 308, 309, 312; Edlibach, 38; StALU, Urk 231/3328, 7-9, 18 (vgl. dazu unten Anm. 46) = Lie"
/Users/programming/PycharmProjects/Find_Bibliography_NEw/data/azk_library/sieber-christian__11.pdf;21;work;Edlibach (Gerold Edlibach, Zürcher Chronik);\bedlibach\b;". 28; URStAZ, Bd. 6, Nr. 9015, 9019. Friind, 213 f. (Zitat), 244; Edlibach, 45. Vgl. ausfiihrlicher Christian Sieber: Krieg und Frieden in d"
/Users/programming/PycharmProjects/Find_Bibliography_NEw/data/azk_library/sieber-christian__11.pdf;21;work;Tschudi (Aegidius/Gilg Tschudi, Chronicon Helveticum);\btschudi\b;"0, hier 361, Anm. ***, und von Bernhard Stettler: [Kommentar], in: Tschudi, Bd. 11, 148 f. Anm. 64. Friind, 188-192; Chronik der Stadt Ziiri"
/Users/programming/PycharmProjects/Find_Bibliography_NEw/data/azk_library/sieber-christian__11.pdf;21;work;Bullinger (Heinrich Bullinger, historiographische Werke);\bbullinger\b;tgeschichte und Stadtebau in Ziirich 7), Ziirich 2005, bes. 14 f. Bullinger (wie Anm. 2), Ms. A 14, fol. 327 r. Bullinger (wie Anm. 13), Bd.
/Users/programming/PycharmProjects/Find_Bibliography_NEw/data/azk_library/sieber-christian__11.pdf;21;work;Bullinger (Heinrich Bullinger, historiographische Werke);\bbullinger\b;ch 2005, bes. 14 f. Bullinger (wie Anm. 2), Ms. A 14, fol. 327 r. Bullinger (wie Anm. 13), Bd. 3, 142. 1405 erhielt ein Priester von der Sta
/Users/programming/PycharmProjects/Find_Bibliography_NEw/data/azk_library/sieber-christian__11.pdf;21;work;Klingenberger/Rapperswiler Chronik (Eberhard Wüest);klingenberger[\s \-]+chronik;"derhauser (wie Anm. 15), 41. URStAZ, Bd. 6, Nr. 8193, 8938. Klingenberger Chronik, 309 f.; Friind, 144 £; Edlibach, 39; vgl. auch URStAZ, Bd"
/Users/programming/PycharmProjects/Find_Bibliography_NEw/data/azk_library/sieber-christian__11.pdf;21;work;Klingenberger/Rapperswiler Chronik (Eberhard Wüest);klingenberger[\s \-]+chronik;"nd, 144 £; Edlibach, 39; vgl. auch URStAZ, Bd. 6, Nr. 7328. Klingenberger Chronik, 310-312; Friind, 145-147; Edlibach, 39 f.; URStAZ, Bd. 6,"
/Users/programming/PycharmProjects/Find_Bibliography_NEw/data/azk_library/sieber-christian__11.pdf;21;work;Klingenberger/Rapperswiler Chronik (Eberhard Wüest);klingenberger[\s \-]+chronik;"ehért». Friind, bes. 140, 152, 156 f., 159 (Zitat; a4hnlich Klingenberger Chronik, 320), 188 f., 192, 200-202, 213 f., 222, 233 £., 236, 238"
/Users/programming/PycharmProjects/Find_Bibliography_NEw/data/azk_library/sieber-christian__11.pdf;21;work;Klingenberger/Rapperswiler Chronik (Eberhard Wüest);klingenberger[\s \-]+chronik;"00-202, 213 f., 222, 233 £., 236, 238, 240, 244; erginzend: Klingenberger Chronik, 326; Thuner Missive (wie Anm. 5), 442, Nr. 84; URStAZ, Bd"
/Users/programming/PycharmProjects/Find_Bibliography_NEw/data/azk_library/sieber-christian__11.pdf;21;work;Klingenberger/Rapperswiler Chronik (Eberhard Wüest);klingenberger[\s \-]+chronik;"5), 442, Nr. 84; URStAZ, Bd. 6, Nr. 8912, 9052, 9061, 9071. Klingenberger Chronik, 310, 315 (mit Zitat), 316, 320, 322 £,, 330, 336; URStAZ,"
/Users/programming/PycharmProjects/Find_Bibliography_NEw/data/azk_library/sieber-christian__11.pdf;21;work;Klingenberger/Rapperswiler Chronik (Eberhard Wüest);klingenberger[\s \-]+chronik;"30, 336; URStAZ, Bd. 6, Nr. 8930. Friind, 139 £., 144, 146; Klingenberger Chronik, 308, 309, 312; Edlibach, 38; StALU, Urk 231/3328, 7-9, 18"
/Users/programming/PycharmProjects/Find_Bibliography_NEw/data/azk_library/sieber-christian__11.pdf;21;work;Klingenberger/Rapperswiler Chronik (Eberhard Wüest);klingenberger[\s \-]+chronik;"onaueramt), 161 f. (Hongg, mit Zitat, dazu iibereinstimmend Klingenberger Chronik, 323). Friind, 146; Thuner Missive (wie Anm. 5), 356 f., N"
/Users/programming/PycharmProjects/Find_Bibliography_NEw/data/azk_library/sieber-christian__11.pdf;21;work;Hottinger (Johann Jakob Hottinger, Helvetische Kirchengeschichte);johann[\s \-]+jakob[\s \-]+hottinger;"I 215, fol. 16-26; Gerichtsakten), teilweise referiert von Johann Jakob Hottinger: Ziirichs inneres Leben wahrend der Dauer des Alten Ziiric"
/Users/programming/PycharmProjects/Find_Bibliography_NEw/data/azk_library/sieber-christian__11.pdf;21;work;Hottinger (Johann Jakob Hottinger, Helvetische Kirchengeschichte);\bhottinger\b;"fol. 16-26; Gerichtsakten), teilweise referiert von Johann Jakob Hottinger: Ziirichs inneres Leben wahrend der Dauer des Alten Ziirichkrieg"
/Users/programming/PycharmProjects/Find_Bibliography_NEw/data/azk_library/sieber-christian__11.pdf;21;series;MAGZ (Mitteilungen der Antiquarischen Gesellschaft in Zürich);\bmagz\b;en Spatmittelalter und Friiher Neuzeit, hg. von Peter Niederhauser (MAGZ 70), Ziirich 2003, 61-83, hier 76 sowie Farbabbildung 9 nach 96. Vg
/Users/programming/PycharmProjects/Find_Bibliography_NEw/data/azk_library/sieber-christian__11.pdf;21;generic;Chronik/Chroniken;\bchronik(?:en)?\b;"er (wie Anm. 15), 41. URStAZ, Bd. 6, Nr. 8193, 8938. Klingenberger Chronik, 309 f.; Friind, 144 £; Edlibach, 39; vgl. auch URStAZ, Bd. 6, Nr"
/Users/programming/PycharmProjects/Find_Bibliography_NEw/data/azk_library/sieber-christian__11.pdf;21;generic;Chronik/Chroniken;\bchronik(?:en)?\b;"£; Edlibach, 39; vgl. auch URStAZ, Bd. 6, Nr. 7328. Klingenberger Chronik, 310-312; Friind, 145-147; Edlibach, 39 f.; URStAZ, Bd. 6, Nr. 89"
/Users/programming/PycharmProjects/Find_Bibliography_NEw/data/azk_library/sieber-christian__11.pdf;21;generic;Chronik/Chroniken;\bchronik(?:en)?\b;"[Kommentar], in: Tschudi, Bd. 11, 148 f. Anm. 64. Friind, 188-192; Chronik der Stadt Ziirich (wie Anm. 12), 214 f.; Edlibach, 45-53; Thuner"
/Users/programming/PycharmProjects/Find_Bibliography_NEw/data/azk_library/sieber-christian__11.pdf;21;generic;Chronik/Chroniken;\bchronik(?:en)?\b;"Friind, bes. 140, 152, 156 f., 159 (Zitat; a4hnlich Klingenberger Chronik, 320), 188 f., 192, 200-202, 213 f., 222, 233 £., 236, 238, 240,"
/Users/programming/PycharmProjects/Find_Bibliography_NEw/data/azk_library/sieber-christian__11.pdf;21;generic;Chronik/Chroniken;\bchronik(?:en)?\b;"213 f., 222, 233 £., 236, 238, 240, 244; erginzend: Klingenberger Chronik, 326; Thuner Missive (wie Anm. 5), 442, Nr. 84; URStAZ, Bd. 6, Nr"
/Users/programming/PycharmProjects/Find_Bibliography_NEw/data/azk_library/sieber-christian__11.pdf;21;generic;Chronik/Chroniken;\bchronik(?:en)?\b;", Nr. 84; URStAZ, Bd. 6, Nr. 8912, 9052, 9061, 9071. Klingenberger Chronik, 310, 315 (mit Zitat), 316, 320, 322 £,, 330, 336; URStAZ, Bd. 6,"
/Users/programming/PycharmProjects/Find_Bibliography_NEw/data/azk_library/sieber-christian__11.pdf;21;generic;Chronik/Chroniken;\bchronik(?:en)?\b;"; URStAZ, Bd. 6, Nr. 8930. Friind, 139 £., 144, 146; Klingenberger Chronik, 308, 309, 312; Edlibach, 38; StALU, Urk 231/3328, 7-9, 18 (vgl."
/Users/programming/PycharmProjects/Find_Bibliography_NEw/data/azk_library/sieber-christian__11.pdf;21;generic;Chronik/Chroniken;\bchronik(?:en)?\b;"mt), 161 f. (Hongg, mit Zitat, dazu iibereinstimmend Klingenberger Chronik, 323). Friind, 146; Thuner Missive (wie Anm. 5), 356 f., Nr. 28;"
/Users/programming/PycharmProjects/Find_Bibliography_NEw/data/azk_library/sieber-christian__11.pdf;21;generic;Schlacht-/Kriegserzählungen;\bschlacht(?:en)?\b;erthur als Entschadigung fiir die Bestattung ihrer Gefallenen der Schlacht am Stoss in Altstatten 12 Gulden ausbezahlt. Vgl. Niederhauser (w
/Users/programming/PycharmProjects/Find_Bibliography_NEw/data/azk_library/sieber-christian__11.pdf;21;generic;Schlacht-/Kriegserzählungen;\bkrieg(?:e|en)?\b;23 24 25 26 27 28 29 30 31 32 33 34 35 36 37 38 39 Stadt erlebt den Krieg, hg. vom Hochbaudepartement der Stadt Ziirich (Stadtgeschichte und
/Users/programming/PycharmProjects/Find_Bibliography_NEw/data/azk_library/sieber-christian__11.pdf;21;generic;Schlacht-/Kriegserzählungen;\bkrieg(?:e|en)?\b;". (Zitat), 244; Edlibach, 45. Vgl. ausfiihrlicher Christian Sieber: Krieg und Frieden in der Herrschaft Griiningen. Zwischen politischer Wei"
/Users/programming/PycharmProjects/Find_Bibliography_NEw/data/azk_library/sieber-christian__11.pdf;22;work;Tschudi (Aegidius/Gilg Tschudi, Chronicon Helveticum);\btschudi\b;"ophilen Taschenbiicher 64), 2. Aufl., Dortmund 1979, fol. 282 r—v. Tschudi, Bd. 11, 246-248 (mit Anm. 117) und 354-356; REC, Bd. 4, Nr. 1089"
/Users/programming/PycharmProjects/Find_Bibliography_NEw/data/azk_library/sieber-christian__11.pdf;22;work;Tschudi (Aegidius/Gilg Tschudi, Chronicon Helveticum);\btschudi\b;"eindearchive, KGA Fiallanden I A 4 (10. Oktober 1455) (Fallanden); Tschudi, Bd. 12, 62 f. (Héngg, wo von 1703 bis 1819 eine Gedenktafel an d"
/Users/programming/PycharmProjects/Find_Bibliography_NEw/data/azk_library/sieber-christian__11.pdf;22;work;Brennwald (Heinrich/Johannes Brennwald, Schweizerchronik);\bbrennwald\b;"nd seine Mitglieder im Mittelalter, Ziirich 1997, 61 und Anm. 50; Brennwald (wie Anm. 7), Bd. 2, 182; StAZ, CII7, Nr. 144 (28. Januar 1446;"
/Users/programming/PycharmProjects/Find_Bibliography_NEw/data/azk_library/sieber-christian__11.pdf;22;work;Klingenberger/Rapperswiler Chronik (Eberhard Wüest);klingenberger[\s \-]+chronik;"6, Nr. 9070; StAZ, W 13 AG 7c, Nr. I, 17 (5. Oktober 1448). Klingenberger Chronik, 320; URStAZ, Bd. 6, Nr. 9016 (Fraumiinster), 8949-8954; S"
/Users/programming/PycharmProjects/Find_Bibliography_NEw/data/azk_library/sieber-christian__11.pdf;22;work;Klingenberger/Rapperswiler Chronik (Eberhard Wüest);klingenberger[\s \-]+chronik;"949-8954; StAZ, A 29.1, Mappe 3 (1446 Fasnacht, Bewachung). Klingenberger Chronik, 318 f.; Friind, 155 f., 200-202; Chronik der Stadt Ziiric"
/Users/programming/PycharmProjects/Find_Bibliography_NEw/data/azk_library/sieber-christian__11.pdf;22;work;Klingenberger/Rapperswiler Chronik (Eberhard Wüest);klingenberger[\s \-]+chronik;lich ftir die Kirche von Elgg vor, ware dann aber (aufgrund Klingenberger Chronik, 272, und URStAZ, Bd. 6, Nr. 8662) ins Jahr 1440 zu datier
/Users/programming/PycharmProjects/Find_Bibliography_NEw/data/azk_library/sieber-christian__11.pdf;22;work;Klingenberger/Rapperswiler Chronik (Eberhard Wüest);klingenberger[\s \-]+chronik;"-68, 78-81; Chronik der Stadt Ziirich (wie Anm. 12),214 f.; Klingenberger Chronik,309, 312 f.; Thuner Missive (wie Anm. 5), 365, Nr. 34; REC"
/Users/programming/PycharmProjects/Find_Bibliography_NEw/data/azk_library/sieber-christian__11.pdf;22;generic;Chronik/Chroniken;\bchronik(?:en)?\b;"9070; StAZ, W 13 AG 7c, Nr. I, 17 (5. Oktober 1448). Klingenberger Chronik, 320; URStAZ, Bd. 6, Nr. 9016 (Fraumiinster), 8949-8954; StAZ, A"
/Users/programming/PycharmProjects/Find_Bibliography_NEw/data/azk_library/sieber-christian__11.pdf;22;generic;Chronik/Chroniken;\bchronik(?:en)?\b;"4; StAZ, A 29.1, Mappe 3 (1446 Fasnacht, Bewachung). Klingenberger Chronik, 318 f.; Friind, 155 f., 200-202; Chronik der Stadt Ziirich (wie"
/Users/programming/PycharmProjects/Find_Bibliography_NEw/data/azk_library/sieber-christian__11.pdf;22;generic;Chronik/Chroniken;\bchronik(?:en)?\b;"ewachung). Klingenberger Chronik, 318 f.; Friind, 155 f., 200-202; Chronik der Stadt Ziirich (wie Anm. 12), 213,215 f£.; URStAZ, Bd. 6, Nr."
/Users/programming/PycharmProjects/Find_Bibliography_NEw/data/azk_library/sieber-christian__11.pdf;22;generic;Chronik/Chroniken;\bchronik(?:en)?\b;ir die Kirche von Elgg vor, ware dann aber (aufgrund Klingenberger Chronik, 272, und URStAZ, Bd. 6, Nr. 8662) ins Jahr 1440 zu datieren. Vgl
/Users/programming/PycharmProjects/Find_Bibliography_NEw/data/azk_library/sieber-christian__11.pdf;22;generic;Chronik/Chroniken;\bchronik(?:en)?\b;mierte Kirche Elgg. Renovation 2003-2004, [Elgg 2004], 15, 45. Die Chronik der Stadt Ziirich (wie Anm. 12), 215 zahlt 26, Hemmerli (wie Anm.
/Users/programming/PycharmProjects/Find_Bibliography_NEw/data/azk_library/sieber-christian__11.pdf;22;generic;Chronik/Chroniken;\bchronik(?:en)?\b;"138 r = Sieber-Lehmann/Wilhelmi (wie Anm. 34), 62 £,,66-68, 78-81; Chronik der Stadt Ziirich (wie Anm. 12),214 f.; Klingenberger Chronik,309"
/Users/programming/PycharmProjects/Find_Bibliography_NEw/data/azk_library/sieber-christian__11.pdf;22;generic;Chronik/Chroniken;\bchronik(?:en)?\b;"-81; Chronik der Stadt Ziirich (wie Anm. 12),214 f.; Klingenberger Chronik,309, 312 f.; Thuner Missive (wie Anm. 5), 365, Nr. 34; REC, Bd. 4"
/Users/programming/PycharmProjects/Find_Bibliography_NEw/data/azk_library/sieber-christian__11.pdf;22;generic;Eydgenossenschaft/Helvetia (frühneuzeitl. Schreibungen);eidt?genossenschaft;d kriegsbruch». Kriegsverbrechen in der spatmittelalterlichen Eidgenossenschaft, in: Personen der Geschichte, Geschichte der Personen. Studi
/Users/programming/PycharmProjects/Find_Bibliography_NEw/data/azk_library/sieber-christian__11.pdf;22;generic;Schlacht-/Kriegserzählungen;\bkrieg(?:e|en)?\b;der Armagnaken oder spater der Eidgenossen in den ennetbirgischen Kriegen tibertreffen das hier Referierte bei weitem. Vgl. Heinrich Witte:
/Users/programming/PycharmProjects/Find_Bibliography_NEw/data/azk_library/sieber-christian__11.pdf;23;work;Edlibach (Gerold Edlibach, Zürcher Chronik);\bedlibach\b;"rblatter von Uster 1 (1914), 3-14, 19-29, 37-46, hier 39 (Zitat). Edlibach, 40, 54, 56, 57, 95; Rudolf Gamper: Die Ziircher Stadtchroniken u"
/Users/programming/PycharmProjects/Find_Bibliography_NEw/data/azk_library/sieber-christian__11.pdf;23;work;Tschudi (Aegidius/Gilg Tschudi, Chronicon Helveticum);\btschudi\b;"wie Anm. 38), 304 f. URStAZ, Bd. 6, Nr. 9070. EA, Bd. 2, Nr. 378a; Tschudi, Bd. 11, 273 £; URStAZ, Bd. 6, Nr. 8983. StAZ, CI, Nr. 499 (9. Ju"
/Users/programming/PycharmProjects/Find_Bibliography_NEw/data/azk_library/sieber-christian__11.pdf;23;work;Tschudi (Aegidius/Gilg Tschudi, Chronicon Helveticum);\btschudi\b;Der Geschichtsschreiber Vadian in seiner Zeit und im Vergleich mit Tschudi und
/Users/programming/PycharmProjects/Find_Bibliography_NEw/data/azk_library/sieber-christian__11.pdf;23;work;Bullinger (Heinrich Bullinger, historiographische Werke);heinrich[\s \-]+bullinger;"Basel 1884, 107-229, hier 136, 156 f., 192-201, 205 f., 214; Heinrich Bullinger: Von den Tigurineren und der statt Ziirych sachen VIII biiec"
/Users/programming/PycharmProjects/Find_Bibliography_NEw/data/azk_library/sieber-christian__11.pdf;23;work;Bullinger (Heinrich Bullinger, historiographische Werke);\bbullinger\b;"l 1884, 107-229, hier 136, 156 f., 192-201, 205 f., 214; Heinrich Bullinger: Von den Tigurineren und der statt Ziirych sachen VIII biiecher,"
/Users/programming/PycharmProjects/Find_Bibliography_NEw/data/azk_library/sieber-christian__11.pdf;23;work;Klingenberger/Rapperswiler Chronik (Eberhard Wüest);klingenberger[\s \-]+chronik;"Diss., Ziirich 1952, 174 f. Sieber (wie Anm. 37), 54, nach: Klingenberger Chronik, 312 £; Hemmerli (wie Anm. 34), fol. 132 v = Sieber-Lehman"
/Users/programming/PycharmProjects/Find_Bibliography_NEw/data/azk_library/sieber-christian__11.pdf;23;work;Vadian (Joachim Vadianus, St. Galler Chronik);\bvadian(us)?\b;(nach Jan Assmann). Vel. Christian Sieber: Der Geschichtsschreiber Vadian in seiner Zeit und im Vergleich mit Tschudi und
/Users/programming/PycharmProjects/Find_Bibliography_NEw/data/azk_library/sieber-christian__11.pdf;23;series;QSG (Quellen zur Schweizer Geschichte);\bqsg\b;"7), 54; Felix Fabri: Descriptio Sueviae, hg. von Hermann Escher, in: QSG, Bd. 6, Basel 1884, 107-229, hier 136, 156 f., 192-201, 205 f., 214"
/Users/programming/PycharmProjects/Find_Bibliography_NEw/data/azk_library/sieber-christian__11.pdf;23;series;Basler Chroniken (Reihe);\bbasler[\s \-]+chroniken\b;"7. Friind, 280; Chronik der Stadt Ziirich (wie Anm. 12), 222; Basler Chroniken, Bd. 5, bearb. von August Bernoulli, Leipzig 1895, 396; StAZ,"
/Users/programming/PycharmProjects/Find_Bibliography_NEw/data/azk_library/sieber-christian__11.pdf;23;series;MAGZ (Mitteilungen der Antiquarischen Gesellschaft in Zürich);\bmagz\b;"Die Ziircher Stadtchroniken und ihre Ausbreitung in die Ostschweiz (MAGZ 52/2), Ziirich 1982, 12, Anm. 27; Sieber (wie Anm. 37), 54; Felix F"
/Users/programming/PycharmProjects/Find_Bibliography_NEw/data/azk_library/sieber-christian__11.pdf;23;generic;Chronik/Chroniken;\bchronik(?:en)?\b;"Ziirich 1952, 174 f. Sieber (wie Anm. 37), 54, nach: Klingenberger Chronik, 312 £; Hemmerli (wie Anm. 34), fol. 132 v = Sieber-Lehmann/Wilhe"
/Users/programming/PycharmProjects/Find_Bibliography_NEw/data/azk_library/sieber-christian__11.pdf;23;generic;Chronik/Chroniken;\bchronik(?:en)?\b;"honung seines Klosters. Vel. URStAZ, Bd. 6, Nr. 9087. Friind, 280; Chronik der Stadt Ziirich (wie Anm. 12), 222; Basler Chroniken, Bd. 5, be"
/Users/programming/PycharmProjects/Find_Bibliography_NEw/data/azk_library/sieber-christian__11.pdf;23;generic;Chronik/Chroniken;\bchronik(?:en)?\b;"Friind, 280; Chronik der Stadt Ziirich (wie Anm. 12), 222; Basler Chroniken, Bd. 5, bearb. von August Bernoulli, Leipzig 1895, 396; StAZ, C"
/Users/programming/PycharmProjects/Find_Bibliography_NEw/data/azk_library/sieber-christian__11.pdf;23;generic;Jahrbuch/Jahrbücher;jahrb[üu]ch(?:er|e)?\b;"993, 309-321; Ders.: Bildersturm im Mittelalter, in: Historisches Jahrbuch Gérres-Gesellschaft 113 (1993), 255-282; Quellenberichte von Guy"
/Users/programming/PycharmProjects/Find_Bibliography_NEw/data/azk_library/sieber-christian__11.pdf;23;generic;Schlacht-/Kriegserzählungen;\bkrieg(?:e|en)?\b;rmlosend dagegen Walter Schaufelberger: Der Alte Schweizer und sein Krieg. Studien zur Kriegfiihrung vornehmlich im 15. Jahrhundert, Diss.,
/Users/programming/PycharmProjects/Find_Bibliography_NEw/data/azk_library/sieber-christian__11.pdf;24;work;Schilling (ungenau);\bschilling\b;"on Uster» zur Gedenkfeier vom 28. Mai 1994, 26. Mai 1994; Herbert Schilling: Gedenkgang zur Bluetmatt in Nanikon, in: Jahrbuch Greifensee 7"
/Users/programming/PycharmProjects/Find_Bibliography_NEw/data/azk_library/sieber-christian__11.pdf;24;work;Stumpf (Johannes Stumpf, Schweizerchronik);johannes[\s \-]+stumpf;nd Aktensammlung zur Ziircher Dissertation von Attilio Bonomo [Johannes Stumpf der Reformator und Geschichtsschreiber, Genua 1923], Typoskri
/Users/programming/PycharmProjects/Find_Bibliography_NEw/data/azk_library/sieber-christian__11.pdf;24;work;Stumpf (Johannes Stumpf, Schweizerchronik);johannes[\s \-]+stumpf;"2, ZBZ, Ms. Z I 103a, 526 f. (Schreiben von Ludwig Lavater an Johannes Stumpf 1556); Bullinger (wie Anm. 2), Ms. A 14, fol. 317 v (ebd., fo"
/Users/programming/PycharmProjects/Find_Bibliography_NEw/data/azk_library/sieber-christian__11.pdf;24;work;Bullinger (Heinrich Bullinger, historiographische Werke);\bbullinger\b;69 70 71 72 73 74 Ts 76 77 78 79 80 81 82 Bullinger, in: Vadian als Geschichtsschreiber, hg. von Rudolf Gamper (Vadian-Studien 17), St. Gall
/Users/programming/PycharmProjects/Find_Bibliography_NEw/data/azk_library/sieber-christian__11.pdf;24;work;Bullinger (Heinrich Bullinger, historiographische Werke);\bbullinger\b;"a, 526 f. (Schreiben von Ludwig Lavater an Johannes Stumpf 1556); Bullinger (wie Anm. 2), Ms. A 14, fol. 317 v (ebd., fol. 302 r, ein Beispi"
/Users/programming/PycharmProjects/Find_Bibliography_NEw/data/azk_library/sieber-christian__11.pdf;24;work;Vadian (Joachim Vadianus, St. Galler Chronik);\bvadian(us)?\b;69 70 71 72 73 74 Ts 76 77 78 79 80 81 82 Bullinger, in: Vadian als Geschichtsschreiber, hg. von Rudolf Gamper (Vadian-Studien 17), St. Gall
/Users/programming/PycharmProjects/Find_Bibliography_NEw/data/azk_library/sieber-christian__11.pdf;24;work;Vadian (Joachim Vadianus, St. Galler Chronik);\bvadian(us)?\b;linger, in: Vadian als Geschichtsschreiber, hg. von Rudolf Gamper (Vadian-Studien 17), St. Gallen 2005 (im Druck), Text bei Anm. 59 und die
/Users/programming/PycharmProjects/Find_Bibliography_NEw/data/azk_library/sieber-christian__11.pdf;24;generic;Jahrbuch/Jahrbücher;jahrb[üu]ch(?:er|e)?\b;"1994; Herbert Schilling: Gedenkgang zur Bluetmatt in Nanikon, in: Jahrbuch Greifensee 7 (1994/95), 18-21; Neue Ziircher Zeitung vom 11. Mai"
/Users/programming/PycharmProjects/Find_Bibliography_NEw/data/azk_library/sieber-christian__11.pdf;25;work;Stumpf (Johannes Stumpf, Schweizerchronik);johannes[\s \-]+stumpf;"hronik; Zitat), ferner ebd., Nr. 127, 708-710 (Darstellung bei Johannes Stumpf)."
/Users/programming/PycharmProjects/Find_Bibliography_NEw/data/azk_library/sieber-christian__11.pdf;25;work;Bullinger (Heinrich Bullinger, historiographische Werke);heinrich[\s \-]+bullinger;"Memorialtafel; Zitat) und 140 r-141 r (Alter Ziirichkrieg) = Heinrich Bullinger: Annales sive Chronicon coenobii Capell, in: Johann Jakob Si"
/Users/programming/PycharmProjects/Find_Bibliography_NEw/data/azk_library/sieber-christian__11.pdf;25;work;Bullinger (Heinrich Bullinger, historiographische Werke);\bbullinger\b;n, Text vor Anm. 27. Vgl. oben den Beitrag von Bernhard Stettler. Bullinger (wie Anm. 2), Ms. A 14, fol. 300 v (Gtiders Abschrift von Stumpf
/Users/programming/PycharmProjects/Find_Bibliography_NEw/data/azk_library/sieber-christian__11.pdf;25;work;Bullinger (Heinrich Bullinger, historiographische Werke);\bbullinger\b;"nd der Abt und der iibrige Konvent nach Ziirich fliichteten. Vg]. Bullinger (wie Anm. 91), 436. Vel. ferner Klingenberger Chronik, 313; Denk"
/Users/programming/PycharmProjects/Find_Bibliography_NEw/data/azk_library/sieber-christian__11.pdf;25;work;Bullinger (Heinrich Bullinger, historiographische Werke);\bbullinger\b;"rialtafel; Zitat) und 140 r-141 r (Alter Ziirichkrieg) = Heinrich Bullinger: Annales sive Chronicon coenobii Capell, in: Johann Jakob Simler"
/Users/programming/PycharmProjects/Find_Bibliography_NEw/data/azk_library/sieber-christian__11.pdf;25;work;Bullinger (Heinrich Bullinger, historiographische Werke);\bbullinger\b;in Bullingers Reformationsgeschichte aus den 1560er Jahren, vg]. Bullinger (wie Anm. 13), Bd. 1,91:«[...] dermassen verwiist, das es in 7 j
/Users/programming/PycharmProjects/Find_Bibliography_NEw/data/azk_library/sieber-christian__11.pdf;25;work;Bullinger (Heinrich Bullinger, historiographische Werke);\bbullinger\b;nd 68-69. Die Namen zum Jahr 1493 in StAZ, E II 437, fol. 144 r = Bullinger (wie Anm. 91), 443: Ulrich Stampfli (Altabt), Johannes Schénenbe
/Users/programming/PycharmProjects/Find_Bibliography_NEw/data/azk_library/sieber-christian__11.pdf;25;work;Klingenberger/Rapperswiler Chronik (Eberhard Wüest);klingenberger[\s \-]+chronik;"fliichteten. Vg]. Bullinger (wie Anm. 91), 436. Vel. ferner Klingenberger Chronik, 313; Denkschrift (wie Anm. 47), 479; URStAZ, Bd. 6, Nr. 8"
/Users/programming/PycharmProjects/Find_Bibliography_NEw/data/azk_library/sieber-christian__11.pdf;25;work;Simler (Josias Simler, De Helvetiorum republica);\bsimler\b;"30 r-146 r (bis 1511; ebd., fol. 147 r-149 v Fortsetzung von Peter Simler bis 1542), bes. fol. 132 r (Memorialtafel; Zitat) und 140 r-141 r"
/Users/programming/PycharmProjects/Find_Bibliography_NEw/data/azk_library/sieber-christian__11.pdf;25;work;Simler (Josias Simler, De Helvetiorum republica);\bsimler\b;ullinger: Annales sive Chronicon coenobii Capell, in: Johann Jakob Simler: Sammlung alter und neuer Urkunden zur Beleuchtung der Kirchen-Ges
/Users/programming/PycharmProjects/Find_Bibliography_NEw/data/azk_library/sieber-christian__11.pdf;25;generic;Chronik/Chroniken;\bchronik(?:en)?\b;"eten. Vg]. Bullinger (wie Anm. 91), 436. Vel. ferner Klingenberger Chronik, 313; Denkschrift (wie Anm. 47), 479; URStAZ, Bd. 6, Nr. 8418, 88"
/Users/programming/PycharmProjects/Find_Bibliography_NEw/data/azk_library/sieber-christian__11.pdf;25;generic;Chronicon/Chronica;\bchronic(?:on|a|orum)\b;0 r-141 r (Alter Ziirichkrieg) = Heinrich Bullinger: Annales sive Chronicon coenobii Capell, in: Johann Jakob Simler: Sammlung alter und neu
/Users/programming/PycharmProjects/Find_Bibliography_NEw/data/azk_library/sieber-christian__11.pdf;25;generic;Annales/Annalen;\bannal(?:es|en)\b;Zitat) und 140 r-141 r (Alter Ziirichkrieg) = Heinrich Bullinger: Annales sive Chronicon coenobii Capell, in: Johann Jakob Simler: Sammlung
/Users/programming/PycharmProjects/Find_Bibliography_NEw/data/azk_library/sieber-christian__11.pdf;25;generic;Historia/Historiae;\bhistori[ae]\b;wie Anm. 2), Ms. A 14, fol. 300 v (Gtiders Abschrift von Stumpfs «Historia» umfasst fol. 240- 357). StALU, Urk 231/3328, 2 f£. = Liebenau (w
/Users/programming/PycharmProjects/Find_Bibliography_NEw/data/azk_library/heinrich-speich__32.pdf;1;work;Fründ (Hans Fründ);hans[\s \-]+fr[üu]nd;captain to his authority, the other was the chancellor of Schwyz Hans Fründ with his quasi-offical chronicle of the Old Zürich war. Soon aft
/Users/programming/PycharmProjects/Find_Bibliography_NEw/data/azk_library/heinrich-speich__32.pdf;1;work;Fründ (Hans Fründ);\bfr[üu]nd\b;ptain to his authority, the other was the chancellor of Schwyz Hans Fründ with his quasi-offical chronicle of the Old Zürich war. Soon after
/Users/programming/PycharmProjects/Find_Bibliography_NEw/data/azk_library/heinrich-speich__32.pdf;1;generic;Chronik/Chroniken;\bchronik(?:en)?\b;und wir üch jetz geschriben hant von der getat. Kriegsordnungen, Chroniken, Berichte und Briefe aus dem Feld. Quellen zum Ragazer Feldzug 1
/Users/programming/PycharmProjects/Find_Bibliography_NEw/data/azk_library/heinrich-speich__32.pdf;1;generic;Schlacht-/Kriegserzählungen;\bfeldzug\b;, Chroniken, Berichte und Briefe aus dem Feld. Quellen zum Ragazer Feldzug 1446 im Alten Zürichkrieg Letters, Reports and Chronicles. Source
/Users/programming/PycharmProjects/Find_Bibliography_NEw/data/azk_library/heinrich-speich__32.pdf;2;work;Tschudi (Aegidius/Gilg Tschudi, Chronicon Helveticum);aegidi(?:us)?[\s \-]+tschudi;lten Zürichkrieg und dessen Platz in der Historiographie. In: Aegidius Tschudi, Chronicon Helveticum. Bd. 12. Bearb. von B. Stettler. Bern 1
/Users/programming/PycharmProjects/Find_Bibliography_NEw/data/azk_library/heinrich-speich__32.pdf;2;work;Tschudi (Aegidius/Gilg Tschudi, Chronicon Helveticum);\btschudi\b;Zürichkrieg und dessen Platz in der Historiographie. In: Aegidius Tschudi, Chronicon Helveticum. Bd. 12. Bearb. von B. Stettler. Bern 1998,
/Users/programming/PycharmProjects/Find_Bibliography_NEw/data/azk_library/heinrich-speich__32.pdf;2;work;Tschudi (Aegidius/Gilg Tschudi, Chronicon Helveticum);chronicon[\s \-]+helveticum;dessen Platz in der Historiographie. In: Aegidius Tschudi, Chronicon Helveticum. Bd. 12. Bearb. von B. Stettler. Bern 1998, S. 1*–121*. 4 A
/Users/programming/PycharmProjects/Find_Bibliography_NEw/data/azk_library/heinrich-speich__32.pdf;2;generic;Chronik/Chroniken;\bchronik(?:en)?\b;und wir üch jetz geschriben hant von der getat. Kriegsordnungen, Chroniken, … ČLÁNKY / ARTICLES Im Februar 1446 zogen etwa 1 100 Eidgenosse
/Users/programming/PycharmProjects/Find_Bibliography_NEw/data/azk_library/heinrich-speich__32.pdf;2;generic;Chronicon/Chronica;\bchronic(?:on|a|orum)\b;eg und dessen Platz in der Historiographie. In: Aegidius Tschudi, Chronicon Helveticum. Bd. 12. Bearb. von B. Stettler. Bern 1998, S. 1*–121
/Users/programming/PycharmProjects/Find_Bibliography_NEw/data/azk_library/heinrich-speich__32.pdf;2;generic;Chronicon/Chronica;\bchronicon[\s \-]+helveticum\b;dessen Platz in der Historiographie. In: Aegidius Tschudi, Chronicon Helveticum. Bd. 12. Bearb. von B. Stettler. Bern 1998, S. 1*–121*. 4 A
/Users/programming/PycharmProjects/Find_Bibliography_NEw/data/azk_library/heinrich-speich__32.pdf;2;generic;Eydgenossenschaft/Helvetia (frühneuzeitl. Schreibungen);eidt?genossenschaft;"Gesellschaft Zürich 73. Zürich 2006; Stettler, Bernhard: Die Eidgenossenschaft im 15. Jahrhundert. Auf der Suche nach einem gemeinsamen Nen"
/Users/programming/PycharmProjects/Find_Bibliography_NEw/data/azk_library/heinrich-speich__32.pdf;2;generic;Eydgenossenschaft/Helvetia (frühneuzeitl. Schreibungen);eidt?genossenschaft;"ckernagel, Hans Georg: Kriegsbräuche in der mittelalterlichen Eidgenossenschaft. Basel 1934; Schaufelberger, Walter: Der Alte Schweizer und"
/Users/programming/PycharmProjects/Find_Bibliography_NEw/data/azk_library/heinrich-speich__32.pdf;2;generic;Schlacht-/Kriegserzählungen;\bschlacht(?:en)?\b;ei Wochen. Mitte März zogen die Eidgenossen nach einer gewonnenen Schlacht wieder ab und überliessen das Land wieder den habsburgischen Dien
/Users/programming/PycharmProjects/Find_Bibliography_NEw/data/azk_library/heinrich-speich__32.pdf;2;generic;Schlacht-/Kriegserzählungen;\bkrieg(?:e|en)?\b;r den habsburgischen Dienstleuten. Eidgenossen, Schriftlichkeit und Krieg Dieser merkwürdige kurze Feldzug ist aus verschiedenen Gründen ein
/Users/programming/PycharmProjects/Find_Bibliography_NEw/data/azk_library/heinrich-speich__32.pdf;2;generic;Schlacht-/Kriegserzählungen;\bkrieg(?:e|en)?\b;"ft. Basel 1934; Schaufelberger, Walter: Der Alte Schweizer und sein Krieg. Studien zur Kriegführung vornehmlich im 15. Jahrhundert. Frauenfe"
/Users/programming/PycharmProjects/Find_Bibliography_NEw/data/azk_library/heinrich-speich__32.pdf;2;generic;Schlacht-/Kriegserzählungen;\bfeldzug\b;Sarganserland, einem Nebenschauplatz des Alten Zürichkriegs.1 Der Feldzug dauerte nur rund drei Wochen. Mitte März zogen die Eidgenossen na
/Users/programming/PycharmProjects/Find_Bibliography_NEw/data/azk_library/heinrich-speich__32.pdf;2;generic;Schlacht-/Kriegserzählungen;\bfeldzug\b;n. Eidgenossen, Schriftlichkeit und Krieg Dieser merkwürdige kurze Feldzug ist aus verschiedenen Gründen einer näheren Betrachtung wert2. Ei
/Users/programming/PycharmProjects/Find_Bibliography_NEw/data/azk_library/heinrich-speich__32.pdf;2;generic;Schlacht-/Kriegserzählungen;\bfeldzug\b;ürichkrieges (1436–1446/50), andererseits fand gerade dieser kurze Feldzug reichen Niederschlag in den Quellen der Streitparteien und in der
/Users/programming/PycharmProjects/Find_Bibliography_NEw/data/azk_library/heinrich-speich__32.pdf;2;generic;Schlacht-/Kriegserzählungen;\bfeldzug\b;stik.3 Die schriftlichen Quellen zur Überlieferung für den Ragazer Feldzug von 1446 dürfen innerhalb des gut erforschten spätmittelalterlich
/Users/programming/PycharmProjects/Find_Bibliography_NEw/data/azk_library/heinrich-speich__32.pdf;2;generic;Schlacht-/Kriegserzählungen;\bfeldzug\b;Suche nach einem gemeinsamen Nenner. Menziken 2004. 2 Zum Ragazer Feldzug und seinen sozialhistorischen Fragestellungen siehe Speich, Heinr
/Users/programming/PycharmProjects/Find_Bibliography_NEw/data/azk_library/heinrich-speich__32.pdf;3;work;Fründ (Hans Fründ);hans[\s \-]+fr[üu]nd;Am Augenfälligsten ist dies an der Berufung des Luzerner Bürgers Hans Fründ als Schreiber an die Kanzlei des Länderortes Schwyz im Jahr 1437
/Users/programming/PycharmProjects/Find_Bibliography_NEw/data/azk_library/heinrich-speich__32.pdf;3;work;Fründ (Hans Fründ);hans[\s \-]+fr[üu]nd;tadt Zürich bereits in der ersten Konfliktphase ab 1436 bewusst. Hans Fründ war seit 1427 Unterschreiber in Luzern und wechselte als erster
/Users/programming/PycharmProjects/Find_Bibliography_NEw/data/azk_library/heinrich-speich__32.pdf;3;work;Fründ (Hans Fründ);hans[\s \-]+fr[üu]nd;chkrieg (1436– 1450) im Spiegel der Biographie von Landschreiber Hans Fründ. Jahrbuch des Historischen Vereins des Kantons Schwyz 98, 2006,
/Users/programming/PycharmProjects/Find_Bibliography_NEw/data/azk_library/heinrich-speich__32.pdf;3;work;Fründ (Hans Fründ);hans[\s \-]+fr[üu]nd;yz 98, 2006, S. 11–37. Stettler, Bernhard: Zur Überlieferung von Hans Fründs. Darstellung des Alten Zürichkriegs. In: Aegidius Tschudi, Chro
/Users/programming/PycharmProjects/Find_Bibliography_NEw/data/azk_library/heinrich-speich__32.pdf;3;work;Fründ (Hans Fründ);hans[\s \-]+fr[üu]nd;Cod. Sang. 644, ed. von Kind, Christian Emanuel: Die Chronik des Hans Fründ, Chur 1870. Beschreibung in Scarpatetti, Beat Matthias von: Die
/Users/programming/PycharmProjects/Find_Bibliography_NEw/data/azk_library/heinrich-speich__32.pdf;3;work;Fründ (Hans Fründ);\bfr[üu]nd\b;Augenfälligsten ist dies an der Berufung des Luzerner Bürgers Hans Fründ als Schreiber an die Kanzlei des Länderortes Schwyz im Jahr 1437.5
/Users/programming/PycharmProjects/Find_Bibliography_NEw/data/azk_library/heinrich-speich__32.pdf;3;work;Fründ (Hans Fründ);\bfr[üu]nd\b;dt Zürich bereits in der ersten Konfliktphase ab 1436 bewusst. Hans Fründ war seit 1427 Unterschreiber in Luzern und wechselte als erster au
/Users/programming/PycharmProjects/Find_Bibliography_NEw/data/azk_library/heinrich-speich__32.pdf;3;work;Fründ (Hans Fründ);\bfr[üu]nd\b;siertem Schreiber und kaiserlichem Notar Michael Graf gleich.6 Aber Fründ konnte mehr: er war ein begnadeter Tagebuchschreiber und hinterlie
/Users/programming/PycharmProjects/Find_Bibliography_NEw/data/azk_library/heinrich-speich__32.pdf;3;work;Fründ (Hans Fründ);\bfr[üu]nd\b;krieg (1436– 1450) im Spiegel der Biographie von Landschreiber Hans Fründ. Jahrbuch des Historischen Vereins des Kantons Schwyz 98, 2006, S.
/Users/programming/PycharmProjects/Find_Bibliography_NEw/data/azk_library/heinrich-speich__32.pdf;3;work;Fründ (Hans Fründ);\bfr[üu]nd\b;d. Sang. 644, ed. von Kind, Christian Emanuel: Die Chronik des Hans Fründ, Chur 1870. Beschreibung in Scarpatetti, Beat Matthias von: Die Ha
/Users/programming/PycharmProjects/Find_Bibliography_NEw/data/azk_library/heinrich-speich__32.pdf;3;work;Tschudi (Aegidius/Gilg Tschudi, Chronicon Helveticum);aegidi(?:us)?[\s \-]+tschudi;rung von Hans Fründs. Darstellung des Alten Zürichkriegs. In: Aegidius Tschudi, Chronicon Helveticum. Bd. 12, S. 122*–134*. 6 Zu Michael Gra
/Users/programming/PycharmProjects/Find_Bibliography_NEw/data/azk_library/heinrich-speich__32.pdf;3;work;Tschudi (Aegidius/Gilg Tschudi, Chronicon Helveticum);\btschudi\b;von Hans Fründs. Darstellung des Alten Zürichkriegs. In: Aegidius Tschudi, Chronicon Helveticum. Bd. 12, S. 122*–134*. 6 Zu Michael Graf au
/Users/programming/PycharmProjects/Find_Bibliography_NEw/data/azk_library/heinrich-speich__32.pdf;3;work;Tschudi (Aegidius/Gilg Tschudi, Chronicon Helveticum);chronicon[\s \-]+helveticum;. Darstellung des Alten Zürichkriegs. In: Aegidius Tschudi, Chronicon Helveticum. Bd. 12, S. 122*–134*. 6 Zu Michael Graf auch genannt Stebl
/Users/programming/PycharmProjects/Find_Bibliography_NEw/data/azk_library/heinrich-speich__32.pdf;3;generic;Chronik/Chroniken;\bchronik(?:en)?\b;und wir üch jetz geschriben hant von der getat. Kriegsordnungen, Chroniken, … ČLÁNKY / ARTICLES Die Macht der Feder Im Kontext militärische
/Users/programming/PycharmProjects/Find_Bibliography_NEw/data/azk_library/heinrich-speich__32.pdf;3;generic;Chronik/Chroniken;\bchronik(?:en)?\b;mehr: er war ein begnadeter Tagebuchschreiber und hinterliess eine Chronik, die uns heute als eine der zentralen Informationsquellen zum Alt
/Users/programming/PycharmProjects/Find_Bibliography_NEw/data/azk_library/heinrich-speich__32.pdf;3;generic;Chronik/Chroniken;\bchronik(?:en)?\b;ek St. Gallen Cod. Sang. 644, ed. von Kind, Christian Emanuel: Die Chronik des Hans Fründ, Chur 1870. Beschreibung in Scarpatetti, Beat Matt
/Users/programming/PycharmProjects/Find_Bibliography_NEw/data/azk_library/heinrich-speich__32.pdf;3;generic;Chronicon/Chronica;\bchronic(?:on|a|orum)\b;Fründs. Darstellung des Alten Zürichkriegs. In: Aegidius Tschudi, Chronicon Helveticum. Bd. 12, S. 122*–134*. 6 Zu Michael Graf auch genannt
/Users/programming/PycharmProjects/Find_Bibliography_NEw/data/azk_library/heinrich-speich__32.pdf;3;generic;Chronicon/Chronica;\bchronicon[\s \-]+helveticum\b;. Darstellung des Alten Zürichkriegs. In: Aegidius Tschudi, Chronicon Helveticum. Bd. 12, S. 122*–134*. 6 Zu Michael Graf auch genannt Stebl
/Users/programming/PycharmProjects/Find_Bibliography_NEw/data/azk_library/heinrich-speich__32.pdf;3;generic;Jahrbuch/Jahrbücher;jahrb[üu]ch(?:er|e)?\b;36– 1450) im Spiegel der Biographie von Landschreiber Hans Fründ. Jahrbuch des Historischen Vereins des Kantons Schwyz 98, 2006, S. 11–37. S
/Users/programming/PycharmProjects/Find_Bibliography_NEw/data/azk_library/heinrich-speich__32.pdf;3;generic;Eydgenossenschaft/Helvetia (frühneuzeitl. Schreibungen);eidt?genossenschaft;ar in den weitgehend illiteraten Abläufen ländlicher Orte der Eidgenossenschaft bis Mitte des 15. Jahrhunderts noch nicht etabliert. Die Übe
/Users/programming/PycharmProjects/Find_Bibliography_NEw/data/azk_library/heinrich-speich__32.pdf;3;generic;Eydgenossenschaft/Helvetia (frühneuzeitl. Schreibungen);eidt?genossenschaft;nicht etabliert. Die Überlieferung zu den frühen Kriegen der Eidgenossenschaft stützt sich bis weit ins 15. Jahrhundert einseitig auf die s
/Users/programming/PycharmProjects/Find_Bibliography_NEw/data/azk_library/heinrich-speich__32.pdf;3;generic;Schlacht-/Kriegserzählungen;\bkrieg(?:e|en)?\b;Jahrhunderts noch nicht etabliert. Die Überlieferung zu den frühen Kriegen der Eidgenossenschaft stützt sich bis weit ins 15. Jahrhundert ei
/Users/programming/PycharmProjects/Find_Bibliography_NEw/data/azk_library/heinrich-speich__32.pdf;3;generic;Schlacht-/Kriegserzählungen;\bfeldzug\b;ellen zum Alten Zürichkrieg dient.7 Vorbereitung des Feldzuges Zum Feldzug von 1446 besitzen wir die Traktandenliste der vorbereitenden Tags
/Users/programming/PycharmProjects/Find_Bibliography_NEw/data/azk_library/heinrich-speich__32.pdf;4;generic;Chronik/Chroniken;\bchronik(?:en)?\b;und wir üch jetz geschriben hant von der getat. Kriegsordnungen, Chroniken, … ČLÁNKY / ARTICLES kennen wir Aufgebotsrödel und recht präzise
/Users/programming/PycharmProjects/Find_Bibliography_NEw/data/azk_library/heinrich-speich__32.pdf;5;work;Fründ (Hans Fründ);hans[\s \-]+fr[üu]nd;n unserem Feldzug nur chronikalisch überliefert. Die Chronik von Hans Fründ ist besonders detailliert und damit –zumindest in diesem Fall- g
/Users/programming/PycharmProjects/Find_Bibliography_NEw/data/azk_library/heinrich-speich__32.pdf;5;work;Fründ (Hans Fründ);\bfr[üu]nd\b;unserem Feldzug nur chronikalisch überliefert. Die Chronik von Hans Fründ ist besonders detailliert und damit –zumindest in diesem Fall- gla
/Users/programming/PycharmProjects/Find_Bibliography_NEw/data/azk_library/heinrich-speich__32.pdf;5;work;Fründ (Hans Fründ);\bfr[üu]nd\b;nders detailliert und damit –zumindest in diesem Fall- glaubwürdig. Fründ berichtet, die Aufgebote der Orte hätten sich in Uznach gesammelt.
/Users/programming/PycharmProjects/Find_Bibliography_NEw/data/azk_library/heinrich-speich__32.pdf;5;work;Fründ (Hans Fründ);\bfr[üu]nd\b;weiteren Verlauf des Zuges sind wir wiederum aus den Chroniken von Fründ und Tschachtlan bestens unterrichtet: die Eidgenossen fuhren per S
/Users/programming/PycharmProjects/Find_Bibliography_NEw/data/azk_library/heinrich-speich__32.pdf;5;work;Fründ (Hans Fründ);\bfr[üu]nd\b;Berner Hauptmanns in der Tschachtlan-Chronik und die Chroniken von Fründ und Brennwald. Die Luzerner Briefe und die Klingenberger Chronik d
/Users/programming/PycharmProjects/Find_Bibliography_NEw/data/azk_library/heinrich-speich__32.pdf;5;work;Tschachtlan (Benedikt Tschachtlan);tschachtlans?[\s \-]+chronik;3–276. Tschudi kannte die Texte des Berner Hauptmanns in der Tschachtlan-Chronik und die Chroniken von Fründ und Brennwald. Die Luzerner Bri
/Users/programming/PycharmProjects/Find_Bibliography_NEw/data/azk_library/heinrich-speich__32.pdf;5;work;Tschachtlan (Benedikt Tschachtlan);\btschachtlan\b;en ausführlichen Bericht, der die Basis der Chronik des Bendicht Tschachtlan bildete. Wir stellen fest: Schriftlichkeit im Kriegsalltag war
/Users/programming/PycharmProjects/Find_Bibliography_NEw/data/azk_library/heinrich-speich__32.pdf;5;work;Tschachtlan (Benedikt Tschachtlan);\btschachtlan\b;lauf des Zuges sind wir wiederum aus den Chroniken von Fründ und Tschachtlan bestens unterrichtet: die Eidgenossen fuhren per Schiff bis Qua
/Users/programming/PycharmProjects/Find_Bibliography_NEw/data/azk_library/heinrich-speich__32.pdf;5;work;Tschachtlan (Benedikt Tschachtlan);\btschachtlan\b;. 263–276. Tschudi kannte die Texte des Berner Hauptmanns in der Tschachtlan-Chronik und die Chroniken von Fründ und Brennwald. Die Luzerner
/Users/programming/PycharmProjects/Find_Bibliography_NEw/data/azk_library/heinrich-speich__32.pdf;5;work;Tschudi (Aegidius/Gilg Tschudi, Chronicon Helveticum);aegidi(?:us)?[\s \-]+tschudi;opiae rot VIII), S. 441–443, nach den Urkundenabschriften. 14 Aegidius Tschudi, Chronicon Helveticum. Bd. 11. Bearb. von B. Settler. Bern 19
/Users/programming/PycharmProjects/Find_Bibliography_NEw/data/azk_library/heinrich-speich__32.pdf;5;work;Tschudi (Aegidius/Gilg Tschudi, Chronicon Helveticum);aegidi(?:us)?[\s \-]+tschudi;"enthält, siehe dazu Stettler, Bernhard: Chronicon Helveticum Aegidius Tschudi. Hilfsmittel-Bd. 3; Tschudi- Vademecum: Annäherungen an Aegid"
/Users/programming/PycharmProjects/Find_Bibliography_NEw/data/azk_library/heinrich-speich__32.pdf;5;work;Tschudi (Aegidius/Gilg Tschudi, Chronicon Helveticum);aegidi(?:us)?[\s \-]+tschudi;"chudi. Hilfsmittel-Bd. 3; Tschudi- Vademecum: Annäherungen an Aegidius Tschudi und sein „Chronikon Helveticum.“ Bearb. von B. Stettler. Bern"
/Users/programming/PycharmProjects/Find_Bibliography_NEw/data/azk_library/heinrich-speich__32.pdf;5;work;Tschudi (Aegidius/Gilg Tschudi, Chronicon Helveticum);\btschudi\b;e rot VIII), S. 441–443, nach den Urkundenabschriften. 14 Aegidius Tschudi, Chronicon Helveticum. Bd. 11. Bearb. von B. Settler. Bern 1996,
/Users/programming/PycharmProjects/Find_Bibliography_NEw/data/azk_library/heinrich-speich__32.pdf;5;work;Tschudi (Aegidius/Gilg Tschudi, Chronicon Helveticum);\btschudi\b;d StALU, Urk 231/3391. 15 Am ausführlichsten ist hier wiederum die Tschudi-Chronik, die zahlreiche Konjekturen des Chronisten enthält, siehe
/Users/programming/PycharmProjects/Find_Bibliography_NEw/data/azk_library/heinrich-speich__32.pdf;5;work;Tschudi (Aegidius/Gilg Tschudi, Chronicon Helveticum);\btschudi\b;"hält, siehe dazu Stettler, Bernhard: Chronicon Helveticum Aegidius Tschudi. Hilfsmittel-Bd. 3; Tschudi- Vademecum: Annäherungen an Aegidius"
/Users/programming/PycharmProjects/Find_Bibliography_NEw/data/azk_library/heinrich-speich__32.pdf;5;work;Tschudi (Aegidius/Gilg Tschudi, Chronicon Helveticum);\btschudi\b;"ernhard: Chronicon Helveticum Aegidius Tschudi. Hilfsmittel-Bd. 3; Tschudi- Vademecum: Annäherungen an Aegidius Tschudi und sein „Chronikon"
/Users/programming/PycharmProjects/Find_Bibliography_NEw/data/azk_library/heinrich-speich__32.pdf;5;work;Tschudi (Aegidius/Gilg Tschudi, Chronicon Helveticum);\btschudi\b;"i. Hilfsmittel-Bd. 3; Tschudi- Vademecum: Annäherungen an Aegidius Tschudi und sein „Chronikon Helveticum.“ Bearb. von B. Stettler. Bern 200"
/Users/programming/PycharmProjects/Find_Bibliography_NEw/data/azk_library/heinrich-speich__32.pdf;5;work;Tschudi (Aegidius/Gilg Tschudi, Chronicon Helveticum);\btschudi\b;chreibung der Schweiz. Bd. 1. Basel – Stuttgart 19792, S. 263–276. Tschudi kannte die Texte des Berner Hauptmanns in der Tschachtlan-Chronik
/Users/programming/PycharmProjects/Find_Bibliography_NEw/data/azk_library/heinrich-speich__32.pdf;5;work;Tschudi (Aegidius/Gilg Tschudi, Chronicon Helveticum);\btschudi\b;rner Briefe und die Klingenberger Chronik dürfen als Korrektive zu Tschudi angesehen werden. 16 Zu den Letzinen siehe Meyer, Werner: Letzima
/Users/programming/PycharmProjects/Find_Bibliography_NEw/data/azk_library/heinrich-speich__32.pdf;5;work;Tschudi (Aegidius/Gilg Tschudi, Chronicon Helveticum);chronicon[\s \-]+helveticum;441–443, nach den Urkundenabschriften. 14 Aegidius Tschudi, Chronicon Helveticum. Bd. 11. Bearb. von B. Settler. Bern 1996, S. 416. und StAL
/Users/programming/PycharmProjects/Find_Bibliography_NEw/data/azk_library/heinrich-speich__32.pdf;5;work;Tschudi (Aegidius/Gilg Tschudi, Chronicon Helveticum);chronicon[\s \-]+helveticum;"uren des Chronisten enthält, siehe dazu Stettler, Bernhard: Chronicon Helveticum Aegidius Tschudi. Hilfsmittel-Bd. 3; Tschudi- Vademecum: An"
/Users/programming/PycharmProjects/Find_Bibliography_NEw/data/azk_library/heinrich-speich__32.pdf;5;work;Brennwald (Heinrich/Johannes Brennwald, Schweizerchronik);\bbrennwald\b;tmanns in der Tschachtlan-Chronik und die Chroniken von Fründ und Brennwald. Die Luzerner Briefe und die Klingenberger Chronik dürfen als Ko
/Users/programming/PycharmProjects/Find_Bibliography_NEw/data/azk_library/heinrich-speich__32.pdf;5;work;Klingenberger/Rapperswiler Chronik (Eberhard Wüest);klingenberger[\s \-]+chronik;oniken von Fründ und Brennwald. Die Luzerner Briefe und die Klingenberger Chronik dürfen als Korrektive zu Tschudi angesehen werden. 16 Zu d
/Users/programming/PycharmProjects/Find_Bibliography_NEw/data/azk_library/heinrich-speich__32.pdf;5;generic;Chronik/Chroniken;\bchronik(?:en)?\b;und wir üch jetz geschriben hant von der getat. Kriegsordnungen, Chroniken, … ČLÁNKY / ARTICLES Wie sich die Aufgebote sammelten und welche
/Users/programming/PycharmProjects/Find_Bibliography_NEw/data/azk_library/heinrich-speich__32.pdf;5;generic;Chronik/Chroniken;\bchronik(?:en)?\b;wurden, ist an unserem Feldzug nur chronikalisch überliefert. Die Chronik von Hans Fründ ist besonders detailliert und damit –zumindest in
/Users/programming/PycharmProjects/Find_Bibliography_NEw/data/azk_library/heinrich-speich__32.pdf;5;generic;Chronik/Chroniken;\bchronik(?:en)?\b;Hauptmann verfasste einen ausführlichen Bericht, der die Basis der Chronik des Bendicht Tschachtlan bildete. Wir stellen fest: Schriftlichke
/Users/programming/PycharmProjects/Find_Bibliography_NEw/data/azk_library/heinrich-speich__32.pdf;5;generic;Chronik/Chroniken;\bchronik(?:en)?\b;ges Über den weiteren Verlauf des Zuges sind wir wiederum aus den Chroniken von Fründ und Tschachtlan bestens unterrichtet: die Eidgenossen
/Users/programming/PycharmProjects/Find_Bibliography_NEw/data/azk_library/heinrich-speich__32.pdf;5;generic;Chronik/Chroniken;\bchronik(?:en)?\b;Urk 231/3391. 15 Am ausführlichsten ist hier wiederum die Tschudi-Chronik, die zahlreiche Konjekturen des Chronisten enthält, siehe dazu St
/Users/programming/PycharmProjects/Find_Bibliography_NEw/data/azk_library/heinrich-speich__32.pdf;5;generic;Chronik/Chroniken;\bchronik(?:en)?\b;Tschudi kannte die Texte des Berner Hauptmanns in der Tschachtlan-Chronik und die Chroniken von Fründ und Brennwald. Die Luzerner Briefe un
/Users/programming/PycharmProjects/Find_Bibliography_NEw/data/azk_library/heinrich-speich__32.pdf;5;generic;Chronik/Chroniken;\bchronik(?:en)?\b;ie Texte des Berner Hauptmanns in der Tschachtlan-Chronik und die Chroniken von Fründ und Brennwald. Die Luzerner Briefe und die Klingenberg
/Users/programming/PycharmProjects/Find_Bibliography_NEw/data/azk_library/heinrich-speich__32.pdf;5;generic;Chronik/Chroniken;\bchronik(?:en)?\b;von Fründ und Brennwald. Die Luzerner Briefe und die Klingenberger Chronik dürfen als Korrektive zu Tschudi angesehen werden. 16 Zu den Letz
/Users/programming/PycharmProjects/Find_Bibliography_NEw/data/azk_library/heinrich-speich__32.pdf;5;generic;Chronicon/Chronica;\bchronic(?:on|a|orum)\b;), S. 441–443, nach den Urkundenabschriften. 14 Aegidius Tschudi, Chronicon Helveticum. Bd. 11. Bearb. von B. Settler. Bern 1996, S. 416. un
/Users/programming/PycharmProjects/Find_Bibliography_NEw/data/azk_library/heinrich-speich__32.pdf;5;generic;Chronicon/Chronica;\bchronic(?:on|a|orum)\b;"onjekturen des Chronisten enthält, siehe dazu Stettler, Bernhard: Chronicon Helveticum Aegidius Tschudi. Hilfsmittel-Bd. 3; Tschudi- Vademec"
/Users/programming/PycharmProjects/Find_Bibliography_NEw/data/azk_library/heinrich-speich__32.pdf;5;generic;Chronicon/Chronica;\bchronicon[\s \-]+helveticum\b;441–443, nach den Urkundenabschriften. 14 Aegidius Tschudi, Chronicon Helveticum. Bd. 11. Bearb. von B. Settler. Bern 1996, S. 416. und StAL
/Users/programming/PycharmProjects/Find_Bibliography_NEw/data/azk_library/heinrich-speich__32.pdf;5;generic;Chronicon/Chronica;\bchronicon[\s \-]+helveticum\b;"uren des Chronisten enthält, siehe dazu Stettler, Bernhard: Chronicon Helveticum Aegidius Tschudi. Hilfsmittel-Bd. 3; Tschudi- Vademecum: An"
/Users/programming/PycharmProjects/Find_Bibliography_NEw/data/azk_library/heinrich-speich__32.pdf;5;generic;Schlacht-/Kriegserzählungen;\bfeldzug\b;en und welche weiteren Absprachen getroffen wurden, ist an unserem Feldzug nur chronikalisch überliefert. Die Chronik von Hans Fründ ist bes
/Users/programming/PycharmProjects/Find_Bibliography_NEw/data/azk_library/heinrich-speich__32.pdf;5;generic;Schlacht-/Kriegserzählungen;\bfeldzug\b;nwesen getrieben und auch dieses Mal soll sogar die Initiative zum Feldzug von den Appenzellern ausgegangen sein. Um es vorwegzunehmen: die
/Users/programming/PycharmProjects/Find_Bibliography_NEw/data/azk_library/heinrich-speich__32.pdf;6;work;Tschudi (Aegidius/Gilg Tschudi, Chronicon Helveticum);\btschudi\b;tatsächlich nur „eine streifreis“, also ein Beutezug war. Aus der Tschudi-Chronik wird deutlich, dass bereits in den vorhergehenden Wintern
/Users/programming/PycharmProjects/Find_Bibliography_NEw/data/azk_library/heinrich-speich__32.pdf;6;generic;Chronik/Chroniken;\bchronik(?:en)?\b;und wir üch jetz geschriben hant von der getat. Kriegsordnungen, Chroniken, … ČLÁNKY / ARTICLES des Kampfes bereits von vornherein gekannt
/Users/programming/PycharmProjects/Find_Bibliography_NEw/data/azk_library/heinrich-speich__32.pdf;6;generic;Chronik/Chroniken;\bchronik(?:en)?\b;lich nur „eine streifreis“, also ein Beutezug war. Aus der Tschudi-Chronik wird deutlich, dass bereits in den vorhergehenden Wintern solche
/Users/programming/PycharmProjects/Find_Bibliography_NEw/data/azk_library/heinrich-speich__32.pdf;6;generic;Schlacht-/Kriegserzählungen;\bfeldzug\b;sen und gezüg“ für eine Belagerung mitgeführt. Das zeigt, dass der Feldzug tatsächlich nur „eine streifreis“, also ein Beutezug war. Aus der
/Users/programming/PycharmProjects/Find_Bibliography_NEw/data/azk_library/heinrich-speich__32.pdf;7;work;Tschachtlan (Benedikt Tschachtlan);\btschachtlan\b;rner Hauptmanns Hans Wanner, welcher in der Chronik des Bendicht Tschachtlan (Zentralbibliothek Zürich, Ms A 120) eingearbeitet wurde. Dazu
/Users/programming/PycharmProjects/Find_Bibliography_NEw/data/azk_library/heinrich-speich__32.pdf;7;work;Tschudi (Aegidius/Gilg Tschudi, Chronicon Helveticum);\btschudi\b;ast unwilig hie ze beliben wan sy nit ze essen hant […]. 24 Gemäss Tschudi bereits kurz nach dem Abzug der Eidgenossen, den er auf den 4. Ap
/Users/programming/PycharmProjects/Find_Bibliography_NEw/data/azk_library/heinrich-speich__32.pdf;7;generic;Chronik/Chroniken;\bchronik(?:en)?\b;und wir üch jetz geschriben hant von der getat. Kriegsordnungen, Chroniken, … ČLÁNKY / ARTICLES 5. März in Mels hörten, dass sich die 4.000
/Users/programming/PycharmProjects/Find_Bibliography_NEw/data/azk_library/heinrich-speich__32.pdf;7;generic;Chronik/Chroniken;\bchronik(?:en)?\b;sich der Bericht des Berner Hauptmanns Hans Wanner, welcher in der Chronik des Bendicht Tschachtlan (Zentralbibliothek Zürich, Ms A 120) ein
/Users/programming/PycharmProjects/Find_Bibliography_NEw/data/azk_library/heinrich-speich__32.pdf;7;generic;Schlacht-/Kriegserzählungen;\bschlacht(?:en)?\b;n Mels hörten, dass sich die 4.000 Kämpfer Rechbergs in Ragaz zur Schlacht bereit machen würden, handelten sie. Im zweiten Brief von Hauptma
/Users/programming/PycharmProjects/Find_Bibliography_NEw/data/azk_library/heinrich-speich__32.pdf;7;generic;Schlacht-/Kriegserzählungen;\bschlacht(?:en)?\b;f von Hauptmann Cloos an seine Obrigkeit sind die Vorgänge um die Schlacht aus erster Hand beschrieben.21 Dieser zweite Bericht vom 8. März
/Users/programming/PycharmProjects/Find_Bibliography_NEw/data/azk_library/heinrich-speich__32.pdf;7;generic;Schlacht-/Kriegserzählungen;\bschlacht(?:en)?\b;des Berner Hauptmanns Hans Wanner liefern zahlreiche Details zur Schlacht und zur Beute. Besonders die erbeuteten Fahnen und Feuerwaffen wu
/Users/programming/PycharmProjects/Find_Bibliography_NEw/data/azk_library/heinrich-speich__32.pdf;7;generic;Schlacht-/Kriegserzählungen;\bschlacht(?:en)?\b;Cloos berichtet zudem nach Hause, die Eidgenossen hätten bei der Schlacht nur neun Mann verloren, eine Aussage, die durch die Jahrzeitbüche
/Users/programming/PycharmProjects/Find_Bibliography_NEw/data/azk_library/heinrich-speich__32.pdf;7;generic;Schlacht-/Kriegserzählungen;\bschlacht(?:en)?\b;oos nicht nur. Es tritt zu Tage, dass der Feldzug auf eine solche Schlacht nicht ausgerichtet war, und auf einen solchen Sieg schon gar nich
/Users/programming/PycharmProjects/Find_Bibliography_NEw/data/azk_library/heinrich-speich__32.pdf;7;generic;Schlacht-/Kriegserzählungen;\bschlacht(?:en)?\b;nd auf einen solchen Sieg schon gar nicht. Nur zwei Tage nach der Schlacht beklagt sich der Hauptmann bei seiner Obrigkeit in Luzern bitterl
/Users/programming/PycharmProjects/Find_Bibliography_NEw/data/azk_library/heinrich-speich__32.pdf;7;generic;Schlacht-/Kriegserzählungen;\bschlacht(?:en)?\b;wollten möglichst beutebeladen wieder abziehen, was auch nach der Schlacht von Ragaz geschah.24 Die Eidgenossen nutzten ganz offensichtlich
/Users/programming/PycharmProjects/Find_Bibliography_NEw/data/azk_library/heinrich-speich__32.pdf;7;generic;Schlacht-/Kriegserzählungen;\bfeldzug\b;rgt. Diesmal berichtet Cloos nicht nur. Es tritt zu Tage, dass der Feldzug auf eine solche Schlacht nicht ausgerichtet war, und auf einen so
/Users/programming/PycharmProjects/Find_Bibliography_NEw/data/azk_library/heinrich-speich__32.pdf;8;work;Fründ (Hans Fründ);hans[\s \-]+fr[üu]nd;hrlich und trotzdem verhalten kritisch zum Feldzug äusserte sich Hans Fründ: Da nu die im Land sahent, dass si nit trostes an inen hattent,
/Users/programming/PycharmProjects/Find_Bibliography_NEw/data/azk_library/heinrich-speich__32.pdf;8;work;Fründ (Hans Fründ);\bfr[üu]nd\b;lich und trotzdem verhalten kritisch zum Feldzug äusserte sich Hans Fründ: Da nu die im Land sahent, dass si nit trostes an inen hattent, un
/Users/programming/PycharmProjects/Find_Bibliography_NEw/data/azk_library/heinrich-speich__32.pdf;8;work;Fründ (Hans Fründ);\bfr[üu]nd\b;sen hinder inen ire habe, und warent vor und nach arm lüte. Während Fründ Kritik an den Glarnern äussert, nimmt der Glarner Tschudi diese in
/Users/programming/PycharmProjects/Find_Bibliography_NEw/data/azk_library/heinrich-speich__32.pdf;8;work;Schilling (ungenau);\bschilling\b;folg auf andere Gründe zurück. Weiter äussern sich die Chronisten Schilling, Brennwald und Schodoler ebenfalls zur Schlacht, sie fehlt in ke
/Users/programming/PycharmProjects/Find_Bibliography_NEw/data/azk_library/heinrich-speich__32.pdf;8;work;Tschudi (Aegidius/Gilg Tschudi, Chronicon Helveticum);aegidi(?:us)?[\s \-]+tschudi;. 630, S. 298–299. Die Handschrift gehörte im 16. Jahrhundert Aegidius Tschudi. Dazu Scarpatetti, Beat Matthias von: Die Handschriften der S
/Users/programming/PycharmProjects/Find_Bibliography_NEw/data/azk_library/heinrich-speich__32.pdf;8;work;Tschudi (Aegidius/Gilg Tschudi, Chronicon Helveticum);\btschudi\b;e. Während Fründ Kritik an den Glarnern äussert, nimmt der Glarner Tschudi diese in seiner Chronik wieder zurück und führt den Misserfolg au
/Users/programming/PycharmProjects/Find_Bibliography_NEw/data/azk_library/heinrich-speich__32.pdf;8;work;Tschudi (Aegidius/Gilg Tschudi, Chronicon Helveticum);\btschudi\b;ind aber weitgehend übereinstimmend. Gleichwohl ergänzte vor allem Tschudi die Ereignisse um Details, wie er dies bei fast allen Feldzügen t
/Users/programming/PycharmProjects/Find_Bibliography_NEw/data/azk_library/heinrich-speich__32.pdf;8;work;Tschudi (Aegidius/Gilg Tschudi, Chronicon Helveticum);\btschudi\b;0, S. 298–299. Die Handschrift gehörte im 16. Jahrhundert Aegidius Tschudi. Dazu Scarpatetti, Beat Matthias von: Die Handschriften der Stift
/Users/programming/PycharmProjects/Find_Bibliography_NEw/data/azk_library/heinrich-speich__32.pdf;8;work;Schodoler (Werner Schodoler, Eidgenössische Chronik);\bschodoler\b;rück. Weiter äussern sich die Chronisten Schilling, Brennwald und Schodoler ebenfalls zur Schlacht, sie fehlt in keiner der Chroniken des sp
/Users/programming/PycharmProjects/Find_Bibliography_NEw/data/azk_library/heinrich-speich__32.pdf;8;work;Brennwald (Heinrich/Johannes Brennwald, Schweizerchronik);heinrich[\s \-]+brennwald;rörterungen. Hg. von G. Scherrer. St. Gallen 1874, S. 51. 27 Heinrich Brennwalds Schweizerchronik. Hg. von R. Luginbühl. Quellen zur Schweiz
/Users/programming/PycharmProjects/Find_Bibliography_NEw/data/azk_library/heinrich-speich__32.pdf;8;work;Brennwald (Heinrich/Johannes Brennwald, Schweizerchronik);heinrich[\s \-]+brennwald;eizer Geschichte. Neue Folge I. Abteilung Chroniken. Bd. II. Heinrich Brennwalds Schweizerchronik II. Basel 1910, S. 167–168.
/Users/programming/PycharmProjects/Find_Bibliography_NEw/data/azk_library/heinrich-speich__32.pdf;8;work;Brennwald (Heinrich/Johannes Brennwald, Schweizerchronik);\bbrennwald\b;dere Gründe zurück. Weiter äussern sich die Chronisten Schilling, Brennwald und Schodoler ebenfalls zur Schlacht, sie fehlt in keiner der Ch
/Users/programming/PycharmProjects/Find_Bibliography_NEw/data/azk_library/heinrich-speich__32.pdf;8;series;QSG (Quellen zur Schweizer Geschichte);quellen[\s \-]+zur[\s \-]+schweizer[\s \-]+geschichte;ch Brennwalds Schweizerchronik. Hg. von R. Luginbühl. Quellen zur Schweizer Geschichte. Neue Folge I. Abteilung Chroniken. Bd. II. Heinrich
/Users/programming/PycharmProjects/Find_Bibliography_NEw/data/azk_library/heinrich-speich__32.pdf;8;generic;Chronik/Chroniken;\bchronik(?:en)?\b;und wir üch jetz geschriben hant von der getat. Kriegsordnungen, Chroniken, … ČLÁNKY / ARTICLES Chronikalische Überlieferung Die österreich
/Users/programming/PycharmProjects/Find_Bibliography_NEw/data/azk_library/heinrich-speich__32.pdf;8;generic;Chronik/Chroniken;\bchronik(?:en)?\b;/ ARTICLES Chronikalische Überlieferung Die österreichfreundliche Chronik des Twinger von Königshofen kommentierte lakonisch: und also ents
/Users/programming/PycharmProjects/Find_Bibliography_NEw/data/azk_library/heinrich-speich__32.pdf;8;generic;Chronik/Chroniken;\bchronik(?:en)?\b;nd nam die herrschaft das Land wider in.25 Die kleine Toggenburger Chronik fasste die Schlacht von Ragaz zusammen mit den Worten: Die Schwit
/Users/programming/PycharmProjects/Find_Bibliography_NEw/data/azk_library/heinrich-speich__32.pdf;8;generic;Chronik/Chroniken;\bchronik(?:en)?\b;an den Glarnern äussert, nimmt der Glarner Tschudi diese in seiner Chronik wieder zurück und führt den Misserfolg auf andere Gründe zurück.
/Users/programming/PycharmProjects/Find_Bibliography_NEw/data/azk_library/heinrich-speich__32.pdf;8;generic;Chronik/Chroniken;\bchronik(?:en)?\b;ald und Schodoler ebenfalls zur Schlacht, sie fehlt in keiner der Chroniken des späten 15. und des 16. Jahrhunderts, obwohl die Schlacht sel
/Users/programming/PycharmProjects/Find_Bibliography_NEw/data/azk_library/heinrich-speich__32.pdf;8;generic;Chronik/Chroniken;\bchronik(?:en)?\b;ext wurde eingeleitet mit der Präambel 25 Variante der Königshofen Chronik in Cod. Sang. 630, S. 298–299. Die Handschrift gehörte im 16. Jah
/Users/programming/PycharmProjects/Find_Bibliography_NEw/data/azk_library/heinrich-speich__32.pdf;8;generic;Chronik/Chroniken;\bchronik(?:en)?\b;. Jahrhundert. Wiesbaden 2003, S. 240–241. 26 Kleine Toggenburger Chroniken. Mit Beilagen und Erörterungen. Hg. von G. Scherrer. St. Gallen
/Users/programming/PycharmProjects/Find_Bibliography_NEw/data/azk_library/heinrich-speich__32.pdf;8;generic;Chronik/Chroniken;\bchronik(?:en)?\b;inbühl. Quellen zur Schweizer Geschichte. Neue Folge I. Abteilung Chroniken. Bd. II. Heinrich Brennwalds Schweizerchronik II. Basel 1910, S.
/Users/programming/PycharmProjects/Find_Bibliography_NEw/data/azk_library/heinrich-speich__32.pdf;8;generic;Schlacht-/Kriegserzählungen;\bschlacht(?:en)?\b;t das Land wider in.25 Die kleine Toggenburger Chronik fasste die Schlacht von Ragaz zusammen mit den Worten: Die Schwitzer überfielent den
/Users/programming/PycharmProjects/Find_Bibliography_NEw/data/azk_library/heinrich-speich__32.pdf;8;generic;Schlacht-/Kriegserzählungen;\bschlacht(?:en)?\b;h die Chronisten Schilling, Brennwald und Schodoler ebenfalls zur Schlacht, sie fehlt in keiner der Chroniken des späten 15. und des 16. Jah
/Users/programming/PycharmProjects/Find_Bibliography_NEw/data/azk_library/heinrich-speich__32.pdf;8;generic;Schlacht-/Kriegserzählungen;\bschlacht(?:en)?\b;der Chroniken des späten 15. und des 16. Jahrhunderts, obwohl die Schlacht selbst in der Grösse und Tragweite eher gering war.27 Dafür gibt
/Users/programming/PycharmProjects/Find_Bibliography_NEw/data/azk_library/heinrich-speich__32.pdf;8;generic;Schlacht-/Kriegserzählungen;\bschlacht(?:en)?\b;zte. Schlachtengedenken Die Eidgenossen beschlossen kurz nach der Schlacht, dass der Schlachttag des 6. März – es ist der Fridolinstag, Name
/Users/programming/PycharmProjects/Find_Bibliography_NEw/data/azk_library/heinrich-speich__32.pdf;8;generic;Schlacht-/Kriegserzählungen;\bschlacht(?:en)?\b;enstag des Patrons der Glarner, die das grösste Kontingent in die Schlacht geführt hatten – als allgemeiner Schlachtengedenktag der Eidgenos
/Users/programming/PycharmProjects/Find_Bibliography_NEw/data/azk_library/heinrich-speich__32.pdf;8;generic;Schlacht-/Kriegserzählungen;\bfeldzug\b;her zu sin.26 Sehr ausführlich und trotzdem verhalten kritisch zum Feldzug äusserte sich Hans Fründ: Da nu die im Land sahent, dass si nit t
/Users/programming/PycharmProjects/Find_Bibliography_NEw/data/azk_library/heinrich-speich__32.pdf;8;generic;Schlacht-/Kriegserzählungen;\bfeldzug\b;m Juni 1446. Somit wurden die Ereignisse nicht gleich vom nächsten Feldzug überrollt und die Erinnerung konnte auch schriftlich etwas ausfüh
/Users/programming/PycharmProjects/Find_Bibliography_NEw/data/azk_library/heinrich-speich__32.pdf;9;work;Tschachtlan (Benedikt Tschachtlan);\btschachtlan\b;25. Abb. Die Schlacht bei Ragaz 1446 in der Chronik des Bendicht Tschachtlan (1470) (Zentralbibliothek Zürich, Ms A 120, S. 929).
/Users/programming/PycharmProjects/Find_Bibliography_NEw/data/azk_library/heinrich-speich__32.pdf;9;generic;Chronik/Chroniken;\bchronik(?:en)?\b;und wir üch jetz geschriben hant von der getat. Kriegsordnungen, Chroniken, … ČLÁNKY / ARTICLES Disen tag hend gmeine landtlüth uffgenommen
/Users/programming/PycharmProjects/Find_Bibliography_NEw/data/azk_library/heinrich-speich__32.pdf;9;generic;Chronik/Chroniken;\bchronik(?:en)?\b;Maur, Schwyz 2001, S. 125. Abb. Die Schlacht bei Ragaz 1446 in der Chronik des Bendicht Tschachtlan (1470) (Zentralbibliothek Zürich, Ms A 1
/Users/programming/PycharmProjects/Find_Bibliography_NEw/data/azk_library/heinrich-speich__32.pdf;9;generic;Schlacht-/Kriegserzählungen;\bschlacht(?:en)?\b;nommen wie eins helgen apostlentag zfiren von wegen einer grossen schlacht, so im jar 1446 zuo Ratatz gschach. Man soll och uff gemelten tag
/Users/programming/PycharmProjects/Find_Bibliography_NEw/data/azk_library/heinrich-speich__32.pdf;9;generic;Schlacht-/Kriegserzählungen;\bschlacht(?:en)?\b;Lachen. Bearb. von F. Auf der Maur, Schwyz 2001, S. 125. Abb. Die Schlacht bei Ragaz 1446 in der Chronik des Bendicht Tschachtlan (1470) (Ze
/Users/programming/PycharmProjects/Find_Bibliography_NEw/data/azk_library/heinrich-speich__32.pdf;9;generic;Schlacht-/Kriegserzählungen;\bkrieg(?:e|en)?\b;ag jarzit halten aller deren, so ynn unserer landtlüten dienst und kriegen sind umkon.28 Wie der Text in die 28 Die Jahrzeitbücher des Kanto
/Users/programming/PycharmProjects/Find_Bibliography_NEw/data/azk_library/heinrich-speich__32.pdf;10;work;Tschudi (Aegidius/Gilg Tschudi, Chronicon Helveticum);aegidi(?:us)?[\s \-]+tschudi;Jahrzeitbücher. Bd. 1. Bearb. von F. Auf der Maur, S. 124. 30 Aegidius Tschudi, Chronicon Helveticum. Bd. 12, S. 421. 31 Vgl. Egloff, Gregor
/Users/programming/PycharmProjects/Find_Bibliography_NEw/data/azk_library/heinrich-speich__32.pdf;10;work;Tschudi (Aegidius/Gilg Tschudi, Chronicon Helveticum);\btschudi\b;zeitbücher. Bd. 1. Bearb. von F. Auf der Maur, S. 124. 30 Aegidius Tschudi, Chronicon Helveticum. Bd. 12, S. 421. 31 Vgl. Egloff, Gregor: Ar
/Users/programming/PycharmProjects/Find_Bibliography_NEw/data/azk_library/heinrich-speich__32.pdf;10;work;Tschudi (Aegidius/Gilg Tschudi, Chronicon Helveticum);chronicon[\s \-]+helveticum;1. Bearb. von F. Auf der Maur, S. 124. 30 Aegidius Tschudi, Chronicon Helveticum. Bd. 12, S. 421. 31 Vgl. Egloff, Gregor: Art. Fritschi. In:
/Users/programming/PycharmProjects/Find_Bibliography_NEw/data/azk_library/heinrich-speich__32.pdf;10;generic;Chronik/Chroniken;\bchronik(?:en)?\b;und wir üch jetz geschriben hant von der getat. Kriegsordnungen, Chroniken, … ČLÁNKY / ARTICLES Jahrzeitbücher geriet, wird aus dem älteren
/Users/programming/PycharmProjects/Find_Bibliography_NEw/data/azk_library/heinrich-speich__32.pdf;10;generic;Chronicon/Chronica;\bchronic(?:on|a|orum)\b;. Bd. 1. Bearb. von F. Auf der Maur, S. 124. 30 Aegidius Tschudi, Chronicon Helveticum. Bd. 12, S. 421. 31 Vgl. Egloff, Gregor: Art. Fritsch
/Users/programming/PycharmProjects/Find_Bibliography_NEw/data/azk_library/heinrich-speich__32.pdf;10;generic;Chronicon/Chronica;\bchronicon[\s \-]+helveticum\b;1. Bearb. von F. Auf der Maur, S. 124. 30 Aegidius Tschudi, Chronicon Helveticum. Bd. 12, S. 421. 31 Vgl. Egloff, Gregor: Art. Fritschi. In:
/Users/programming/PycharmProjects/Find_Bibliography_NEw/data/azk_library/heinrich-speich__32.pdf;10;generic;Schlacht-/Kriegserzählungen;\bschlacht(?:en)?\b;r genasen, wurden in der Regel ebenfalls unter die Gefallenen der Schlacht gezählt und ihr Jahrtag wurde damit der ihrer tödlichen Verwundun
/Users/programming/PycharmProjects/Find_Bibliography_NEw/data/azk_library/heinrich-speich__32.pdf;10;generic;Schlacht-/Kriegserzählungen;\bkrieg(?:e|en)?\b;Eydtgnoschaft wägen zu grossen, hertten, schwären, ouch tödtlichen kriegen leider kommen sind […]. Und darumb so haben wyer […] uffgenommen
/Users/programming/PycharmProjects/Find_Bibliography_NEw/data/azk_library/heinrich-speich__32.pdf;10;generic;Schlacht-/Kriegserzählungen;\bkrieg(?:e|en)?\b;unsseren getrüwen lieben Eydtgnossen, de in disen unnseren grossen kriegen vor unnd nach verlorn hanndt unnd also durch alles unnssers lannd
/Users/programming/PycharmProjects/Find_Bibliography_NEw/data/azk_library/heinrich-speich__32.pdf;10;generic;Schlacht-/Kriegserzählungen;\bfeldzug\b;s Nachspiel Nicht nur in Chronistik und Jahrzeiten schlug sich der Feldzug in den Quellen nieder. Auch in Gerichtsakten und Wirtschaftsquell
/Users/programming/PycharmProjects/Find_Bibliography_NEw/data/azk_library/heinrich-speich__32.pdf;10;generic;Schlacht-/Kriegserzählungen;\bfeldzug\b;ten, weil sie nicht zur Verteidung ihres Landes, sondern für einen Feldzug gegen die Eidgenossen im Sarganserland aufgeboten worden wären. D
/Users/programming/PycharmProjects/Find_Bibliography_NEw/data/azk_library/heinrich-speich__32.pdf;11;work;Fründ (Hans Fründ);hans[\s \-]+fr[üu]nd;ie Augenzeugenberichte des Berner Hauptmanns und die Chronik des Hans Fründ in der Folge historiographisch ausgewertet: Der Bericht von Wann
/Users/programming/PycharmProjects/Find_Bibliography_NEw/data/azk_library/heinrich-speich__32.pdf;11;work;Fründ (Hans Fründ);\bfr[üu]nd\b;Augenzeugenberichte des Berner Hauptmanns und die Chronik des Hans Fründ in der Folge historiographisch ausgewertet: Der Bericht von Wanner
/Users/programming/PycharmProjects/Find_Bibliography_NEw/data/azk_library/heinrich-speich__32.pdf;11;work;Schilling (ungenau);\bschilling\b;die wiederum Vorbild der wirkmächtigen Berner Chronik des Diebold Schilling wurde. Fründs Beschreibung wurde durch Tschudi ergänzt und zur 3
/Users/programming/PycharmProjects/Find_Bibliography_NEw/data/azk_library/heinrich-speich__32.pdf;11;work;Tschachtlan (Benedikt Tschachtlan);tschachtlans?[\s \-]+chronik;historiographisch ausgewertet: Der Bericht von Wanner in der Tschachtlan-Chronik, die wiederum Vorbild der wirkmächtigen Berner Chronik des
/Users/programming/PycharmProjects/Find_Bibliography_NEw/data/azk_library/heinrich-speich__32.pdf;11;work;Tschachtlan (Benedikt Tschachtlan);\btschachtlan\b;lge historiographisch ausgewertet: Der Bericht von Wanner in der Tschachtlan-Chronik, die wiederum Vorbild der wirkmächtigen Berner Chronik
/Users/programming/PycharmProjects/Find_Bibliography_NEw/data/azk_library/heinrich-speich__32.pdf;11;work;Tschudi (Aegidius/Gilg Tschudi, Chronicon Helveticum);\btschudi\b;d Rückhalt für eine dauerhafte Besetzung zu schaffen. Der Chronist Tschudi unterstellt den Beteiligten zwar, mit dieser Intention vorgegange
/Users/programming/PycharmProjects/Find_Bibliography_NEw/data/azk_library/heinrich-speich__32.pdf;11;work;Tschudi (Aegidius/Gilg Tschudi, Chronicon Helveticum);\btschudi\b;ronik des Diebold Schilling wurde. Fründs Beschreibung wurde durch Tschudi ergänzt und zur 33 Vorarlberger Landesarchiv (ohne Provenienz), U
/Users/programming/PycharmProjects/Find_Bibliography_NEw/data/azk_library/heinrich-speich__32.pdf;11;work;Berner Chronik (allgemein);\bberner[\s \-]+chronik\b;er Tschachtlan-Chronik, die wiederum Vorbild der wirkmächtigen Berner Chronik des Diebold Schilling wurde. Fründs Beschreibung wurde durch T
/Users/programming/PycharmProjects/Find_Bibliography_NEw/data/azk_library/heinrich-speich__32.pdf;11;series;SSRQ (Sammlung Schweizerischer Rechtsquellen);sammlung[\s \-]+schweizerischer[\s \-]+rechtsquellen;arganserlandes. Bearb. von S. Malamud – P. Sutter. Sammlung Schweizerischer Rechtsquellen 14. Aarau 2013, S. LIII–LXXVI.
/Users/programming/PycharmProjects/Find_Bibliography_NEw/data/azk_library/heinrich-speich__32.pdf;11;generic;Chronik/Chroniken;\bchronik(?:en)?\b;und wir üch jetz geschriben hant von der getat. Kriegsordnungen, Chroniken, … ČLÁNKY / ARTICLES um Konjekturen von lokalen Historiographen.
/Users/programming/PycharmProjects/Find_Bibliography_NEw/data/azk_library/heinrich-speich__32.pdf;11;generic;Chronik/Chroniken;\bchronik(?:en)?\b;wurden auch die Augenzeugenberichte des Berner Hauptmanns und die Chronik des Hans Fründ in der Folge historiographisch ausgewertet: Der Be
/Users/programming/PycharmProjects/Find_Bibliography_NEw/data/azk_library/heinrich-speich__32.pdf;11;generic;Chronik/Chroniken;\bchronik(?:en)?\b;iographisch ausgewertet: Der Bericht von Wanner in der Tschachtlan-Chronik, die wiederum Vorbild der wirkmächtigen Berner Chronik des Diebol
/Users/programming/PycharmProjects/Find_Bibliography_NEw/data/azk_library/heinrich-speich__32.pdf;11;generic;Chronik/Chroniken;\bchronik(?:en)?\b;Tschachtlan-Chronik, die wiederum Vorbild der wirkmächtigen Berner Chronik des Diebold Schilling wurde. Fründs Beschreibung wurde durch Tsch
/Users/programming/PycharmProjects/Find_Bibliography_NEw/data/azk_library/heinrich-speich__32.pdf;11;generic;Eydgenossenschaft/Helvetia (frühneuzeitl. Schreibungen);eidt?genossenschaft;smus und Proporz ausgerichteten Grosserzählung zum Werden der Eidgenossenschaft eignete sich die Schlacht von Ragaz vorzüglich. Die Zürcher
/Users/programming/PycharmProjects/Find_Bibliography_NEw/data/azk_library/heinrich-speich__32.pdf;11;generic;Schlacht-/Kriegserzählungen;\bschlacht(?:en)?\b;aphen. Als Siegerin in diesem kleinen Krieg darf trotz verlorener Schlacht die Herrschaft Österreich gelten: Die Eidgenossen hatten es nicht
/Users/programming/PycharmProjects/Find_Bibliography_NEw/data/azk_library/heinrich-speich__32.pdf;11;generic;Schlacht-/Kriegserzählungen;\bschlacht(?:en)?\b;Grosserzählung zum Werden der Eidgenossenschaft eignete sich die Schlacht von Ragaz vorzüglich. Die Zürcher waren zwar mit Hans von Rechber
/Users/programming/PycharmProjects/Find_Bibliography_NEw/data/azk_library/heinrich-speich__32.pdf;11;generic;Schlacht-/Kriegserzählungen;\bkrieg(?:e|en)?\b;ekturen von lokalen Historiographen. Als Siegerin in diesem kleinen Krieg darf trotz verlorener Schlacht die Herrschaft Österreich gelten: D
/Users/programming/PycharmProjects/Find_Bibliography_NEw/data/azk_library/heinrich-speich__32.pdf;12;work;Fründ (Hans Fründ);\bfr[üu]nd\b;geschmückt. Die einzige überlieferte Abschrift des Manuskriptes von Fründ befand sich nämlich später im Besitz von Aegidius Tschudi. Kleiner
/Users/programming/PycharmProjects/Find_Bibliography_NEw/data/azk_library/heinrich-speich__32.pdf;12;work;Tschudi (Aegidius/Gilg Tschudi, Chronicon Helveticum);aegidi(?:us)?[\s \-]+tschudi;nuskriptes von Fründ befand sich nämlich später im Besitz von Aegidius Tschudi. Kleiner Feldzug – grosse Wirkung. Der sogenannte Ragazer Fel
/Users/programming/PycharmProjects/Find_Bibliography_NEw/data/azk_library/heinrich-speich__32.pdf;12;work;Tschudi (Aegidius/Gilg Tschudi, Chronicon Helveticum);\btschudi\b;riptes von Fründ befand sich nämlich später im Besitz von Aegidius Tschudi. Kleiner Feldzug – grosse Wirkung. Der sogenannte Ragazer Feldzug
/Users/programming/PycharmProjects/Find_Bibliography_NEw/data/azk_library/heinrich-speich__32.pdf;12;generic;Chronik/Chroniken;\bchronik(?:en)?\b;und wir üch jetz geschriben hant von der getat. Kriegsordnungen, Chroniken, … ČLÁNKY / ARTICLES Meistererzählung ausgeschmückt. Die einzige
/Users/programming/PycharmProjects/Find_Bibliography_NEw/data/azk_library/heinrich-speich__32.pdf;12;generic;Eydgenossenschaft/Helvetia (frühneuzeitl. Schreibungen);eidt?genossenschaft;den sonst quellenmässig schwach aufgestellten Länderorten der Eidgenossenschaft verhalf der Konflikt zur Verschriftlichung weiterer Bereiche
/Users/programming/PycharmProjects/Find_Bibliography_NEw/data/azk_library/heinrich-speich__32.pdf;12;generic;Schlacht-/Kriegserzählungen;\bfeldzug\b;befand sich nämlich später im Besitz von Aegidius Tschudi. Kleiner Feldzug – grosse Wirkung. Der sogenannte Ragazer Feldzug am Ende des Alte
/Users/programming/PycharmProjects/Find_Bibliography_NEw/data/azk_library/heinrich-speich__32.pdf;12;generic;Schlacht-/Kriegserzählungen;\bfeldzug\b;Tschudi. Kleiner Feldzug – grosse Wirkung. Der sogenannte Ragazer Feldzug am Ende des Alten Zürichkrieges ist trotz seiner lokalen Wirkung
/Users/programming/PycharmProjects/Find_Bibliography_NEw/data/azk_library/landolt-oliver__10.pdf;1;series;MAGZ (Mitteilungen der Antiquarischen Gesellschaft in Zürich);mitteilungen[\s \-]+der[\s \-]+antiquarischen[\s \-]+gesellschaft[\s \-]+in[\s \-]+z[üu]rich;Zeitschrift: Mitteilungen der Antiquarischen Gesellschaft in Zürich Herausgeber: Antiquarische Gesellschaft in Zürich Band: 73 (2006) Artike
/Users/programming/PycharmProjects/Find_Bibliography_NEw/data/azk_library/landolt-oliver__10.pdf;5;work;Fründ (Hans Fründ);hans[\s \-]+fr[üu]nd;Abb. 10: Notarszeichen des Schwyzer Landschreibers Hans Fründ. Der zweistufige Sockel mit Namenszug trägt als Signetkopf einen von einem Ban
/Users/programming/PycharmProjects/Find_Bibliography_NEw/data/azk_library/landolt-oliver__10.pdf;6;work;Fründ (Hans Fründ);\bfr[üu]nd\b;man sich zunehmend auf Krieg ein. Mit der Einstellung von Johannes Fründ als schwyzerischem Landschreiber im Lauf des Jahres 1437, einem eh
/Users/programming/PycharmProjects/Find_Bibliography_NEw/data/azk_library/landolt-oliver__10.pdf;6;work;Fründ (Hans Fründ);\bfr[üu]nd\b;ten Überlieferung äusserst schmal. Jedenfalls holte sich Schwyz mit Fründ eine Person mit administrativen Kenntnissen von aussen und griff n
/Users/programming/PycharmProjects/Find_Bibliography_NEw/data/azk_library/landolt-oliver__10.pdf;6;work;Klingenberger/Rapperswiler Chronik (Eberhard Wüest);klingenberger[\s \-]+chronik;durch die Intervention Berns blockiert wurden.33 Gemäss der Klingenberger Chronik suchten die Schwyzer mittels geheimer Gesandtschaften beim
/Users/programming/PycharmProjects/Find_Bibliography_NEw/data/azk_library/landolt-oliver__10.pdf;6;generic;Chronik/Chroniken;\bchronik(?:en)?\b;ie Intervention Berns blockiert wurden.33 Gemäss der Klingenberger Chronik suchten die Schwyzer mittels geheimer Gesandtschaften beim neugew
/Users/programming/PycharmProjects/Find_Bibliography_NEw/data/azk_library/landolt-oliver__10.pdf;6;generic;Eydgenossenschaft/Helvetia (frühneuzeitl. Schreibungen);eidt?genossenschaft;II. eine Chance, die ehemaligen habsburgischen Gebiete in der Eidgenossenschaft oder in deren Einflussgebiet wiederzugewinnen.36 Mit der meh
/Users/programming/PycharmProjects/Find_Bibliography_NEw/data/azk_library/landolt-oliver__10.pdf;6;generic;Schlacht-/Kriegserzählungen;\bkrieg(?:e|en)?\b;Schwyz im Krieg In Schwyz stellte man sich zunehmend auf Krieg ein. Mit der Einstellung von Johannes Fründ als schwyzerischem Landschreiber
/Users/programming/PycharmProjects/Find_Bibliography_NEw/data/azk_library/landolt-oliver__10.pdf;6;generic;Schlacht-/Kriegserzählungen;\bkrieg(?:e|en)?\b;dagegen zu ahnden hatten.29 In die heisse Phase für Schwyz trat der Krieg schliesslich am 5. Mai 1439, als mit den unglücklich kämpfenden Zü
/Users/programming/PycharmProjects/Find_Bibliography_NEw/data/azk_library/landolt-oliver__10.pdf;8;generic;Schlacht-/Kriegserzählungen;\bschlacht(?:en)?\b;hmachliedes auf die Eidgenossen, in welcher er die Ereignisse der Schlacht von St. Jakob an der Birs 1444 beschrieb, dem Schwyzer Landammann
/Users/programming/PycharmProjects/Find_Bibliography_NEw/data/azk_library/landolt-oliver__10.pdf;8;generic;Schlacht-/Kriegserzählungen;\bschlacht(?:en)?\b;deskosten. Zur Erinnerung an die in diesem Krieg stattgefundenen Schlachten und die in den Gefechten gefallenen Männer wurde vermutlich scho
/Users/programming/PycharmProjects/Find_Bibliography_NEw/data/azk_library/landolt-oliver__10.pdf;8;generic;Schlacht-/Kriegserzählungen;\bkrieg(?:e|en)?\b;"orpartner» Glarus massiv ausgebaut hatte. Für alle Parteien war der Krieg äusserst kostspielig; mindestens 1447 und 1452 wurden im Alten Lan"
/Users/programming/PycharmProjects/Find_Bibliography_NEw/data/azk_library/landolt-oliver__10.pdf;8;generic;Schlacht-/Kriegserzählungen;\bkrieg(?:e|en)?\b;hlachtenjahrzeits auf Landeskosten. Zur Erinnerung an die in diesem Krieg stattgefundenen Schlachten und die in den Gefechten gefallenen Män
/Users/programming/PycharmProjects/Find_Bibliography_NEw/data/azk_library/landolt-oliver__10.pdf;9;work;Tschudi (Aegidius/Gilg Tschudi, Chronicon Helveticum);aegidi(?:us)?[\s \-]+tschudi;nm. 2), 27 f. - In Schwyz kam es gemäss der Überlieferung von Aegidius Tschudi ob dieser territorialpolitischen Niederlage zu Unruhen und zu
/Users/programming/PycharmProjects/Find_Bibliography_NEw/data/azk_library/landolt-oliver__10.pdf;9;work;Tschudi (Aegidius/Gilg Tschudi, Chronicon Helveticum);\btschudi\b;e Konsolidierung und eidgenössische Solidarität im Widerstreit, in:Tschudi, Bd. 9,22*-158*, hier 148*-156*. 6 Robert Hoppeler, Zürichs Burgr
/Users/programming/PycharmProjects/Find_Bibliography_NEw/data/azk_library/landolt-oliver__10.pdf;9;work;Tschudi (Aegidius/Gilg Tschudi, Chronicon Helveticum);\btschudi\b;2), 27 f. - In Schwyz kam es gemäss der Überlieferung von Aegidius Tschudi ob dieser territorialpolitischen Niederlage zu Unruhen und zum St
/Users/programming/PycharmProjects/Find_Bibliography_NEw/data/azk_library/landolt-oliver__10.pdf;9;work;Tschudi (Aegidius/Gilg Tschudi, Chronicon Helveticum);\btschudi\b;itischen Niederlage zu Unruhen und zum Sturz einzelner Ratsherren. Tschudi, Bd. 7,79 f. - Allerdings hatte Schwyz weiterhin besondere Intere
/Users/programming/PycharmProjects/Find_Bibliography_NEw/data/azk_library/landolt-oliver__10.pdf;9;generic;Eydgenossenschaft/Helvetia (frühneuzeitl. Schreibungen);eidt?genossenschaft;2 Bernhard Stettier: Die Eidgenossenschaft im 15. Jahrhundert. Die Suche nach einem gemeinsamen Nenner, Zürich 2004,139-141. Allgemein zum A
/Users/programming/PycharmProjects/Find_Bibliography_NEw/data/azk_library/landolt-oliver__10.pdf;9;generic;Eydgenossenschaft/Helvetia (frühneuzeitl. Schreibungen);eidt?genossenschaft;nstreit zwischen Schwyz und Einsiedeln und die Entstehung der Eidgenossenschaft (Geist und Werk der Zeiten 15), Zürich 1966. 5 Johann Baptis
/Users/programming/PycharmProjects/Find_Bibliography_NEw/data/azk_library/landolt-oliver__10.pdf;10;work;Fründ (Hans Fründ);\bfr[üu]nd\b;"iget (wie Anm. 2), 41. 26 StASZ, Urk. 409 vom 2.August 1437 (Druck: Fründ,21 f.); StASZ, Urk. 419 vom 15. Oktober 1438 (Druck: Tschudi, Bd."
/Users/programming/PycharmProjects/Find_Bibliography_NEw/data/azk_library/landolt-oliver__10.pdf;10;work;Fründ (Hans Fründ);\bfr[üu]nd\b;sich die Schwyzer am 21. März 1439 sogar durch ihren Landschreiber Fründ notariell beglaubigen (vgl. Abbildung 10). 27 Zu Johannes Fründ: K
/Users/programming/PycharmProjects/Find_Bibliography_NEw/data/azk_library/landolt-oliver__10.pdf;10;work;Fründ (Hans Fründ);\bfr[üu]nd\b;ber Fründ notariell beglaubigen (vgl. Abbildung 10). 27 Zu Johannes Fründ: Konrad Wanner: Schreiber, Chronisten und Frühhumanisten in der Lu
/Users/programming/PycharmProjects/Find_Bibliography_NEw/data/azk_library/landolt-oliver__10.pdf;10;work;Fründ (Hans Fründ);\bfr[üu]nd\b;ns Schwyz 1548-1798, Schwyz 1906 (Beilage zu MHVS 19), III-XIX.-Vor Fründ nahm Schwyz jeweils den Rapperswiler Stadtschreiber Eberhard Wüst
/Users/programming/PycharmProjects/Find_Bibliography_NEw/data/azk_library/landolt-oliver__10.pdf;10;work;Fründ (Hans Fründ);\bfr[üu]nd\b;"g, Zürich/Frauenfeld 1850,68-72. 30 Klingenberger Chronik, 258-260; Fründ, 24-37. 31 Fründ, 38-57. Siehe unten den Beitrag von Fritz Rigendi"
/Users/programming/PycharmProjects/Find_Bibliography_NEw/data/azk_library/landolt-oliver__10.pdf;10;work;Fründ (Hans Fründ);\bfr[üu]nd\b;"eld 1850,68-72. 30 Klingenberger Chronik, 258-260; Fründ, 24-37. 31 Fründ, 38-57. Siehe unten den Beitrag von Fritz Rigendinger. 32 Wiget (w"
/Users/programming/PycharmProjects/Find_Bibliography_NEw/data/azk_library/landolt-oliver__10.pdf;10;work;Fründ (Hans Fründ);\bfr[üu]nd\b;Mittelalters, hg. von Peter Rück, Marburg a. d. L. 1991,267-293. 37 Fründ, 109,110. 38 Niederstätter (wie Anm. 2), 275-299. 39 Fründ, 24—34,
/Users/programming/PycharmProjects/Find_Bibliography_NEw/data/azk_library/landolt-oliver__10.pdf;10;work;Fründ (Hans Fründ);\bfr[üu]nd\b;-293. 37 Fründ, 109,110. 38 Niederstätter (wie Anm. 2), 275-299. 39 Fründ, 24—34,58-66.Allgemein zum Etzel als Ausgangsort für schwyzerische
/Users/programming/PycharmProjects/Find_Bibliography_NEw/data/azk_library/landolt-oliver__10.pdf;10;work;Fründ (Hans Fründ);\bfr[üu]nd\b;icklung, in: MHVS 87 (1995), 9-21, hier 17. 40 Siehe beispielsweise Fründ, 85.Allgemein zur Burg in Pfäffikon: Paul Wyrsch: Zur Geschichte d
/Users/programming/PycharmProjects/Find_Bibliography_NEw/data/azk_library/landolt-oliver__10.pdf;10;work;Tschudi (Aegidius/Gilg Tschudi, Chronicon Helveticum);\btschudi\b;Anm. 2), 294. - Landrecht mit Schwyz 1417. StASZ, Urk. 324. Druck: Tschudi, Bd. 8,223-226.- Erneuerung 1428 mit gleichzeitiger Zusicherung d
/Users/programming/PycharmProjects/Find_Bibliography_NEw/data/azk_library/landolt-oliver__10.pdf;10;work;Tschudi (Aegidius/Gilg Tschudi, Chronicon Helveticum);\btschudi\b;hwyzerischen Herrschaft über die Obermarch. StASZ, Urk. 359. Druck:Tschudi, Bd. 9, 212-216. - Landrecht des Grafen mit Glarus 1419. Ebd., 33
/Users/programming/PycharmProjects/Find_Bibliography_NEw/data/azk_library/landolt-oliver__10.pdf;10;work;Tschudi (Aegidius/Gilg Tschudi, Chronicon Helveticum);\btschudi\b;975. 20 Berger (wie Anm. 2), 66-74. 21 StASZ, Urk. 405. Siehe auch Tschudi, Bd. 10,130 f. 22 StASZ, Urk. 406 und 412a (Druck: Tschudi, Bd. 1
/Users/programming/PycharmProjects/Find_Bibliography_NEw/data/azk_library/landolt-oliver__10.pdf;10;work;Tschudi (Aegidius/Gilg Tschudi, Chronicon Helveticum);\btschudi\b;he auch Tschudi, Bd. 10,130 f. 22 StASZ, Urk. 406 und 412a (Druck: Tschudi, Bd. 10,142-148). 23 StASZ, Urk. 415a (Druck: Tschudi, Bd. 10,155
/Users/programming/PycharmProjects/Find_Bibliography_NEw/data/azk_library/landolt-oliver__10.pdf;10;work;Tschudi (Aegidius/Gilg Tschudi, Chronicon Helveticum);\btschudi\b;412a (Druck: Tschudi, Bd. 10,142-148). 23 StASZ, Urk. 415a (Druck: Tschudi, Bd. 10,155-157). 24 Friedrich Emil Welti: Ein Berner Zinsrodel a
/Users/programming/PycharmProjects/Find_Bibliography_NEw/data/azk_library/landolt-oliver__10.pdf;10;work;Tschudi (Aegidius/Gilg Tschudi, Chronicon Helveticum);\btschudi\b;"(Druck: Fründ,21 f.); StASZ, Urk. 419 vom 15. Oktober 1438 (Druck: Tschudi, Bd. 10,173 ff.). Diese Urkunde Hessen sich die Schwyzer am 21. M"
/Users/programming/PycharmProjects/Find_Bibliography_NEw/data/azk_library/landolt-oliver__10.pdf;10;work;Tschudi (Aegidius/Gilg Tschudi, Chronicon Helveticum);\btschudi\b;schreiber Eberhard Wüst für notarielle Beglaubigungen in Anspruch. Tschudi, Bd. 10,175, Anm. 74. 29 StASZ, Urk. 418. Druck in: Das Landbuch
/Users/programming/PycharmProjects/Find_Bibliography_NEw/data/azk_library/landolt-oliver__10.pdf;10;work;Klingenberger/Rapperswiler Chronik (Eberhard Wüest);klingenberger[\s \-]+chronik;"t, hg. von Martin Kothing, Zürich/Frauenfeld 1850,68-72. 30 Klingenberger Chronik, 258-260; Fründ, 24-37. 31 Fründ, 38-57. Siehe unten den B"
/Users/programming/PycharmProjects/Find_Bibliography_NEw/data/azk_library/landolt-oliver__10.pdf;10;work;Klingenberger/Rapperswiler Chronik (Eberhard Wüest);klingenberger[\s \-]+chronik;Schwyzer zu König Friedrich III. findet sich einzig in der Klingenberger Chronik, 279 ff. 35 EA, Bd. 2,145 f., Nr. 236 und 237. 36 Paul-Joa
/Users/programming/PycharmProjects/Find_Bibliography_NEw/data/azk_library/landolt-oliver__10.pdf;10;generic;Chronik/Chroniken;\bchronik(?:en)?\b;"von Martin Kothing, Zürich/Frauenfeld 1850,68-72. 30 Klingenberger Chronik, 258-260; Fründ, 24-37. 31 Fründ, 38-57. Siehe unten den Beitrag"
/Users/programming/PycharmProjects/Find_Bibliography_NEw/data/azk_library/landolt-oliver__10.pdf;10;generic;Chronik/Chroniken;\bchronik(?:en)?\b;er zu König Friedrich III. findet sich einzig in der Klingenberger Chronik, 279 ff. 35 EA, Bd. 2,145 f., Nr. 236 und 237. 36 Paul-Joachim He
/Users/programming/PycharmProjects/Find_Bibliography_NEw/data/azk_library/landolt-oliver__10.pdf;10;generic;Jahrbuch/Jahrbücher;jahrb[üu]ch(?:er|e)?\b;"der Ältere. Fünfzig Jahre eidgenössischer Geschichte, in: Basler Jahrbuch 1912, 260-292; Urs Huber: Ital Reding der Ältere und seine Zeit,"
/Users/programming/PycharmProjects/Find_Bibliography_NEw/data/azk_library/landolt-oliver__10.pdf;10;generic;Jahrbuch/Jahrbücher;jahrb[üu]ch(?:er|e)?\b;humanisten in der Luzerner Stadtkanzlei des 15. Jahrhunderts, in: Jahrbuch der Historischen Gesellschaft Luzern 18 (2000), 2-44, hier 8-12,1
/Users/programming/PycharmProjects/Find_Bibliography_NEw/data/azk_library/landolt-oliver__10.pdf;10;generic;Schlacht-/Kriegserzählungen;\bkrieg(?:e|en)?\b;"ise». Aspekte der Zürcher Geschichte im Spannungsfeld von Sempacher Krieg und Altem Zürichkrieg, in: SZG 31 (1981), 121-143; Wiget (wie Anm."
/Users/programming/PycharmProjects/Find_Bibliography_NEw/data/azk_library/landolt-oliver__10.pdf;10;generic;Schlacht-/Kriegserzählungen;\bkrieg(?:e|en)?\b;rschaft Grüningen während des Alten Zürichkriegs: Christian Sieber: Krieg und Frieden in der Herrschaft Grüningen. Zwischen politischer Weic
/Users/programming/PycharmProjects/Find_Bibliography_NEw/data/azk_library/landolt-oliver__10.pdf;11;work;Hemmerlin (Felix Hemmerlin/Malleolus);de[\s \-]+nobilitate[\s \-]+et[\s \-]+rusticitate;lateinischer Sprache abgeschlossenen Schrift «Dialogus de nobilitate et rusticitate» brachte Hemmerli im 33. Kapitel, welches mit «De Suite
/Users/programming/PycharmProjects/Find_Bibliography_NEw/data/azk_library/landolt-oliver__10.pdf;11;work;Tschudi (Aegidius/Gilg Tschudi, Chronicon Helveticum);\btschudi\b;"g für das Selbstverständnis der eidgenössischen Orte (Anhang I),in:Tschudi, Bd. 11,435-441; Ders.: Kriegsführung im Alten Zürichkrieg (Anhan"
/Users/programming/PycharmProjects/Find_Bibliography_NEw/data/azk_library/landolt-oliver__10.pdf;11;series;QSG (Quellen zur Schweizer Geschichte);\bqsg\b;den innerschweizerischen Jahrzeitbüchern, hg. von Rudolf Henggeier (QSG, N.F., Abt. II/3), Basel 1940,69-76,98 f., 102, 103 f., 104 f., 109
/Users/programming/PycharmProjects/Find_Bibliography_NEw/data/azk_library/landolt-oliver__10.pdf;11;generic;Schlacht-/Kriegserzählungen;\bkrieg(?:e|en)?\b;Jahre 1531, in: MHVS 2 (1883), 95-211, hier 173. 44 Jürg Meister: Kriege auf Schweizer Seen. Europäische Geschichte in der Schweiz von der
/Users/programming/PycharmProjects/Find_Bibliography_NEw/data/azk_library/landolt-oliver__10.pdf;11;generic;Schlacht-/Kriegserzählungen;\bkrieg(?:e|en)?\b;tober 1446 beschlossen. In jedem Ort sollte für alle im vergangenen Krieg Gefallenen eine Jahrzeit und besondere Spende gestiftet werden und
/Users/programming/PycharmProjects/Find_Bibliography_NEw/data/azk_library/landolt-oliver__10.pdf;11;generic;Schlacht-/Kriegserzählungen;\bkrieg(?:e|en)?\b;edenken: Klaus Graf: Schlachtengedenken in der Stadt, in: Stadt und Krieg, hg. von Bernhard Kirchgässner und Günter Scholz (Stadt in der Ges
