pdf_file;page;group;label;pattern;context
/Users/programming/PycharmProjects/Find_Bibliography_NEw/data/azk_library/langmaier-konstantin-m__17.pdf;3;work;Schilling (Diebold Schilling, Berner/Luzerner Chronik);\bschilling\b;r Bevölkerung von Freienbach erlaubt, sich gegen einen Lohn von 5 Schilling pro Leiche, dem damals üblichen Totengräbertarif, an der Arbeit
/Users/programming/PycharmProjects/Find_Bibliography_NEw/data/azk_library/langmaier-konstantin-m__17.pdf;4;work;Fründ (Hans Fründ);hans\s+fr[üu]nd;men, nämlich vom Schwyzer Landschreiber und «Chefpropagandisten» Hans Fründ. Fründ begleitete die Schwyzer Truppen in amtlicher Funktion übe
/Users/programming/PycharmProjects/Find_Bibliography_NEw/data/azk_library/langmaier-konstantin-m__17.pdf;4;work;Fründ (Hans Fründ);\bfr[üu]nd\b;n, nämlich vom Schwyzer Landschreiber und «Chefpropagandisten» Hans Fründ. Fründ begleitete die Schwyzer Truppen in amtlicher Funktion über
/Users/programming/PycharmProjects/Find_Bibliography_NEw/data/azk_library/langmaier-konstantin-m__17.pdf;4;work;Fründ (Hans Fründ);\bfr[üu]nd\b;ich vom Schwyzer Landschreiber und «Chefpropagandisten» Hans Fründ. Fründ begleitete die Schwyzer Truppen in amtlicher Funktion über weite S
/Users/programming/PycharmProjects/Find_Bibliography_NEw/data/azk_library/langmaier-konstantin-m__17.pdf;4;work;Fründ (Hans Fründ);\bfr[üu]nd\b;.4 Für das erste Gefecht bei Freienbach am 22. Mai 1443 überliefert Fründ die Zahl von 40 getöteten Feinden, die man in eine Grube gelegt ha
/Users/programming/PycharmProjects/Find_Bibliography_NEw/data/azk_library/langmaier-konstantin-m__17.pdf;4;work;Fründ (Hans Fründ);\bfr[üu]nd\b;n der Sihl vor Zürich, beim heutigen Stauffacher, am 22. Juli kommt Fründ auf mindestens 300 Tote, ermittelt durch Zählung der erbeuteten Ha
/Users/programming/PycharmProjects/Find_Bibliography_NEw/data/azk_library/langmaier-konstantin-m__17.pdf;4;generic;Chronik/Chroniken;\bchronik(?:en)?\b;recken und führte dabei ein Kriegstagebuch, das er später zu einer Chronik umarbeitete.4 Für das erste Gefecht bei Freienbach am 22. Mai 144
/Users/programming/PycharmProjects/Find_Bibliography_NEw/data/azk_library/langmaier-konstantin-m__17.pdf;5;work;Fründ (Hans Fründ);hans\s+fr[üu]nd;neten wie die Gegenseite.15 Dort erfasste wiederum Landschreiber Hans Fründ alle Schwyzer Toten mit Namen für ein grosses Schlachten- 67
/Users/programming/PycharmProjects/Find_Bibliography_NEw/data/azk_library/langmaier-konstantin-m__17.pdf;5;work;Fründ (Hans Fründ);\bfr[üu]nd\b;nach der Schlacht bei Wollerau geborgenen 102 Toten findet sich bei Fründ und beruht auf einer Zählung der Leichen, wie sie auch in modernen
/Users/programming/PycharmProjects/Find_Bibliography_NEw/data/azk_library/langmaier-konstantin-m__17.pdf;5;work;Fründ (Hans Fründ);\bfr[üu]nd\b;(rund 4000) und die Landschaft.11 Wie verlässlich aber sind die von Fründ genannten Zahlen, und weshalb fehlen entsprechend exakte Angaben v
/Users/programming/PycharmProjects/Find_Bibliography_NEw/data/azk_library/langmaier-konstantin-m__17.pdf;5;work;Fründ (Hans Fründ);\bfr[üu]nd\b;reienbach ist exakt von 42 Toten die Rede, was mit den 40 Toten bei Fründ übereinstimmt. Die weitaus höheren Opferzahlen der Schlachten am H
/Users/programming/PycharmProjects/Find_Bibliography_NEw/data/azk_library/langmaier-konstantin-m__17.pdf;5;work;Fründ (Hans Fründ);\bfr[üu]nd\b;ei. Auf dieser Grundlage lässt sich abschätzen, dass die Zahlen von Fründ nicht zu hoch gegriffen sind. Die Liste aus der Pfarrei Küsnacht n
/Users/programming/PycharmProjects/Find_Bibliography_NEw/data/azk_library/langmaier-konstantin-m__17.pdf;5;work;Fründ (Hans Fründ);\bfr[üu]nd\b;ten wie die Gegenseite.15 Dort erfasste wiederum Landschreiber Hans Fründ alle Schwyzer Toten mit Namen für ein grosses Schlachten- 67
/Users/programming/PycharmProjects/Find_Bibliography_NEw/data/azk_library/langmaier-konstantin-m__17.pdf;6;work;Fründ (Hans Fründ);\bfr[üu]nd\b;fecht bei Freienbach wissen wir, dass die 42 Toten nicht in der von Fründ erwähnten Grube blieben, sondern - ebenfalls mit offizieller Erlau
/Users/programming/PycharmProjects/Find_Bibliography_NEw/data/azk_library/langmaier-konstantin-m__17.pdf;6;work;Fründ (Hans Fründ);\bfr[üu]nd\b;n Schlachten am Hirzel und bei St. Jakob an der Sihl. Landschreiber Fründ berichtet jedenfalls von Massengräbern, die er nach dem Krieg name
/Users/programming/PycharmProjects/Find_Bibliography_NEw/data/azk_library/langmaier-konstantin-m__17.pdf;6;work;Bullinger (Heinrich Bullinger);heinrich\s+bullinger;chen auf, die man den Gefallenen von 1443 zuwies,22 und auch Heinrich Bullinger sah 1512 als achtjähriger Knabe in der Nähe seiner Heimatsta
/Users/programming/PycharmProjects/Find_Bibliography_NEw/data/azk_library/langmaier-konstantin-m__17.pdf;6;work;Bullinger (Heinrich Bullinger);\bbullinger\b;auf, die man den Gefallenen von 1443 zuwies,22 und auch Heinrich Bullinger sah 1512 als achtjähriger Knabe in der Nähe seiner Heimatstadt B
/Users/programming/PycharmProjects/Find_Bibliography_NEw/data/azk_library/langmaier-konstantin-m__17.pdf;8;work;Fründ (Hans Fründ);\bfr[üu]nd\b;iegsrat machen es deutlich, und selbst im Bericht von Landschreiber Fründ ist ein Unbehagen über die Hinrichtung spürbar. Traf die Strafe di
/Users/programming/PycharmProjects/Find_Bibliography_NEw/data/azk_library/langmaier-konstantin-m__17.pdf;8;work;Fründ (Hans Fründ);\bfr[üu]nd\b;Verbot, Wohnhäuser von Wöchnerinnen anzuzünden. Auch Landschreiber Fründ schildert, wie er sich anlässlich der Belagerung von Greifensee pe
/Users/programming/PycharmProjects/Find_Bibliography_NEw/data/azk_library/langmaier-konstantin-m__17.pdf;8;work;Fründ (Hans Fründ);\bfr[üu]nd\b;evölkerung. Es ist einmal mehr das Kriegstagebuch von Landschreiber Fründ, in dem wir diesbezüglich die aufschlussreichsten Schilderungen fi
/Users/programming/PycharmProjects/Find_Bibliography_NEw/data/azk_library/langmaier-konstantin-m__17.pdf;8;work;Fründ (Hans Fründ);\bfr[üu]nd\b;chts mehr zu zerstören gibt, ziehen die Truppen weiter. So schreibt Fründ 70
/Users/programming/PycharmProjects/Find_Bibliography_NEw/data/azk_library/langmaier-konstantin-m__17.pdf;8;work;Edlibach (Gerold Edlibach);gerold\s+edlibach;an der Hand, die um Gnade flehten, wie es der Zürcher Chronist Gerold Edlibach aufgrund von Augenzeugenberichten eindrücklich beschreibt.Am
/Users/programming/PycharmProjects/Find_Bibliography_NEw/data/azk_library/langmaier-konstantin-m__17.pdf;8;work;Edlibach (Gerold Edlibach);\bedlibach\b;er Hand, die um Gnade flehten, wie es der Zürcher Chronist Gerold Edlibach aufgrund von Augenzeugenberichten eindrücklich beschreibt.Am Schl
/Users/programming/PycharmProjects/Find_Bibliography_NEw/data/azk_library/langmaier-konstantin-m__17.pdf;8;generic;Chronist/Chronisten;\bchronist(?:en)?\b;ren Kindern an der Hand, die um Gnade flehten, wie es der Zürcher Chronist Gerold Edlibach aufgrund von Augenzeugenberichten eindrücklich be
/Users/programming/PycharmProjects/Find_Bibliography_NEw/data/azk_library/langmaier-konstantin-m__17.pdf;9;work;Fründ (Hans Fründ);\bfr[üu]nd\b;r ainer sin bruoder, der ander sin sun, ainer sin wib und ander sin fründ vor der statt [Rapperswil] hat [...] und kament also alle tag frow
/Users/programming/PycharmProjects/Find_Bibliography_NEw/data/azk_library/langmaier-konstantin-m__17.pdf;9;work;Fründ (Hans Fründ);\bfr[üu]nd\b;elf Häuser zum Opfer fielen. Am rechten Zürichseeufer, so berichtet Fründ, habe man sich anschliessend darauf beschränkt, hie und da ein «gu
/Users/programming/PycharmProjects/Find_Bibliography_NEw/data/azk_library/langmaier-konstantin-m__17.pdf;9;work;Fründ (Hans Fründ);\bfr[üu]nd\b;als sichtbares Zeichen («Wortzeichen») dafür, «das man da was», wie Fründ hinzufügt.35 Glück hatte die Zivilbevölkerung namentlich dann, wen
/Users/programming/PycharmProjects/Find_Bibliography_NEw/data/azk_library/langmaier-konstantin-m__17.pdf;9;work;Klingenberger Chronik;klingenberger\s+chronik;n nur noch die Türschlösser rauben können, heisst es in der Klingenberger Chronik überspitzt. Andernorts wurden Familien auseinandergerissen
/Users/programming/PycharmProjects/Find_Bibliography_NEw/data/azk_library/langmaier-konstantin-m__17.pdf;9;generic;Chronik/Chroniken;\bchronik(?:en)?\b;och die Türschlösser rauben können, heisst es in der Klingenberger Chronik überspitzt. Andernorts wurden Familien auseinandergerissen, wie e
/Users/programming/PycharmProjects/Find_Bibliography_NEw/data/azk_library/langmaier-konstantin-m__17.pdf;9;generic;Chronist/Chronisten;\bchronist(?:en)?\b;. Andernorts wurden Familien auseinandergerissen, wie es derselbe Chronist und Augenzeuge dramatisch schildert: «Und aber ainer sin bruoder,
/Users/programming/PycharmProjects/Find_Bibliography_NEw/data/azk_library/langmaier-konstantin-m__17.pdf;10;work;Fründ (Hans Fründ);\bfr[üu]nd\b;zu müssen- «durch die eschen [Asche]», wie Fründ bildhaft schreibt. Auch während der Belagerung von Greifensee klagt ein Berner in einem Bri
/Users/programming/PycharmProjects/Find_Bibliography_NEw/data/azk_library/langmaier-konstantin-m__17.pdf;10;work;Fründ (Hans Fründ);\bfr[üu]nd\b;"Zürich und kämpften gegen ihre Nachbarn am Zürichsee; Landschreiber Fründ lobt sie ausdrücklich als «byderb lüt», die «sich mit den Eidgnoss"
/Users/programming/PycharmProjects/Find_Bibliography_NEw/data/azk_library/langmaier-konstantin-m__17.pdf;10;work;Fründ (Hans Fründ);\bfr[üu]nd\b;37 Von ganz anderer Art als die Schilderungen im Kriegstagebuch von Fründ sind die Zeugnisse von Zerstörungen im Urkunden- und Aktenmaterial
/Users/programming/PycharmProjects/Find_Bibliography_NEw/data/azk_library/langmaier-konstantin-m__17.pdf;10;work;Edlibach (Gerold Edlibach);\bedlibach\b;h als «byderb lüt», die «sich mit den Eidgnossen bewärtent». Nach Edlibach sollen die Grüninger sogar dafür verantwortlich gewesen sein, das
/Users/programming/PycharmProjects/Find_Bibliography_NEw/data/azk_library/langmaier-konstantin-m__17.pdf;11;work;Klingenberger Chronik;klingenberger\s+chronik;ereits auf die andere Seite der Limmat flüchteten. Laut der Klingenberger Chronik war die Stadt in jenem Moment so gefährdet wie nie zuvor i
/Users/programming/PycharmProjects/Find_Bibliography_NEw/data/azk_library/langmaier-konstantin-m__17.pdf;11;generic;Chronik/Chroniken;\bchronik(?:en)?\b;auf die andere Seite der Limmat flüchteten. Laut der Klingenberger Chronik war die Stadt in jenem Moment so gefährdet wie nie zuvor in ihrem
/Users/programming/PycharmProjects/Find_Bibliography_NEw/data/azk_library/langmaier-konstantin-m__17.pdf;11;generic;Stadtchronik (generisch);\bstadt\s*chronik\b;aber ernsthaft etwas auszurichten. Leicht spöttisch notiert die Stadtchronik, dass bei der Beschiessung lediglich ein Priester und eine alte
/Users/programming/PycharmProjects/Find_Bibliography_NEw/data/azk_library/langmaier-konstantin-m__17.pdf;14;work;Fründ (Hans Fründ);\bfr[üu]nd\b;eg.56 Nicht geringer war das menschliche Leid. Selbst Landschreiber Fründ klagt am Ende seiner Chronik, dass der Krieg viele Frauen und Kind
/Users/programming/PycharmProjects/Find_Bibliography_NEw/data/azk_library/langmaier-konstantin-m__17.pdf;14;generic;Chronik/Chroniken;\bchronik(?:en)?\b;menschliche Leid. Selbst Landschreiber Fründ klagt am Ende seiner Chronik, dass der Krieg viele Frauen und Kinder zu Witwen und Waisen gema
/Users/programming/PycharmProjects/Find_Bibliography_NEw/data/azk_library/langmaier-konstantin-m__17.pdf;15;work;Edlibach (Gerold Edlibach);gerold\s+edlibach;r begrebte by der kilchen Uster habend». Später liess Landvogt Gerold Edlibach eine neue Gedenkkapelle errrichten, und noch im Jahr 1543 erh
/Users/programming/PycharmProjects/Find_Bibliography_NEw/data/azk_library/langmaier-konstantin-m__17.pdf;15;work;Edlibach (Gerold Edlibach);gerold\s+edlibach;en Krieg wachgehalten: Der eben erwähnte Landvogt und Chronist Gerold Edlibach (1454—1530) kannte ihn 77
/Users/programming/PycharmProjects/Find_Bibliography_NEw/data/azk_library/langmaier-konstantin-m__17.pdf;15;work;Edlibach (Gerold Edlibach);\bedlibach\b;grebte by der kilchen Uster habend». Später liess Landvogt Gerold Edlibach eine neue Gedenkkapelle errrichten, und noch im Jahr 1543 erhielt
/Users/programming/PycharmProjects/Find_Bibliography_NEw/data/azk_library/langmaier-konstantin-m__17.pdf;15;work;Edlibach (Gerold Edlibach);\bedlibach\b;rieg wachgehalten: Der eben erwähnte Landvogt und Chronist Gerold Edlibach (1454—1530) kannte ihn 77
/Users/programming/PycharmProjects/Find_Bibliography_NEw/data/azk_library/langmaier-konstantin-m__17.pdf;15;generic;Gesta/Acta;\bacta\b;lebten aber noch. Sie legten die Kriegsjahre im wörtlichen Sinn «ad acta», indem sie das ganze Aktenmaterial im Archiv deponierten.63 Ein of
/Users/programming/PycharmProjects/Find_Bibliography_NEw/data/azk_library/langmaier-konstantin-m__17.pdf;15;generic;Chronist/Chronisten;\bchronist(?:en)?\b;nnerung an den Krieg wachgehalten: Der eben erwähnte Landvogt und Chronist Gerold Edlibach (1454—1530) kannte ihn 77
/Users/programming/PycharmProjects/Find_Bibliography_NEw/data/azk_library/langmaier-konstantin-m__17.pdf;16;work;Edlibach (Gerold Edlibach);\bedlibach\b;ie nicht unterdessen verschriftlicht wurden, wie eben im Fall von Edlibach, Fabri und Bullinger. Heinrich Bullinger verdanken wir auch einig
/Users/programming/PycharmProjects/Find_Bibliography_NEw/data/azk_library/langmaier-konstantin-m__17.pdf;16;work;Bullinger (Heinrich Bullinger);heinrich\s+bullinger;zeitlebens von seiner Kindheit im Krieg geprägt, und selbst Heinrich Bullinger (1504-1575) hörte als junger Knabe aufmerksam seiner Grossmu
/Users/programming/PycharmProjects/Find_Bibliography_NEw/data/azk_library/langmaier-konstantin-m__17.pdf;16;work;Bullinger (Heinrich Bullinger);heinrich\s+bullinger;wurden, wie eben im Fall von Edlibach, Fabri und Bullinger. Heinrich Bullinger verdanken wir auch einige Kriegserinnerungen aus anderen Zür
/Users/programming/PycharmProjects/Find_Bibliography_NEw/data/azk_library/langmaier-konstantin-m__17.pdf;16;work;Bullinger (Heinrich Bullinger);\bbullinger\b;tlebens von seiner Kindheit im Krieg geprägt, und selbst Heinrich Bullinger (1504-1575) hörte als junger Knabe aufmerksam seiner Grossmutter
/Users/programming/PycharmProjects/Find_Bibliography_NEw/data/azk_library/langmaier-konstantin-m__17.pdf;16;work;Bullinger (Heinrich Bullinger);\bbullinger\b;verschriftlicht wurden, wie eben im Fall von Edlibach, Fabri und Bullinger. Heinrich Bullinger verdanken wir auch einige Kriegserinnerungen
/Users/programming/PycharmProjects/Find_Bibliography_NEw/data/azk_library/langmaier-konstantin-m__17.pdf;16;work;Bullinger (Heinrich Bullinger);\bbullinger\b;den, wie eben im Fall von Edlibach, Fabri und Bullinger. Heinrich Bullinger verdanken wir auch einige Kriegserinnerungen aus anderen Zürcher
/Users/programming/PycharmProjects/Find_Bibliography_NEw/data/azk_library/langmaier-konstantin-m__17.pdf;17;work;Bullinger (Heinrich Bullinger);\bbullinger\b;Eremit - Nikolaus von Flüe im Alten Zürichkrieg Ein Nachtrag zum Bullinger-Jahr Robert Durrer (1867-1934), Staatsarchivar von Nidwaiden, ha
/Users/programming/PycharmProjects/Find_Bibliography_NEw/data/azk_library/langmaier-konstantin-m__17.pdf;18;work;Stumpf (Johannes Stumpf);johannes\s+stumpf;«Historia des allten tödtlichen sibenjärigen Zürychkriegs» von Johannes Stumpf, von der Bullinger durch Rudolf Güder eine Abschrift herstell
/Users/programming/PycharmProjects/Find_Bibliography_NEw/data/azk_library/langmaier-konstantin-m__17.pdf;18;work;Stumpf (Johannes Stumpf);\bstumpf\b;oria des allten tödtlichen sibenjärigen Zürychkriegs» von Johannes Stumpf, von der Bullinger durch Rudolf Güder eine Abschrift herstellen li
/Users/programming/PycharmProjects/Find_Bibliography_NEw/data/azk_library/langmaier-konstantin-m__17.pdf;18;work;Bullinger (Heinrich Bullinger);heinrich\s+bullinger;us von Flüe amAlten Zürichkrieg und zu deren Interpretation. Heinrich Bullinger nun überliefert - was bisher übersehen wurde - in seiner «Ei
/Users/programming/PycharmProjects/Find_Bibliography_NEw/data/azk_library/langmaier-konstantin-m__17.pdf;18;work;Bullinger (Heinrich Bullinger);\bbullinger\b;on Flüe amAlten Zürichkrieg und zu deren Interpretation. Heinrich Bullinger nun überliefert - was bisher übersehen wurde - in seiner «Eidgen
/Users/programming/PycharmProjects/Find_Bibliography_NEw/data/azk_library/langmaier-konstantin-m__17.pdf;18;work;Bullinger (Heinrich Bullinger);\bbullinger\b;ödtlichen sibenjärigen Zürychkriegs» von Johannes Stumpf, von der Bullinger durch Rudolf Güder eine Abschrift herstellen liess, die er dann
/Users/programming/PycharmProjects/Find_Bibliography_NEw/data/azk_library/langmaier-konstantin-m__17.pdf;18;work;Bullinger (Heinrich Bullinger);\bbullinger\b;r imm Zürychkrieg zuo Cappell hätte gehulffen übel huß halten.»86 Bullinger hatte also, mutmasslich während seiner Zeit als Schulmeister im
/Users/programming/PycharmProjects/Find_Bibliography_NEw/data/azk_library/langmaier-konstantin-m__17.pdf;18;generic;Chronik/Chroniken;\bchronik(?:en)?\b;rliefert - was bisher übersehen wurde - in seiner «Eidgenössischen Chronik» von 1568, die im Abschnitt über den Alten Zürichkrieg noch stark
/Users/programming/PycharmProjects/Find_Bibliography_NEw/data/azk_library/langmaier-konstantin-m__17.pdf;18;generic;Historia/Historiae;\bhistori[ae]\b;3. Sie findet sich als eigenhändige Randbemerkung Bullingers zur «Historia des allten tödtlichen sibenjärigen Zürychkriegs» von Johannes Stu
/Users/programming/PycharmProjects/Find_Bibliography_NEw/data/azk_library/langmaier-konstantin-m__17.pdf;19;work;Bullinger (Heinrich Bullinger);heinrich\s+bullinger;ber vergoldet (Durchmesser 42,9 mm), und Bildnismedaille von Heinrich Bullinger, 1566, Silber (Durchmesser 41,5 mm: Schweizerisches Landesmu
/Users/programming/PycharmProjects/Find_Bibliography_NEw/data/azk_library/langmaier-konstantin-m__17.pdf;19;work;Bullinger (Heinrich Bullinger);\bbullinger\b;vergoldet (Durchmesser 42,9 mm), und Bildnismedaille von Heinrich Bullinger, 1566, Silber (Durchmesser 41,5 mm: Schweizerisches Landesmuseum
/Users/programming/PycharmProjects/Find_Bibliography_NEw/data/azk_library/langmaier-konstantin-m__17.pdf;19;work;Bullinger (Heinrich Bullinger);\bbullinger\b;ür die Eidgenossen ebenfalls ein potentielles Angriffsziel war.90 Bullinger beschäftigte sich intensiv mit der Geschichte des Klosters Kappe
/Users/programming/PycharmProjects/Find_Bibliography_NEw/data/azk_library/langmaier-konstantin-m__17.pdf;19;work;Bullinger (Heinrich Bullinger);\bbullinger\b;enen Beobachtungen zur Geschichte des Alten Zürichkriegs, wie sie Bullinger als Historiker systematisch und sein Leben lang sammelte.92 Als
/Users/programming/PycharmProjects/Find_Bibliography_NEw/data/azk_library/langmaier-konstantin-m__17.pdf;20;work;Fründ (Hans Fründ);hans\s+fr[üu]nd;uck New York 1995,80. 4 Bernhard Stettier: Zur Überlieferung von Hans Fründs Darstellung des Alten Zürichkriegs, in: Tschudi, Bd. 12,122*-13
/Users/programming/PycharmProjects/Find_Bibliography_NEw/data/azk_library/langmaier-konstantin-m__17.pdf;20;work;Fründ (Hans Fründ);\bfr[üu]nd\b;"he Lektüre des Textes danke ich sehr herzlich Peter Niederhäuser. 2 Fründ, 251-256; URStAZ, Bd. 6, Nr. 9121 sowie Nr. 8098 (Banner); Heinric"
/Users/programming/PycharmProjects/Find_Bibliography_NEw/data/azk_library/langmaier-konstantin-m__17.pdf;20;work;Fründ (Hans Fründ);\bfr[üu]nd\b;"Darstellung des Alten Zürichkriegs, in: Tschudi, Bd. 12,122*-134*; Fründ, 224: «ich han je nach und nach die Sachen geschriben, [wie] ich d"
/Users/programming/PycharmProjects/Find_Bibliography_NEw/data/azk_library/langmaier-konstantin-m__17.pdf;20;work;Fründ (Hans Fründ);\bfr[üu]nd\b;"wie] ich die Sachen in miner gedenknisse und memorie gehept han.» 5 Fründ, 132 (Freienbach), 138 (Hirzel; vgl. auch [Thuner] Missive aus der"
/Users/programming/PycharmProjects/Find_Bibliography_NEw/data/azk_library/langmaier-konstantin-m__17.pdf;20;work;Stumpf (Johannes Stumpf);johannes\s+stumpf;eydgnoschafft, ZBZ, Ms. A14-15, hier Ms.A 14, fol. 328 v (nach Johannes Stumpf), und Ms. A15, 51 (aus «alten Zürych Chroniken»), 107 f. (nac
/Users/programming/PycharmProjects/Find_Bibliography_NEw/data/azk_library/langmaier-konstantin-m__17.pdf;20;work;Stumpf (Johannes Stumpf);\bstumpf\b;oschafft, ZBZ, Ms. A14-15, hier Ms.A 14, fol. 328 v (nach Johannes Stumpf), und Ms. A15, 51 (aus «alten Zürych Chroniken»), 107 f. (nach Han
/Users/programming/PycharmProjects/Find_Bibliography_NEw/data/azk_library/langmaier-konstantin-m__17.pdf;20;work;Tschudi (Aegidius Tschudi, Chronicon Helveticum);\btschudi\b;"rlieferung von Hans Fründs Darstellung des Alten Zürichkriegs, in: Tschudi, Bd. 12,122*-134*; Fründ, 224: «ich han je nach und nach die Sach"
/Users/programming/PycharmProjects/Find_Bibliography_NEw/data/azk_library/langmaier-konstantin-m__17.pdf;20;work;Bullinger (Heinrich Bullinger);heinrich\s+bullinger;"d, 251-256; URStAZ, Bd. 6, Nr. 9121 sowie Nr. 8098 (Banner); Heinrich Bullinger: Historia gemeiner loblicher eydgnoschafft, ZBZ, Ms. A14-15,"
/Users/programming/PycharmProjects/Find_Bibliography_NEw/data/azk_library/langmaier-konstantin-m__17.pdf;20;work;Bullinger (Heinrich Bullinger);\bbullinger\b;1 in der Schlacht von Kappel gefallen, noch am Leben war.)93 Wenn Bullinger die Nachricht später nicht in seine Tigurinerchronik übernahm, o
/Users/programming/PycharmProjects/Find_Bibliography_NEw/data/azk_library/langmaier-konstantin-m__17.pdf;20;work;Bullinger (Heinrich Bullinger);\bbullinger\b;richt allenfalls möglich gewesen wäre, lag weder im Interesse von Bullinger noch der Reformierten im allgemeinen. In der Bilanz kann deshalb
/Users/programming/PycharmProjects/Find_Bibliography_NEw/data/azk_library/langmaier-konstantin-m__17.pdf;20;work;Bullinger (Heinrich Bullinger);\bbullinger\b;allgemeinen. In der Bilanz kann deshalb festgehalten werden, dass Bullinger die Nachricht wohl zuverlässig, das heisst ohne Verfälschung dur
/Users/programming/PycharmProjects/Find_Bibliography_NEw/data/azk_library/langmaier-konstantin-m__17.pdf;20;work;Bullinger (Heinrich Bullinger);\bbullinger\b;"51-256; URStAZ, Bd. 6, Nr. 9121 sowie Nr. 8098 (Banner); Heinrich Bullinger: Historia gemeiner loblicher eydgnoschafft, ZBZ, Ms. A14-15, hie"
/Users/programming/PycharmProjects/Find_Bibliography_NEw/data/azk_library/langmaier-konstantin-m__17.pdf;20;generic;Chronik/Chroniken;\bchronik(?:en)?\b;"328 v (nach Johannes Stumpf), und Ms. A15, 51 (aus «alten Zürych Chroniken»), 107 f. (nach Hans Füessli); StAZ, G I 96, fol. 258 r-v (9. Au"
/Users/programming/PycharmProjects/Find_Bibliography_NEw/data/azk_library/langmaier-konstantin-m__17.pdf;20;generic;Historia/Historiae;\bhistori[ae]\b;"tAZ, Bd. 6, Nr. 9121 sowie Nr. 8098 (Banner); Heinrich Bullinger: Historia gemeiner loblicher eydgnoschafft, ZBZ, Ms. A14-15, hier Ms.A 14,"
/Users/programming/PycharmProjects/Find_Bibliography_NEw/data/azk_library/langmaier-konstantin-m__17.pdf;21;work;Fründ (Hans Fründ);\bfr[üu]nd\b;ser. 10 Das einzige Beispiel mit einer Zählung der toten Feinde bei Fründ, 216 (Scharmützel bei Erlenbach am 13. Oktober 1444 mit 27 Toten,
/Users/programming/PycharmProjects/Find_Bibliography_NEw/data/azk_library/langmaier-konstantin-m__17.pdf;21;work;Fründ (Hans Fründ);\bfr[üu]nd\b;"ssen, wurde nach Blutspuren als Hinweis auf Verluste gesucht. Vgl.: Fründ, 238, 249; Thuner Missive (wie Anm. 5), 455, Nr. 94. 11 Vgl. URStA"
/Users/programming/PycharmProjects/Find_Bibliography_NEw/data/azk_library/langmaier-konstantin-m__17.pdf;21;work;Fründ (Hans Fründ);\bfr[üu]nd\b;"i St. Jakob an der Birs. 17 Belege für die eidgenössische Seite bei Fründ, 138,159 f., 198,208; Das Schlachtenj ahrzeit der Eidgenossen nach"
/Users/programming/PycharmProjects/Find_Bibliography_NEw/data/azk_library/langmaier-konstantin-m__17.pdf;21;work;Fründ (Hans Fründ);\bfr[üu]nd\b;", «Datenbanken Staatsarchiv: STASZ-Hauptarchiv, Urkundensammlung»); Fründ, 132. 20 Fründ, 263. 21 Fründ, 138 f. 22 Paul Schweizer: Chronik v"
/Users/programming/PycharmProjects/Find_Bibliography_NEw/data/azk_library/langmaier-konstantin-m__17.pdf;21;work;Fründ (Hans Fründ);\bfr[üu]nd\b;"Staatsarchiv: STASZ-Hauptarchiv, Urkundensammlung»); Fründ, 132. 20 Fründ, 263. 21 Fründ, 138 f. 22 Paul Schweizer: Chronik von einem Sohn d"
/Users/programming/PycharmProjects/Find_Bibliography_NEw/data/azk_library/langmaier-konstantin-m__17.pdf;21;work;Fründ (Hans Fründ);\bfr[üu]nd\b;"TASZ-Hauptarchiv, Urkundensammlung»); Fründ, 132. 20 Fründ, 263. 21 Fründ, 138 f. 22 Paul Schweizer: Chronik von einem Sohn des Bannerherm H"
/Users/programming/PycharmProjects/Find_Bibliography_NEw/data/azk_library/langmaier-konstantin-m__17.pdf;21;work;Edlibach (Gerold Edlibach);\bedlibach\b;"Erlenbach am 13. Oktober 1444 mit 27 Toten, «die gezelt wurdent»; Edlibach, 67, bringt das Gefecht zum 6. Oktober 1445, aber nahezu übereins"
/Users/programming/PycharmProjects/Find_Bibliography_NEw/data/azk_library/langmaier-konstantin-m__17.pdf;21;work;Edlibach (Gerold Edlibach);\bedlibach\b;"Johannes Dierauer (QSG 18), Basel 1900,213 (St. Jakob: 150Tote); Edlibach, 38,43 (Hirzel: 300 Tote, St. Jakob: 160 Tote); AnzSG 1 (1859), 3"
/Users/programming/PycharmProjects/Find_Bibliography_NEw/data/azk_library/langmaier-konstantin-m__17.pdf;21;work;Klingenberger Chronik;klingenberger\s+chronik;"rund 150 Namen und einer Zahl von rund 850 Pferden, ferner Klingenberger Chronik, 314 (rund 500 Pferde); URStAZ, Bd. 6, Nr. 8904,8907,9021."
/Users/programming/PycharmProjects/Find_Bibliography_NEw/data/azk_library/langmaier-konstantin-m__17.pdf;21;work;Klingenberger Chronik;klingenberger\s+chronik;, N. F. 7 (1896), 377 (Zitat). Weitere Gefallenenzahlen in: Klingenberger Chronik, 304 f., 307,320 (Freienbach: 42 Tote, Hirzel: 250-300 Tot
/Users/programming/PycharmProjects/Find_Bibliography_NEw/data/azk_library/langmaier-konstantin-m__17.pdf;21;work;Klingenberger Chronik;klingenberger\s+chronik;"ürich, Zürich 1846,269 (St. Jakob nach Hemmerli: 151 Tote); Klingenberger Chronik, 322, Anm. ww (St. Jakob: 140 Tote gemäss Stiftsbibliothek"
/Users/programming/PycharmProjects/Find_Bibliography_NEw/data/azk_library/langmaier-konstantin-m__17.pdf;21;work;Zürcher Stadtchronik;chronik\s+der\s+stadt\s+z[üu]rich;", Hirzel: 250-300 Tote, St. Jakob an der Sihl: 145 Tote); Chronik der Stadt Zürich, hg. von Johannes Dierauer (QSG 18), Basel 1900,213 (St."
/Users/programming/PycharmProjects/Find_Bibliography_NEw/data/azk_library/langmaier-konstantin-m__17.pdf;21;work;Zürcher Stadtchronik;chronik\s+der\s+stadt\s+z[üu]rich;"F., Abt. II/3), Basel 1940,293; REC, Bd. 4, Nr. 11512. 18 Chronik der Stadt Zürich (wie Anm. 12), 220. 19 STASZ, Urk. 464 (zugänglich auch ü"
/Users/programming/PycharmProjects/Find_Bibliography_NEw/data/azk_library/langmaier-konstantin-m__17.pdf;21;work;Brennwald (Johann/Johannes Brennwald);\bbrennwald\b;kriegs: www.iraqbodycount.org. 7 Vgl. namentlich die bei Heinrich Brennwald: Schweizerchronik, hg. von Rudolf Luginbühl (QSG, N. F., Abt. 1/
/Users/programming/PycharmProjects/Find_Bibliography_NEw/data/azk_library/langmaier-konstantin-m__17.pdf;21;work;Bullinger (Heinrich Bullinger);heinrich\s+bullinger;), 34 (Kilchberg) bzw. 16 (Horgen) Gefallene zu verzeichnen. Heinrich Bullinger: Reformationsgeschichte, hg. von Johann Jakob Hottinger und
/Users/programming/PycharmProjects/Find_Bibliography_NEw/data/azk_library/langmaier-konstantin-m__17.pdf;21;work;Bullinger (Heinrich Bullinger);\bbullinger\b;"Gallen, Cod. 630). 13 StAZ, F IIa 241, fol. 45 v-46 v (Küsnacht); Bullinger (wie Anm. 2), Ms. A15,34 f. (Kilchberg); StAZ, F IIc 39a, Innens"
/Users/programming/PycharmProjects/Find_Bibliography_NEw/data/azk_library/langmaier-konstantin-m__17.pdf;21;work;Bullinger (Heinrich Bullinger);\bbullinger\b;4 (Kilchberg) bzw. 16 (Horgen) Gefallene zu verzeichnen. Heinrich Bullinger: Reformationsgeschichte, hg. von Johann Jakob Hottinger und Hans
/Users/programming/PycharmProjects/Find_Bibliography_NEw/data/azk_library/langmaier-konstantin-m__17.pdf;21;series;QSG (Quellen zur Schweizer Geschichte);\bqsg\b;bei Heinrich Brennwald: Schweizerchronik, hg. von Rudolf Luginbühl (QSG, N. F., Abt. 1/1), Bd. 2, Basel 1910,77-83 überlieferte Liste mit r
/Users/programming/PycharmProjects/Find_Bibliography_NEw/data/azk_library/langmaier-konstantin-m__17.pdf;21;series;QSG (Quellen zur Schweizer Geschichte);\bqsg\b;"ihl: 145 Tote); Chronik der Stadt Zürich, hg. von Johannes Dierauer (QSG 18), Basel 1900,213 (St. Jakob: 150Tote); Edlibach, 38,43 (Hirzel:"
/Users/programming/PycharmProjects/Find_Bibliography_NEw/data/azk_library/langmaier-konstantin-m__17.pdf;21;series;QSG (Quellen zur Schweizer Geschichte);\bqsg\b;"den innerschweizerischen Jahrzeitbüchern, hg. von Rudolf Henggeier (QSG, N. F., Abt. II/3), Basel 1940,293; REC, Bd. 4, Nr. 11512. 18 Chron"
/Users/programming/PycharmProjects/Find_Bibliography_NEw/data/azk_library/langmaier-konstantin-m__17.pdf;21;series;MGH (allg.);monumenta\s+germaniae\s+historica;ans Heinrich Vögeli, Bd. 3, Frauenfeld 1840,147-150. 14 Monumenta Germaniae Historica. Necrologia Germaniae, Bd. 1: Dioeceses Augustensis, C
/Users/programming/PycharmProjects/Find_Bibliography_NEw/data/azk_library/langmaier-konstantin-m__17.pdf;21;generic;Chronik/Chroniken;\bchronik(?:en)?\b;"50 Namen und einer Zahl von rund 850 Pferden, ferner Klingenberger Chronik, 314 (rund 500 Pferde); URStAZ, Bd. 6, Nr. 8904,8907,9021. 8 Vgl."
/Users/programming/PycharmProjects/Find_Bibliography_NEw/data/azk_library/langmaier-konstantin-m__17.pdf;21;generic;Chronik/Chroniken;\bchronik(?:en)?\b;7 (1896), 377 (Zitat). Weitere Gefallenenzahlen in: Klingenberger Chronik, 304 f., 307,320 (Freienbach: 42 Tote, Hirzel: 250-300 Tote, St.
/Users/programming/PycharmProjects/Find_Bibliography_NEw/data/azk_library/langmaier-konstantin-m__17.pdf;21;generic;Chronik/Chroniken;\bchronik(?:en)?\b;": 42 Tote, Hirzel: 250-300 Tote, St. Jakob an der Sihl: 145 Tote); Chronik der Stadt Zürich, hg. von Johannes Dierauer (QSG 18), Basel 1900,"
/Users/programming/PycharmProjects/Find_Bibliography_NEw/data/azk_library/langmaier-konstantin-m__17.pdf;21;generic;Chronik/Chroniken;\bchronik(?:en)?\b;"Zürich 1846,269 (St. Jakob nach Hemmerli: 151 Tote); Klingenberger Chronik, 322, Anm. ww (St. Jakob: 140 Tote gemäss Stiftsbibliothek St. Ga"
/Users/programming/PycharmProjects/Find_Bibliography_NEw/data/azk_library/langmaier-konstantin-m__17.pdf;21;generic;Chronik/Chroniken;\bchronik(?:en)?\b;"(QSG, N. F., Abt. II/3), Basel 1940,293; REC, Bd. 4, Nr. 11512. 18 Chronik der Stadt Zürich (wie Anm. 12), 220. 19 STASZ, Urk. 464 (zugängli"
/Users/programming/PycharmProjects/Find_Bibliography_NEw/data/azk_library/langmaier-konstantin-m__17.pdf;21;generic;Chronik/Chroniken;\bchronik(?:en)?\b;"»); Fründ, 132. 20 Fründ, 263. 21 Fründ, 138 f. 22 Paul Schweizer: Chronik von einem Sohn des Bannerherm Hans Schwyzer, in: Zwingliana 3 (19"
/Users/programming/PycharmProjects/Find_Bibliography_NEw/data/azk_library/langmaier-konstantin-m__17.pdf;22;work;Fründ (Hans Fründ);\bfr[üu]nd\b;"25 URStAZ, Bd. 6, Nr. 8193,8938. 26 Klingenberger Chronik, 309 f.; Fründ, 144 f.; Edlibach, 39; vgl. auch URStAZ, Bd. 6, Nr. 7328. 27 Kling"
/Users/programming/PycharmProjects/Find_Bibliography_NEw/data/azk_library/langmaier-konstantin-m__17.pdf;22;work;Fründ (Hans Fründ);\bfr[üu]nd\b;"l. auch URStAZ, Bd. 6, Nr. 7328. 27 Klingenberger Chronik, 310-312; Fründ, 145-147; Edlibach, 39 f.; URStAZ, Bd. 6, Nr. 8985; StAZ, A 29.1,"
/Users/programming/PycharmProjects/Find_Bibliography_NEw/data/azk_library/langmaier-konstantin-m__17.pdf;22;work;Fründ (Hans Fründ);\bfr[üu]nd\b;"nhard Stettier: [Kommentar], in: Tschudi, Bd. 11,148 f. Anm. 64. 28 Fründ, 188-192; Chronik der Stadt Zürich (wie Anm. 12), 214 f.; Edlibach"
/Users/programming/PycharmProjects/Find_Bibliography_NEw/data/azk_library/langmaier-konstantin-m__17.pdf;22;work;Fründ (Hans Fründ);\bfr[üu]nd\b;"drich Emil Welti und Hermann Rennefahrt,Aarau 1971, Nr. 339,393 f.; Fründ, 190. 31 Vgl. Edlibach, 40: «rouben oder brennen und alles, dz zu"
/Users/programming/PycharmProjects/Find_Bibliography_NEw/data/azk_library/langmaier-konstantin-m__17.pdf;22;work;Fründ (Hans Fründ);\bfr[üu]nd\b;"«rouben oder brennen und alles, dz zu kriegschen Sachen gehört». 32 Fründ, bes. 140,152,156 f., 159 (Zitat; ähnlich Klingenberger Chronik, 3"
/Users/programming/PycharmProjects/Find_Bibliography_NEw/data/azk_library/langmaier-konstantin-m__17.pdf;22;work;Fründ (Hans Fründ);\bfr[üu]nd\b;"5 (mit Zitat), 316,320,322 f., 330,336; URStAZ, Bd. 6, Nr. 8930. 34 Fründ, 139 f., 144,146; Klingenberger Chronik, 308,309,312; Edlibach, 38"
/Users/programming/PycharmProjects/Find_Bibliography_NEw/data/azk_library/langmaier-konstantin-m__17.pdf;22;work;Fründ (Hans Fründ);\bfr[üu]nd\b;is 1532 (SchweizerTexte, N. F. 13), Bern/Stuttgart/Wien 1998,79. 35 Fründ, 153 (Knonaueramt), 161 f. (Höngg, mit Zitat, dazu übereinstimmend
/Users/programming/PycharmProjects/Find_Bibliography_NEw/data/azk_library/langmaier-konstantin-m__17.pdf;22;work;Fründ (Hans Fründ);\bfr[üu]nd\b;"gg, mit Zitat, dazu übereinstimmend Klingenberger Chronik, 323). 36 Fründ, 146; Thuner Missive (wie Anm. 5), 356 f., Nr. 28; URStAZ, Bd. 6,"
/Users/programming/PycharmProjects/Find_Bibliography_NEw/data/azk_library/langmaier-konstantin-m__17.pdf;22;work;Fründ (Hans Fründ);\bfr[üu]nd\b;"sive (wie Anm. 5), 356 f., Nr. 28; URStAZ, Bd. 6, Nr. 9015,9019. 37 Fründ, 213 f. (Zitat), 244; Edlibach, 45. Vgl. ausführlicher Christian S"
/Users/programming/PycharmProjects/Find_Bibliography_NEw/data/azk_library/langmaier-konstantin-m__17.pdf;22;work;Edlibach (Gerold Edlibach);\bedlibach\b;", Nr. 8193,8938. 26 Klingenberger Chronik, 309 f.; Fründ, 144 f.; Edlibach, 39; vgl. auch URStAZ, Bd. 6, Nr. 7328. 27 Klingenberger Chronik,"
/Users/programming/PycharmProjects/Find_Bibliography_NEw/data/azk_library/langmaier-konstantin-m__17.pdf;22;work;Edlibach (Gerold Edlibach);\bedlibach\b;". 6, Nr. 7328. 27 Klingenberger Chronik, 310-312; Fründ, 145-147; Edlibach, 39 f.; URStAZ, Bd. 6, Nr. 8985; StAZ, A 29.1, Mappe 3a (früher B"
/Users/programming/PycharmProjects/Find_Bibliography_NEw/data/azk_library/langmaier-konstantin-m__17.pdf;22;work;Edlibach (Gerold Edlibach);\bedlibach\b;"8 Fründ, 188-192; Chronik der Stadt Zürich (wie Anm. 12), 214 f.; Edlibach, 45-53; Thuner Missive (wie Anm. 5), 355-366, Nr. 28-34; URStAZ,"
/Users/programming/PycharmProjects/Find_Bibliography_NEw/data/azk_library/langmaier-konstantin-m__17.pdf;22;work;Edlibach (Gerold Edlibach);\bedlibach\b;"ermann Rennefahrt,Aarau 1971, Nr. 339,393 f.; Fründ, 190. 31 Vgl. Edlibach, 40: «rouben oder brennen und alles, dz zu kriegschen Sachen gehö"
/Users/programming/PycharmProjects/Find_Bibliography_NEw/data/azk_library/langmaier-konstantin-m__17.pdf;22;work;Edlibach (Gerold Edlibach);\bedlibach\b;"0. 34 Fründ, 139 f., 144,146; Klingenberger Chronik, 308,309,312; Edlibach, 38; StALU, Urk 231/3328,7-9,18 (vgl. dazu unten Anm. 46) Liebena"
/Users/programming/PycharmProjects/Find_Bibliography_NEw/data/azk_library/langmaier-konstantin-m__17.pdf;22;work;Edlibach (Gerold Edlibach);\bedlibach\b;"28; URStAZ, Bd. 6, Nr. 9015,9019. 37 Fründ, 213 f. (Zitat), 244; Edlibach, 45. Vgl. ausführlicher Christian Sieber: Krieg und Frieden in de"
/Users/programming/PycharmProjects/Find_Bibliography_NEw/data/azk_library/langmaier-konstantin-m__17.pdf;22;work;Tschudi (Aegidius Tschudi, Chronicon Helveticum);\btschudi\b;"0, hier 361, Anm. ***, und von Bernhard Stettier: [Kommentar], in: Tschudi, Bd. 11,148 f. Anm. 64. 28 Fründ, 188-192; Chronik der Stadt Züri"
/Users/programming/PycharmProjects/Find_Bibliography_NEw/data/azk_library/langmaier-konstantin-m__17.pdf;22;work;Klingenberger Chronik;klingenberger\s+chronik;"user (wie Anm. 15), 41. 25 URStAZ, Bd. 6, Nr. 8193,8938. 26 Klingenberger Chronik, 309 f.; Fründ, 144 f.; Edlibach, 39; vgl. auch URStAZ, Bd"
/Users/programming/PycharmProjects/Find_Bibliography_NEw/data/azk_library/langmaier-konstantin-m__17.pdf;22;work;Klingenberger Chronik;klingenberger\s+chronik;"144 f.; Edlibach, 39; vgl. auch URStAZ, Bd. 6, Nr. 7328. 27 Klingenberger Chronik, 310-312; Fründ, 145-147; Edlibach, 39 f.; URStAZ, Bd. 6,"
/Users/programming/PycharmProjects/Find_Bibliography_NEw/data/azk_library/langmaier-konstantin-m__17.pdf;22;work;Klingenberger Chronik;klingenberger\s+chronik;"gehört». 32 Fründ, bes. 140,152,156 f., 159 (Zitat; ähnlich Klingenberger Chronik, 320), 188 f., 192,200-202,213 f., 222,233 f., 236,238,240"
/Users/programming/PycharmProjects/Find_Bibliography_NEw/data/azk_library/langmaier-konstantin-m__17.pdf;22;work;Klingenberger Chronik;klingenberger\s+chronik;"192,200-202,213 f., 222,233 f., 236,238,240,244; ergänzend: Klingenberger Chronik, 326;Thuner Missive (wie Anm. 5), 442, Nr. 84; URStAZ, Bd."
/Users/programming/PycharmProjects/Find_Bibliography_NEw/data/azk_library/langmaier-konstantin-m__17.pdf;22;work;Klingenberger Chronik;klingenberger\s+chronik;"5), 442, Nr. 84; URStAZ, Bd. 6, Nr. 8912,9052,9061,9071. 33 Klingenberger Chronik, 310,315 (mit Zitat), 316,320,322 f., 330,336; URStAZ, Bd."
/Users/programming/PycharmProjects/Find_Bibliography_NEw/data/azk_library/langmaier-konstantin-m__17.pdf;22;work;Klingenberger Chronik;klingenberger\s+chronik;"30,336; URStAZ, Bd. 6, Nr. 8930. 34 Fründ, 139 f., 144,146; Klingenberger Chronik, 308,309,312; Edlibach, 38; StALU, Urk 231/3328,7-9,18 (vg"
/Users/programming/PycharmProjects/Find_Bibliography_NEw/data/azk_library/langmaier-konstantin-m__17.pdf;22;work;Klingenberger Chronik;klingenberger\s+chronik;"nonaueramt), 161 f. (Höngg, mit Zitat, dazu übereinstimmend Klingenberger Chronik, 323). 36 Fründ, 146; Thuner Missive (wie Anm. 5), 356 f.,"
/Users/programming/PycharmProjects/Find_Bibliography_NEw/data/azk_library/langmaier-konstantin-m__17.pdf;22;work;Zürcher Stadtchronik;chronik\s+der\s+stadt\s+z[üu]rich;"], in: Tschudi, Bd. 11,148 f. Anm. 64. 28 Fründ, 188-192; Chronik der Stadt Zürich (wie Anm. 12), 214 f.; Edlibach, 45-53; Thuner Missive (w"
/Users/programming/PycharmProjects/Find_Bibliography_NEw/data/azk_library/langmaier-konstantin-m__17.pdf;22;work;Bullinger (Heinrich Bullinger);\bbullinger\b;geschichte und Städtebau in Zürich 7), Zürich 2005, bes. 14 f. 23 Bullinger (wie Anm. 2), Ms. A 14, fol. 327 r. 24 Bullinger (wie Anm. 13),
/Users/programming/PycharmProjects/Find_Bibliography_NEw/data/azk_library/langmaier-konstantin-m__17.pdf;22;work;Bullinger (Heinrich Bullinger);\bbullinger\b;5, bes. 14 f. 23 Bullinger (wie Anm. 2), Ms. A 14, fol. 327 r. 24 Bullinger (wie Anm. 13), Bd. 3,142.1405 erhielt ein Priester von der Stadt
/Users/programming/PycharmProjects/Find_Bibliography_NEw/data/azk_library/langmaier-konstantin-m__17.pdf;22;generic;Chronik/Chroniken;\bchronik(?:en)?\b;"ie Anm. 15), 41. 25 URStAZ, Bd. 6, Nr. 8193,8938. 26 Klingenberger Chronik, 309 f.; Fründ, 144 f.; Edlibach, 39; vgl. auch URStAZ, Bd. 6, Nr"
/Users/programming/PycharmProjects/Find_Bibliography_NEw/data/azk_library/langmaier-konstantin-m__17.pdf;22;generic;Chronik/Chroniken;\bchronik(?:en)?\b;"Edlibach, 39; vgl. auch URStAZ, Bd. 6, Nr. 7328. 27 Klingenberger Chronik, 310-312; Fründ, 145-147; Edlibach, 39 f.; URStAZ, Bd. 6, Nr. 898"
/Users/programming/PycharmProjects/Find_Bibliography_NEw/data/azk_library/langmaier-konstantin-m__17.pdf;22;generic;Chronik/Chroniken;\bchronik(?:en)?\b;"Kommentar], in: Tschudi, Bd. 11,148 f. Anm. 64. 28 Fründ, 188-192; Chronik der Stadt Zürich (wie Anm. 12), 214 f.; Edlibach, 45-53; Thuner M"
/Users/programming/PycharmProjects/Find_Bibliography_NEw/data/azk_library/langmaier-konstantin-m__17.pdf;22;generic;Chronik/Chroniken;\bchronik(?:en)?\b;". 32 Fründ, bes. 140,152,156 f., 159 (Zitat; ähnlich Klingenberger Chronik, 320), 188 f., 192,200-202,213 f., 222,233 f., 236,238,240,244; e"
/Users/programming/PycharmProjects/Find_Bibliography_NEw/data/azk_library/langmaier-konstantin-m__17.pdf;22;generic;Chronik/Chroniken;\bchronik(?:en)?\b;"-202,213 f., 222,233 f., 236,238,240,244; ergänzend: Klingenberger Chronik, 326;Thuner Missive (wie Anm. 5), 442, Nr. 84; URStAZ, Bd. 6, Nr."
/Users/programming/PycharmProjects/Find_Bibliography_NEw/data/azk_library/langmaier-konstantin-m__17.pdf;22;generic;Chronik/Chroniken;\bchronik(?:en)?\b;", Nr. 84; URStAZ, Bd. 6, Nr. 8912,9052,9061,9071. 33 Klingenberger Chronik, 310,315 (mit Zitat), 316,320,322 f., 330,336; URStAZ, Bd. 6, Nr."
/Users/programming/PycharmProjects/Find_Bibliography_NEw/data/azk_library/langmaier-konstantin-m__17.pdf;22;generic;Chronik/Chroniken;\bchronik(?:en)?\b;"URStAZ, Bd. 6, Nr. 8930. 34 Fründ, 139 f., 144,146; Klingenberger Chronik, 308,309,312; Edlibach, 38; StALU, Urk 231/3328,7-9,18 (vgl. dazu"
/Users/programming/PycharmProjects/Find_Bibliography_NEw/data/azk_library/langmaier-konstantin-m__17.pdf;22;generic;Chronik/Chroniken;\bchronik(?:en)?\b;"amt), 161 f. (Höngg, mit Zitat, dazu übereinstimmend Klingenberger Chronik, 323). 36 Fründ, 146; Thuner Missive (wie Anm. 5), 356 f., Nr. 28"
/Users/programming/PycharmProjects/Find_Bibliography_NEw/data/azk_library/langmaier-konstantin-m__17.pdf;23;work;Fründ (Hans Fründ);\bfr[üu]nd\b;"as Neuamt, bearb. von Thomas Weibel,Aarau 1996, Nr. 39b, 133a-b. 40 Fründ, 159,201; URStAZ, Bd. 6, Nr. 9070; StAZ, W13 AG 7c, Nr. 1,17 (5. O"
/Users/programming/PycharmProjects/Find_Bibliography_NEw/data/azk_library/langmaier-konstantin-m__17.pdf;23;work;Fründ (Hans Fründ);\bfr[üu]nd\b;"ppe 3 (1446 Fasnacht, Bewachung). 42 Klingenberger Chronik, 318 f.; Fründ, 155 f., 200-202; Chronik der Stadt Zürich (wie Anm. 12), 213,215"
/Users/programming/PycharmProjects/Find_Bibliography_NEw/data/azk_library/langmaier-konstantin-m__17.pdf;23;work;Fründ (Hans Fründ);\bfr[üu]nd\b;"ich (wie Anm. 12), 213,215 f.; URStAZ, Bd. 6, Nr. 8953 (Mühlen). 43 Fründ, 202,209 (Zitat); URStAZ, Bd. 6, Nr. 9038. 44 In historischer Pers"
/Users/programming/PycharmProjects/Find_Bibliography_NEw/data/azk_library/langmaier-konstantin-m__17.pdf;23;work;Tschudi (Aegidius Tschudi, Chronicon Helveticum);\btschudi\b;"hilen Taschenbücher 64), 2. Aufl., Dortmund 1979, fol. 282 r-v. 48 Tschudi,Bd. 11,246-248 (mit Anm. 117) und 354-356; REC, Bd. 4, Nr. 10899,"
/Users/programming/PycharmProjects/Find_Bibliography_NEw/data/azk_library/langmaier-konstantin-m__17.pdf;23;work;Tschudi (Aegidius Tschudi, Chronicon Helveticum);\btschudi\b;"Gemeindearchive, KGA Fällanden IA 4 (10. Oktober 1455) (Fällanden);Tschudi, Bd. 12,62 f. (Höngg, wo von 1703 bis 1819 eine Gedenktafel an de"
/Users/programming/PycharmProjects/Find_Bibliography_NEw/data/azk_library/langmaier-konstantin-m__17.pdf;23;work;Klingenberger Chronik;klingenberger\s+chronik;", Nr. 9070; StAZ, W13 AG 7c, Nr. 1,17 (5. Oktober 1448). 41 Klingenberger Chronik, 320; URStAZ, Bd. 6, Nr. 9016 (Fraumünster), 8949-8954; St"
/Users/programming/PycharmProjects/Find_Bibliography_NEw/data/azk_library/langmaier-konstantin-m__17.pdf;23;work;Klingenberger Chronik;klingenberger\s+chronik;"9-8954; StAZ,A 29.1, Mappe 3 (1446 Fasnacht, Bewachung). 42 Klingenberger Chronik, 318 f.; Fründ, 155 f., 200-202; Chronik der Stadt Zürich"
/Users/programming/PycharmProjects/Find_Bibliography_NEw/data/azk_library/langmaier-konstantin-m__17.pdf;23;work;Klingenberger Chronik;klingenberger\s+chronik;slich für die Kirche von Elgg vor, wäre dann aber (aufgrund Klingenberger Chronik, 272, und URStAZ, Bd. 6, Nr. 8662) ins Jahr 1440 zu datier
/Users/programming/PycharmProjects/Find_Bibliography_NEw/data/azk_library/langmaier-konstantin-m__17.pdf;23;work;Klingenberger Chronik;klingenberger\s+chronik;"66-68,78-81; Chronik der Stadt Zürich (wie Anm. 12), 214 £; Klingenberger Chronik, 309, 312 f.;Thuner Missive (wie Anm. 5), 365, Nr. 34; REC"
/Users/programming/PycharmProjects/Find_Bibliography_NEw/data/azk_library/langmaier-konstantin-m__17.pdf;23;work;Zürcher Stadtchronik;chronik\s+der\s+stadt\s+z[üu]rich;"42 Klingenberger Chronik, 318 f.; Fründ, 155 f., 200-202; Chronik der Stadt Zürich (wie Anm. 12), 213,215 f.; URStAZ, Bd. 6, Nr. 8953 (Mühle"
/Users/programming/PycharmProjects/Find_Bibliography_NEw/data/azk_library/langmaier-konstantin-m__17.pdf;23;work;Zürcher Stadtchronik;chronik\s+der\s+stadt\s+z[üu]rich;he Elgg. Renovation 2003-2004, [Elgg 2004], 15,45. 50 Die Chronik der Stadt Zürich (wie Anm. 12), 215 zählt 26, Hemmerli (wie Anm. 34), fol.
/Users/programming/PycharmProjects/Find_Bibliography_NEw/data/azk_library/langmaier-konstantin-m__17.pdf;23;work;Zürcher Stadtchronik;chronik\s+der\s+stadt\s+z[üu]rich;"r Sieber-Lehmann/Wilhelmi (wieAnm. 34), 62 £,66-68,78-81; Chronik der Stadt Zürich (wie Anm. 12), 214 £; Klingenberger Chronik, 309, 312 f.;"
/Users/programming/PycharmProjects/Find_Bibliography_NEw/data/azk_library/langmaier-konstantin-m__17.pdf;23;work;Brennwald (Johann/Johannes Brennwald);\bbrennwald\b;"und seine Mitglieder im Mittelalter, Zürich 1997,61 und Anm. 50; Brennwald (wie Anm. 7), Bd. 2,182; StAZ, C II 7, Nr. 144 (28. Januar 1446;"
/Users/programming/PycharmProjects/Find_Bibliography_NEw/data/azk_library/langmaier-konstantin-m__17.pdf;23;generic;Chronik/Chroniken;\bchronik(?:en)?\b;"070; StAZ, W13 AG 7c, Nr. 1,17 (5. Oktober 1448). 41 Klingenberger Chronik, 320; URStAZ, Bd. 6, Nr. 9016 (Fraumünster), 8949-8954; StAZ,A 29"
/Users/programming/PycharmProjects/Find_Bibliography_NEw/data/azk_library/langmaier-konstantin-m__17.pdf;23;generic;Chronik/Chroniken;\bchronik(?:en)?\b;"StAZ,A 29.1, Mappe 3 (1446 Fasnacht, Bewachung). 42 Klingenberger Chronik, 318 f.; Fründ, 155 f., 200-202; Chronik der Stadt Zürich (wie An"
/Users/programming/PycharmProjects/Find_Bibliography_NEw/data/azk_library/langmaier-konstantin-m__17.pdf;23;generic;Chronik/Chroniken;\bchronik(?:en)?\b;"achung). 42 Klingenberger Chronik, 318 f.; Fründ, 155 f., 200-202; Chronik der Stadt Zürich (wie Anm. 12), 213,215 f.; URStAZ, Bd. 6, Nr. 89"
/Users/programming/PycharmProjects/Find_Bibliography_NEw/data/azk_library/langmaier-konstantin-m__17.pdf;23;generic;Chronik/Chroniken;\bchronik(?:en)?\b;ür die Kirche von Elgg vor, wäre dann aber (aufgrund Klingenberger Chronik, 272, und URStAZ, Bd. 6, Nr. 8662) ins Jahr 1440 zu datieren. Vgl
/Users/programming/PycharmProjects/Find_Bibliography_NEw/data/azk_library/langmaier-konstantin-m__17.pdf;23;generic;Chronik/Chroniken;\bchronik(?:en)?\b;erte Kirche Elgg. Renovation 2003-2004, [Elgg 2004], 15,45. 50 Die Chronik der Stadt Zürich (wie Anm. 12), 215 zählt 26, Hemmerli (wie Anm.
/Users/programming/PycharmProjects/Find_Bibliography_NEw/data/azk_library/langmaier-konstantin-m__17.pdf;23;generic;Chronik/Chroniken;\bchronik(?:en)?\b;"37 r-138 r Sieber-Lehmann/Wilhelmi (wieAnm. 34), 62 £,66-68,78-81; Chronik der Stadt Zürich (wie Anm. 12), 214 £; Klingenberger Chronik, 309"
/Users/programming/PycharmProjects/Find_Bibliography_NEw/data/azk_library/langmaier-konstantin-m__17.pdf;23;generic;Chronik/Chroniken;\bchronik(?:en)?\b;"8-81; Chronik der Stadt Zürich (wie Anm. 12), 214 £; Klingenberger Chronik, 309, 312 f.;Thuner Missive (wie Anm. 5), 365, Nr. 34; REC, Bd. 4"
/Users/programming/PycharmProjects/Find_Bibliography_NEw/data/azk_library/langmaier-konstantin-m__17.pdf;24;work;Fründ (Hans Fründ);\bfr[üu]nd\b;"u bat um Schonung seines Klosters. Vgl. URStAZ, Bd. 6, Nr. 9087. 55 Fründ, 280; Chronik der Stadt Zürich (wie Anm. 12), 222; Basler Chronike"
/Users/programming/PycharmProjects/Find_Bibliography_NEw/data/azk_library/langmaier-konstantin-m__17.pdf;24;work;Fründ (Hans Fründ);\bfr[üu]nd\b;ft für Schweizerische Geschichte 30 (1950), 530-567, hier 538 f. 57 Fründ,266.- Beispiele von Kriegswitwen und -waisen: StAZ, CV 5, Schachte
/Users/programming/PycharmProjects/Find_Bibliography_NEw/data/azk_library/langmaier-konstantin-m__17.pdf;24;work;Edlibach (Gerold Edlibach);\bedlibach\b;"blätter von Uster 1 (1914), 3-14,19-29,37-46, hier 39 (Zitat). 66 Edlibach, 40, 54, 56, 57, 95; Rudolf Gamper: Die Zürcher Stadtchroniken un"
/Users/programming/PycharmProjects/Find_Bibliography_NEw/data/azk_library/langmaier-konstantin-m__17.pdf;24;work;Tschudi (Aegidius Tschudi, Chronicon Helveticum);\btschudi\b;"m. 38), 304 f. 59 URStAZ, Bd. 6, Nr. 9070. 60 EA, Bd. 2, Nr. 378a; Tschudi, Bd. 11,273 f.; URStAZ, Bd. 6, Nr. 8983. 61 StAZ, CI, Nr. 499 (9."
/Users/programming/PycharmProjects/Find_Bibliography_NEw/data/azk_library/langmaier-konstantin-m__17.pdf;24;work;Tschudi (Aegidius Tschudi, Chronicon Helveticum);\btschudi\b;Der Geschichtsschreiber Vadian in seiner Zeit und im Vergleich mit Tschudi und 86
/Users/programming/PycharmProjects/Find_Bibliography_NEw/data/azk_library/langmaier-konstantin-m__17.pdf;24;work;Klingenberger Chronik;klingenberger\s+chronik;"iss., Zürich 1952,174 f. 53 Sieber (wie Anm. 37), 54, nach: Klingenberger Chronik, 312 f.; Hemmerli (wie Ami. 34), fol. 132 v Sieber-Lehmann"
/Users/programming/PycharmProjects/Find_Bibliography_NEw/data/azk_library/langmaier-konstantin-m__17.pdf;24;work;Zürcher Stadtchronik;chronik\s+der\s+stadt\s+z[üu]rich;"es Klosters. Vgl. URStAZ, Bd. 6, Nr. 9087. 55 Fründ, 280; Chronik der Stadt Zürich (wie Anm. 12), 222; Basler Chroniken, Bd. 5, bearb. von A"
/Users/programming/PycharmProjects/Find_Bibliography_NEw/data/azk_library/langmaier-konstantin-m__17.pdf;24;work;Zürcher Stadtchronik;z[üu]rcher\s+stadtchronik;"Zitat). 66 Edlibach, 40, 54, 56, 57, 95; Rudolf Gamper: Die Zürcher Stadtchroniken und ihre Ausbreitung in die Ostschweiz (MAGZ 52/2), Züric"
/Users/programming/PycharmProjects/Find_Bibliography_NEw/data/azk_library/langmaier-konstantin-m__17.pdf;24;work;Bullinger (Heinrich Bullinger);heinrich\s+bullinger;"6, Basel 1884,107-229,hier 136,156 f., 192-201,205 f., 214; Heinrich Bullinger: Von den Tigurineren und der statt Zürych SachenVIII büecher"
/Users/programming/PycharmProjects/Find_Bibliography_NEw/data/azk_library/langmaier-konstantin-m__17.pdf;24;work;Bullinger (Heinrich Bullinger);\bbullinger\b;"Basel 1884,107-229,hier 136,156 f., 192-201,205 f., 214; Heinrich Bullinger: Von den Tigurineren und der statt Zürych SachenVIII büecher, ZB"
/Users/programming/PycharmProjects/Find_Bibliography_NEw/data/azk_library/langmaier-konstantin-m__17.pdf;24;series;QSG (Quellen zur Schweizer Geschichte);\bqsg\b;"7), 54; Felix Fabri: Descriptio Sueviae, hg. von Hermann Escher, in: QSG, Bd. 6, Basel 1884,107-229,hier 136,156 f., 192-201,205 f., 214; He"
/Users/programming/PycharmProjects/Find_Bibliography_NEw/data/azk_library/langmaier-konstantin-m__17.pdf;24;series;Basler Chroniken (Reihe);\bbasler\s+chroniken\b;". 55 Fründ, 280; Chronik der Stadt Zürich (wie Anm. 12), 222; Basler Chroniken, Bd. 5, bearb. von August Bernoulli, Leipzig 1895,396; StAZ,"
/Users/programming/PycharmProjects/Find_Bibliography_NEw/data/azk_library/langmaier-konstantin-m__17.pdf;24;generic;Chronik/Chroniken;\bchronik(?:en)?\b;"ürich 1952,174 f. 53 Sieber (wie Anm. 37), 54, nach: Klingenberger Chronik, 312 f.; Hemmerli (wie Ami. 34), fol. 132 v Sieber-Lehmann/Wilhel"
/Users/programming/PycharmProjects/Find_Bibliography_NEw/data/azk_library/langmaier-konstantin-m__17.pdf;24;generic;Chronik/Chroniken;\bchronik(?:en)?\b;"nung seines Klosters. Vgl. URStAZ, Bd. 6, Nr. 9087. 55 Fründ, 280; Chronik der Stadt Zürich (wie Anm. 12), 222; Basler Chroniken, Bd. 5, bea"
/Users/programming/PycharmProjects/Find_Bibliography_NEw/data/azk_library/langmaier-konstantin-m__17.pdf;24;generic;Chronik/Chroniken;\bchronik(?:en)?\b;"5 Fründ, 280; Chronik der Stadt Zürich (wie Anm. 12), 222; Basler Chroniken, Bd. 5, bearb. von August Bernoulli, Leipzig 1895,396; StAZ, CI,"
/Users/programming/PycharmProjects/Find_Bibliography_NEw/data/azk_library/langmaier-konstantin-m__17.pdf;24;generic;Jahrbuch/Jahrbücher;jahrb[üu]ch(?:er|e)?\b;"993,309-321 ; Ders.: Bildersturm im Mittelalter, in: Historisches Jahrbuch Görres-Gesellschaft 113 (1993), 255-282; Quellenberichte von Guy"
/Users/programming/PycharmProjects/Find_Bibliography_NEw/data/azk_library/langmaier-konstantin-m__17.pdf;25;work;Fründ (Hans Fründ);\bfr[üu]nd\b;"r. 9065; Neue Zürcher Zeitung vom 23./24. Oktober 1999, Nr. 247,51; Fründ, 230 f.; RQ Kanton St. Gallen, 1. Teil: Die Rechtsquellen der Abte"
/Users/programming/PycharmProjects/Find_Bibliography_NEw/data/azk_library/langmaier-konstantin-m__17.pdf;25;work;Schilling (Diebold Schilling, Berner/Luzerner Chronik);\bschilling\b;"von Uster» zur Gedenkfeier vom 28. Mai 1994,26. Mai 1994; Herbert Schilling: Gedenkgang zur Bluetmatt in Nänikon, in: Jahrbuch Greifensee 7"
/Users/programming/PycharmProjects/Find_Bibliography_NEw/data/azk_library/langmaier-konstantin-m__17.pdf;25;work;Stumpf (Johannes Stumpf);johannes\s+stumpf;und Aktensammlung zur Zürcher Dissertation von Attilio Bonomo [Johannes Stumpf der Refor¬ mator und Geschichtsschreiber, Genua 1923],Typoskr
/Users/programming/PycharmProjects/Find_Bibliography_NEw/data/azk_library/langmaier-konstantin-m__17.pdf;25;work;Stumpf (Johannes Stumpf);johannes\s+stumpf;"d. 2, ZBZ, Ms. Z1103a, 526 f. (Schreiben von Ludwig Lavater an Johannes Stumpf 1556); Bullinger (wie Anm. 2), Ms. A14, fol. 317 v (ebd., fol"
/Users/programming/PycharmProjects/Find_Bibliography_NEw/data/azk_library/langmaier-konstantin-m__17.pdf;25;work;Stumpf (Johannes Stumpf);\bstumpf\b;ktensammlung zur Zürcher Dissertation von Attilio Bonomo [Johannes Stumpf der Refor¬ mator und Geschichtsschreiber, Genua 1923],Typoskript,
/Users/programming/PycharmProjects/Find_Bibliography_NEw/data/azk_library/langmaier-konstantin-m__17.pdf;25;work;Stumpf (Johannes Stumpf);\bstumpf\b;"ZBZ, Ms. Z1103a, 526 f. (Schreiben von Ludwig Lavater an Johannes Stumpf 1556); Bullinger (wie Anm. 2), Ms. A14, fol. 317 v (ebd., fol. 302"
/Users/programming/PycharmProjects/Find_Bibliography_NEw/data/azk_library/langmaier-konstantin-m__17.pdf;25;work;Bullinger (Heinrich Bullinger);\bbullinger\b;Bullinger, in: Vadian als Geschichtsschreiber, hg, von Rudolf Gamper (Vadian-Studien 17), St. Gallen 2005 (im Druck),Text bei Anm. 59 und di
/Users/programming/PycharmProjects/Find_Bibliography_NEw/data/azk_library/langmaier-konstantin-m__17.pdf;25;work;Bullinger (Heinrich Bullinger);\bbullinger\b;"a, 526 f. (Schreiben von Ludwig Lavater an Johannes Stumpf 1556); Bullinger (wie Anm. 2), Ms. A14, fol. 317 v (ebd., fol. 302 r,ein Beispiel"
/Users/programming/PycharmProjects/Find_Bibliography_NEw/data/azk_library/langmaier-konstantin-m__17.pdf;25;generic;Jahrbuch/Jahrbücher;jahrb[üu]ch(?:er|e)?\b;"1994; Herbert Schilling: Gedenkgang zur Bluetmatt in Nänikon, in: Jahrbuch Greifensee 7 (1994/95), 18-21;Neue Zürcher Zeitung vom 11. Mai 19"
/Users/programming/PycharmProjects/Find_Bibliography_NEw/data/azk_library/langmaier-konstantin-m__17.pdf;26;work;Stumpf (Johannes Stumpf);johannes\s+stumpf;"chronik; Zitat), ferner ebd., Nr. 127,708-710 (Darstellung bei Johannes Stumpf). 88"
/Users/programming/PycharmProjects/Find_Bibliography_NEw/data/azk_library/langmaier-konstantin-m__17.pdf;26;work;Stumpf (Johannes Stumpf);\bstumpf\b;"ik; Zitat), ferner ebd., Nr. 127,708-710 (Darstellung bei Johannes Stumpf). 88"
/Users/programming/PycharmProjects/Find_Bibliography_NEw/data/azk_library/langmaier-konstantin-m__17.pdf;26;work;Klingenberger Chronik;klingenberger\s+chronik;"flüchteten. Vgl. Bullinger (wie Anm. 91), 436. Vgl. ferner Klingenberger Chronik, 313; Denkschrift (wie Anm. 47), 479; URStAZ, Bd. 6, Nr. 8"
/Users/programming/PycharmProjects/Find_Bibliography_NEw/data/azk_library/langmaier-konstantin-m__17.pdf;26;work;Bullinger (Heinrich Bullinger);heinrich\s+bullinger;"r (Memorialtafel; Zitat) und 140 r-141 r (Alter Zürichkrieg) Heinrich Bullinger: Annales sive Chronicon coenobii Capell, in: Johann Jakob Si"
/Users/programming/PycharmProjects/Find_Bibliography_NEw/data/azk_library/langmaier-konstantin-m__17.pdf;26;work;Bullinger (Heinrich Bullinger);\bbullinger\b;t vor Anm. 27. 85 Vgl. oben den Beitrag von Bernhard Stettier. 86 Bullinger (wie Anm. 2), Ms. A 14, fol. 300 v (Güders Abschrift von Stumpfs
/Users/programming/PycharmProjects/Find_Bibliography_NEw/data/azk_library/langmaier-konstantin-m__17.pdf;26;work;Bullinger (Heinrich Bullinger);\bbullinger\b;"hrend der Abt und der übrige Konvent nach Zürich flüchteten. Vgl. Bullinger (wie Anm. 91), 436. Vgl. ferner Klingenberger Chronik, 313; Denk"
/Users/programming/PycharmProjects/Find_Bibliography_NEw/data/azk_library/langmaier-konstantin-m__17.pdf;26;work;Bullinger (Heinrich Bullinger);\bbullinger\b;"emorialtafel; Zitat) und 140 r-141 r (Alter Zürichkrieg) Heinrich Bullinger: Annales sive Chronicon coenobii Capell, in: Johann Jakob Simler"
/Users/programming/PycharmProjects/Find_Bibliography_NEw/data/azk_library/langmaier-konstantin-m__17.pdf;26;work;Bullinger (Heinrich Bullinger);\bbullinger\b;in Bullingers Reformationsgeschichte aus den 1560er Jahren, vgl. Bullinger (wie Anm. 13), Bd. 1,91: «[...] dermassen verwüst, das es in 7 j
/Users/programming/PycharmProjects/Find_Bibliography_NEw/data/azk_library/langmaier-konstantin-m__17.pdf;26;work;Bullinger (Heinrich Bullinger);\bbullinger\b;d 68-69. 93 Die Namen zum Jahr 1493 in StAZ, E II 437, fol. 144 r Bullinger (wie Anm. 91), 443: Ulrich Stämpfli (Altabt), Johannes Schönenbe
/Users/programming/PycharmProjects/Find_Bibliography_NEw/data/azk_library/langmaier-konstantin-m__17.pdf;26;generic;Chronik/Chroniken;\bchronik(?:en)?\b;"eten. Vgl. Bullinger (wie Anm. 91), 436. Vgl. ferner Klingenberger Chronik, 313; Denkschrift (wie Anm. 47), 479; URStAZ, Bd. 6, Nr. 8418,885"
/Users/programming/PycharmProjects/Find_Bibliography_NEw/data/azk_library/langmaier-konstantin-m__17.pdf;26;generic;Chronicon/Chronica;\bchronic(?:on|a|orum)\b;140 r-141 r (Alter Zürichkrieg) Heinrich Bullinger: Annales sive Chronicon coenobii Capell, in: Johann Jakob Simler: Sammlung alter und neu
/Users/programming/PycharmProjects/Find_Bibliography_NEw/data/azk_library/langmaier-konstantin-m__17.pdf;26;generic;Annales/Annalen;\bannal(?:es|en)\b;"el; Zitat) und 140 r-141 r (Alter Zürichkrieg) Heinrich Bullinger: Annales sive Chronicon coenobii Capell, in: Johann Jakob Simler: Sammlung"
/Users/programming/PycharmProjects/Find_Bibliography_NEw/data/azk_library/langmaier-konstantin-m__17.pdf;26;generic;Historia/Historiae;\bhistori[ae]\b;(wie Anm. 2), Ms. A 14, fol. 300 v (Güders Abschrift von Stumpfs «Historia» umfasst fol. 240- 357). 87 StALU, Urk 231/3328,2 f. Liebenau (wi
/Users/programming/PycharmProjects/Find_Bibliography_NEw/data/azk_library/landolt-oliver__30.pdf;3;generic;Annales/Annalen;\bannal(?:es|en)\b;zahlreiche hochrangige sächsische Adlige gefallen waren und in den Annales Fuldenses verzeichnet wurden (Annales Fuldenses, S. 94). 14 Vgl.
/Users/programming/PycharmProjects/Find_Bibliography_NEw/data/azk_library/landolt-oliver__30.pdf;3;generic;Annales/Annalen;\bannal(?:es|en)\b;"ge gefallen waren und in den Annales Fuldenses verzeichnet wurden (Annales Fuldenses, S. 94). 14 Vgl. Courroux: What Types, S. 138–140; sieh"
/Users/programming/PycharmProjects/Find_Bibliography_NEw/data/azk_library/landolt-oliver__30.pdf;4;work;Melchior Russ;melchior\s+russ;mpfern in der Sempacher Schlacht ist diejenige,die der Luzerner Melchior Russ († als Söldner in den Diensten Uris am 22. Juli 1499 im Gefech
/Users/programming/PycharmProjects/Find_Bibliography_NEw/data/azk_library/landolt-oliver__30.pdf;4;work;Melchior Russ;melchior\s+russ;"Engelberg, 14. Jahrhundert), S. 377. 20 Vgl. Vonarburg Züllig: Melchior Russ, T. 62; Egloff: Russ. 21 Vgl. Henggeler: Schlachtjahrtzeit, S."
/Users/programming/PycharmProjects/Find_Bibliography_NEw/data/azk_library/landolt-oliver__30.pdf;4;work;Melchior Russ;\bruss\b;n in der Sempacher Schlacht ist diejenige,die der Luzerner Melchior Russ († als Söldner in den Diensten Uris am 22. Juli 1499 im Gefecht bei
/Users/programming/PycharmProjects/Find_Bibliography_NEw/data/azk_library/landolt-oliver__30.pdf;4;work;Melchior Russ;\bruss\b;"lberg, 14. Jahrhundert), S. 377. 20 Vgl. Vonarburg Züllig: Melchior Russ, T. 62; Egloff: Russ. 21 Vgl. Henggeler: Schlachtjahrtzeit, S. 9f."
/Users/programming/PycharmProjects/Find_Bibliography_NEw/data/azk_library/landolt-oliver__30.pdf;4;work;Melchior Russ;\bruss\b;"t), S. 377. 20 Vgl. Vonarburg Züllig: Melchior Russ, T. 62; Egloff: Russ. 21 Vgl. Henggeler: Schlachtjahrtzeit, S. 9f. 22 Vgl. ebd., S. 66–6"
/Users/programming/PycharmProjects/Find_Bibliography_NEw/data/azk_library/landolt-oliver__30.pdf;5;work;Justinger (Konrad Justinger);\bjustinger\b;e auch andere gefallene Adlige leisten (Berner-Chronik des Conrad Justinger, S. 34). 26 Vgl. Annales Bernenses, S. 274. Siehe hierzu Hugener
/Users/programming/PycharmProjects/Find_Bibliography_NEw/data/azk_library/landolt-oliver__30.pdf;5;generic;Chronik/Chroniken;\bchronik(?:en)?\b;erner von Homberg wie auch andere gefallene Adlige leisten (Berner-Chronik des Conrad Justinger, S. 34). 26 Vgl. Annales Bernenses, S. 274.
/Users/programming/PycharmProjects/Find_Bibliography_NEw/data/azk_library/landolt-oliver__30.pdf;5;generic;Annales/Annalen;\bannal(?:es|en)\b;lige leisten (Berner-Chronik des Conrad Justinger, S. 34). 26 Vgl. Annales Bernenses, S. 274. Siehe hierzu Hugener: Buchführung, S. 204f. 27
/Users/programming/PycharmProjects/Find_Bibliography_NEw/data/azk_library/landolt-oliver__30.pdf;6;work;Fründ (Hans Fründ);hans\s+fr[üu]nd;Alten Zürichkrieg vermerkte der damalige Schwyzer Landschreiber Hans Fründ († um 1469) in einer Liste die Namen der Schwyzer Gefallenen im
/Users/programming/PycharmProjects/Find_Bibliography_NEw/data/azk_library/landolt-oliver__30.pdf;6;work;Fründ (Hans Fründ);\bfr[üu]nd\b;lten Zürichkrieg vermerkte der damalige Schwyzer Landschreiber Hans Fründ († um 1469) in einer Liste die Namen der Schwyzer Gefallenen im Ge
/Users/programming/PycharmProjects/Find_Bibliography_NEw/data/azk_library/landolt-oliver__30.pdf;6;generic;Chronik/Chroniken;\bchronik(?:en)?\b;gsgefallenenlisten integriert: In seiner als Augenzeuge verfassten Chronik über den sogenannten Alten Zürichkrieg vermerkte der damalige Sch
/Users/programming/PycharmProjects/Find_Bibliography_NEw/data/azk_library/landolt-oliver__30.pdf;7;work;Fründ (Hans Fründ);hans\s+fr[üu]nd;ete 1446,48 Belagerung von Waldshut 146849). 35 Vgl. Chronik des Hans Fründ, S. 132, Nr. 128: »Diss sind dera namen, die uf der von Swytz te
/Users/programming/PycharmProjects/Find_Bibliography_NEw/data/azk_library/landolt-oliver__30.pdf;7;work;Fründ (Hans Fründ);hans\s+fr[üu]nd;der von Swytz teil ze Fryenbach umbkament.« 36 Vgl. Chronik des Hans Fründ, S. 132, Nr. 127: »und bliben da der vyenden, die ze tod erschla
/Users/programming/PycharmProjects/Find_Bibliography_NEw/data/azk_library/landolt-oliver__30.pdf;7;work;Fründ (Hans Fründ);hans\s+fr[üu]nd;unting« im Mittelalter: Gagné: Counting the Dead. 37 Chronik des Hans Fründ, S. 293. 38 Vgl. Tschudi: Chronicon Helveticum, Teil 3, 356 (nam
/Users/programming/PycharmProjects/Find_Bibliography_NEw/data/azk_library/landolt-oliver__30.pdf;7;work;Fründ (Hans Fründ);\bfr[üu]nd(?:s)?\s+chronik;"am 22. Juli 1443 auf (ebd., S. 158, Nr. 153). Auffällig ist in Fründs Chronik verschiedentlich das »Bodycounting« der Kriegsgefallenen; sieh"
/Users/programming/PycharmProjects/Find_Bibliography_NEw/data/azk_library/landolt-oliver__30.pdf;7;work;Fründ (Hans Fründ);\bfr[üu]nd\b;enenlisten 167 1443 bei Freienbach.35 Zumindest summarisch notierte Fründ auch die Namen der prominenten Gefallenen auf der zürcherischen Se
/Users/programming/PycharmProjects/Find_Bibliography_NEw/data/azk_library/landolt-oliver__30.pdf;7;work;Fründ (Hans Fründ);\bfr[üu]nd\b;her Gefallenen.36 Wie aus dem Ende seiner Chronik hervorgeht, hatte Fründ sich auch vorgenommen, die »namen die so in dem vergangnen krieg u
/Users/programming/PycharmProjects/Find_Bibliography_NEw/data/azk_library/landolt-oliver__30.pdf;7;work;Fründ (Hans Fründ);\bfr[üu]nd\b;e 1446,48 Belagerung von Waldshut 146849). 35 Vgl. Chronik des Hans Fründ, S. 132, Nr. 128: »Diss sind dera namen, die uf der von Swytz teil
/Users/programming/PycharmProjects/Find_Bibliography_NEw/data/azk_library/landolt-oliver__30.pdf;7;work;Fründ (Hans Fründ);\bfr[üu]nd\b;er von Swytz teil ze Fryenbach umbkament.« 36 Vgl. Chronik des Hans Fründ, S. 132, Nr. 127: »und bliben da der vyenden, die ze tod erschlage
/Users/programming/PycharmProjects/Find_Bibliography_NEw/data/azk_library/landolt-oliver__30.pdf;7;work;Fründ (Hans Fründ);\bfr[üu]nd\b;"Fryenbach uf Grützen; dera waren vier ertrunken.« Summarisch zählte Fründ auch die prominenten Gefallenen auf Zürcher Seite beim Gefecht vor"
/Users/programming/PycharmProjects/Find_Bibliography_NEw/data/azk_library/landolt-oliver__30.pdf;7;work;Fründ (Hans Fründ);\bfr[üu]nd\b;ting« im Mittelalter: Gagné: Counting the Dead. 37 Chronik des Hans Fründ, S. 293. 38 Vgl. Tschudi: Chronicon Helveticum, Teil 3, 356 (namen
/Users/programming/PycharmProjects/Find_Bibliography_NEw/data/azk_library/landolt-oliver__30.pdf;7;work;Tschudi (Aegidius Tschudi, Chronicon Helveticum);aegidius\s+tschudi;beinahe akribischen Formen verzeichnete der Glarner Chronist Aegidius Tschudi (1505–1572) in seinem Chronicon Helveticum wiederholt Listen
/Users/programming/PycharmProjects/Find_Bibliography_NEw/data/azk_library/landolt-oliver__30.pdf;7;work;Tschudi (Aegidius Tschudi, Chronicon Helveticum);\btschudi\b;nahe akribischen Formen verzeichnete der Glarner Chronist Aegidius Tschudi (1505–1572) in seinem Chronicon Helveticum wiederholt Listen mit
/Users/programming/PycharmProjects/Find_Bibliography_NEw/data/azk_library/landolt-oliver__30.pdf;7;work;Tschudi (Aegidius Tschudi, Chronicon Helveticum);\btschudi\b;ederholt Listen mit den Gefallenen der einzelnen Schlachten, wobei Tschudi diese vor allem aus Jahrzeitbüchern und Schlachtjahrzeitrodeln au
/Users/programming/PycharmProjects/Find_Bibliography_NEw/data/azk_library/landolt-oliver__30.pdf;7;work;Tschudi (Aegidius Tschudi, Chronicon Helveticum);\btschudi\b;gné: Counting the Dead. 37 Chronik des Hans Fründ, S. 293. 38 Vgl. Tschudi: Chronicon Helveticum, Teil 3, 356 (namentlich aufgezählt werden
/Users/programming/PycharmProjects/Find_Bibliography_NEw/data/azk_library/landolt-oliver__30.pdf;7;work;Tschudi (Aegidius Tschudi, Chronicon Helveticum);\btschudi\b;Daneben einzelne prominente Gefallene auf Habsburgs Seite. 39 Vgl. Tschudi: Chronicon Helveticum, Teil 4, S. 283. 40 Vgl. Tschudi: Chronicon
/Users/programming/PycharmProjects/Find_Bibliography_NEw/data/azk_library/landolt-oliver__30.pdf;7;work;Tschudi (Aegidius Tschudi, Chronicon Helveticum);\btschudi\b;te. 39 Vgl. Tschudi: Chronicon Helveticum, Teil 4, S. 283. 40 Vgl. Tschudi: Chronicon Helveticum, Teil 6, S. 184–187 (die Gefallenen aus den
/Users/programming/PycharmProjects/Find_Bibliography_NEw/data/azk_library/landolt-oliver__30.pdf;7;work;Tschudi (Aegidius Tschudi, Chronicon Helveticum);\btschudi\b;. ebd., S. 253–255 (Gefallene aus Glarus, Uri und Schwyz). 43 Vgl. Tschudi: Chronicon Helveticum, Teil 9, S. 110–112 (Gefallene aus Uri, Unt
/Users/programming/PycharmProjects/Find_Bibliography_NEw/data/azk_library/landolt-oliver__30.pdf;7;work;Tschudi (Aegidius Tschudi, Chronicon Helveticum);\btschudi\b;9, S. 110–112 (Gefallene aus Uri, Unterwalden und Glarus). 44 Vgl. Tschudi: Chronicon Helveticum, Teil 11, S. 122 (Gefallene aus Schwyz). 45
/Users/programming/PycharmProjects/Find_Bibliography_NEw/data/azk_library/landolt-oliver__30.pdf;7;work;Tschudi (Aegidius Tschudi, Chronicon Helveticum);\btschudi\b;Vgl. ebd., S. 431 (Erschlagene und Hingerichtete aus Uri). 49 Vgl. Tschudi: Chronicon Helveticum, Teil 13, S. 433 (Gefallene aus Unterwalden
/Users/programming/PycharmProjects/Find_Bibliography_NEw/data/azk_library/landolt-oliver__30.pdf;7;work;Tschudi (Aegidius Tschudi, Chronicon Helveticum);chronicon\s+helveticum;der Glarner Chronist Aegidius Tschudi (1505–1572) in seinem Chronicon Helveticum wiederholt Listen mit den Gefallenen der einzelnen Schlacht
/Users/programming/PycharmProjects/Find_Bibliography_NEw/data/azk_library/landolt-oliver__30.pdf;7;work;Tschudi (Aegidius Tschudi, Chronicon Helveticum);chronicon\s+helveticum;e Dead. 37 Chronik des Hans Fründ, S. 293. 38 Vgl. Tschudi: Chronicon Helveticum, Teil 3, 356 (namentlich aufgezählt werden einzig die aus U
/Users/programming/PycharmProjects/Find_Bibliography_NEw/data/azk_library/landolt-oliver__30.pdf;7;work;Tschudi (Aegidius Tschudi, Chronicon Helveticum);chronicon\s+helveticum;prominente Gefallene auf Habsburgs Seite. 39 Vgl. Tschudi: Chronicon Helveticum, Teil 4, S. 283. 40 Vgl. Tschudi: Chronicon Helveticum, Tei
/Users/programming/PycharmProjects/Find_Bibliography_NEw/data/azk_library/landolt-oliver__30.pdf;7;work;Tschudi (Aegidius Tschudi, Chronicon Helveticum);chronicon\s+helveticum;udi: Chronicon Helveticum, Teil 4, S. 283. 40 Vgl. Tschudi: Chronicon Helveticum, Teil 6, S. 184–187 (die Gefallenen aus den eidgenössischen
/Users/programming/PycharmProjects/Find_Bibliography_NEw/data/azk_library/landolt-oliver__30.pdf;7;work;Tschudi (Aegidius Tschudi, Chronicon Helveticum);chronicon\s+helveticum;55 (Gefallene aus Glarus, Uri und Schwyz). 43 Vgl. Tschudi: Chronicon Helveticum, Teil 9, S. 110–112 (Gefallene aus Uri, Unterwalden und Gla
/Users/programming/PycharmProjects/Find_Bibliography_NEw/data/azk_library/landolt-oliver__30.pdf;7;work;Tschudi (Aegidius Tschudi, Chronicon Helveticum);chronicon\s+helveticum;efallene aus Uri, Unterwalden und Glarus). 44 Vgl. Tschudi: Chronicon Helveticum, Teil 11, S. 122 (Gefallene aus Schwyz). 45 Vgl. ebd., S. 1
/Users/programming/PycharmProjects/Find_Bibliography_NEw/data/azk_library/landolt-oliver__30.pdf;7;work;Tschudi (Aegidius Tschudi, Chronicon Helveticum);chronicon\s+helveticum;1 (Erschlagene und Hingerichtete aus Uri). 49 Vgl. Tschudi: Chronicon Helveticum, Teil 13, S. 433 (Gefallene aus Unterwalden).
/Users/programming/PycharmProjects/Find_Bibliography_NEw/data/azk_library/landolt-oliver__30.pdf;7;generic;Chronik/Chroniken;\bchronik(?:en)?\b;die Zahl der übrigen Zürcher Gefallenen.36 Wie aus dem Ende seiner Chronik hervorgeht, hatte Fründ sich auch vorgenommen, die »namen die so
/Users/programming/PycharmProjects/Find_Bibliography_NEw/data/azk_library/landolt-oliver__30.pdf;7;generic;Chronik/Chroniken;\bchronik(?:en)?\b;er Landleute beziehungsweise ihrer Söldner fehlt allerdings in der Chronik.37 In beinahe akribischen Formen verzeichnete der Glarner Chronis
/Users/programming/PycharmProjects/Find_Bibliography_NEw/data/azk_library/landolt-oliver__30.pdf;7;generic;Chronik/Chroniken;\bchronik(?:en)?\b;und Hingerichtete 1446,48 Belagerung von Waldshut 146849). 35 Vgl. Chronik des Hans Fründ, S. 132, Nr. 128: »Diss sind dera namen, die uf de
/Users/programming/PycharmProjects/Find_Bibliography_NEw/data/azk_library/landolt-oliver__30.pdf;7;generic;Chronik/Chroniken;\bchronik(?:en)?\b;namen, die uf der von Swytz teil ze Fryenbach umbkament.« 36 Vgl. Chronik des Hans Fründ, S. 132, Nr. 127: »und bliben da der vyenden, die
/Users/programming/PycharmProjects/Find_Bibliography_NEw/data/azk_library/landolt-oliver__30.pdf;7;generic;Chronik/Chroniken;\bchronik(?:en)?\b;"22. Juli 1443 auf (ebd., S. 158, Nr. 153). Auffällig ist in Fründs Chronik verschiedentlich das »Bodycounting« der Kriegsgefallenen; siehe z"
/Users/programming/PycharmProjects/Find_Bibliography_NEw/data/azk_library/landolt-oliver__30.pdf;7;generic;Chronik/Chroniken;\bchronik(?:en)?\b;in zum »Bodycounting« im Mittelalter: Gagné: Counting the Dead. 37 Chronik des Hans Fründ, S. 293. 38 Vgl. Tschudi: Chronicon Helveticum, Te
/Users/programming/PycharmProjects/Find_Bibliography_NEw/data/azk_library/landolt-oliver__30.pdf;7;generic;Chronicon/Chronica;\bchronic(?:on|a|orum)\b;hnete der Glarner Chronist Aegidius Tschudi (1505–1572) in seinem Chronicon Helveticum wiederholt Listen mit den Gefallenen der einzelnen Sc
/Users/programming/PycharmProjects/Find_Bibliography_NEw/data/azk_library/landolt-oliver__30.pdf;7;generic;Chronicon/Chronica;\bchronic(?:on|a|orum)\b;ing the Dead. 37 Chronik des Hans Fründ, S. 293. 38 Vgl. Tschudi: Chronicon Helveticum, Teil 3, 356 (namentlich aufgezählt werden einzig die
/Users/programming/PycharmProjects/Find_Bibliography_NEw/data/azk_library/landolt-oliver__30.pdf;7;generic;Chronicon/Chronica;\bchronic(?:on|a|orum)\b;nzelne prominente Gefallene auf Habsburgs Seite. 39 Vgl. Tschudi: Chronicon Helveticum, Teil 4, S. 283. 40 Vgl. Tschudi: Chronicon Helveticu
/Users/programming/PycharmProjects/Find_Bibliography_NEw/data/azk_library/landolt-oliver__30.pdf;7;generic;Chronicon/Chronica;\bchronic(?:on|a|orum)\b;. Tschudi: Chronicon Helveticum, Teil 4, S. 283. 40 Vgl. Tschudi: Chronicon Helveticum, Teil 6, S. 184–187 (die Gefallenen aus den eidgenöss
/Users/programming/PycharmProjects/Find_Bibliography_NEw/data/azk_library/landolt-oliver__30.pdf;7;generic;Chronicon/Chronica;\bchronic(?:on|a|orum)\b;253–255 (Gefallene aus Glarus, Uri und Schwyz). 43 Vgl. Tschudi: Chronicon Helveticum, Teil 9, S. 110–112 (Gefallene aus Uri, Unterwalden u
/Users/programming/PycharmProjects/Find_Bibliography_NEw/data/azk_library/landolt-oliver__30.pdf;7;generic;Chronicon/Chronica;\bchronic(?:on|a|orum)\b;112 (Gefallene aus Uri, Unterwalden und Glarus). 44 Vgl. Tschudi: Chronicon Helveticum, Teil 11, S. 122 (Gefallene aus Schwyz). 45 Vgl. ebd.
/Users/programming/PycharmProjects/Find_Bibliography_NEw/data/azk_library/landolt-oliver__30.pdf;7;generic;Chronicon/Chronica;\bchronic(?:on|a|orum)\b;S. 431 (Erschlagene und Hingerichtete aus Uri). 49 Vgl. Tschudi: Chronicon Helveticum, Teil 13, S. 433 (Gefallene aus Unterwalden).
/Users/programming/PycharmProjects/Find_Bibliography_NEw/data/azk_library/landolt-oliver__30.pdf;7;generic;Chronist/Chronisten;\bchronist(?:en)?\b;Chronik.37 In beinahe akribischen Formen verzeichnete der Glarner Chronist Aegidius Tschudi (1505–1572) in seinem Chronicon Helveticum wiede
/Users/programming/PycharmProjects/Find_Bibliography_NEw/data/azk_library/landolt-oliver__30.pdf;10;work;Justinger (Konrad Justinger);\bjustinger\b;GH SS rer. Germ. 7), Hannover 1891. Die Berner-Chronik des Conrad Justinger, hg. v. G. Studer, Bern 1871. 59 Vgl. Das Weiße Buch von Sarnen,
/Users/programming/PycharmProjects/Find_Bibliography_NEw/data/azk_library/landolt-oliver__30.pdf;10;series;MGH SS (Monumenta Germaniae Historica Scriptores);\bmgh\s+ss\b;ationibus Ratisbonensi et Altahensibus,hg. v.Georg Heinrich Pertz (MGH SS rer. Germ. 7), Hannover 1891. Die Berner-Chronik des Conrad Justin
/Users/programming/PycharmProjects/Find_Bibliography_NEw/data/azk_library/landolt-oliver__30.pdf;10;series;MGH (allg.);\bmgh\b;inationibus Ratisbonensi et Altahensibus,hg. v.Georg Heinrich Pertz (MGH SS rer. Germ. 7), Hannover 1891. Die Berner-Chronik des Conrad Just
/Users/programming/PycharmProjects/Find_Bibliography_NEw/data/azk_library/landolt-oliver__30.pdf;10;series;MGH (allg.);monumenta\s+germaniae\s+historica;eorg Heinrich Pertz (Hg.): Annales aevi Suevici, Bd. 2 (Monumenta Germaniae Historica SS, Bd. 17), Hannover 1861, S. 271–274. Annales Fulden
/Users/programming/PycharmProjects/Find_Bibliography_NEw/data/azk_library/landolt-oliver__30.pdf;10;generic;Chronik/Chroniken;\bchronik(?:en)?\b;rg Heinrich Pertz (MGH SS rer. Germ. 7), Hannover 1891. Die Berner-Chronik des Conrad Justinger, hg. v. G. Studer, Bern 1871. 59 Vgl. Das We
/Users/programming/PycharmProjects/Find_Bibliography_NEw/data/azk_library/landolt-oliver__30.pdf;10;generic;Chronicon/Chronica;\bchronic(?:on|a|orum)\b;werden konnte. Bibliografie Gedruckte Quellen Annales Bernenses (Chronica de Berno), in: Georg Heinrich Pertz (Hg.): Annales aevi Suevici,
/Users/programming/PycharmProjects/Find_Bibliography_NEw/data/azk_library/landolt-oliver__30.pdf;10;generic;Annales/Annalen;\bannal(?:es|en)\b;genen »Ruhm« genutzt werden konnte. Bibliografie Gedruckte Quellen Annales Bernenses (Chronica de Berno), in: Georg Heinrich Pertz (Hg.): An
/Users/programming/PycharmProjects/Find_Bibliography_NEw/data/azk_library/landolt-oliver__30.pdf;10;generic;Annales/Annalen;\bannal(?:es|en)\b;les Bernenses (Chronica de Berno), in: Georg Heinrich Pertz (Hg.): Annales aevi Suevici, Bd. 2 (Monumenta Germaniae Historica SS, Bd. 17), H
/Users/programming/PycharmProjects/Find_Bibliography_NEw/data/azk_library/landolt-oliver__30.pdf;10;generic;Annales/Annalen;\bannal(?:es|en)\b;umenta Germaniae Historica SS, Bd. 17), Hannover 1861, S. 271–274. Annales Fuldenses sive Annales Regni Francorum Orientalis ab Einhardo, Ru
/Users/programming/PycharmProjects/Find_Bibliography_NEw/data/azk_library/landolt-oliver__30.pdf;10;generic;Annales/Annalen;\bannal(?:es|en)\b;ica SS, Bd. 17), Hannover 1861, S. 271–274. Annales Fuldenses sive Annales Regni Francorum Orientalis ab Einhardo, Ruodolfo, Meginhardo Fuld
/Users/programming/PycharmProjects/Find_Bibliography_NEw/data/azk_library/landolt-oliver__30.pdf;11;work;Fründ (Hans Fründ);hans\s+fr[üu]nd;Oliver Landolt: Kriegsgefallenenlisten 171 Die Chronik des Hans Fründ,Landschreiber zu Schwytz,hg. v.Christian Immanuel Kind, Chur 1875. Hen
/Users/programming/PycharmProjects/Find_Bibliography_NEw/data/azk_library/landolt-oliver__30.pdf;11;work;Tschudi (Aegidius Tschudi, Chronicon Helveticum);\btschudi\b;9), bearb. von Konrad Wanner (abgekürzt: SSRQ LU I/3), Basel 2005. Tschudi, Aegidius: Chronicon Helveticum, 3. Teil, bearb. v. Bernhard Stet
/Users/programming/PycharmProjects/Find_Bibliography_NEw/data/azk_library/landolt-oliver__30.pdf;11;work;Tschudi (Aegidius Tschudi, Chronicon Helveticum);chronicon\s+helveticum;er (abgekürzt: SSRQ LU I/3), Basel 2005. Tschudi, Aegidius: Chronicon Helveticum, 3. Teil, bearb. v. Bernhard Stettler (Quellen zur Schweize
/Users/programming/PycharmProjects/Find_Bibliography_NEw/data/azk_library/landolt-oliver__30.pdf;11;work;Tschudi (Aegidius Tschudi, Chronicon Helveticum);chronicon\s+helveticum;schichte, NF, I. Abt.: Chroniken, Bd. VII/3), Basel 1980. – Chronicon Helveticum, 4. Teil, bearb. v. Bernhard Stettler (Quellen zur Schweize
/Users/programming/PycharmProjects/Find_Bibliography_NEw/data/azk_library/landolt-oliver__30.pdf;11;work;Tschudi (Aegidius Tschudi, Chronicon Helveticum);chronicon\s+helveticum;schichte, NF, I. Abt.: Chroniken, Bd. VII/4), Basel 1983. – Chronicon Helveticum, 6. Teil, bearb. v. Bernhard Stettler (Quellen zur Schweize
/Users/programming/PycharmProjects/Find_Bibliography_NEw/data/azk_library/landolt-oliver__30.pdf;11;work;Tschudi (Aegidius Tschudi, Chronicon Helveticum);chronicon\s+helveticum;schichte, NF, I. Abt.: Chroniken, Bd. VII/6), Basel 1986. – Chronicon Helveticum, 9. Teil, bearb. v. Bernhard Stettler (Quellen zur Schweize
/Users/programming/PycharmProjects/Find_Bibliography_NEw/data/azk_library/landolt-oliver__30.pdf;11;work;Tschudi (Aegidius Tschudi, Chronicon Helveticum);chronicon\s+helveticum;eschichte, NF, I. Abt.: Chroniken, Bd. VII/9), Basel 1992. –Chronicon Helveticum,11.Teil,bearb.v.Bernhard Stettler (Quellen zur Schweizer Ge
/Users/programming/PycharmProjects/Find_Bibliography_NEw/data/azk_library/landolt-oliver__30.pdf;11;work;Tschudi (Aegidius Tschudi, Chronicon Helveticum);chronicon\s+helveticum;chichte, NF, I. Abt.: Chroniken, Bd. VII/11), Basel 1996. – Chronicon Helveticum, 13. Teil/2. Hälfte, bearb. v. Bernhard Stettler (Quellen z
/Users/programming/PycharmProjects/Find_Bibliography_NEw/data/azk_library/landolt-oliver__30.pdf;11;series;QSG (Quellen zur Schweizer Geschichte);quellen\s+zur\s+schweizer\s+geschichte;nossen nach den innerschweizerischen Jahrzeitbüchern (Quellen zur Schweizer Geschichte, Abt. II: Akten, Bd. 3), Basel 1940. Das Jahrzeitbuch
/Users/programming/PycharmProjects/Find_Bibliography_NEw/data/azk_library/landolt-oliver__30.pdf;11;series;QSG (Quellen zur Schweizer Geschichte);quellen\s+zur\s+schweizer\s+geschichte;con Helveticum, 3. Teil, bearb. v. Bernhard Stettler (Quellen zur Schweizer Geschichte, NF, I. Abt.: Chroniken, Bd. VII/3), Basel 1980. – Ch
/Users/programming/PycharmProjects/Find_Bibliography_NEw/data/azk_library/landolt-oliver__30.pdf;11;series;QSG (Quellen zur Schweizer Geschichte);quellen\s+zur\s+schweizer\s+geschichte;con Helveticum, 4. Teil, bearb. v. Bernhard Stettler (Quellen zur Schweizer Geschichte, NF, I. Abt.: Chroniken, Bd. VII/4), Basel 1983. – Ch
/Users/programming/PycharmProjects/Find_Bibliography_NEw/data/azk_library/landolt-oliver__30.pdf;11;series;QSG (Quellen zur Schweizer Geschichte);quellen\s+zur\s+schweizer\s+geschichte;con Helveticum, 6. Teil, bearb. v. Bernhard Stettler (Quellen zur Schweizer Geschichte, NF, I. Abt.: Chroniken, Bd. VII/6), Basel 1986. – Ch
/Users/programming/PycharmProjects/Find_Bibliography_NEw/data/azk_library/landolt-oliver__30.pdf;11;series;QSG (Quellen zur Schweizer Geschichte);quellen\s+zur\s+schweizer\s+geschichte;con Helveticum, 9. Teil, bearb. v. Bernhard Stettler (Quellen zur Schweizer Geschichte, NF, I. Abt.: Chroniken, Bd. VII/9), Basel 1992. –Chr
/Users/programming/PycharmProjects/Find_Bibliography_NEw/data/azk_library/landolt-oliver__30.pdf;11;series;QSG (Quellen zur Schweizer Geschichte);quellen\s+zur\s+schweizer\s+geschichte;ronicon Helveticum,11.Teil,bearb.v.Bernhard Stettler (Quellen zur Schweizer Geschichte, NF, I. Abt.: Chroniken, Bd. VII/11), Basel 1996. – C
/Users/programming/PycharmProjects/Find_Bibliography_NEw/data/azk_library/landolt-oliver__30.pdf;11;series;QSG (Quellen zur Schweizer Geschichte);quellen\s+zur\s+schweizer\s+geschichte;cum, 13. Teil/2. Hälfte, bearb. v. Bernhard Stettler (Quellen zur Schweizer Geschichte, NF, I. Abt.: Chroniken, Bd. VII/13), Basel 2000. Das
/Users/programming/PycharmProjects/Find_Bibliography_NEw/data/azk_library/landolt-oliver__30.pdf;11;series;MGH (allg.);monumenta\s+germaniae\s+historica;d. 1: Dioeceses Avgvstensis, Constantiensis, Cvriensis (Monumenta Germaniae Historica Necr., Bd. 1), Berlin 1888, S. 374–382. Sammlung Schwe
/Users/programming/PycharmProjects/Find_Bibliography_NEw/data/azk_library/landolt-oliver__30.pdf;11;generic;Chronik/Chroniken;\bchronik(?:en)?\b;Oliver Landolt: Kriegsgefallenenlisten 171 Die Chronik des Hans Fründ,Landschreiber zu Schwytz,hg. v.Christian Immanuel Kind, Chur 1875. Hen
/Users/programming/PycharmProjects/Find_Bibliography_NEw/data/azk_library/landolt-oliver__30.pdf;11;generic;Chronik/Chroniken;\bchronik(?:en)?\b;Bernhard Stettler (Quellen zur Schweizer Geschichte, NF, I. Abt.: Chroniken, Bd. VII/3), Basel 1980. – Chronicon Helveticum, 4. Teil, bearb.
/Users/programming/PycharmProjects/Find_Bibliography_NEw/data/azk_library/landolt-oliver__30.pdf;11;generic;Chronik/Chroniken;\bchronik(?:en)?\b;Bernhard Stettler (Quellen zur Schweizer Geschichte, NF, I. Abt.: Chroniken, Bd. VII/4), Basel 1983. – Chronicon Helveticum, 6. Teil, bearb.
/Users/programming/PycharmProjects/Find_Bibliography_NEw/data/azk_library/landolt-oliver__30.pdf;11;generic;Chronik/Chroniken;\bchronik(?:en)?\b;Bernhard Stettler (Quellen zur Schweizer Geschichte, NF, I. Abt.: Chroniken, Bd. VII/6), Basel 1986. – Chronicon Helveticum, 9. Teil, bearb.
/Users/programming/PycharmProjects/Find_Bibliography_NEw/data/azk_library/landolt-oliver__30.pdf;11;generic;Chronik/Chroniken;\bchronik(?:en)?\b;Bernhard Stettler (Quellen zur Schweizer Geschichte, NF, I. Abt.: Chroniken, Bd. VII/9), Basel 1992. –Chronicon Helveticum,11.Teil,bearb.v.B
/Users/programming/PycharmProjects/Find_Bibliography_NEw/data/azk_library/landolt-oliver__30.pdf;11;generic;Chronik/Chroniken;\bchronik(?:en)?\b;Bernhard Stettler (Quellen zur Schweizer Geschichte, NF, I. Abt.: Chroniken, Bd. VII/11), Basel 1996. – Chronicon Helveticum, 13. Teil/2. Hä
/Users/programming/PycharmProjects/Find_Bibliography_NEw/data/azk_library/landolt-oliver__30.pdf;11;generic;Chronik/Chroniken;\bchronik(?:en)?\b;Bernhard Stettler (Quellen zur Schweizer Geschichte, NF, I. Abt.: Chroniken, Bd. VII/13), Basel 2000. Das Weiße Buch von Sarnen, bearb. v. H
/Users/programming/PycharmProjects/Find_Bibliography_NEw/data/azk_library/landolt-oliver__30.pdf;11;generic;Chronik/Chroniken;\bchronik(?:en)?\b;k zur Entstehung der Schweizerischen Eidgenossenschaft, Abt. III: Chroniken, Bd. 1), Aaarau 1947. Wymann, Eduard: Das Schlachtjahrzeit von U
/Users/programming/PycharmProjects/Find_Bibliography_NEw/data/azk_library/landolt-oliver__30.pdf;11;generic;Chronicon/Chronica;\bchronic(?:on|a|orum)\b;d Wanner (abgekürzt: SSRQ LU I/3), Basel 2005. Tschudi, Aegidius: Chronicon Helveticum, 3. Teil, bearb. v. Bernhard Stettler (Quellen zur Sc
/Users/programming/PycharmProjects/Find_Bibliography_NEw/data/azk_library/landolt-oliver__30.pdf;11;generic;Chronicon/Chronica;\bchronic(?:on|a|orum)\b;zer Geschichte, NF, I. Abt.: Chroniken, Bd. VII/3), Basel 1980. – Chronicon Helveticum, 4. Teil, bearb. v. Bernhard Stettler (Quellen zur Sc
/Users/programming/PycharmProjects/Find_Bibliography_NEw/data/azk_library/landolt-oliver__30.pdf;11;generic;Chronicon/Chronica;\bchronic(?:on|a|orum)\b;zer Geschichte, NF, I. Abt.: Chroniken, Bd. VII/4), Basel 1983. – Chronicon Helveticum, 6. Teil, bearb. v. Bernhard Stettler (Quellen zur Sc
/Users/programming/PycharmProjects/Find_Bibliography_NEw/data/azk_library/landolt-oliver__30.pdf;11;generic;Chronicon/Chronica;\bchronic(?:on|a|orum)\b;zer Geschichte, NF, I. Abt.: Chroniken, Bd. VII/6), Basel 1986. – Chronicon Helveticum, 9. Teil, bearb. v. Bernhard Stettler (Quellen zur Sc
/Users/programming/PycharmProjects/Find_Bibliography_NEw/data/azk_library/landolt-oliver__30.pdf;11;generic;Chronicon/Chronica;\bchronic(?:on|a|orum)\b;izer Geschichte, NF, I. Abt.: Chroniken, Bd. VII/9), Basel 1992. –Chronicon Helveticum,11.Teil,bearb.v.Bernhard Stettler (Quellen zur Schwei
/Users/programming/PycharmProjects/Find_Bibliography_NEw/data/azk_library/landolt-oliver__30.pdf;11;generic;Chronicon/Chronica;\bchronic(?:on|a|orum)\b;er Geschichte, NF, I. Abt.: Chroniken, Bd. VII/11), Basel 1996. – Chronicon Helveticum, 13. Teil/2. Hälfte, bearb. v. Bernhard Stettler (Que
/Users/programming/PycharmProjects/Find_Bibliography_NEw/data/azk_library/landolt-oliver__30.pdf;12;work;Melchior Russ;\bruss\b;of Medieval Military History 18 (2020), S. 117–141. Egloff, Gregor: Russ, Melchior, in: Historisches Lexikon der Schweiz, Bd. 10, Basel 2011
/Users/programming/PycharmProjects/Find_Bibliography_NEw/data/azk_library/landolt-oliver__30.pdf;13;generic;Jahrbuch/Jahrbücher;jahrb[üu]ch(?:er|e)?\b;einrich: Die Schlacht bei Sempach im Bewusstsein Österreichs, in: Jahrbuch der Historischen Gesellschaft Luzern 4 (1986), S. 48–60. Kreis,Ge
/Users/programming/PycharmProjects/Find_Bibliography_NEw/data/azk_library/landolt-oliver__30.pdf;13;generic;Jahrbuch/Jahrbücher;jahrb[üu]ch(?:er|e)?\b;S. 307–403. Müller, Albert: Die Näfelser Fahrtfeier vor 1835, in: Jahrbuch des Historischen Vereins des Kantons Glarus 72 (1988), S. 121–161
/Users/programming/PycharmProjects/Find_Bibliography_NEw/data/azk_library/landolt-oliver__30.pdf;14;generic;Jahrbuch/Jahrbücher;jahrb[üu]ch(?:er|e)?\b;S. 189–210. Tremp,Ernst: »Wie fromm waren die alten Glarner?«,in: Jahrbuch des Historischen Vereins des Kantons Glarus 82 (2002), S. 9–41. V
/Users/programming/PycharmProjects/Find_Bibliography_NEw/data/azk_library/sieber-christian__19.pdf;1;work;Fründ (Hans Fründ);hans\s+fr[üu]nd;ichkrieg (1436-1450) im Spiegel der Biographie von Landschreiber Hans Fründ Autor: Sieber, Christian DOI: https://doi.org/10.5169/seals-1691
/Users/programming/PycharmProjects/Find_Bibliography_NEw/data/azk_library/sieber-christian__19.pdf;1;work;Fründ (Hans Fründ);\bfr[üu]nd\b;hkrieg (1436-1450) im Spiegel der Biographie von Landschreiber Hans Fründ Autor: Sieber, Christian DOI: https://doi.org/10.5169/seals-169187
/Users/programming/PycharmProjects/Find_Bibliography_NEw/data/azk_library/sieber-christian__19.pdf;2;work;Fründ (Hans Fründ);hans\s+fr[üu]nd;zu fassen, ist in der Geschichte des Landes Schwyz erstmals bei Hans Fründ möglich, dem Schwyzer Landschreiber zur Zeit des Alten Zürichkri
/Users/programming/PycharmProjects/Find_Bibliography_NEw/data/azk_library/sieber-christian__19.pdf;2;work;Fründ (Hans Fründ);hans\s+fr[üu]nd;58. 4 Vgl. KDM Schwyz 1/1, S. 228, 231, 242f. von Landschreiber Hans Fründ Christian Sieber «Ich han je nach und nach die sachen geschriben
/Users/programming/PycharmProjects/Find_Bibliography_NEw/data/azk_library/sieber-christian__19.pdf;2;work;Fründ (Hans Fründ);hans\s+fr[üu]nd;wyl ich die sachen in miner gedenknisse und memorie gehept han.» Hans Fründ) 1
/Users/programming/PycharmProjects/Find_Bibliography_NEw/data/azk_library/sieber-christian__19.pdf;2;work;Fründ (Hans Fründ);\bfr[üu]nd(?:s)?\s+chronik;hek St. Gallen, Cod. Sang. 644, S.248f. Fründ,Chronik, S. 224. Fründs Chronik wird im Folgenden nach der auch der Edition von 1875 zugrunde
/Users/programming/PycharmProjects/Find_Bibliography_NEw/data/azk_library/sieber-christian__19.pdf;2;work;Fründ (Hans Fründ);\bfr[üu]nd\b;u fassen, ist in der Geschichte des Landes Schwyz erstmals bei Hans Fründ möglich, dem Schwyzer Landschreiber zur Zeit des Alten Zürichkrieg
/Users/programming/PycharmProjects/Find_Bibliography_NEw/data/azk_library/sieber-christian__19.pdf;2;work;Fründ (Hans Fründ);\bfr[üu]nd\b;vor allem aber hatte er in Schwyz dank der Person von Landschreiber Fründ eine Modernisierung, genauer noch eine Professionalisierung der Ve
/Users/programming/PycharmProjects/Find_Bibliography_NEw/data/azk_library/sieber-christian__19.pdf;2;work;Fründ (Hans Fründ);\bfr[üu]nd\b;das Erbe des 1 Stiftsbibliothek St. Gallen, Cod. Sang. 644, S.248f. Fründ,Chronik, S. 224. Fründs Chronik wird im Folgenden nach der auch de
/Users/programming/PycharmProjects/Find_Bibliography_NEw/data/azk_library/sieber-christian__19.pdf;2;work;Fründ (Hans Fründ);\bfr[üu]nd\b;8. 4 Vgl. KDM Schwyz 1/1, S. 228, 231, 242f. von Landschreiber Hans Fründ Christian Sieber «Ich han je nach und nach die sachen geschriben,
/Users/programming/PycharmProjects/Find_Bibliography_NEw/data/azk_library/sieber-christian__19.pdf;2;work;Fründ (Hans Fründ);\bfr[üu]nd\b;l ich die sachen in miner gedenknisse und memorie gehept han.» Hans Fründ) 1
/Users/programming/PycharmProjects/Find_Bibliography_NEw/data/azk_library/sieber-christian__19.pdf;2;generic;Chronik/Chroniken;\bchronik(?:en)?\b;e des 1 Stiftsbibliothek St. Gallen, Cod. Sang. 644, S.248f. Fründ,Chronik, S. 224. Fründs Chronik wird im Folgenden nach der auch der Editi
/Users/programming/PycharmProjects/Find_Bibliography_NEw/data/azk_library/sieber-christian__19.pdf;2;generic;Chronik/Chroniken;\bchronik(?:en)?\b;St. Gallen, Cod. Sang. 644, S.248f. Fründ,Chronik, S. 224. Fründs Chronik wird im Folgenden nach der auch der Edition von 1875 zugrunde gel
/Users/programming/PycharmProjects/Find_Bibliography_NEw/data/azk_library/sieber-christian__19.pdf;3;work;Fründ (Hans Fründ);hans\s+fr[üu]nd;e eine auswärtige Fachkraft beiziehen, Abb. 1: Notarszeichen von Hans Fründ vom 21. März 1439 STASZ,Urk. Nr. 419). nämlich Eberhard Wüest, d
/Users/programming/PycharmProjects/Find_Bibliography_NEw/data/azk_library/sieber-christian__19.pdf;3;work;Fründ (Hans Fründ);\bfr[üu]nd\b;treit die Rechtsschriften für Zürich verfasste.9 Die Anstellung von Fründ 1437 In Schwyz fehlte 1436 eine entsprechend geschulte Person. Auc
/Users/programming/PycharmProjects/Find_Bibliography_NEw/data/azk_library/sieber-christian__19.pdf;3;work;Fründ (Hans Fründ);\bfr[üu]nd\b;eine auswärtige Fachkraft beiziehen, Abb. 1: Notarszeichen von Hans Fründ vom 21. März 1439 STASZ,Urk. Nr. 419). nämlich Eberhard Wüest, den
/Users/programming/PycharmProjects/Find_Bibliography_NEw/data/azk_library/sieber-christian__19.pdf;4;work;Fründ (Hans Fründ);hans\s+fr[üu]nd;im Mai 1437 der grosse Coup, wie sich schon bald zeigen sollte. Hans Fründ, Stadtbürger von Luzernund dort seit 1427 Unterschreiber bei Sta
/Users/programming/PycharmProjects/Find_Bibliography_NEw/data/azk_library/sieber-christian__19.pdf;4;work;Fründ (Hans Fründ);hans\s+fr[üu]nd;s «der schribervon Raperswyl inen ir sach schribe» bis «inen von Hans Fründ geseit wurde, … des Etterlis zuo Lutzern underschriber» 14 Forta
/Users/programming/PycharmProjects/Find_Bibliography_NEw/data/azk_library/sieber-christian__19.pdf;4;work;Fründ (Hans Fründ);\bfr[üu]nd(?:s)?\s+chronik;"roniken, S.14f., 20–22; Bodmer, Chroniken, S. 16–18; Kümmerli, Fründs Chronik, S. 97–104; Keller, Geschichtschreibung, S. XVf.; Feller/Bonjo"
/Users/programming/PycharmProjects/Find_Bibliography_NEw/data/azk_library/sieber-christian__19.pdf;4;work;Fründ (Hans Fründ);\bfr[üu]nd\b;m Mai 1437 der grosse Coup, wie sich schon bald zeigen sollte. Hans Fründ, Stadtbürger von Luzernund dort seit 1427 Unterschreiber bei Stadt
/Users/programming/PycharmProjects/Find_Bibliography_NEw/data/azk_library/sieber-christian__19.pdf;4;work;Fründ (Hans Fründ);\bfr[üu]nd\b;terlin, war bereit, das Landschreiberamt in Schwyz zu übernehmen.12 Fründ war in zweiter Ehe mit Adelheid vonTengen verheiratet, hatte aus e
/Users/programming/PycharmProjects/Find_Bibliography_NEw/data/azk_library/sieber-christian__19.pdf;4;work;Fründ (Hans Fründ);\bfr[üu]nd\b;Wagner im Februar 1469 als amtierender Landammann nach dem Tod von Fründ offen Auskunft, als er erklärte, die Schwyzer «hettint in dem verg
/Users/programming/PycharmProjects/Find_Bibliography_NEw/data/azk_library/sieber-christian__19.pdf;4;work;Fründ (Hans Fründ);\bfr[üu]nd\b;«der schribervon Raperswyl inen ir sach schribe» bis «inen von Hans Fründ geseit wurde, … des Etterlis zuo Lutzern underschriber» 14 Fortan
/Users/programming/PycharmProjects/Find_Bibliography_NEw/data/azk_library/sieber-christian__19.pdf;4;work;Fründ (Hans Fründ);\bfr[üu]nd\b;Stüssi, gegenüber, sondern auch zwei fachkundige Kanzleivorsteher, Fründ und Stebler, die einflussreichen Figuren im Hintergrund, aber in s
/Users/programming/PycharmProjects/Find_Bibliography_NEw/data/azk_library/sieber-christian__19.pdf;4;work;Fründ (Hans Fründ);\bfr[üu]nd\b;ihrer Aufgabe entsprach. «Gleichwie Ital Reding das Schwert, so war Fründ die Feder der Eidgenossen in der Zeit des Zürichkrieges» hat Hugo
/Users/programming/PycharmProjects/Find_Bibliography_NEw/data/azk_library/sieber-christian__19.pdf;4;work;Fründ (Hans Fründ);\bfr[üu]nd\b;en werden kann, so kann auch kein Staat ohne Schreiber bestehen» 16 Fründ war Stebler auch insofern ebenbürtig, als er die Zulassung als Not
/Users/programming/PycharmProjects/Find_Bibliography_NEw/data/azk_library/sieber-christian__19.pdf;4;work;Fründ (Hans Fründ);\bfr[üu]nd\b;hr auf den Stadtschreiber von Rapperswil zurückgreifen, wie ein von Fründ im März 1439 in der kleinen Stube im Rathaus von Schwyz «in villa
/Users/programming/PycharmProjects/Find_Bibliography_NEw/data/azk_library/sieber-christian__19.pdf;4;work;Fründ (Hans Fründ);\bfr[üu]nd\b;Schwyz: STASZ, Urk. Nr. 404b 11. Mai). Zur Person und Tätigkeit von Fründ vgl. bisher in chronologischer Reihenfolge) Studer, Tschachtlan, S
/Users/programming/PycharmProjects/Find_Bibliography_NEw/data/azk_library/sieber-christian__19.pdf;4;work;Fründ (Hans Fründ);\bfr[üu]nd\b;"992f. Guy P. Marchal); Stettler, Fründs Darstellung, S. 122*–134*; Fründ, Rapport, S. 25–29, 53–62 Kathrin Utz Tremp); Wanner, Schreiber, S"
/Users/programming/PycharmProjects/Find_Bibliography_NEw/data/azk_library/sieber-christian__19.pdf;4;work;Fründ (Hans Fründ);\bfr[üu]nd\b;"24 Oliver Landolt); Sieber, Opfer, S. 66–68, 70–72; HLS 5, Artikel «Fründ, Hans» im Druck bzw. www.hls.ch Gregor Egloff 13 Vgl. Wanner, Schr"
/Users/programming/PycharmProjects/Find_Bibliography_NEw/data/azk_library/sieber-christian__19.pdf;4;work;Fründ (Hans Fründ);\bfr[üu]nd\b;chreiber, S. 4, 9. 18 STASZ, Urk. Nr. 419 ausgestellt von «Johannes Fründ de oppido Lu¬ cernensi, laycus Constanciensis dyocesis, publicus i
/Users/programming/PycharmProjects/Find_Bibliography_NEw/data/azk_library/sieber-christian__19.pdf;4;work;Tschachtlan (Benedikt Tschachtlan);\btschachtlan\b;"it von Fründ vgl. bisher in chronologischer Reihenfolge) Studer, Tschachtlan, S. 636–641; Hungerbühler, Herkommen, S. 55–59; Kind, Einleitun"
/Users/programming/PycharmProjects/Find_Bibliography_NEw/data/azk_library/sieber-christian__19.pdf;4;work;Etterlin (Petermann Etterlin);\betterlin\b;Luzernund dort seit 1427 Unterschreiber bei Stadtschreiber Egloff Etterlin, war bereit, das Landschreiberamt in Schwyz zu übernehmen.12 Frün
/Users/programming/PycharmProjects/Find_Bibliography_NEw/data/azk_library/sieber-christian__19.pdf;4;work;Etterlin (Petermann Etterlin);\betterlin\b;Zürich kam. Fründs bisheriger Vorgesetzter, Stadtschreiber Egloff Etterlin, stammte aus Brugg. Dank der Anstellung Fründs konnte Schwyz mit
/Users/programming/PycharmProjects/Find_Bibliography_NEw/data/azk_library/sieber-christian__19.pdf;4;generic;Chronik/Chroniken;\bchronik(?:en)?\b;"chreiber, S. 98f.;Baumann,Bilderchroniken, S.14f., 20–22; Bodmer, Chroniken, S. 16–18; Kümmerli, Fründs Chronik, S. 97–104; Keller, Geschich"
/Users/programming/PycharmProjects/Find_Bibliography_NEw/data/azk_library/sieber-christian__19.pdf;4;generic;Chronik/Chroniken;\bchronik(?:en)?\b;"iken, S.14f., 20–22; Bodmer, Chroniken, S. 16–18; Kümmerli, Fründs Chronik, S. 97–104; Keller, Geschichtschreibung, S. XVf.; Feller/Bonjour,"
/Users/programming/PycharmProjects/Find_Bibliography_NEw/data/azk_library/sieber-christian__19.pdf;5;work;Fründ (Hans Fründ);hans\s+fr[üu]nd;nzen Krieg formulierte Vorrede mit expliziter Selbstnennung «ich Hans Fründ, ein burger von Lucern und ze den selben zitten lantschriber ze
/Users/programming/PycharmProjects/Find_Bibliography_NEw/data/azk_library/sieber-christian__19.pdf;5;work;Fründ (Hans Fründ);hans\s+fr[üu]nd;nden Ausführungen bei Weisz, Eidgenossen, S. 255f. «Legenden des Hans Fründ» sowie Bänziger, Beiträge, S. 111, entbehren jeder Grundlage. 24
/Users/programming/PycharmProjects/Find_Bibliography_NEw/data/azk_library/sieber-christian__19.pdf;5;work;Fründ (Hans Fründ);\bfr[üu]nd(?:s)?\s+chronik;Schwyzer Geschichtsschreibung überhaupt gilt. Allerdings darf Fründs Chronik nicht losgelöst von seiner amtlichen Tätigkeit als Landschreib
/Users/programming/PycharmProjects/Find_Bibliography_NEw/data/azk_library/sieber-christian__19.pdf;5;work;Fründ (Hans Fründ);\bfr[üu]nd\b;1441 ein zweites Vidimus ausgestellt und beglaubigt.19 Daneben hat Fründ, ganz ähnlich wie Stebler in Zürich,20 auch in seinem 14 Wohnhaus
/Users/programming/PycharmProjects/Find_Bibliography_NEw/data/azk_library/sieber-christian__19.pdf;5;work;Fründ (Hans Fründ);\bfr[üu]nd\b;o Schwiz in des landtschribers hus» 22 In einem wichtigen Punkt war Fründ seinem Gegenspieler in Zürich sogar voraus. Bereits in Luzern hatt
/Users/programming/PycharmProjects/Find_Bibliography_NEw/data/azk_library/sieber-christian__19.pdf;5;work;Fründ (Hans Fründ);\bfr[üu]nd\b;m Gegenspieler in Zürich sogar voraus. Bereits in Luzern hatte sich Fründ neben seiner amtlichen Tätigkeit in der Kanzlei auch als Chronist
/Users/programming/PycharmProjects/Find_Bibliography_NEw/data/azk_library/sieber-christian__19.pdf;5;work;Fründ (Hans Fründ);\bfr[üu]nd\b;e Hexenverfolgungen im Wallis von 1428 verfasst.23 In Schwyz setzte Fründ diese Nebentätigkeit fort – soweit erkennbar ohneformellen Auftrag
/Users/programming/PycharmProjects/Find_Bibliography_NEw/data/azk_library/sieber-christian__19.pdf;5;work;Fründ (Hans Fründ);\bfr[üu]nd\b;er er nun als Landschreiber hautnah beteiligt war. Mehrfach spricht Fründ in diesen Aufzeichnungen von sich selber in der Ich-Form, von sein
/Users/programming/PycharmProjects/Find_Bibliography_NEw/data/azk_library/sieber-christian__19.pdf;5;work;Fründ (Hans Fründ);\bfr[üu]nd\b;en Krieg formulierte Vorrede mit expliziter Selbstnennung «ich Hans Fründ, ein burger von Lucern und ze den selben zitten lantschriber ze Sw
/Users/programming/PycharmProjects/Find_Bibliography_NEw/data/azk_library/sieber-christian__19.pdf;5;work;Fründ (Hans Fründ);\bfr[üu]nd\b;i weitem nicht derart ausführlich und kompetent berichteten, wie es Fründ in und für Schwyz tat.28 Der «unfreundliche» Briefwechsel 1439 Die
/Users/programming/PycharmProjects/Find_Bibliography_NEw/data/azk_library/sieber-christian__19.pdf;5;work;Fründ (Hans Fründ);\bfr[üu]nd\b;"r. 2823; URStAZ 6, Nr. 8674 die Formulierung lautet hier: «Johannes Frund de opido Lutzernensis, laycus Constantiensis dyocesis, publicus im"
/Users/programming/PycharmProjects/Find_Bibliography_NEw/data/azk_library/sieber-christian__19.pdf;5;work;Fründ (Hans Fründ);\bfr[üu]nd\b;"ten von 400 Pfund). 22 Fassbind, Frauenkloster, S. 140f., Nr. 7. 23 Fründ, Rapport, S. 23–98; Wanner, Schreiber, S. 11f.; Weisz, Handschrift"
/Users/programming/PycharmProjects/Find_Bibliography_NEw/data/azk_library/sieber-christian__19.pdf;5;work;Fründ (Hans Fründ);\bfr[üu]nd\b;"thek Luzern, KB Pp.175 fol.;28Einzelblätter)lässt sich dagegennicht Fründ zuschreiben,wie lange angenommen wurde Brandstetter, Pilatus, S. 1"
/Users/programming/PycharmProjects/Find_Bibliography_NEw/data/azk_library/sieber-christian__19.pdf;5;work;Fründ (Hans Fründ);\bfr[üu]nd\b;litätsarbeit, S. 9–11 mit Abbildungen). Die auf der Zuschreibung an Fründ basierenden Ausführungen bei Weisz, Eidgenossen, S. 255f. «Legende
/Users/programming/PycharmProjects/Find_Bibliography_NEw/data/azk_library/sieber-christian__19.pdf;5;work;Fründ (Hans Fründ);\bfr[üu]nd\b;en Ausführungen bei Weisz, Eidgenossen, S. 255f. «Legenden des Hans Fründ» sowie Bänziger, Beiträge, S. 111, entbehren jeder Grundlage. 24 V
/Users/programming/PycharmProjects/Find_Bibliography_NEw/data/azk_library/sieber-christian__19.pdf;5;work;Fründ (Hans Fründ);\bfr[üu]nd\b;, S. 111, entbehren jeder Grundlage. 24 Vgl. Cod. Sang. 644, S. 249 Fründ, Chronik, S. 224 «mir ist ouch harum weder gold noch silber verhei
/Users/programming/PycharmProjects/Find_Bibliography_NEw/data/azk_library/sieber-christian__19.pdf;5;work;Fründ (Hans Fründ);\bfr[üu]nd\b;er, Fründs Darstellung, S. 128*, Anm. 327*. 26 Cod. Sang. 644, S. 3 Fründ, Chronik, S. 1. 27 Vgl. Huldi, Konjunktionen, S. XXIIIf. 28 Vgl. S
/Users/programming/PycharmProjects/Find_Bibliography_NEw/data/azk_library/sieber-christian__19.pdf;5;generic;Chronik/Chroniken;\bchronik(?:en)?\b;und privaten Rechenschaftsbericht des Landschreibersimmer mehr die Chronik eines Augenzeugen und wichtigen Akteurs, eine umfassende, auch sp
/Users/programming/PycharmProjects/Find_Bibliography_NEw/data/azk_library/sieber-christian__19.pdf;5;generic;Chronik/Chroniken;\bchronik(?:en)?\b;hwyzer Geschichtsschreibung überhaupt gilt. Allerdings darf Fründs Chronik nicht losgelöst von seiner amtlichen Tätigkeit als Landschreiber
/Users/programming/PycharmProjects/Find_Bibliography_NEw/data/azk_library/sieber-christian__19.pdf;5;generic;Chronik/Chroniken;\bchronik(?:en)?\b;, entbehren jeder Grundlage. 24 Vgl. Cod. Sang. 644, S. 249 Fründ, Chronik, S. 224 «mir ist ouch harum weder gold noch silber verheissen» 25
/Users/programming/PycharmProjects/Find_Bibliography_NEw/data/azk_library/sieber-christian__19.pdf;5;generic;Chronik/Chroniken;\bchronik(?:en)?\b;ds Darstellung, S. 128*, Anm. 327*. 26 Cod. Sang. 644, S. 3 Fründ, Chronik, S. 1. 27 Vgl. Huldi, Konjunktionen, S. XXIIIf. 28 Vgl. Sieber, S
/Users/programming/PycharmProjects/Find_Bibliography_NEw/data/azk_library/sieber-christian__19.pdf;5;generic;Tagebuch;\btagebuch\b;fort – soweit erkennbar ohneformellen Auftrag,24indem ereine Art «Tagebuch»oder «Wochenchronik» über die juristische und dann auch militäris
/Users/programming/PycharmProjects/Find_Bibliography_NEw/data/azk_library/sieber-christian__19.pdf;5;generic;Chronist/Chronisten;\bchronist(?:en)?\b;ch Fründ neben seiner amtlichen Tätigkeit in der Kanzlei auch als Chronist betätigt und um 1430 einen Bericht über die Hexenverfolgungen im
/Users/programming/PycharmProjects/Find_Bibliography_NEw/data/azk_library/sieber-christian__19.pdf;6;work;Fründ (Hans Fründ);hans\s+fr[üu]nd;15 Abb. 2: Rückvermerk von Hans Fründ auf dem Schreiben der Zürcher vom3.Mai 1439 STASZ,Urk. Nr. 423). 4. Mai 1439 in einem aufschlussreiche
/Users/programming/PycharmProjects/Find_Bibliography_NEw/data/azk_library/sieber-christian__19.pdf;6;work;Fründ (Hans Fründ);\bfr[üu]nd\b;trägt auf der Rückseite den eigenhändigen Vermerk von Landschreiber Fründ «Der Zûrichern erste schrifft, so si uns zuo santtent uff den Etze
/Users/programming/PycharmProjects/Find_Bibliography_NEw/data/azk_library/sieber-christian__19.pdf;6;work;Fründ (Hans Fründ);\bfr[üu]nd\b;ten. Interessant ist der Vermerk aber vor allem, weil er zeigt, wie Fründ mit dem Schreiben umgegangen ist. Er hat dieses nicht einfach an s
/Users/programming/PycharmProjects/Find_Bibliography_NEw/data/azk_library/sieber-christian__19.pdf;6;work;Fründ (Hans Fründ);\bfr[üu]nd\b;iben «unfreundlich» gewesen sei: Die 29 URStAZ 6, Nr. 8372. 30 Vgl. Fründ, Chronik, S. 24f., sowie aus Zürcher Optik) Klingenber¬ ger Chroni
/Users/programming/PycharmProjects/Find_Bibliography_NEw/data/azk_library/sieber-christian__19.pdf;6;work;Zürcher Stadtchronik;chronik\s+der\s+stadt\s+z[üu]rich;"sowie aus Zürcher Optik) Klingenber¬ ger Chronik, S. 258; Chronik der Stadt Zürich, S. 195. 31 STASZ, Urk. Nr. 423, sowie URStAZ 6, Nr. 8421"
/Users/programming/PycharmProjects/Find_Bibliography_NEw/data/azk_library/sieber-christian__19.pdf;6;generic;Chronik/Chroniken;\bchronik(?:en)?\b;freundlich» gewesen sei: Die 29 URStAZ 6, Nr. 8372. 30 Vgl. Fründ, Chronik, S. 24f., sowie aus Zürcher Optik) Klingenber¬ ger Chronik, S. 25
/Users/programming/PycharmProjects/Find_Bibliography_NEw/data/azk_library/sieber-christian__19.pdf;6;generic;Chronik/Chroniken;\bchronik(?:en)?\b;"Fründ, Chronik, S. 24f., sowie aus Zürcher Optik) Klingenber¬ ger Chronik, S. 258; Chronik der Stadt Zürich, S. 195. 31 STASZ, Urk. Nr. 423"
/Users/programming/PycharmProjects/Find_Bibliography_NEw/data/azk_library/sieber-christian__19.pdf;6;generic;Chronik/Chroniken;\bchronik(?:en)?\b;"S. 24f., sowie aus Zürcher Optik) Klingenber¬ ger Chronik, S. 258; Chronik der Stadt Zürich, S. 195. 31 STASZ, Urk. Nr. 423, sowie URStAZ 6,"
/Users/programming/PycharmProjects/Find_Bibliography_NEw/data/azk_library/sieber-christian__19.pdf;7;work;Fründ (Hans Fründ);\bfr[üu]nd\b;der Schwyzer vom Abend des 4. Mai zeigt seinerseits die Schrift von Fründ, der mit den Truppen ausgezogen war und seine Kanzlei ins Feld ver
/Users/programming/PycharmProjects/Find_Bibliography_NEw/data/azk_library/sieber-christian__19.pdf;7;work;Fründ (Hans Fründ);\bfr[üu]nd\b;its in verklausulierter Form mit Krieg. Nur in der Anrede gibt sich Fründ ganz korrekt und bezeichnet die Zürcher weiterhin als «Eidgenossen
/Users/programming/PycharmProjects/Find_Bibliography_NEw/data/azk_library/sieber-christian__19.pdf;7;work;Fründ (Hans Fründ);\bfr[üu]nd\b;ht, es befindet sich heute im Staatsarchiv Zürich. Gleichzeitig hat Fründ den Entwurf zu diesem Schreiben aufbewahrt und archiviert, und aus
/Users/programming/PycharmProjects/Find_Bibliography_NEw/data/azk_library/sieber-christian__19.pdf;7;work;Fründ (Hans Fründ);\bfr[üu]nd\b;ter Form auch in seine Chronik aufgenommen:33 Alles in allem pflegt Fründ einen sehr sorgfältigen Umgang mit wichtigen Schriftstücken progra
/Users/programming/PycharmProjects/Find_Bibliography_NEw/data/azk_library/sieber-christian__19.pdf;7;work;Fründ (Hans Fründ);\bfr[üu]nd\b;«namhaften und wisen» Landammann und Hauptmann Ital Reding, wie ihn Fründ bezeichnet. Auch später tragen ähnliche Schreiben aus dem Feld jew
/Users/programming/PycharmProjects/Find_Bibliography_NEw/data/azk_library/sieber-christian__19.pdf;7;work;Fründ (Hans Fründ);\bfr[üu]nd\b;iche Siegel von Reding, «gepresten halb unsers landz ingesigel» wie Fründ regelmässig schreibt «in Ermangelung des Landessiegels» 34 was zum
/Users/programming/PycharmProjects/Find_Bibliography_NEw/data/azk_library/sieber-christian__19.pdf;7;work;Fründ (Hans Fründ);\bfr[üu]nd\b;bt «in Ermangelung des Landessiegels» 34 was zum einen heisst, dass Fründ das Landessiegel aus praktischen Überlegungen in sicherer Verwahru
/Users/programming/PycharmProjects/Find_Bibliography_NEw/data/azk_library/sieber-christian__19.pdf;7;work;Fründ (Hans Fründ);\bfr[üu]nd\b;rchiv Schwyz und trägt erneut einen kommentierenden Rückvermerk von Fründ: «Der Zûrichern andre [d. h. zweite] unfrûntliche schrifft, so si
/Users/programming/PycharmProjects/Find_Bibliography_NEw/data/azk_library/sieber-christian__19.pdf;7;work;Fründ (Hans Fründ);\bfr[üu]nd\b;et aber [d.h. erneut] uff ein absagung» Auch in seiner Chronik geht Fründ auf das Schreiben ein, allerdings nur kurz, denn inhaltlich bracht
/Users/programming/PycharmProjects/Find_Bibliography_NEw/data/azk_library/sieber-christian__19.pdf;7;work;Fründ (Hans Fründ);\bfr[üu]nd\b;"h March und Gaster, mit Korn, Wein und anderen Lebensmitteln, je 32 Fründ, Chronik, S. 25f. 33 URStAZ 6, Nr. 8422; STASZ, Urk. Nr. 425 mit Ü"
/Users/programming/PycharmProjects/Find_Bibliography_NEw/data/azk_library/sieber-christian__19.pdf;7;work;Fründ (Hans Fründ);\bfr[üu]nd\b;", Nr. 8422; STASZ, Urk. Nr. 425 mit Überschrift «datum pro copia» ; Fründ, Chronik, S. 26–29; Bernhard Stettler, in: Tschudi, Chronicon 10,"
/Users/programming/PycharmProjects/Find_Bibliography_NEw/data/azk_library/sieber-christian__19.pdf;7;work;Fründ (Hans Fründ);\bfr[üu]nd\b;hweis der stilistischen Überarbeitung). 34 So Cod. Sang. 644, S. 65 Fründ, Chronik, S. 63, sowie Tschudi, Chronicon 10, S. 303 2. November 1
/Users/programming/PycharmProjects/Find_Bibliography_NEw/data/azk_library/sieber-christian__19.pdf;7;work;Fründ (Hans Fründ);\bfr[üu]nd\b;", und URStAZ 6, Nr. 8910–8911 20. Mai 1443); Cod. Sang. 644, S. 159 Fründ, Chronik, S. 142 sowie Tschudi, Chronicon 11, S. 139 1. Juni 1443)"
/Users/programming/PycharmProjects/Find_Bibliography_NEw/data/azk_library/sieber-christian__19.pdf;7;work;Fründ (Hans Fründ);\bfr[üu]nd\b;"36 STASZ, Urk. Nr. 424, sowie URStAZ 6, Nr. 8423 Entwurf im StAZH); Fründ, Chronik, S. 30. 37 Fründ, Chronik, S. 30–34, sowie aus Zürcher Op"
/Users/programming/PycharmProjects/Find_Bibliography_NEw/data/azk_library/sieber-christian__19.pdf;7;work;Fründ (Hans Fründ);\bfr[üu]nd\b;"wie URStAZ 6, Nr. 8423 Entwurf im StAZH); Fründ, Chronik, S. 30. 37 Fründ, Chronik, S. 30–34, sowie aus Zürcher Optik) Klingenberger Chronik"
/Users/programming/PycharmProjects/Find_Bibliography_NEw/data/azk_library/sieber-christian__19.pdf;7;work;Tschudi (Aegidius Tschudi, Chronicon Helveticum);\btschudi\b;"atum pro copia» ; Fründ, Chronik, S. 26–29; Bernhard Stettler, in: Tschudi, Chronicon 10, S. 213f., Anm. 80 Nachweis der stilistischen Übera"
/Users/programming/PycharmProjects/Find_Bibliography_NEw/data/azk_library/sieber-christian__19.pdf;7;work;Tschudi (Aegidius Tschudi, Chronicon Helveticum);\btschudi\b;"beitung). 34 So Cod. Sang. 644, S. 65 Fründ, Chronik, S. 63, sowie Tschudi, Chronicon 10, S. 303 2. November 1440); STASZ, Urk. Nr. 449 Absc"
/Users/programming/PycharmProjects/Find_Bibliography_NEw/data/azk_library/sieber-christian__19.pdf;7;work;Tschudi (Aegidius Tschudi, Chronicon Helveticum);\btschudi\b;"2, Nr. 232, Anhang 19. November 1440); STASZ, Urk. Nr. 463, sowie Tschudi, Chronicon 11, S. 112f., und URStAZ 6, Nr. 8910–8911 20. Mai 1443"
/Users/programming/PycharmProjects/Find_Bibliography_NEw/data/azk_library/sieber-christian__19.pdf;7;work;Tschudi (Aegidius Tschudi, Chronicon Helveticum);\btschudi\b;"20. Mai 1443); Cod. Sang. 644, S. 159 Fründ, Chronik, S. 142 sowie Tschudi, Chronicon 11, S. 139 1. Juni 1443). 35 König Sigmund hatte Stüss"
/Users/programming/PycharmProjects/Find_Bibliography_NEw/data/azk_library/sieber-christian__19.pdf;7;work;Klingenberger Chronik;klingenberger\s+chronik;". 30. 37 Fründ, Chronik, S. 30–34, sowie aus Zürcher Optik) Klingenberger Chronik, S. 258f.; Chronik der Stadt Zürich, S. 195f.; URStAZ 6, N"
/Users/programming/PycharmProjects/Find_Bibliography_NEw/data/azk_library/sieber-christian__19.pdf;7;work;Zürcher Stadtchronik;chronik\s+der\s+stadt\s+z[üu]rich;"sowie aus Zürcher Optik) Klingenberger Chronik, S. 258f.; Chronik der Stadt Zürich, S. 195f.; URStAZ 6, Nr. 8428–8429; StAZH, A 29.1 Mappe 3"
/Users/programming/PycharmProjects/Find_Bibliography_NEw/data/azk_library/sieber-christian__19.pdf;7;generic;Chronik/Chroniken;\bchronik(?:en)?\b;hreibens in stilistisch nochmals überarbeiteter Form auch in seine Chronik aufgenommen:33 Alles in allem pflegt Fründ einen sehr sorgfältige
/Users/programming/PycharmProjects/Find_Bibliography_NEw/data/azk_library/sieber-christian__19.pdf;7;generic;Chronik/Chroniken;\bchronik(?:en)?\b;Etzell, wiset aber [d.h. erneut] uff ein absagung» Auch in seiner Chronik geht Fründ auf das Schreiben ein, allerdings nur kurz, denn inhal
/Users/programming/PycharmProjects/Find_Bibliography_NEw/data/azk_library/sieber-christian__19.pdf;7;generic;Chronik/Chroniken;\bchronik(?:en)?\b;"und Gaster, mit Korn, Wein und anderen Lebensmitteln, je 32 Fründ, Chronik, S. 25f. 33 URStAZ 6, Nr. 8422; STASZ, Urk. Nr. 425 mit Überschri"
/Users/programming/PycharmProjects/Find_Bibliography_NEw/data/azk_library/sieber-christian__19.pdf;7;generic;Chronik/Chroniken;\bchronik(?:en)?\b;"22; STASZ, Urk. Nr. 425 mit Überschrift «datum pro copia» ; Fründ, Chronik, S. 26–29; Bernhard Stettler, in: Tschudi, Chronicon 10, S. 213f."
/Users/programming/PycharmProjects/Find_Bibliography_NEw/data/azk_library/sieber-christian__19.pdf;7;generic;Chronik/Chroniken;\bchronik(?:en)?\b;"r stilistischen Überarbeitung). 34 So Cod. Sang. 644, S. 65 Fründ, Chronik, S. 63, sowie Tschudi, Chronicon 10, S. 303 2. November 1440); ST"
/Users/programming/PycharmProjects/Find_Bibliography_NEw/data/azk_library/sieber-christian__19.pdf;7;generic;Chronik/Chroniken;\bchronik(?:en)?\b;"StAZ 6, Nr. 8910–8911 20. Mai 1443); Cod. Sang. 644, S. 159 Fründ, Chronik, S. 142 sowie Tschudi, Chronicon 11, S. 139 1. Juni 1443). 35 Kön"
/Users/programming/PycharmProjects/Find_Bibliography_NEw/data/azk_library/sieber-christian__19.pdf;7;generic;Chronik/Chroniken;\bchronik(?:en)?\b;", Urk. Nr. 424, sowie URStAZ 6, Nr. 8423 Entwurf im StAZH); Fründ, Chronik, S. 30. 37 Fründ, Chronik, S. 30–34, sowie aus Zürcher Optik) Kli"
/Users/programming/PycharmProjects/Find_Bibliography_NEw/data/azk_library/sieber-christian__19.pdf;7;generic;Chronik/Chroniken;\bchronik(?:en)?\b;"AZ 6, Nr. 8423 Entwurf im StAZH); Fründ, Chronik, S. 30. 37 Fründ, Chronik, S. 30–34, sowie aus Zürcher Optik) Klingenberger Chronik, S. 258"
/Users/programming/PycharmProjects/Find_Bibliography_NEw/data/azk_library/sieber-christian__19.pdf;7;generic;Chronik/Chroniken;\bchronik(?:en)?\b;"7 Fründ, Chronik, S. 30–34, sowie aus Zürcher Optik) Klingenberger Chronik, S. 258f.; Chronik der Stadt Zürich, S. 195f.; URStAZ 6, Nr. 8428"
/Users/programming/PycharmProjects/Find_Bibliography_NEw/data/azk_library/sieber-christian__19.pdf;7;generic;Chronik/Chroniken;\bchronik(?:en)?\b;". 30–34, sowie aus Zürcher Optik) Klingenberger Chronik, S. 258f.; Chronik der Stadt Zürich, S. 195f.; URStAZ 6, Nr. 8428–8429; StAZH, A 29."
/Users/programming/PycharmProjects/Find_Bibliography_NEw/data/azk_library/sieber-christian__19.pdf;7;generic;Chronicon/Chronica;\bchronic(?:on|a|orum)\b;"opia» ; Fründ, Chronik, S. 26–29; Bernhard Stettler, in: Tschudi, Chronicon 10, S. 213f., Anm. 80 Nachweis der stilistischen Überarbeitung)."
/Users/programming/PycharmProjects/Find_Bibliography_NEw/data/azk_library/sieber-christian__19.pdf;7;generic;Chronicon/Chronica;\bchronic(?:on|a|orum)\b;"34 So Cod. Sang. 644, S. 65 Fründ, Chronik, S. 63, sowie Tschudi, Chronicon 10, S. 303 2. November 1440); STASZ, Urk. Nr. 449 Abschiede 2, N"
/Users/programming/PycharmProjects/Find_Bibliography_NEw/data/azk_library/sieber-christian__19.pdf;7;generic;Chronicon/Chronica;\bchronic(?:on|a|orum)\b;"2, Anhang 19. November 1440); STASZ, Urk. Nr. 463, sowie Tschudi, Chronicon 11, S. 112f., und URStAZ 6, Nr. 8910–8911 20. Mai 1443); Cod. Sa"
/Users/programming/PycharmProjects/Find_Bibliography_NEw/data/azk_library/sieber-christian__19.pdf;7;generic;Chronicon/Chronica;\bchronic(?:on|a|orum)\b;"43); Cod. Sang. 644, S. 159 Fründ, Chronik, S. 142 sowie Tschudi, Chronicon 11, S. 139 1. Juni 1443). 35 König Sigmund hatte Stüssi im Mai 1"
/Users/programming/PycharmProjects/Find_Bibliography_NEw/data/azk_library/sieber-christian__19.pdf;8;work;Fründ (Hans Fründ);\bfr[üu]nd\b;h vorangehender Auslieferung an den Absender) durch die Schwyzer.40 Fründ hat allerdings den Wortlaut der Kriegserklärung in seine Chronik a
/Users/programming/PycharmProjects/Find_Bibliography_NEw/data/azk_library/sieber-christian__19.pdf;8;work;Fründ (Hans Fründ);\bfr[üu]nd\b;Verbündeten der Schwyzer, die zumindest in einem Fall ebenfalls von Fründ geschrieben worden sind.42 In den zwei Kriegswochen, die auf die K
/Users/programming/PycharmProjects/Find_Bibliography_NEw/data/azk_library/sieber-christian__19.pdf;8;work;Fründ (Hans Fründ);\bfr[üu]nd\b;"erg, rund fünf Kilometer vor den Stadtmauern Zürichs. Landschreiber Fründ blieb ihr Begleiter; sein Bericht über den Kriegszug durch die Zür"
/Users/programming/PycharmProjects/Find_Bibliography_NEw/data/azk_library/sieber-christian__19.pdf;8;work;Fründ (Hans Fründ);\bfr[üu]nd\b;fschlussreich und typisch für die ganze Chronik: Ein Stück weit ist Fründ neutraler und ehrlicher Berichterstatter sowie Augenzeuge und schi
/Users/programming/PycharmProjects/Find_Bibliography_NEw/data/azk_library/sieber-christian__19.pdf;8;work;Fründ (Hans Fründ);\bfr[üu]nd\b;d die Häuser anschliessend in Brand zu stecken. Gleichzeitig ist es Fründ aber ein Anliegen zu betonen, wie Ital Reding als Kommandant energ
/Users/programming/PycharmProjects/Find_Bibliography_NEw/data/azk_library/sieber-christian__19.pdf;8;work;Fründ (Hans Fründ);\bfr[üu]nd\b;– das Dorf Horgen wäre sonst «gantz und gar verbrunnen» versichert Fründ. Und man gewinnt tatsächlich den Eindruck, Reding habe solche Über
/Users/programming/PycharmProjects/Find_Bibliography_NEw/data/azk_library/sieber-christian__19.pdf;8;work;Fründ (Hans Fründ);\bfr[üu]nd\b;, einzulenken und um Friedensverhandlungen zu bitten. Landschreiber Fründ stellte den Zürcher Unterhändlern zu diesem Zweck in Kilchberg ein
/Users/programming/PycharmProjects/Find_Bibliography_NEw/data/azk_library/sieber-christian__19.pdf;8;work;Fründ (Hans Fründ);\bfr[üu]nd\b;"berg»45), den wiederum Ital Reding besiegelte; den Entwurf dazu hat Fründ abermals aufbewahrt und archiviert.46 Gültig war das Geleit bis zu"
/Users/programming/PycharmProjects/Find_Bibliography_NEw/data/azk_library/sieber-christian__19.pdf;8;work;Fründ (Hans Fründ);\bfr[üu]nd\b;andelt wurde, bis der Entwurf für einen Friedensvertrag vorlag, den Fründ anschliessend am18.November in Kilchberg in seiner Feldkanzlei «mi
/Users/programming/PycharmProjects/Find_Bibliography_NEw/data/azk_library/sieber-christian__19.pdf;8;work;Fründ (Hans Fründ);\bfr[üu]nd\b;er Mahnschreiben URStAZ 6, Nr. 8529–8531). 41 Cod. Sang. 644, S. 64 Fründ, Chronik, S. 62f., mit der einleitenden Bemerkung «da schreib ich
/Users/programming/PycharmProjects/Find_Bibliography_NEw/data/azk_library/sieber-christian__19.pdf;8;work;Fründ (Hans Fründ);\bfr[üu]nd\b;k. Nr.444 Entwurf sowie URStAZ 6, Nr. 8625–8627, 8630–8638. 43 Vgl. Fründ, Chronik, S. 69. 44 Cod. Sang. 644, S. 74, 76f. Fründ, Chronik, S.
/Users/programming/PycharmProjects/Find_Bibliography_NEw/data/azk_library/sieber-christian__19.pdf;8;work;Fründ (Hans Fründ);\bfr[üu]nd\b;8638. 43 Vgl. Fründ, Chronik, S. 69. 44 Cod. Sang. 644, S. 74, 76f. Fründ, Chronik, S. 70, 72. 45 Cod. Sang. 644, S. 78 Fründ, Chronik, S. 7
/Users/programming/PycharmProjects/Find_Bibliography_NEw/data/azk_library/sieber-christian__19.pdf;8;work;Fründ (Hans Fründ);\bfr[üu]nd\b;44, S. 74, 76f. Fründ, Chronik, S. 70, 72. 45 Cod. Sang. 644, S. 78 Fründ, Chronik, S. 73. 46 STASZ, Urk. Nr. 449 Abschiede 2, Nr. 232 Origi
/Users/programming/PycharmProjects/Find_Bibliography_NEw/data/azk_library/sieber-christian__19.pdf;8;work;Fründ (Hans Fründ);\bfr[üu]nd\b;2 Original im StAZH nicht mehr vorhanden). 47 Cod. Sang. 644, S. 81 Fründ, Chronik, S. 76.
/Users/programming/PycharmProjects/Find_Bibliography_NEw/data/azk_library/sieber-christian__19.pdf;8;generic;Chronik/Chroniken;\bchronik(?:en)?\b;.40 Fründ hat allerdings den Wortlaut der Kriegserklärung in seine Chronik aufgenommen, über die das wichtige Dokument wenigstens abschriftl
/Users/programming/PycharmProjects/Find_Bibliography_NEw/data/azk_library/sieber-christian__19.pdf;8;generic;Chronik/Chroniken;\bchronik(?:en)?\b;dschaft ist dabei höchst aufschlussreich und typisch für die ganze Chronik: Ein Stück weit ist Fründ neutraler und ehrlicher Berichterstatte
/Users/programming/PycharmProjects/Find_Bibliography_NEw/data/azk_library/sieber-christian__19.pdf;8;generic;Chronik/Chroniken;\bchronik(?:en)?\b;chreiben URStAZ 6, Nr. 8529–8531). 41 Cod. Sang. 644, S. 64 Fründ, Chronik, S. 62f., mit der einleitenden Bemerkung «da schreib ich die absa
/Users/programming/PycharmProjects/Find_Bibliography_NEw/data/azk_library/sieber-christian__19.pdf;8;generic;Chronik/Chroniken;\bchronik(?:en)?\b;4 Entwurf sowie URStAZ 6, Nr. 8625–8627, 8630–8638. 43 Vgl. Fründ, Chronik, S. 69. 44 Cod. Sang. 644, S. 74, 76f. Fründ, Chronik, S. 70, 72.
/Users/programming/PycharmProjects/Find_Bibliography_NEw/data/azk_library/sieber-christian__19.pdf;8;generic;Chronik/Chroniken;\bchronik(?:en)?\b;Vgl. Fründ, Chronik, S. 69. 44 Cod. Sang. 644, S. 74, 76f. Fründ, Chronik, S. 70, 72. 45 Cod. Sang. 644, S. 78 Fründ, Chronik, S. 73. 46 ST
/Users/programming/PycharmProjects/Find_Bibliography_NEw/data/azk_library/sieber-christian__19.pdf;8;generic;Chronik/Chroniken;\bchronik(?:en)?\b;4, 76f. Fründ, Chronik, S. 70, 72. 45 Cod. Sang. 644, S. 78 Fründ, Chronik, S. 73. 46 STASZ, Urk. Nr. 449 Abschiede 2, Nr. 232 Original im S
/Users/programming/PycharmProjects/Find_Bibliography_NEw/data/azk_library/sieber-christian__19.pdf;8;generic;Chronik/Chroniken;\bchronik(?:en)?\b;al im StAZH nicht mehr vorhanden). 47 Cod. Sang. 644, S. 81 Fründ, Chronik, S. 76.
/Users/programming/PycharmProjects/Find_Bibliography_NEw/data/azk_library/sieber-christian__19.pdf;9;work;Fründ (Hans Fründ);\bfr[üu]nd\b;übernommen, verbunden mit einem Kommentar, der annehmenlässt, dass Fründ den Friedensvertrag inhaltlich massgeblich mitgestaltet hat. Sowoh
/Users/programming/PycharmProjects/Find_Bibliography_NEw/data/azk_library/sieber-christian__19.pdf;9;work;Fründ (Hans Fründ);\bfr[üu]nd\b;rger Friede in die Geschichtsbücher eingegangen ist, hat dann nicht Fründ im Feld ausgefertigt, sondern am 1. Dezember 1440 ein Schreiber in
/Users/programming/PycharmProjects/Find_Bibliography_NEw/data/azk_library/sieber-christian__19.pdf;9;work;Fründ (Hans Fründ);\bfr[üu]nd\b;te, notariell beglaubigte Kopie des Vertrags hat dann Landschreiber Fründ im April 1441 noch selber ausgefertigt – ein weiteres Beispiel für
/Users/programming/PycharmProjects/Find_Bibliography_NEw/data/azk_library/sieber-christian__19.pdf;9;work;Fründ (Hans Fründ);\bfr[üu]nd\b;Dass er zwei Jahre später von neuem ausbrechen würde, war auch für Fründ nicht absehbar, wie er später eingestanden hat.51 Er beendete sein
/Users/programming/PycharmProjects/Find_Bibliography_NEw/data/azk_library/sieber-christian__19.pdf;9;work;Fründ (Hans Fründ);\bfr[üu]nd\b;dem Vidimus des Kilchberger Friedens kein schriftliches Zeugnis von Fründ überliefert. Die durch die juristischen Auseinandersetzungen, den
/Users/programming/PycharmProjects/Find_Bibliography_NEw/data/azk_library/sieber-christian__19.pdf;9;work;Fründ (Hans Fründ);\bfr[üu]nd\b;neue Reichsoberhaupt 1442 Irgendwann im Verlauf des Jahres 1442 hat Fründ seine an sich abgeschlossene Chronik wieder hervorgeholt, weil ein
/Users/programming/PycharmProjects/Find_Bibliography_NEw/data/azk_library/sieber-christian__19.pdf;9;work;Fründ (Hans Fründ);\bfr[üu]nd\b;"burg und Innsbruck be- 48 URStAZ 6, Nr. 8646; Cod. Sang. 644, S. 79 Fründ, Chronik, S. 74 «vormals ungehorsam» bzw. «wurdent gehorsam gemach"
/Users/programming/PycharmProjects/Find_Bibliography_NEw/data/azk_library/sieber-christian__19.pdf;9;work;Fründ (Hans Fründ);\bfr[üu]nd\b;ASZ, Urk. Nr. 451. 50 URStAZ 6, Nr. 8674. 51 Cod. Sang. 644, S. 275 Fründ, Chronik, S. 250: «Dann am anfang des kriegs, alls die von Zürich
/Users/programming/PycharmProjects/Find_Bibliography_NEw/data/azk_library/sieber-christian__19.pdf;9;work;Fründ (Hans Fründ);\bfr[üu]nd\b;htet] wurdent, so söllt es ein end haben.» 52 Cod. Sang. 644, S. 93 Fründ, Chronik, S. 86. Eine Anrufung von Gott und Maria sowie der Dreifa
/Users/programming/PycharmProjects/Find_Bibliography_NEw/data/azk_library/sieber-christian__19.pdf;9;work;Fründ (Hans Fründ);\bfr[üu]nd\b;chluss von Fründs Berichtüber die Hexenverfolgungen im Wallis, vgl. Fründ, Rapport, S. 44. 53 Vgl. dazu Stettler, Pfäffikon und Wollerau, S.
/Users/programming/PycharmProjects/Find_Bibliography_NEw/data/azk_library/sieber-christian__19.pdf;9;generic;Chronik/Chroniken;\bchronik(?:en)?\b;Form gebracht hat. Etwas später hat er den Wortlaut auch in seine Chronik übernommen, verbunden mit einem Kommentar, der annehmenlässt, das
/Users/programming/PycharmProjects/Find_Bibliography_NEw/data/azk_library/sieber-christian__19.pdf;9;generic;Chronik/Chroniken;\bchronik(?:en)?\b;im Verlauf des Jahres 1442 hat Fründ seine an sich abgeschlossene Chronik wieder hervorgeholt, weil ein neuer Konflikt mit Zürich drohte. D
/Users/programming/PycharmProjects/Find_Bibliography_NEw/data/azk_library/sieber-christian__19.pdf;9;generic;Chronik/Chroniken;\bchronik(?:en)?\b;"Innsbruck be- 48 URStAZ 6, Nr. 8646; Cod. Sang. 644, S. 79 Fründ, Chronik, S. 74 «vormals ungehorsam» bzw. «wurdent gehorsam gemachet» 49 U"
/Users/programming/PycharmProjects/Find_Bibliography_NEw/data/azk_library/sieber-christian__19.pdf;9;generic;Chronik/Chroniken;\bchronik(?:en)?\b;. Nr. 451. 50 URStAZ 6, Nr. 8674. 51 Cod. Sang. 644, S. 275 Fründ, Chronik, S. 250: «Dann am anfang des kriegs, alls die von Zürich und die
/Users/programming/PycharmProjects/Find_Bibliography_NEw/data/azk_library/sieber-christian__19.pdf;9;generic;Chronik/Chroniken;\bchronik(?:en)?\b;rdent, so söllt es ein end haben.» 52 Cod. Sang. 644, S. 93 Fründ, Chronik, S. 86. Eine Anrufung von Gott und Maria sowie der Dreifaltigkeit
/Users/programming/PycharmProjects/Find_Bibliography_NEw/data/azk_library/sieber-christian__19.pdf;10;work;Fründ (Hans Fründ);\bfr[üu]nd\b;"251. Einziger Beleg für die Teilnahme Redings: URStAZ 6, Nr. 8800; Fründ erwähnt Reding in seinem Bericht über die Verhandlungen in Frankfu"
/Users/programming/PycharmProjects/Find_Bibliography_NEw/data/azk_library/sieber-christian__19.pdf;10;work;Fründ (Hans Fründ);\bfr[üu]nd\b;Bericht über die Verhandlungen in Frankfurt nicht namentlich, vgl. Fründ, Chronik, S. 91–93, 110.Die 70-tägige Reise des Solothurner Schult
/Users/programming/PycharmProjects/Find_Bibliography_NEw/data/azk_library/sieber-christian__19.pdf;10;work;Tschudi (Aegidius Tschudi, Chronicon Helveticum);\btschudi\b;"Privilegienbestätigung. 60 Stettler, Zürichs Ausscheren, S. 41*f.; Tschudi, Chronicon 11, S. 47f. Nach KriegsausbruchhatFriedrichIII. die Pr"
/Users/programming/PycharmProjects/Find_Bibliography_NEw/data/azk_library/sieber-christian__19.pdf;10;generic;Chronik/Chroniken;\bchronik(?:en)?\b;über die Verhandlungen in Frankfurt nicht namentlich, vgl. Fründ, Chronik, S. 91–93, 110.Die 70-tägige Reise des Solothurner Schultheissen
/Users/programming/PycharmProjects/Find_Bibliography_NEw/data/azk_library/sieber-christian__19.pdf;10;generic;Chronicon/Chronica;\bchronic(?:on|a|orum)\b;"nbestätigung. 60 Stettler, Zürichs Ausscheren, S. 41*f.; Tschudi, Chronicon 11, S. 47f. Nach KriegsausbruchhatFriedrichIII. die Privilegienb"
/Users/programming/PycharmProjects/Find_Bibliography_NEw/data/azk_library/sieber-christian__19.pdf;11;work;Fründ (Hans Fründ);\bfr[üu]nd\b;übrigen Orten hingegen – obwohl in den Worten von Fründ «getrüwe gehorsame undertanen deß heilgen römischen richs» – verweigerte sie der Kön
/Users/programming/PycharmProjects/Find_Bibliography_NEw/data/azk_library/sieber-christian__19.pdf;11;work;Fründ (Hans Fründ);\bfr[üu]nd\b;hsgerichtliches Verfahren) sogar ein drittes Mal, wie Landschreiber Fründ in seiner Chronik entrüstet festhält.61 Die von Fründ archivierte
/Users/programming/PycharmProjects/Find_Bibliography_NEw/data/azk_library/sieber-christian__19.pdf;11;work;Fründ (Hans Fründ);\bfr[üu]nd\b;Landschreiber Fründ in seiner Chronik entrüstet festhält.61 Die von Fründ archivierte Geleitzusage des Königs für die letzte Verhandlungsrun
/Users/programming/PycharmProjects/Find_Bibliography_NEw/data/azk_library/sieber-christian__19.pdf;11;work;Fründ (Hans Fründ);\bfr[üu]nd\b;spiele für ein wichtiges Geschehen des Alten Zürichkriegs, über das Fründ für einmal nicht als Augenzeuge berichten kann,64 sondern bei dem
/Users/programming/PycharmProjects/Find_Bibliography_NEw/data/azk_library/sieber-christian__19.pdf;11;work;Fründ (Hans Fründ);\bfr[üu]nd\b;"4 sondern bei dem er auf Informationen Dritter angewiesen ist. Auch Fründ konnte selbstverständlich nicht überall persönlich dabei sein; die"
/Users/programming/PycharmProjects/Find_Bibliography_NEw/data/azk_library/sieber-christian__19.pdf;11;work;Fründ (Hans Fründ);\bfr[üu]nd\b;an der Birs 1444 und von Ragaz 1446 sind weitere Beispiele hierfür. Fründ ist aber einmal mehr ehrlich und exakt genug, seine Distanz zum Ge
/Users/programming/PycharmProjects/Find_Bibliography_NEw/data/azk_library/sieber-christian__19.pdf;11;work;Fründ (Hans Fründ);\bfr[üu]nd\b;"sen stattdessen anlässlich einer Tagsatzung nur zu verlesen.66 Auch Fründ blieb so der Zugang zum genauen Wortlaut verwehrt; erst fünf Jahre"
/Users/programming/PycharmProjects/Find_Bibliography_NEw/data/azk_library/sieber-christian__19.pdf;11;work;Fründ (Hans Fründ);\bfr[üu]nd\b;s offiziellen MahnschreibensderSchwyzer, verfasst von Landschreiber Fründ, und als Reaktion darauf einer ablehnenden Antwort der Zürcher, ve
/Users/programming/PycharmProjects/Find_Bibliography_NEw/data/azk_library/sieber-christian__19.pdf;11;work;Fründ (Hans Fründ);\bfr[üu]nd\b;am 20. Mai 1443 um 3 Uhr nachmittags mit je einer von Landschreiber Fründ verfassten Kriegserklärung an Zürich und an die Herrschaft Österre
/Users/programming/PycharmProjects/Find_Bibliography_NEw/data/azk_library/sieber-christian__19.pdf;11;work;Fründ (Hans Fründ);\bfr[üu]nd\b;Kriegserklärung an Zürich und an die Herrschaft Österreich – wobei Fründ als ehrlicher Insider festhält, dass dies «ane [d.h. ohne]rat der
/Users/programming/PycharmProjects/Find_Bibliography_NEw/data/azk_library/sieber-christian__19.pdf;11;work;Fründ (Hans Fründ);\bfr[üu]nd\b;t der beiden Schwyzer Kriegserklärungen verdanken wir erneut allein Fründ, der 61 Fründ, Chronik, S. 94, 109f. Zitat: Cod. Sang. 644, S. 121
/Users/programming/PycharmProjects/Find_Bibliography_NEw/data/azk_library/sieber-christian__19.pdf;11;work;Fründ (Hans Fründ);\bfr[üu]nd\b;chwyzer Kriegserklärungen verdanken wir erneut allein Fründ, der 61 Fründ, Chronik, S. 94, 109f. Zitat: Cod. Sang. 644, S. 121), 121f. Nach
/Users/programming/PycharmProjects/Find_Bibliography_NEw/data/azk_library/sieber-christian__19.pdf;11;work;Fründ (Hans Fründ);\bfr[üu]nd\b;. 5, Anm. 3. 63 STASZ, Urk. Nr. 857a. 64 Vgl. Cod. Sang. 644, S. 96 Fründ, Chronik, S. 90, über den Inhalt der Verhandlungen der Zürcher: «d
/Users/programming/PycharmProjects/Find_Bibliography_NEw/data/azk_library/sieber-christian__19.pdf;11;work;Fründ (Hans Fründ);\bfr[üu]nd\b;erhandlungen der Zürcher: «das habich weder gesehen noch gehört» 65 Fründ, Chronik, S. 1f. Zitat: Cod. Sang. 644, S. 3) und 224 Zitat: Cod.
/Users/programming/PycharmProjects/Find_Bibliography_NEw/data/azk_library/sieber-christian__19.pdf;11;work;Fründ (Hans Fründ);\bfr[üu]nd\b;"gl. Stettler, Fründs Darstellung, S. 124*f.; Cod. Sang. 644, S. 104 Fründ, Chronik, S. 97. 68 STASZ, Urk. Nr. 460 Abbildung: Sieber, Einsied"
/Users/programming/PycharmProjects/Find_Bibliography_NEw/data/azk_library/sieber-christian__19.pdf;11;work;Klingenberger Chronik;klingenberger\s+chronik;S. 94, 109f. Zitat: Cod. Sang. 644, S. 121), 121f. Nach der Klingenberger Chronik, S. 291–293, war in Konstanz der Berner Ulrich von Erlach
/Users/programming/PycharmProjects/Find_Bibliography_NEw/data/azk_library/sieber-christian__19.pdf;11;work;Klingenberger Chronik;klingenberger\s+chronik;"n an der Birß, der sy half begraben und bestattnen» 66 Vgl. Klingenberger Chronik, S. 287. 67 Vgl. Stettler, Fründs Darstellung, S. 124*f.;"
/Users/programming/PycharmProjects/Find_Bibliography_NEw/data/azk_library/sieber-christian__19.pdf;11;generic;Chronik/Chroniken;\bchronik(?:en)?\b;erfahren) sogar ein drittes Mal, wie Landschreiber Fründ in seiner Chronik entrüstet festhält.61 Die von Fründ archivierte Geleitzusage des
/Users/programming/PycharmProjects/Find_Bibliography_NEw/data/azk_library/sieber-christian__19.pdf;11;generic;Chronik/Chroniken;\bchronik(?:en)?\b;"n endlich eine Abschrift verschaffen, die er nachträglich in seine Chronik übernommen und korrekt als «copia» bezeichnet hat;67 das Original"
/Users/programming/PycharmProjects/Find_Bibliography_NEw/data/azk_library/sieber-christian__19.pdf;11;generic;Chronik/Chroniken;\bchronik(?:en)?\b;Kriegserklärungen verdanken wir erneut allein Fründ, der 61 Fründ, Chronik, S. 94, 109f. Zitat: Cod. Sang. 644, S. 121), 121f. Nach der Klin
/Users/programming/PycharmProjects/Find_Bibliography_NEw/data/azk_library/sieber-christian__19.pdf;11;generic;Chronik/Chroniken;\bchronik(?:en)?\b;109f. Zitat: Cod. Sang. 644, S. 121), 121f. Nach der Klingenberger Chronik, S. 291–293, war in Konstanz der Berner Ulrich von Erlach Spreche
/Users/programming/PycharmProjects/Find_Bibliography_NEw/data/azk_library/sieber-christian__19.pdf;11;generic;Chronik/Chroniken;\bchronik(?:en)?\b;. 3. 63 STASZ, Urk. Nr. 857a. 64 Vgl. Cod. Sang. 644, S. 96 Fründ, Chronik, S. 90, über den Inhalt der Verhandlungen der Zürcher: «das habic
/Users/programming/PycharmProjects/Find_Bibliography_NEw/data/azk_library/sieber-christian__19.pdf;11;generic;Chronik/Chroniken;\bchronik(?:en)?\b;ngen der Zürcher: «das habich weder gesehen noch gehört» 65 Fründ, Chronik, S. 1f. Zitat: Cod. Sang. 644, S. 3) und 224 Zitat: Cod. Sang. 64
/Users/programming/PycharmProjects/Find_Bibliography_NEw/data/azk_library/sieber-christian__19.pdf;11;generic;Chronik/Chroniken;\bchronik(?:en)?\b;"r Birß, der sy half begraben und bestattnen» 66 Vgl. Klingenberger Chronik, S. 287. 67 Vgl. Stettler, Fründs Darstellung, S. 124*f.; Cod. Sa"
/Users/programming/PycharmProjects/Find_Bibliography_NEw/data/azk_library/sieber-christian__19.pdf;11;generic;Chronik/Chroniken;\bchronik(?:en)?\b;"tler, Fründs Darstellung, S. 124*f.; Cod. Sang. 644, S. 104 Fründ, Chronik, S. 97. 68 STASZ, Urk. Nr. 460 Abbildung: Sieber, Einsiedeln, S."
/Users/programming/PycharmProjects/Find_Bibliography_NEw/data/azk_library/sieber-christian__19.pdf;12;work;Fründ (Hans Fründ);\bfr[üu]nd\b;ger ist bis heute zwar kein Original dieses Schreibens aufgetaucht, Fründ überliefert es aber, adressiert an die Reichsstadt Ulm, in seiner
/Users/programming/PycharmProjects/Find_Bibliography_NEw/data/azk_library/sieber-christian__19.pdf;12;work;Fründ (Hans Fründ);\bfr[üu]nd\b;chte des Konflikts, sondern gehen weit in die Vergangenheit zurück. Fründ erklärt, wie die Schwyzer seit jeher reichstreu gewesen seien und
/Users/programming/PycharmProjects/Find_Bibliography_NEw/data/azk_library/sieber-christian__19.pdf;12;work;Fründ (Hans Fründ);\bfr[üu]nd\b;ang solcher Argumentation aber steht kein anderer als Landschreiber Fründ mit seiner Rechtfertigung des Schwyzer Standpunkts im Alten Zürich
/Users/programming/PycharmProjects/Find_Bibliography_NEw/data/azk_library/sieber-christian__19.pdf;12;work;Fründ (Hans Fründ);\bfr[üu]nd\b;einer Rechtfertigung des Schwyzer Standpunkts im Alten Zürichkrieg. Fründ hat aus früheren Auseinandersetzungen mit der Herrschaft Österreic
/Users/programming/PycharmProjects/Find_Bibliography_NEw/data/azk_library/sieber-christian__19.pdf;12;work;Fründ (Hans Fründ);\bfr[üu]nd\b;73 Von einem Skandal «ungehört sach» sprachen damals die Zürcher.74 Fründ zieht auch an anderen Stellen seiner Chronik die Geschichte als Ar
/Users/programming/PycharmProjects/Find_Bibliography_NEw/data/azk_library/sieber-christian__19.pdf;12;work;Fründ (Hans Fründ);\bfr[üu]nd\b;st. Nur den Bundesbrief von 1291 sucht man in der Argumentation von Fründ vergeblich, obwohl die Urkunde ausgerechnet in jenem Archiv lag, d
/Users/programming/PycharmProjects/Find_Bibliography_NEw/data/azk_library/sieber-christian__19.pdf;12;work;Fründ (Hans Fründ);\bfr[üu]nd\b;r konkreten Jahresangabe sind die Anfänge der Eidgenossenschaft bei Fründ aber ebenso wenig versehen wie knapp dreissig Jahre später in der
/Users/programming/PycharmProjects/Find_Bibliography_NEw/data/azk_library/sieber-christian__19.pdf;12;work;Fründ (Hans Fründ);\bfr[üu]nd\b;alregest von einer Hand des 15. Jahrhunderts, die durchaus jene von Fründ sein könnte und auch bei anderen Urkunden anzutreffen ist. Wie wei
/Users/programming/PycharmProjects/Find_Bibliography_NEw/data/azk_library/sieber-christian__19.pdf;12;work;Fründ (Hans Fründ);\bfr[üu]nd\b;"z sind77 –, müsste 69 STASZ, Urk. Nr. 463 mit Überschrift «copia» ; Fründ, Chronik, S. 126,130 Zitate: Cod. Sang.644, S. 139,143)sowieTschud"
/Users/programming/PycharmProjects/Find_Bibliography_NEw/data/azk_library/sieber-christian__19.pdf;12;work;Fründ (Hans Fründ);\bfr[üu]nd\b;"1, S. 112f., und URStAZ 6, Nr. 8910–8911. 70 URStAZ 6, Nr. 8913. 71 Fründ, Chronik, S. 120–125, sowie Tschudi, Chronicon 11, S. 105–109; vgl"
/Users/programming/PycharmProjects/Find_Bibliography_NEw/data/azk_library/sieber-christian__19.pdf;12;work;Fründ (Hans Fründ);\bfr[üu]nd\b;Juni 1437). 74 URStAZ 6, Nr. 8352 sowie Nr. 8063, 8071, 8085, 8191. Fründ schweigt in seiner Chronik hierzu, obwohl er damals bereits Landsc
/Users/programming/PycharmProjects/Find_Bibliography_NEw/data/azk_library/sieber-christian__19.pdf;12;work;Fründ (Hans Fründ);\bfr[üu]nd\b;"iner Chronik hierzu, obwohl er damals bereits Landschreiber war. 75 Fründ, Chronik, S. 108. 76 STASZ, Urk. Nr. 27; QW 1/1, Nr. 1681 Foto des"
/Users/programming/PycharmProjects/Find_Bibliography_NEw/data/azk_library/sieber-christian__19.pdf;12;work;Tschudi (Aegidius Tschudi, Chronicon Helveticum);\btschudi\b;"–8911. 70 URStAZ 6, Nr. 8913. 71 Fründ, Chronik, S. 120–125, sowie Tschudi, Chronicon 11, S. 105–109; vgl. auch Dettling/Horat/Kessler/Lando"
/Users/programming/PycharmProjects/Find_Bibliography_NEw/data/azk_library/sieber-christian__19.pdf;12;generic;Chronik/Chroniken;\bchronik(?:en)?\b;21 seine Entwürfe archiviert und die bereinigten Texte in seine Chronik aufgenommen hat.69 Die Originale wurden nach Kriegsende im Rahmen de
/Users/programming/PycharmProjects/Find_Bibliography_NEw/data/azk_library/sieber-christian__19.pdf;12;generic;Chronik/Chroniken;\bchronik(?:en)?\b;überliefert es aber, adressiert an die Reichsstadt Ulm, in seiner Chronik.71 Er hat es zweifellos auch konzipiert, verfasst und in zahlreic
/Users/programming/PycharmProjects/Find_Bibliography_NEw/data/azk_library/sieber-christian__19.pdf;12;generic;Chronik/Chroniken;\bchronik(?:en)?\b;n damals die Zürcher.74 Fründ zieht auch an anderen Stellen seiner Chronik die Geschichte als Argument heran, beispielsweise, wenn er im Ans
/Users/programming/PycharmProjects/Find_Bibliography_NEw/data/azk_library/sieber-christian__19.pdf;12;generic;Chronik/Chroniken;\bchronik(?:en)?\b;"–, müsste 69 STASZ, Urk. Nr. 463 mit Überschrift «copia» ; Fründ, Chronik, S. 126,130 Zitate: Cod. Sang.644, S. 139,143)sowieTschudi, Chron"
/Users/programming/PycharmProjects/Find_Bibliography_NEw/data/azk_library/sieber-christian__19.pdf;12;generic;Chronik/Chroniken;\bchronik(?:en)?\b;"2f., und URStAZ 6, Nr. 8910–8911. 70 URStAZ 6, Nr. 8913. 71 Fründ, Chronik, S. 120–125, sowie Tschudi, Chronicon 11, S. 105–109; vgl. auch D"
/Users/programming/PycharmProjects/Find_Bibliography_NEw/data/azk_library/sieber-christian__19.pdf;12;generic;Chronik/Chroniken;\bchronik(?:en)?\b;r. 8352 sowie Nr. 8063, 8071, 8085, 8191. Fründ schweigt in seiner Chronik hierzu, obwohl er damals bereits Landschreiber war. 75 Fründ, Chr
/Users/programming/PycharmProjects/Find_Bibliography_NEw/data/azk_library/sieber-christian__19.pdf;12;generic;Chronik/Chroniken;\bchronik(?:en)?\b;"onik hierzu, obwohl er damals bereits Landschreiber war. 75 Fründ, Chronik, S. 108. 76 STASZ, Urk. Nr. 27; QW 1/1, Nr. 1681 Foto des Dorsual"
/Users/programming/PycharmProjects/Find_Bibliography_NEw/data/azk_library/sieber-christian__19.pdf;12;generic;Chronicon/Chronica;\bchronic(?:on|a|orum)\b;ronik, S. 126,130 Zitate: Cod. Sang.644, S. 139,143)sowieTschudi, Chronicon 11, S. 112f., und URStAZ 6, Nr. 8910–8911. 70 URStAZ 6, Nr. 8913
/Users/programming/PycharmProjects/Find_Bibliography_NEw/data/azk_library/sieber-christian__19.pdf;12;generic;Chronicon/Chronica;\bchronic(?:on|a|orum)\b;"URStAZ 6, Nr. 8913. 71 Fründ, Chronik, S. 120–125, sowie Tschudi, Chronicon 11, S. 105–109; vgl. auch Dettling/Horat/Kessler/Landolt/Michel,"
/Users/programming/PycharmProjects/Find_Bibliography_NEw/data/azk_library/sieber-christian__19.pdf;13;work;Fründ (Hans Fründ);\bfr[üu]nd\b;2 Franz Anton Frischherz 1724 angelegt hat.78 Nach Kriegsbeginn hat Fründ weitere Rechtfertigungsschreiben verfasst – oder war als «schriber
/Users/programming/PycharmProjects/Find_Bibliography_NEw/data/azk_library/sieber-christian__19.pdf;13;work;Fründ (Hans Fründ);\bfr[üu]nd\b;res Gebiets eine in diesem Ausmass bisher nicht gekannte Beachtung. Fründ hat dabeidas Bild wesentlich mitgeprägt, das man sich namentlich i
/Users/programming/PycharmProjects/Find_Bibliography_NEw/data/azk_library/sieber-christian__19.pdf;13;work;Fründ (Hans Fründ);\bfr[üu]nd\b;erkennung der führenden Rolle von Schwyz im ganzen Konflikt, an der Fründ als «Chefideologe» einen nicht geringen Anteil hatte. Fründ war es
/Users/programming/PycharmProjects/Find_Bibliography_NEw/data/azk_library/sieber-christian__19.pdf;13;work;Fründ (Hans Fründ);\bfr[üu]nd\b;an der Fründ als «Chefideologe» einen nicht geringen Anteil hatte. Fründ war es, der den Schwyzer Rechtsstandpunkt ausformuliert und in ein
/Users/programming/PycharmProjects/Find_Bibliography_NEw/data/azk_library/sieber-christian__19.pdf;13;work;Fründ (Hans Fründ);\bfr[üu]nd\b;n in eine ähnliche Richtung gearbeitet haben. Derart gut fassen wie Fründ lässt sich aber keiner von ihnen während des Alten Zürichkriegs.84
/Users/programming/PycharmProjects/Find_Bibliography_NEw/data/azk_library/sieber-christian__19.pdf;13;work;Fründ (Hans Fründ);\bfr[üu]nd\b;seite fehlte eindeutig ein ebenso versierter und begabter Mann, wie Fründ es war. Ausserdem hatten sie den Nachteil, dass sie militärisch er
/Users/programming/PycharmProjects/Find_Bibliography_NEw/data/azk_library/sieber-christian__19.pdf;13;work;Fründ (Hans Fründ);\bfr[üu]nd\b;, S. 87, mit weiterführender Lite¬ ratur. 79 Cod. Sang. 644, S. 248 Fründ, Chronik, S. 224. 80 Vgl.zu diesen Fragen Sieber, Opfer, S. 73–76,
/Users/programming/PycharmProjects/Find_Bibliography_NEw/data/azk_library/sieber-christian__19.pdf;13;work;Fründ (Hans Fründ);\bfr[üu]nd\b;ruppen anlässlich der Belagerung von Grüningen stattgefunden haben. Fründ berichtet nur über einen anderen Vermittlungsversuch des Konzils v
/Users/programming/PycharmProjects/Find_Bibliography_NEw/data/azk_library/sieber-christian__19.pdf;13;work;Fründ (Hans Fründ);\bfr[üu]nd\b;ersuch des Konzils von Basel im Juli 1443 im Feldlager bei Hedingen Fründ, Chronik, S. 152f.). 83 Vgl. Bernhard Stettler, in: Tschudi, Chron
/Users/programming/PycharmProjects/Find_Bibliography_NEw/data/azk_library/sieber-christian__19.pdf;13;work;Tschudi (Aegidius Tschudi, Chronicon Helveticum);\btschudi\b;"Hedingen Fründ, Chronik, S. 152f.). 83 Vgl. Bernhard Stettler, in: Tschudi, Chronicon 11, S. 437f.; Sieber, Reichsstadt Zürich, S. 491. 84 Z"
/Users/programming/PycharmProjects/Find_Bibliography_NEw/data/azk_library/sieber-christian__19.pdf;13;work;Etterlin (Petermann Etterlin);\betterlin\b;ünds Amtskollegen, die Stadt- und Landschreiber von Luzern Egloff Etterlin sowie Johannes Etterlin), Uri Hans Kempf und dann HansPüntener),
/Users/programming/PycharmProjects/Find_Bibliography_NEw/data/azk_library/sieber-christian__19.pdf;13;work;Etterlin (Petermann Etterlin);\betterlin\b;tadt- und Landschreiber von Luzern Egloff Etterlin sowie Johannes Etterlin), Uri Hans Kempf und dann HansPüntener), Obwalden Hans Schriber),
/Users/programming/PycharmProjects/Find_Bibliography_NEw/data/azk_library/sieber-christian__19.pdf;13;work;Etterlin (Petermann Etterlin);\betterlin\b;"1, S. 437f.; Sieber, Reichsstadt Zürich, S. 491. 84 Zu den beiden Etterlin in Luzern vgl. Wanner, Schreiber, S.13; SSRQ Luzern1/2, S.XXXIV;"
/Users/programming/PycharmProjects/Find_Bibliography_NEw/data/azk_library/sieber-christian__19.pdf;13;generic;Chronik/Chroniken;\bchronik(?:en)?\b;mit weiterführender Lite¬ ratur. 79 Cod. Sang. 644, S. 248 Fründ, Chronik, S. 224. 80 Vgl.zu diesen Fragen Sieber, Opfer, S. 73–76,undLando
/Users/programming/PycharmProjects/Find_Bibliography_NEw/data/azk_library/sieber-christian__19.pdf;13;generic;Chronik/Chroniken;\bchronik(?:en)?\b;es Konzils von Basel im Juli 1443 im Feldlager bei Hedingen Fründ, Chronik, S. 152f.). 83 Vgl. Bernhard Stettler, in: Tschudi, Chronicon 11,
/Users/programming/PycharmProjects/Find_Bibliography_NEw/data/azk_library/sieber-christian__19.pdf;13;generic;Chronicon/Chronica;\bchronic(?:on|a|orum)\b;"ründ, Chronik, S. 152f.). 83 Vgl. Bernhard Stettler, in: Tschudi, Chronicon 11, S. 437f.; Sieber, Reichsstadt Zürich, S. 491. 84 Zu den beid"
/Users/programming/PycharmProjects/Find_Bibliography_NEw/data/azk_library/sieber-christian__19.pdf;13;generic;Historia/Historiae;\bhistori[ae]\b;, S. 73–76,undLandolt, Kriegsver¬ brechen, S. 99–111. 81 Segovia, Historia 3, S. 1306. 82 Die Begegnung muss aufgrund der Datierung und der
/Users/programming/PycharmProjects/Find_Bibliography_NEw/data/azk_library/sieber-christian__19.pdf;14;work;Fründ (Hans Fründ);\bfr[üu]nd\b;byberg sowie den anderen Eidgenossen auf ihrer Seite. Landschreiber Fründ ist einmal mehr hautnah dabei und überliefert von allen Augenzeuge
/Users/programming/PycharmProjects/Find_Bibliography_NEw/data/azk_library/sieber-christian__19.pdf;14;work;Fründ (Hans Fründ);\bfr[üu]nd\b;wie er im 19. Jahrhundert bildlich dargestellt worden ist,87 weiss Fründ allerdings nichts zu berichten. Dafür listet er einige prominente
/Users/programming/PycharmProjects/Find_Bibliography_NEw/data/azk_library/sieber-christian__19.pdf;14;work;Fründ (Hans Fründ);\bfr[üu]nd\b;inente Gefallene auf Zürcher 85 Vgl. Sieber, Stüssi und Stebler. 86 Fründ, Chronik, S. 153–159 Zitat: Fründ, Chronik, S. 158 Cod. Sang. 644,
/Users/programming/PycharmProjects/Find_Bibliography_NEw/data/azk_library/sieber-christian__19.pdf;14;work;Fründ (Hans Fründ);\bfr[üu]nd\b;"l. Sieber, Stüssi und Stebler. 86 Fründ, Chronik, S. 153–159 Zitat: Fründ, Chronik, S. 158 Cod. Sang. 644, S. 178); Informanten aus Zürich a"
/Users/programming/PycharmProjects/Find_Bibliography_NEw/data/azk_library/sieber-christian__19.pdf;14;work;Fründ (Hans Fründ);\bfr[üu]nd\b;"58 Cod. Sang. 644, S. 178); Informanten aus Zürich auch erwähnt bei Fründ, Chronik, S. 133, 140 und 156. 87 STASZ, Graphische Sammlung, Nr."
/Users/programming/PycharmProjects/Find_Bibliography_NEw/data/azk_library/sieber-christian__19.pdf;14;generic;Chronik/Chroniken;\bchronik(?:en)?\b;efallene auf Zürcher 85 Vgl. Sieber, Stüssi und Stebler. 86 Fründ, Chronik, S. 153–159 Zitat: Fründ, Chronik, S. 158 Cod. Sang. 644, S. 178)
/Users/programming/PycharmProjects/Find_Bibliography_NEw/data/azk_library/sieber-christian__19.pdf;14;generic;Chronik/Chroniken;\bchronik(?:en)?\b;"r, Stüssi und Stebler. 86 Fründ, Chronik, S. 153–159 Zitat: Fründ, Chronik, S. 158 Cod. Sang. 644, S. 178); Informanten aus Zürich auch erwä"
/Users/programming/PycharmProjects/Find_Bibliography_NEw/data/azk_library/sieber-christian__19.pdf;14;generic;Chronik/Chroniken;\bchronik(?:en)?\b;"Sang. 644, S. 178); Informanten aus Zürich auch erwähnt bei Fründ, Chronik, S. 133, 140 und 156. 87 STASZ, Graphische Sammlung, Nr. 1571, so"
/Users/programming/PycharmProjects/Find_Bibliography_NEw/data/azk_library/sieber-christian__19.pdf;15;work;Fründ (Hans Fründ);\bfr[üu]nd\b;einst die Römer ihre Götter.96 Daneben überliefert Hemmerli auch zu Fründ eine symbolträchtige Anekdote, nach der einst bei Friedensverhandl
/Users/programming/PycharmProjects/Find_Bibliography_NEw/data/azk_library/sieber-christian__19.pdf;15;work;Fründ (Hans Fründ);\bfr[üu]nd\b;m Trotz – in der Realität haben Landammann Reding und Landschreiber Fründ im Unterschied zu ihren Gegenspielern in Zürich den Krieg überlebt
/Users/programming/PycharmProjects/Find_Bibliography_NEw/data/azk_library/sieber-christian__19.pdf;15;work;Fründ (Hans Fründ);\bfr[üu]nd\b;e 1440 die Schwyzer und ihre eidgenössischen Verbündeten siegreich. Fründ hatte sein Tagebuch den ganzen Krieg hindurch fortgeführt, jetzt k
/Users/programming/PycharmProjects/Find_Bibliography_NEw/data/azk_library/sieber-christian__19.pdf;15;work;Fründ (Hans Fründ);\bfr[üu]nd\b;tiv abschliessen, als am Dreifaltigkeits- 88 Cod. Sang. 644, S. 177 Fründ, Chronik, S. 158. 89 URStAZ 6, Nr. 8076. 90 Beide Vorfälle zit. na
/Users/programming/PycharmProjects/Find_Bibliography_NEw/data/azk_library/sieber-christian__19.pdf;15;work;Fründ (Hans Fründ);\bfr[üu]nd\b;In deutscher Übersetzung zitiert bei Reber, Hemmerlin, S. 263f. 98 Fründ, Chronik, S. 280–292.
/Users/programming/PycharmProjects/Find_Bibliography_NEw/data/azk_library/sieber-christian__19.pdf;15;work;Tschudi (Aegidius Tschudi, Chronicon Helveticum);\btschudi\b;t. nach Sieber, Stüssi und Stebler. 91 Vgl. Bernhard Stettler, in: Tschudi, Chronicon 11, S. 177, Anm. 79 mit zahlreichen Belegen. 92 Sieber
/Users/programming/PycharmProjects/Find_Bibliography_NEw/data/azk_library/sieber-christian__19.pdf;15;work;Tschudi (Aegidius Tschudi, Chronicon Helveticum);\btschudi\b;"lreichen Belegen. 92 Sieber-Lehmann/Wilhelmi, In Helvetios, S. 35; Tschudi, Chronicon 11, S. 175. 93 Sieber-Lehmann/Wilhelmi, In Helvetios,"
/Users/programming/PycharmProjects/Find_Bibliography_NEw/data/azk_library/sieber-christian__19.pdf;15;work;Tschudi (Aegidius Tschudi, Chronicon Helveticum);\btschudi\b;"nicon 11, S. 175. 93 Sieber-Lehmann/Wilhelmi, In Helvetios, S. 48; Tschudi, Chronicon 11, S. 309. 94 URStAZ 6, Nr. 9016. 95 Vgl. Deuteronomi"
/Users/programming/PycharmProjects/Find_Bibliography_NEw/data/azk_library/sieber-christian__19.pdf;15;generic;Chronik/Chroniken;\bchronik(?:en)?\b;hliessen, als am Dreifaltigkeits- 88 Cod. Sang. 644, S. 177 Fründ, Chronik, S. 158. 89 URStAZ 6, Nr. 8076. 90 Beide Vorfälle zit. nach Siebe
/Users/programming/PycharmProjects/Find_Bibliography_NEw/data/azk_library/sieber-christian__19.pdf;15;generic;Chronik/Chroniken;\bchronik(?:en)?\b;scher Übersetzung zitiert bei Reber, Hemmerlin, S. 263f. 98 Fründ, Chronik, S. 280–292.
/Users/programming/PycharmProjects/Find_Bibliography_NEw/data/azk_library/sieber-christian__19.pdf;15;generic;Chronicon/Chronica;\bchronic(?:on|a|orum)\b;eber, Stüssi und Stebler. 91 Vgl. Bernhard Stettler, in: Tschudi, Chronicon 11, S. 177, Anm. 79 mit zahlreichen Belegen. 92 Sieber-Lehmann/W
/Users/programming/PycharmProjects/Find_Bibliography_NEw/data/azk_library/sieber-christian__19.pdf;15;generic;Chronicon/Chronica;\bchronic(?:on|a|orum)\b;"elegen. 92 Sieber-Lehmann/Wilhelmi, In Helvetios, S. 35; Tschudi, Chronicon 11, S. 175. 93 Sieber-Lehmann/Wilhelmi, In Helvetios, S. 48; Tsc"
/Users/programming/PycharmProjects/Find_Bibliography_NEw/data/azk_library/sieber-christian__19.pdf;15;generic;Chronicon/Chronica;\bchronic(?:on|a|orum)\b;"S. 175. 93 Sieber-Lehmann/Wilhelmi, In Helvetios, S. 48; Tschudi, Chronicon 11, S. 309. 94 URStAZ 6, Nr. 9016. 95 Vgl. Deuteronomium 28, 64."
/Users/programming/PycharmProjects/Find_Bibliography_NEw/data/azk_library/sieber-christian__19.pdf;15;generic;Tagebuch;\btagebuch\b;und ihre eidgenössischen Verbündeten siegreich. Fründ hatte sein Tagebuch den ganzen Krieg hindurch fortgeführt, jetzt konnte er es, nach A
/Users/programming/PycharmProjects/Find_Bibliography_NEw/data/azk_library/sieber-christian__19.pdf;16;work;Fründ (Hans Fründ);\bfr[üu]nd\b;und loppt man gott, das der frid komen was» 99 Gleichzeitig vergass Fründ bei aller Befriedigung über den Kriegsausgang nicht, auch der «man
/Users/programming/PycharmProjects/Find_Bibliography_NEw/data/azk_library/sieber-christian__19.pdf;16;work;Fründ (Hans Fründ);\bfr[üu]nd\b;t hatte.100Nur zu den Kriegskosten und zur Kriegsfinanzierung macht Fründ keine näheren Angaben.101 Ganz am Schluss seiner Chronik kündigt F
/Users/programming/PycharmProjects/Find_Bibliography_NEw/data/azk_library/sieber-christian__19.pdf;16;work;Fründ (Hans Fründ);\bfr[üu]nd\b;nd keine näheren Angaben.101 Ganz am Schluss seiner Chronik kündigt Fründ noch eine Namensliste der im Krieg gefallenen Schwyzer an.102 Sie
/Users/programming/PycharmProjects/Find_Bibliography_NEw/data/azk_library/sieber-christian__19.pdf;16;work;Fründ (Hans Fründ);\bfr[üu]nd\b;gefallen ist).103 DieseTotenliste hatmit grosserWahrscheinlichkeit Fründ angelegt, der neben seinem Kriegstagebuch wohl fortlaufend die Nam
/Users/programming/PycharmProjects/Find_Bibliography_NEw/data/azk_library/sieber-christian__19.pdf;16;work;Fründ (Hans Fründ);\bfr[üu]nd\b;dem Krieg, anderseits aber auch aus einem statistischen Interesse. Fründ hat nämlich auf dem Schlachtfeld jeweils auch die toten Feinde gez
/Users/programming/PycharmProjects/Find_Bibliography_NEw/data/azk_library/sieber-christian__19.pdf;16;work;Fründ (Hans Fründ);\bfr[üu]nd\b;uch Kriegspropaganda betrieben.107 In einem ersten Schritt aber war Fründ einfach nur um verlässliches Zahlenmaterial bemüht. So störten ihn
/Users/programming/PycharmProjects/Find_Bibliography_NEw/data/azk_library/sieber-christian__19.pdf;16;work;Fründ (Hans Fründ);\bfr[üu]nd\b;t voraus.110 Die Formulierung der beiden Texte lässt erkennen, dass Fründ auch hier die Hand mit im Spiel hatte und seine Chronik quasi in d
/Users/programming/PycharmProjects/Find_Bibliography_NEw/data/azk_library/sieber-christian__19.pdf;16;work;Fründ (Hans Fründ);\bfr[üu]nd\b;auf die eidgenössische Politik 99 Vgl. Cod. Sang. 644, S. 306, 323 Fründ, Chronik, S. 280, 292, so¬ wie aus Zürcher Optik) ganz ähnlich Chr
/Users/programming/PycharmProjects/Find_Bibliography_NEw/data/azk_library/sieber-christian__19.pdf;16;work;Fründ (Hans Fründ);\bfr[üu]nd\b;"nik der Stadt Zürich, S. 222; zur Anrufung der Dreifaltigkeit durch Fründ vgl. auch oben Anm. 52. 100 Cod. Sang. 644, S. 290 Fründ, Chronik,"
/Users/programming/PycharmProjects/Find_Bibliography_NEw/data/azk_library/sieber-christian__19.pdf;16;work;Fründ (Hans Fründ);\bfr[üu]nd\b;keit durch Fründ vgl. auch oben Anm. 52. 100 Cod. Sang. 644, S. 290 Fründ, Chronik, S. 266. 101 Vgl. zu diesem wichtigen Aspekt des Alten Zü
/Users/programming/PycharmProjects/Find_Bibliography_NEw/data/azk_library/sieber-christian__19.pdf;16;work;Fründ (Hans Fründ);\bfr[üu]nd\b;Zürichkriegs jetzt Landolt, Finanzen, S. 76, 78, 79f., 85, 88. 102 Fründ, Chronik, S. 293. 103 Jahrzeitbuch Schwyz, S. 125f. Zu den deutlic
/Users/programming/PycharmProjects/Find_Bibliography_NEw/data/azk_library/sieber-christian__19.pdf;16;work;Fründ (Hans Fründ);\bfr[üu]nd\b;llene) und 219f. Zweiter Kappelerkrieg 1531: 16 Gefallene). 104 Vgl.Fründ,Chronik, S. 132 mit den Namen der Gefallenen bei Freienbach am 22.
/Users/programming/PycharmProjects/Find_Bibliography_NEw/data/azk_library/sieber-christian__19.pdf;16;work;Fründ (Hans Fründ);\bfr[üu]nd\b;"Namen der Gefallenen bei Freienbach am 22. Mai 1443; danach bringt Fründ in seiner Chronik nur noch Zahlen der gefallenen Schwyzer. 105 Frü"
/Users/programming/PycharmProjects/Find_Bibliography_NEw/data/azk_library/sieber-christian__19.pdf;16;work;Fründ (Hans Fründ);\bfr[üu]nd\b;"ründ in seiner Chronik nur noch Zahlen der gefallenen Schwyzer. 105 Fründ, Chronik, S. 32, 132,138, 158,216, 256; URStAZ6,Nr.8922, 8965, 912"
/Users/programming/PycharmProjects/Find_Bibliography_NEw/data/azk_library/sieber-christian__19.pdf;16;work;Fründ (Hans Fründ);\bfr[üu]nd\b;"Z6,Nr.8922, 8965, 9121; Sieber, Opfer, S. 66–68; weitere Zahlen bei Fründ, Chronik, S. 153, 200, 222, 223, 227, 238, 240, 259. 106 Cod. Sang"
/Users/programming/PycharmProjects/Find_Bibliography_NEw/data/azk_library/sieber-christian__19.pdf;16;work;Fründ (Hans Fründ);\bfr[üu]nd\b;153, 200, 222, 223, 227, 238, 240, 259. 106 Cod. Sang. 644, S. 145 Fründ, Chronik, S. 132. 107 Vgl. oben bei Anm. 80 sowie Sieber, Opfer, S
/Users/programming/PycharmProjects/Find_Bibliography_NEw/data/azk_library/sieber-christian__19.pdf;16;work;Fründ (Hans Fründ);\bfr[üu]nd\b;, S. 132. 107 Vgl. oben bei Anm. 80 sowie Sieber, Opfer, S. 67. 108 Fründ, Chronik, S. 32, 262 Cod. Sang. 644, S. 287: «gar ungelich» Zahlen
/Users/programming/PycharmProjects/Find_Bibliography_NEw/data/azk_library/sieber-christian__19.pdf;16;work;Zürcher Stadtchronik;chronik\s+der\s+stadt\s+z[üu]rich;"nik, S. 280, 292, so¬ wie aus Zürcher Optik) ganz ähnlich Chronik der Stadt Zürich, S. 222; zur Anrufung der Dreifaltigkeit durch Fründ vgl."
/Users/programming/PycharmProjects/Find_Bibliography_NEw/data/azk_library/sieber-christian__19.pdf;16;generic;Chronik/Chroniken;\bchronik(?:en)?\b;erung macht Fründ keine näheren Angaben.101 Ganz am Schluss seiner Chronik kündigt Fründ noch eine Namensliste der im Krieg gefallenen Schwy
/Users/programming/PycharmProjects/Find_Bibliography_NEw/data/azk_library/sieber-christian__19.pdf;16;generic;Chronik/Chroniken;\bchronik(?:en)?\b;kennen, dass Fründ auch hier die Hand mit im Spiel hatte und seine Chronik quasi in die Jahrzeitbücher hinein verlängerte, im fliessenden Üb
/Users/programming/PycharmProjects/Find_Bibliography_NEw/data/azk_library/sieber-christian__19.pdf;16;generic;Chronik/Chroniken;\bchronik(?:en)?\b;eidgenössische Politik 99 Vgl. Cod. Sang. 644, S. 306, 323 Fründ, Chronik, S. 280, 292, so¬ wie aus Zürcher Optik) ganz ähnlich Chronik der
/Users/programming/PycharmProjects/Find_Bibliography_NEw/data/azk_library/sieber-christian__19.pdf;16;generic;Chronik/Chroniken;\bchronik(?:en)?\b;"ünd, Chronik, S. 280, 292, so¬ wie aus Zürcher Optik) ganz ähnlich Chronik der Stadt Zürich, S. 222; zur Anrufung der Dreifaltigkeit durch F"
/Users/programming/PycharmProjects/Find_Bibliography_NEw/data/azk_library/sieber-christian__19.pdf;16;generic;Chronik/Chroniken;\bchronik(?:en)?\b;ch Fründ vgl. auch oben Anm. 52. 100 Cod. Sang. 644, S. 290 Fründ, Chronik, S. 266. 101 Vgl. zu diesem wichtigen Aspekt des Alten Zürichkrie
/Users/programming/PycharmProjects/Find_Bibliography_NEw/data/azk_library/sieber-christian__19.pdf;16;generic;Chronik/Chroniken;\bchronik(?:en)?\b;riegs jetzt Landolt, Finanzen, S. 76, 78, 79f., 85, 88. 102 Fründ, Chronik, S. 293. 103 Jahrzeitbuch Schwyz, S. 125f. Zu den deutlich höhere
/Users/programming/PycharmProjects/Find_Bibliography_NEw/data/azk_library/sieber-christian__19.pdf;16;generic;Chronik/Chroniken;\bchronik(?:en)?\b;und 219f. Zweiter Kappelerkrieg 1531: 16 Gefallene). 104 Vgl.Fründ,Chronik, S. 132 mit den Namen der Gefallenen bei Freienbach am 22. Mai 14
/Users/programming/PycharmProjects/Find_Bibliography_NEw/data/azk_library/sieber-christian__19.pdf;16;generic;Chronik/Chroniken;\bchronik(?:en)?\b;"enen bei Freienbach am 22. Mai 1443; danach bringt Fründ in seiner Chronik nur noch Zahlen der gefallenen Schwyzer. 105 Fründ, Chronik, S. 3"
/Users/programming/PycharmProjects/Find_Bibliography_NEw/data/azk_library/sieber-christian__19.pdf;16;generic;Chronik/Chroniken;\bchronik(?:en)?\b;"seiner Chronik nur noch Zahlen der gefallenen Schwyzer. 105 Fründ, Chronik, S. 32, 132,138, 158,216, 256; URStAZ6,Nr.8922, 8965, 9121; Siebe"
/Users/programming/PycharmProjects/Find_Bibliography_NEw/data/azk_library/sieber-christian__19.pdf;16;generic;Chronik/Chroniken;\bchronik(?:en)?\b;"22, 8965, 9121; Sieber, Opfer, S. 66–68; weitere Zahlen bei Fründ, Chronik, S. 153, 200, 222, 223, 227, 238, 240, 259. 106 Cod. Sang. 644, S"
/Users/programming/PycharmProjects/Find_Bibliography_NEw/data/azk_library/sieber-christian__19.pdf;16;generic;Chronik/Chroniken;\bchronik(?:en)?\b;0, 222, 223, 227, 238, 240, 259. 106 Cod. Sang. 644, S. 145 Fründ, Chronik, S. 132. 107 Vgl. oben bei Anm. 80 sowie Sieber, Opfer, S. 67. 10
/Users/programming/PycharmProjects/Find_Bibliography_NEw/data/azk_library/sieber-christian__19.pdf;16;generic;Chronik/Chroniken;\bchronik(?:en)?\b;. 107 Vgl. oben bei Anm. 80 sowie Sieber, Opfer, S. 67. 108 Fründ, Chronik, S. 32, 262 Cod. Sang. 644, S. 287: «gar ungelich» Zahlen). 109 S
/Users/programming/PycharmProjects/Find_Bibliography_NEw/data/azk_library/sieber-christian__19.pdf;17;work;Fründ (Hans Fründ);hans\s+fr[üu]nd;beibehalten hatte.113 Hans Fründ demgegenüber begleitete auch noch den langwierigen Schiedsprozess umdie juristische Bewältigung des Alten Z
/Users/programming/PycharmProjects/Find_Bibliography_NEw/data/azk_library/sieber-christian__19.pdf;17;work;Fründ (Hans Fründ);\bfr[üu]nd\b;g114 insbesondere eine umfangreiche Prozessdokumentation 26 ab, die Fründ seiner Chronik anfügte. Lebendige Augenzeugenberichte wie zuvor be
/Users/programming/PycharmProjects/Find_Bibliography_NEw/data/azk_library/sieber-christian__19.pdf;17;work;Fründ (Hans Fründ);\bfr[üu]nd\b;en [ gerichtlich] gewunnen hand.»116 Dennoch ist unverkennbar, dass Fründ nach Kriegsende in Schwyz nicht mehr dieselbe wichtige Rolle spiel
/Users/programming/PycharmProjects/Find_Bibliography_NEw/data/azk_library/sieber-christian__19.pdf;17;work;Fründ (Hans Fründ);\bfr[üu]nd\b;und die Aussöhnung mit Zürich suchen.117 Auch Johannes Abyberg, den Fründ explizit als «min guot fründ» bezeichnet, 118war nichtmehr amLeben
/Users/programming/PycharmProjects/Find_Bibliography_NEw/data/azk_library/sieber-christian__19.pdf;17;work;Fründ (Hans Fründ);\bfr[üu]nd\b;suchen.117 Auch Johannes Abyberg, den Fründ explizit als «min guot fründ» bezeichnet, 118war nichtmehr amLeben. Vielleicht hatte Fründ unte
/Users/programming/PycharmProjects/Find_Bibliography_NEw/data/azk_library/sieber-christian__19.pdf;17;work;Fründ (Hans Fründ);\bfr[üu]nd\b;guot fründ» bezeichnet, 118war nichtmehr amLeben. Vielleicht hatte Fründ unter diesen Umständen mehr Mühe, auf Friede und Ausgleich umzuste
/Users/programming/PycharmProjects/Find_Bibliography_NEw/data/azk_library/sieber-christian__19.pdf;17;work;Fründ (Hans Fründ);\bfr[üu]nd\b;und ebenso in Zürich) weiterhin unversöhnliche Stimmen.119Wenn man Fründ beim Wort nimmt, dann war er selber eine davon, hatte er doch 1443
/Users/programming/PycharmProjects/Find_Bibliography_NEw/data/azk_library/sieber-christian__19.pdf;17;work;Fründ (Hans Fründ);\bfr[üu]nd\b;1450 DiePartei der Unversöhnlichen in Schwyz,und mit ihr vielleicht Fründ, sah es nicht gerne, dass 1450, im Jahr der end¬ gültigen Aussöhnu
/Users/programming/PycharmProjects/Find_Bibliography_NEw/data/azk_library/sieber-christian__19.pdf;17;work;Fründ (Hans Fründ);\bfr[üu]nd\b;"hwyz) in der Zeit der Besetzung ausgestellt hatten; eine davonhatte Fründ sogar geschrieben.121 Gleichzeitig mussten in der Pfarrkirche von"
/Users/programming/PycharmProjects/Find_Bibliography_NEw/data/azk_library/sieber-christian__19.pdf;17;work;Fründ (Hans Fründ);\bfr[üu]nd\b;zungsbeschlusses entfernt und den Zürchern zurückgegeben werden.122 Fründ erwähnt inseiner Chronik allerdings nur je ein «vennli» Feldzeiche
/Users/programming/PycharmProjects/Find_Bibliography_NEw/data/azk_library/sieber-christian__19.pdf;17;work;Fründ (Hans Fründ);\bfr[üu]nd\b;hts in Einsiedeln STASZ, Urk., Nr. 509). 118 Cod. Sang. 644, S. 261 Fründ, Chronik, S. 237. 119 Vgl. Stettler, Liquidation, S. 57*f. 120 Cod
/Users/programming/PycharmProjects/Find_Bibliography_NEw/data/azk_library/sieber-christian__19.pdf;17;work;Fründ (Hans Fründ);\bfr[üu]nd\b;119 Vgl. Stettler, Liquidation, S. 57*f. 120 Cod. Sang. 644, S. 165 Fründ, Chronik, S. 148. 121 StAZH, C I Nr. 2455, 3090 geschrieben von Fr
/Users/programming/PycharmProjects/Find_Bibliography_NEw/data/azk_library/sieber-christian__19.pdf;17;work;Fründ (Hans Fründ);\bfr[üu]nd\b;"ünd, Chronik, S. 148. 121 StAZH, C I Nr. 2455, 3090 geschrieben von Fründ); vgl. auch StAZH, C II 3 Nr. 157, C II 12 Nr. 420–421, sowie B I"
/Users/programming/PycharmProjects/Find_Bibliography_NEw/data/azk_library/sieber-christian__19.pdf;17;work;Fründ (Hans Fründ);\bfr[üu]nd\b;"nicon12, S. 200; Stettler, Liqui¬ dation, S. 63* und Anm. 141*. 123 Fründ, Chronik, S. 132, 239 Cod. Sang. 644, S. 263: «… hanget ze Swytz i"
/Users/programming/PycharmProjects/Find_Bibliography_NEw/data/azk_library/sieber-christian__19.pdf;17;work;Tschudi (Aegidius Tschudi, Chronicon Helveticum);\btschudi\b;sischen Orte gegen die Herrschaft Österreich Bernhard Stettler, in:Tschudi, Chronicon12, S. 61, Anm.20) und sein geplanter Einsatz im damit
/Users/programming/PycharmProjects/Find_Bibliography_NEw/data/azk_library/sieber-christian__19.pdf;17;work;Tschudi (Aegidius Tschudi, Chronicon Helveticum);\btschudi\b;"I 279,Nr. 159; Sieber, Grüningen, S. 54f. 122 Abschiede 2,Nr.378a;Tschudi, Chronicon12, S. 200; Stettler, Liqui¬ dation, S. 63* und Anm. 14"
/Users/programming/PycharmProjects/Find_Bibliography_NEw/data/azk_library/sieber-christian__19.pdf;17;generic;Chronik/Chroniken;\bchronik(?:en)?\b;ere eine umfangreiche Prozessdokumentation 26 ab, die Fründ seiner Chronik anfügte. Lebendige Augenzeugenberichte wie zuvor beim Kriegsgesch
/Users/programming/PycharmProjects/Find_Bibliography_NEw/data/azk_library/sieber-christian__19.pdf;17;generic;Chronik/Chroniken;\bchronik(?:en)?\b;t und den Zürchern zurückgegeben werden.122 Fründ erwähnt inseiner Chronik allerdings nur je ein «vennli» Feldzeichen eines einzelnen Truppe
/Users/programming/PycharmProjects/Find_Bibliography_NEw/data/azk_library/sieber-christian__19.pdf;17;generic;Chronik/Chroniken;\bchronik(?:en)?\b;insiedeln STASZ, Urk., Nr. 509). 118 Cod. Sang. 644, S. 261 Fründ, Chronik, S. 237. 119 Vgl. Stettler, Liquidation, S. 57*f. 120 Cod. Sang.
/Users/programming/PycharmProjects/Find_Bibliography_NEw/data/azk_library/sieber-christian__19.pdf;17;generic;Chronik/Chroniken;\bchronik(?:en)?\b;"Stettler, Liquidation, S. 57*f. 120 Cod. Sang. 644, S. 165 Fründ, Chronik, S. 148. 121 StAZH, C I Nr. 2455, 3090 geschrieben von Fründ); vg"
/Users/programming/PycharmProjects/Find_Bibliography_NEw/data/azk_library/sieber-christian__19.pdf;17;generic;Chronik/Chroniken;\bchronik(?:en)?\b;"S. 200; Stettler, Liqui¬ dation, S. 63* und Anm. 141*. 123 Fründ, Chronik, S. 132, 239 Cod. Sang. 644, S. 263: «… hanget ze Swytz in der ki"
/Users/programming/PycharmProjects/Find_Bibliography_NEw/data/azk_library/sieber-christian__19.pdf;17;generic;Chronicon/Chronica;\bchronic(?:on|a|orum)\b;arstellung, S. 122*–124*, sowie ders. im Kommentarteil vonTschudi,Chronicon 12,namentlichS.61f.,Anm. 20, S. 74, Anm. 29, S. 147f., Anm. 52,
/Users/programming/PycharmProjects/Find_Bibliography_NEw/data/azk_library/sieber-christian__19.pdf;17;generic;Tagebuch;\btagebuch\b;n, hatte er doch 1443, auf dem Höhepunkt des Konflikts, in seinem Tagebuch als Beweggrund für seine Aufzeichnungen notiert: «… wier und alle
/Users/programming/PycharmProjects/Find_Bibliography_NEw/data/azk_library/sieber-christian__19.pdf;18;work;Fründ (Hans Fründ);\bfr[üu]nd(?:s)?\s+chronik;ngabe des ehemaligen Schwyzer Schulmeisters Melchior Rupp, der Fründs Chronik 1476 in Rorschach abschrieb, sollen nach Fründs Eigenaussage o
/Users/programming/PycharmProjects/Find_Bibliography_NEw/data/azk_library/sieber-christian__19.pdf;18;work;Fründ (Hans Fründ);\bfr[üu]nd\b;ich dar inn gehalten und beliben lassen hant».126 Von Landschreiber Fründ hören wir in dieser Zeit nur mehr wenig. Den mehrfach unterbrochen
/Users/programming/PycharmProjects/Find_Bibliography_NEw/data/azk_library/sieber-christian__19.pdf;18;work;Fründ (Hans Fründ);\bfr[üu]nd\b;, ein umfangreiches Pergamentheft mit dem Siegel von Bubenberg, hat Fründ aber selbstverständlich korrekt archiviert, nachdem er den Umschla
/Users/programming/PycharmProjects/Find_Bibliography_NEw/data/azk_library/sieber-christian__19.pdf;18;work;Fründ (Hans Fründ);\bfr[üu]nd\b;in, dass er seine Chronik nicht noch bis 1450 fortführte. «Er[d. h. Fründ] schribt och, hett imm gott sins lebens gunnen und imm der handel
/Users/programming/PycharmProjects/Find_Bibliography_NEw/data/azk_library/sieber-christian__19.pdf;18;work;Fründ (Hans Fründ);\bfr[üu]nd\b;den füro zu ende geschriben haben.» 130 Allerdings fällt auf, dass Fründ ausgerechnet in den Wochen der endgültigen Aussöhnung – nämlich am
/Users/programming/PycharmProjects/Find_Bibliography_NEw/data/azk_library/sieber-christian__19.pdf;18;work;Fründ (Hans Fründ);\bfr[üu]nd\b;enen Söhne Melchior und Balthasar.131 Zwei Jahre später bewarb sich Fründ sogar für die durch den Rücktritt von Egloff Etterlin frei geworde
/Users/programming/PycharmProjects/Find_Bibliography_NEw/data/azk_library/sieber-christian__19.pdf;18;work;Fründ (Hans Fründ);\bfr[üu]nd\b;vergangnen löffen als ein getrüwer Eydgenoss gehalten» habe.132 War Fründ in Schwyz in Ungnade gefallen, oder brauchte man ihn, den Auswärti
/Users/programming/PycharmProjects/Find_Bibliography_NEw/data/azk_library/sieber-christian__19.pdf;18;work;Fründ (Hans Fründ);\bfr[üu]nd\b;"nner, Schreiber, S. 18, 21, Abb. 9. Auch Mitte Dezember 1450 weilte Fründ in Luzern, vgl. StALU, RP 5B, f. 128r. 132 StALU, AKT 12/95; Wanne"
/Users/programming/PycharmProjects/Find_Bibliography_NEw/data/azk_library/sieber-christian__19.pdf;18;work;Etterlin (Petermann Etterlin);\betterlin\b;er bewarb sich Fründ sogar für die durch den Rücktritt von Egloff Etterlin frei gewordene Stadtschreiberstelle in Luzern, mit Empfehlungssch
/Users/programming/PycharmProjects/Find_Bibliography_NEw/data/azk_library/sieber-christian__19.pdf;18;generic;Chronik/Chroniken;\bchronik(?:en)?\b;be des ehemaligen Schwyzer Schulmeisters Melchior Rupp, der Fründs Chronik 1476 in Rorschach abschrieb, sollen nach Fründs Eigenaussage offe
/Users/programming/PycharmProjects/Find_Bibliography_NEw/data/azk_library/sieber-christian__19.pdf;18;generic;Chronik/Chroniken;\bchronik(?:en)?\b;eitliche Probleme dafür verantwortlich gewesen sein, dass er seine Chronik nicht noch bis 1450 fortführte. «Er[d. h. Fründ] schribt och, het
/Users/programming/PycharmProjects/Find_Bibliography_NEw/data/azk_library/sieber-christian__19.pdf;18;generic;Chronik/Chroniken;\bchronik(?:en)?\b;ungen um eine Rückkehr nach Luzern. Immerhin fällt auf, dass seine Chronik entgegen der eigentlichen Intention unmittelbar nach dem Alten Zü
/Users/programming/PycharmProjects/Find_Bibliography_NEw/data/azk_library/sieber-christian__19.pdf;19;work;Fründ (Hans Fründ);hans\s+fr[üu]nd;cher Wiedergabeeiner Aussagevon Adelheid vonTengen zu ihrem Mann Hans Fründ: «Wer wärist du ane [d. h. ohne] were ich, dann du hettest nütz
/Users/programming/PycharmProjects/Find_Bibliography_NEw/data/azk_library/sieber-christian__19.pdf;19;work;Fründ (Hans Fründ);\bfr[üu]nd\b;ner als häufiger Gast im Fründschen Haushalt feststellen konnte.134 Fründ scheiterte 1452 mit seiner Bewerbung in Luzern und blieb noch acht
/Users/programming/PycharmProjects/Find_Bibliography_NEw/data/azk_library/sieber-christian__19.pdf;19;work;Fründ (Hans Fründ);\bfr[üu]nd\b;haft von Brunnen.135 Für Kontinuität in der Landesverwaltung sorgte Fründ insbesondere durch die urkundliche Ausfertigung von wichtigen Land
/Users/programming/PycharmProjects/Find_Bibliography_NEw/data/azk_library/sieber-christian__19.pdf;19;work;Fründ (Hans Fründ);\bfr[üu]nd\b;"0); der erste aus dem Jahr 1438 trägt sogar seine Unterschrift «Jo. Fründ, cancellarius Switensis».136 Am 9. Mai 1461 erscheint Fründs Hands"
/Users/programming/PycharmProjects/Find_Bibliography_NEw/data/azk_library/sieber-christian__19.pdf;19;work;Fründ (Hans Fründ);\bfr[üu]nd\b;Generation jüngeren Melchior Russ aber unterlag. Allerdings erhielt Fründ Ende Juli 1461 eine Anstellung als « Gerichtschreiber» – offenbar
/Users/programming/PycharmProjects/Find_Bibliography_NEw/data/azk_library/sieber-christian__19.pdf;19;work;Fründ (Hans Fründ);\bfr[üu]nd\b;"erstarb.137 Ende Februar und Mitte März 1469 bezeichnen die Quellen Fründ als «kurtzlich» in Luzern verstorben; seine Tochter Elisabeth aus"
/Users/programming/PycharmProjects/Find_Bibliography_NEw/data/azk_library/sieber-christian__19.pdf;19;work;Fründ (Hans Fründ);\bfr[üu]nd\b;Flecklin geheiratet hatte und angeblich stets «das liepst kind» von Fründ gewesen war, machte damals Erbansprüche geltend.138 Ihre beidenBrü
/Users/programming/PycharmProjects/Find_Bibliography_NEw/data/azk_library/sieber-christian__19.pdf;19;work;Fründ (Hans Fründ);\bfr[üu]nd\b;des Chorherrenstifts Beromünster bezeugt.139 Ausserdem hinterliess Fründ aus dritter Ehe die Luzernerin Margreth Giessmann als Witwe, die e
/Users/programming/PycharmProjects/Find_Bibliography_NEw/data/azk_library/sieber-christian__19.pdf;19;work;Fründ (Hans Fründ);\bfr[üu]nd\b;eth Giessmann als Witwe, die ebenfalls Anspruch auf das Erbe erhob. Fründ hatte sie wohl erst bei seiner Rückkehr nach Luzern in fortgeschri
/Users/programming/PycharmProjects/Find_Bibliography_NEw/data/azk_library/sieber-christian__19.pdf;19;work;Fründ (Hans Fründ);\bfr[üu]nd\b;esbriefe 1454/55 An einem wichtigen Geschäft der Nachkriegszeit war Fründ in Schwyz allerdings noch beteiligt, nämlich der Neuausfertigung d
/Users/programming/PycharmProjects/Find_Bibliography_NEw/data/azk_library/sieber-christian__19.pdf;19;work;Fründ (Hans Fründ);\bfr[üu]nd\b;onisten AegidiusTschudiim 16. Jahrhundertins Jahr 1440 datierte und Fründ zugeschriebene «Herkommen der Schwyzer und Oberhasler» gilt heute
/Users/programming/PycharmProjects/Find_Bibliography_NEw/data/azk_library/sieber-christian__19.pdf;19;work;Fründ (Hans Fründ);\bfr[üu]nd\b;er Wiedergabeeiner Aussagevon Adelheid vonTengen zu ihrem Mann Hans Fründ: «Wer wärist du ane [d. h. ohne] were ich, dann du hettest nütz an
/Users/programming/PycharmProjects/Find_Bibliography_NEw/data/azk_library/sieber-christian__19.pdf;19;work;Melchior Russ;melchior\s+russ;ewordene Stelle beworben hatte, dem um eine Generation jüngeren Melchior Russ aber unterlag. Allerdings erhielt Fründ Ende Juli 1461 eine An
/Users/programming/PycharmProjects/Find_Bibliography_NEw/data/azk_library/sieber-christian__19.pdf;19;work;Melchior Russ;\bruss\b;ene Stelle beworben hatte, dem um eine Generation jüngeren Melchior Russ aber unterlag. Allerdings erhielt Fründ Ende Juli 1461 eine Anstell
/Users/programming/PycharmProjects/Find_Bibliography_NEw/data/azk_library/sieber-christian__19.pdf;19;generic;Chronist/Chronisten;\bchronist(?:en)?\b;efe 133 Vgl. unten den Abschnitt «Nachwirkungen» Das vom Glarner Chronisten AegidiusTschudiim 16. Jahrhundertins Jahr 1440 datierte und Frün
/Users/programming/PycharmProjects/Find_Bibliography_NEw/data/azk_library/sieber-christian__19.pdf;20;work;Fründ (Hans Fründ);hans\s+fr[üu]nd;"n der Neuausfertigung von 1454/55, geschrieben von Landschreiber Hans Fründ von Schwyz Ausschnitt; StAZH, C I Nr. 370). von Luzern, Zürich u"
/Users/programming/PycharmProjects/Find_Bibliography_NEw/data/azk_library/sieber-christian__19.pdf;20;work;Fründ (Hans Fründ);\bfr[üu]nd\b;"der Neuausfertigung von 1454/55, geschrieben von Landschreiber Hans Fründ von Schwyz Ausschnitt; StAZH, C I Nr. 370). von Luzern, Zürich und"
/Users/programming/PycharmProjects/Find_Bibliography_NEw/data/azk_library/sieber-christian__19.pdf;20;work;Schilling (Diebold Schilling, Berner/Luzerner Chronik);diebold\s+schilling;B I 277). Geschrieben hat die neuen Texte im «Silbernen Buch» Diebold Schilling, derspätere «Berner Schilling» seit Herbst 1456 Nachfolger v
/Users/programming/PycharmProjects/Find_Bibliography_NEw/data/azk_library/sieber-christian__19.pdf;20;work;Schilling (Diebold Schilling, Berner/Luzerner Chronik);\bschilling\b;277). Geschrieben hat die neuen Texte im «Silbernen Buch» Diebold Schilling, derspätere «Berner Schilling» seit Herbst 1456 Nachfolger von U
/Users/programming/PycharmProjects/Find_Bibliography_NEw/data/azk_library/sieber-christian__19.pdf;20;work;Schilling (Diebold Schilling, Berner/Luzerner Chronik);\bschilling\b;n Texte im «Silbernen Buch» Diebold Schilling, derspätere «Berner Schilling» seit Herbst 1456 Nachfolger von Unterschreiber Büssler, vgl. SS
/Users/programming/PycharmProjects/Find_Bibliography_NEw/data/azk_library/sieber-christian__19.pdf;20;work;Tschudi (Aegidius Tschudi, Chronicon Helveticum);\btschudi\b;"ndesfeier, S. 191–193; Abschiede 2, Nr. 411d–e, 417g, 421, Anhang; Tschudi, Chronicon 13, S. 48; StALU, COD 8265, f. 19v. 143 Vgl. QW 1/3/1,"
/Users/programming/PycharmProjects/Find_Bibliography_NEw/data/azk_library/sieber-christian__19.pdf;20;generic;Chronicon/Chronica;\bchronic(?:on|a|orum)\b;"S. 191–193; Abschiede 2, Nr. 411d–e, 417g, 421, Anhang; Tschudi, Chronicon 13, S. 48; StALU, COD 8265, f. 19v. 143 Vgl. QW 1/3/1, Vorbemerk"
/Users/programming/PycharmProjects/Find_Bibliography_NEw/data/azk_library/sieber-christian__19.pdf;21;work;Fründ (Hans Fründ);\bfr[üu]nd\b;lten Zürichkrieg ausformuliert hatten, freigemacht» werden.148 Wenn Fründ auch nicht den eigentlichen Anstoss zur Neuausfertigung der drei B
/Users/programming/PycharmProjects/Find_Bibliography_NEw/data/azk_library/sieber-christian__19.pdf;21;work;Fründ (Hans Fründ);\bfr[üu]nd\b;17 einen entsprechenden Vorstoss unternommen.149 Mit Sicherheit war Fründ massgeblich an der eigentlichen Schreibarbeit beteiligt,erhielter
/Users/programming/PycharmProjects/Find_Bibliography_NEw/data/azk_library/sieber-christian__19.pdf;21;work;Fründ (Hans Fründ);\bfr[üu]nd\b;rkommt und sich,ebensowie die eigentlicheUrkundenschrift, eindeutig Fründ zuweisen lässt,151 während die andere Zierinitiale bei fünf Exempl
/Users/programming/PycharmProjects/Find_Bibliography_NEw/data/azk_library/sieber-christian__19.pdf;21;work;Fründ (Hans Fründ);\bfr[üu]nd\b;en, auch wenn hier der Schriftbefund nicht derart eindeutig wie bei Fründ ist und Dietrich vielleicht einen Schreiber mit der Arbeit beauftr
/Users/programming/PycharmProjects/Find_Bibliography_NEw/data/azk_library/sieber-christian__19.pdf;21;work;Fründ (Hans Fründ);\bfr[üu]nd\b;ruppen der Bundesbriefe namentlich durch die Schreibung «Swytz» bei Fründ und «Switz» bei Dietrich oder seinem Schreiber. Als Besonderheit h
/Users/programming/PycharmProjects/Find_Bibliography_NEw/data/azk_library/sieber-christian__19.pdf;21;work;Fründ (Hans Fründ);\bfr[üu]nd\b;Verwendung fand, d.h. der Stempel dazu war wohl auf Initiative von Fründ neu angefertigt worden.153 Nachwirkungen Landschreiber und Kanzlei
/Users/programming/PycharmProjects/Find_Bibliography_NEw/data/azk_library/sieber-christian__19.pdf;21;work;Fründ (Hans Fründ);\bfr[üu]nd\b;, Chefideologe und Chronist, Statistiker und Archivar – all das war Fründ während seiner über zwanzigjährigen Tätigkeit in Schwyz, wäh- 144
/Users/programming/PycharmProjects/Find_Bibliography_NEw/data/azk_library/sieber-christian__19.pdf;21;work;Fründ (Hans Fründ);\bfr[üu]nd\b;"1/2, Nr. 1638 alle von gleicherHand): StALU, URK 45/965 Schreiber: Fründ; Abbildung: Glauser, Luzern, bei S. 88); STASZ, Urk. Nr. 100 Schre"
/Users/programming/PycharmProjects/Find_Bibliography_NEw/data/azk_library/sieber-christian__19.pdf;21;work;Fründ (Hans Fründ);\bfr[üu]nd\b;"ildung: Glauser, Luzern, bei S. 88); STASZ, Urk. Nr. 100 Schreiber: Fründ; Abbildung: von Castelmur, Schweizerbund, bei S. 48); StAOW, Urk."
/Users/programming/PycharmProjects/Find_Bibliography_NEw/data/azk_library/sieber-christian__19.pdf;21;work;Fründ (Hans Fründ);\bfr[üu]nd\b;"n Castelmur, Schweizerbund, bei S. 48); StAOW, Urk. 9 9) Schreiber: Fründ; Abbildung: Durrer, Bundesbriefe, Beilage). Zürcherbund: StAZH, C"
/Users/programming/PycharmProjects/Find_Bibliography_NEw/data/azk_library/sieber-christian__19.pdf;21;work;Fründ (Hans Fründ);\bfr[üu]nd\b;", Bundesbriefe, Beilage). Zürcherbund: StAZH, C INr. 370 Schreiber: Fründ;Abbildungen:Durrer, Bundesbriefe, Beilage und Nabholz, Bundesbrief"
/Users/programming/PycharmProjects/Find_Bibliography_NEw/data/azk_library/sieber-christian__19.pdf;21;work;Fründ (Hans Fründ);\bfr[üu]nd\b;"U, URK 55/1080 Schreiber: Dietrich); STASZ, Urk. Nr. 143 Schreiber: Fründ; Abbildung: vonCastelmur, Schweizerbund, bei S. 56); StAOW, Urk.23"
/Users/programming/PycharmProjects/Find_Bibliography_NEw/data/azk_library/sieber-christian__19.pdf;21;work;Fründ (Hans Fründ);\bfr[üu]nd\b;"g: Müller, Zuger Bündnis, Umschlag); STASZ, Urk. Nr. 150 Schreiber: Fründ; Abbildung: von Castelmur, Schweizerbund, bei S. 64); StAOW, Urk."
/Users/programming/PycharmProjects/Find_Bibliography_NEw/data/azk_library/sieber-christian__19.pdf;21;work;Fründ (Hans Fründ);\bfr[üu]nd\b;"Castelmur, Schweizerbund, bei S. 64); StAOW, Urk. 25 22) Schreiber: Fründ). Die drei Bundesbriefe von Schwyz sind permanent im Bundesbriefmu"
/Users/programming/PycharmProjects/Find_Bibliography_NEw/data/azk_library/sieber-christian__19.pdf;21;work;Fründ (Hans Fründ);\bfr[üu]nd\b;ng des Zürcher- und des Zugerbunds von Obwalden an Dietrich bzw. an Fründ geht der Dank an Staatsarchivar Angelo Garovi Sarnen). Diedrei Bun
/Users/programming/PycharmProjects/Find_Bibliography_NEw/data/azk_library/sieber-christian__19.pdf;21;work;Schilling (Diebold Schilling, Berner/Luzerner Chronik);\bschilling\b;nhang mit den neuen Bundesbriefen die stolze Summe von 37 Pfund 6 Schilling 8 Pfennig ausbezahlt, während sein Kollege in Luzern, Stadtschre
/Users/programming/PycharmProjects/Find_Bibliography_NEw/data/azk_library/sieber-christian__19.pdf;21;work;Schilling (Diebold Schilling, Berner/Luzerner Chronik);\bschilling\b;llege in Luzern, Stadtschreiber Johannes Dietrich, nur 18 Pfund 2 Schilling 3 Pfennig erhielt.150 Tatsächlich unterscheiden sich die insgesa
/Users/programming/PycharmProjects/Find_Bibliography_NEw/data/azk_library/sieber-christian__19.pdf;21;work;Tschudi (Aegidius Tschudi, Chronicon Helveticum);\btschudi\b;"emerkungen, S. 11–16, 20–22. 145 QW 1/2, Nr. 1638, S. 804. 146 Vgl.Tschudi, Chronicon 12, S. 86, 91, ferner S. 89; Abschiede 2, Bei¬ lage Nr"
/Users/programming/PycharmProjects/Find_Bibliography_NEw/data/azk_library/sieber-christian__19.pdf;21;work;Zürcher Stadtchronik;chronik\s+der\s+stadt\s+z[üu]rich;iede 2, Bei¬ lage Nr. 27, S. 849, 853, ferner S. 851. 147 Chronik der Stadt Zürich, S. 223. 148 So Stettler, Eidgenossenschaft, S. 212. 149
/Users/programming/PycharmProjects/Find_Bibliography_NEw/data/azk_library/sieber-christian__19.pdf;21;work;Zürcher Stadtchronik;z[üu]rcher\s+stadtchronik;chen Erbfeindschaft zum Haus Habsburg zu widerlegen.146 Die Zürcher Stadtchronik spottete während der Verhandlungen, die Zürcher hätten sich
/Users/programming/PycharmProjects/Find_Bibliography_NEw/data/azk_library/sieber-christian__19.pdf;21;generic;Chronik/Chroniken;\bchronik(?:en)?\b;"89; Abschiede 2, Bei¬ lage Nr. 27, S. 849, 853, ferner S. 851. 147 Chronik der Stadt Zürich, S. 223. 148 So Stettler, Eidgenossenschaft, S."
/Users/programming/PycharmProjects/Find_Bibliography_NEw/data/azk_library/sieber-christian__19.pdf;21;generic;Chronicon/Chronica;\bchronic(?:on|a|orum)\b;", S. 11–16, 20–22. 145 QW 1/2, Nr. 1638, S. 804. 146 Vgl.Tschudi, Chronicon 12, S. 86, 91, ferner S. 89; Abschiede 2, Bei¬ lage Nr. 27, S. 8"
/Users/programming/PycharmProjects/Find_Bibliography_NEw/data/azk_library/sieber-christian__19.pdf;21;generic;Stadtchronik (generisch);\bstadt\s*chronik\b;Erbfeindschaft zum Haus Habsburg zu widerlegen.146 Die Zürcher Stadtchronik spottete während der Verhandlungen, die Zürcher hätten sich 144
/Users/programming/PycharmProjects/Find_Bibliography_NEw/data/azk_library/sieber-christian__19.pdf;21;generic;Chronist/Chronisten;\bchronist(?:en)?\b;achwirkungen Landschreiber und Kanzleivorsteher, Chefideologe und Chronist, Statistiker und Archivar – all das war Fründ während seiner über
/Users/programming/PycharmProjects/Find_Bibliography_NEw/data/azk_library/sieber-christian__19.pdf;22;work;Fründ (Hans Fründ);hans\s+fr[üu]nd;Fründs, vgl. STASZ, cod. 2595, f. 0v: «… [durchgestrichen: ich] Hans Fründ, ein burger von Lucern und zu den selben zitten landtzschriber z
/Users/programming/PycharmProjects/Find_Bibliography_NEw/data/azk_library/sieber-christian__19.pdf;22;work;Fründ (Hans Fründ);\bfr[üu]nd(?:s)?\s+chronik;ung von Fründ neu ausgefertigten Bundesbriefe ausgestellt. Nur Fründs Chronik ist nicht in Schwyz geblieben, sondern in einer Abschrift des
/Users/programming/PycharmProjects/Find_Bibliography_NEw/data/azk_library/sieber-christian__19.pdf;22;work;Fründ (Hans Fründ);\bfr[üu]nd(?:s)?\s+chronik;Alten Zürichkriegs bis ins 20. Jahrhundert geprägt.160 So ist Fründs Chronik über Tschudis 1734/36 erstmals gedruckte Schweizerchronik schl
/Users/programming/PycharmProjects/Find_Bibliography_NEw/data/azk_library/sieber-christian__19.pdf;22;work;Fründ (Hans Fründ);\bfr[üu]nd(?:s)?\s+chronik;st war.161 Zwar existiert aus dem Jahr 1600 eine Abschrift von Fründs Chronik von Hauptmann Kaspar Herrig-Reding von Schwyz, und eine andere
/Users/programming/PycharmProjects/Find_Bibliography_NEw/data/azk_library/sieber-christian__19.pdf;22;work;Fründ (Hans Fründ);\bfr[üu]nd\b;sie in der «Urkundensammlung» die dank der sorgfältigen Arbeit von Fründ eben nicht nur Urkunden, sondern auch archivwürdige Korrespondenz
/Users/programming/PycharmProjects/Find_Bibliography_NEw/data/azk_library/sieber-christian__19.pdf;22;work;Fründ (Hans Fründ);\bfr[üu]nd\b;ahrzeitbücher mit der Gefallenenliste und dem Schlachtenkatalog von Fründ, undimBundesbriefmuseum sind die unter massgeblicherBeteiligung vo
/Users/programming/PycharmProjects/Find_Bibliography_NEw/data/azk_library/sieber-christian__19.pdf;22;work;Fründ (Hans Fründ);\bfr[üu]nd\b;undimBundesbriefmuseum sind die unter massgeblicherBeteiligung von Fründ neu ausgefertigten Bundesbriefe ausgestellt. Nur Fründs Chronik is
/Users/programming/PycharmProjects/Find_Bibliography_NEw/data/azk_library/sieber-christian__19.pdf;22;work;Fründ (Hans Fründ);\bfr[üu]nd\b;nds Grundauffassungen nicht losgekommen ist» Bernhard Stettler) und Fründ im übrigen als Augenzeuge des Zürichkriegs zu würdigen wusste,159
/Users/programming/PycharmProjects/Find_Bibliography_NEw/data/azk_library/sieber-christian__19.pdf;22;work;Fründ (Hans Fründ);\bfr[üu]nd\b;den von ihm abhängigen Johannes von Müller) und damit letztlich auf Fründ, was ihnen aber kaum voll bewusst war.161 Zwar existiert aus dem J
/Users/programming/PycharmProjects/Find_Bibliography_NEw/data/azk_library/sieber-christian__19.pdf;22;work;Fründ (Hans Fründ);\bfr[üu]nd\b;rat/Inderbitzin, Histori¬ schesK, S. 138–166 namentlich genanntwird Fründ vonSchibig nur imArtikel «Landschreiber»zumJahr1428, vgl.Horat/Ind
/Users/programming/PycharmProjects/Find_Bibliography_NEw/data/azk_library/sieber-christian__19.pdf;22;work;Fründ (Hans Fründ);\bfr[üu]nd\b;ründs, vgl. STASZ, cod. 2595, f. 0v: «… [durchgestrichen: ich] Hans Fründ, ein burger von Lucern und zu den selben zitten landtzschriber zu
/Users/programming/PycharmProjects/Find_Bibliography_NEw/data/azk_library/sieber-christian__19.pdf;22;work;Tschachtlan (Benedikt Tschachtlan);\btschachtlan\b;"STASZ, cod. 2595 vgl. Kind, Einleitung, S. VIII, XVIIf.; Studer, Tschachtlan, S. 638, Anm. 1), und Stiftsbibliothek St. Gallen, Cod. Sang. 6"
/Users/programming/PycharmProjects/Find_Bibliography_NEw/data/azk_library/sieber-christian__19.pdf;22;work;Tschachtlan (Benedikt Tschachtlan);\btschachtlan\b;"4»] 163 Vgl. Stettler, Fründs Darstellung, S. 127*–130*; Ladner, Tschachtlan- Chronik, S. 80–83; Baumann, Bilderchroniken, S. 20–22. 164 Vgl"
/Users/programming/PycharmProjects/Find_Bibliography_NEw/data/azk_library/sieber-christian__19.pdf;22;work;Tschachtlan (Benedikt Tschachtlan);\btschachtlan\b;eidungsmerkmal zwischen «offizieller» und Ruppscher Fassung, bei Tschachtlan, Bilderchronik, S. 290f. Der Abschrift von Kaspar Herrig vorges
/Users/programming/PycharmProjects/Find_Bibliography_NEw/data/azk_library/sieber-christian__19.pdf;22;work;Tschudi (Aegidius Tschudi, Chronicon Helveticum);aegidius\s+tschudi;476 vermutlich bereits in den 1530er-Jahren in den Besitz von Aegidius Tschudi gelangt, der 1532 in Rorschach, Rupps letzter Wirkungsstätte,
/Users/programming/PycharmProjects/Find_Bibliography_NEw/data/azk_library/sieber-christian__19.pdf;22;work;Tschudi (Aegidius Tschudi, Chronicon Helveticum);aegidius\s+tschudi;mit auch dieSichtder Schwyzer, hatüber dieSchweizerchronikvon Aegidius Tschudi, derletztlich «von Fründs Grundauffassungen nicht losgekommen
/Users/programming/PycharmProjects/Find_Bibliography_NEw/data/azk_library/sieber-christian__19.pdf;22;work;Tschudi (Aegidius Tschudi, Chronicon Helveticum);\btschudi\b;vermutlich bereits in den 1530er-Jahren in den Besitz von Aegidius Tschudi gelangt, der 1532 in Rorschach, Rupps letzter Wirkungsstätte, Obe
/Users/programming/PycharmProjects/Find_Bibliography_NEw/data/azk_library/sieber-christian__19.pdf;22;work;Tschudi (Aegidius Tschudi, Chronicon Helveticum);\btschudi\b;auch dieSichtder Schwyzer, hatüber dieSchweizerchronikvon Aegidius Tschudi, derletztlich «von Fründs Grundauffassungen nicht losgekommen ist
/Users/programming/PycharmProjects/Find_Bibliography_NEw/data/azk_library/sieber-christian__19.pdf;22;work;Tschudi (Aegidius Tschudi, Chronicon Helveticum);\btschudi\b;tin Schibig 1766–1843) für den Alten Zürichkrieg hauptsächlich auf Tschudi und den von ihm abhängigen Johannes von Müller) und damit letztli
/Users/programming/PycharmProjects/Find_Bibliography_NEw/data/azk_library/sieber-christian__19.pdf;22;work;Tschudi (Aegidius Tschudi, Chronicon Helveticum);\btschudi\b;", Fründs Darstellung,S.122*;Sieber, Verzeichnis, S. 124f.; Sieber, Tschudi und Vadian, S. 112 und Anm. 14. Für den frühen Besitz Tschudis sp"
/Users/programming/PycharmProjects/Find_Bibliography_NEw/data/azk_library/sieber-christian__19.pdf;22;work;Tschudi (Aegidius Tschudi, Chronicon Helveticum);\btschudi\b;58. 158 Vgl. Stettler, Fründs Darstellung, S. 125*, Anm. 314*. 159 Tschudi, Chronicon 12, S. 200 «… in disem krieg selbs gsin und alle ding
/Users/programming/PycharmProjects/Find_Bibliography_NEw/data/azk_library/sieber-christian__19.pdf;22;work;Tschudi (Aegidius Tschudi, Chronicon Helveticum);\btschudi\b;bitzin, His torisches L–R, S. 51). Fassbind kennt allerdings neben Tschudi) sowohl von «Johann Freünd» eine «beschreibung des zürcherkriegs
/Users/programming/PycharmProjects/Find_Bibliography_NEw/data/azk_library/sieber-christian__19.pdf;22;generic;Chronik/Chroniken;\bchronik(?:en)?\b;von Fründ neu ausgefertigten Bundesbriefe ausgestellt. Nur Fründs Chronik ist nicht in Schwyz geblieben, sondern in einer Abschrift des ehe
/Users/programming/PycharmProjects/Find_Bibliography_NEw/data/azk_library/sieber-christian__19.pdf;22;generic;Chronik/Chroniken;\bchronik(?:en)?\b;d, hatte1469, noch in Schwyz als Schulmeister, bereits eine andere Chronik zusammen mit der Einsiedler Meinradslegende abgeschrieben. 157 De
/Users/programming/PycharmProjects/Find_Bibliography_NEw/data/azk_library/sieber-christian__19.pdf;22;generic;Chronik/Chroniken;\bchronik(?:en)?\b;Dennoch bleibt die Motivation für seine Tätigkeit als Kopist von Chroniken letztlich im Dunkeln.158 Fründs Darstellungaber, und damit auch
/Users/programming/PycharmProjects/Find_Bibliography_NEw/data/azk_library/sieber-christian__19.pdf;22;generic;Chronik/Chroniken;\bchronik(?:en)?\b;ten Zürichkriegs bis ins 20. Jahrhundert geprägt.160 So ist Fründs Chronik über Tschudis 1734/36 erstmals gedruckte Schweizerchronik schlies
/Users/programming/PycharmProjects/Find_Bibliography_NEw/data/azk_library/sieber-christian__19.pdf;22;generic;Chronik/Chroniken;\bchronik(?:en)?\b;war.161 Zwar existiert aus dem Jahr 1600 eine Abschrift von Fründs Chronik von Hauptmann Kaspar Herrig-Reding von Schwyz, und eine andere Ab
/Users/programming/PycharmProjects/Find_Bibliography_NEw/data/azk_library/sieber-christian__19.pdf;22;generic;Chronik/Chroniken;\bchronik(?:en)?\b;des Landes Schwyz zirkulierte erstmals nachweisbar um 1470 in der Chronik des Berners Bendicht Tschachtlan163) – gewissermassen eine «offiz
/Users/programming/PycharmProjects/Find_Bibliography_NEw/data/azk_library/sieber-christian__19.pdf;22;generic;Chronik/Chroniken;\bchronik(?:en)?\b;". Stettler, Fründs Darstellung, S. 127*–130*; Ladner, Tschachtlan- Chronik, S. 80–83; Baumann, Bilderchroniken, S. 20–22. 164 Vgl. Stettler,"
/Users/programming/PycharmProjects/Find_Bibliography_NEw/data/azk_library/sieber-christian__19.pdf;22;generic;Chronicon/Chronica;\bchronic(?:on|a|orum)\b;l. Stettler, Fründs Darstellung, S. 125*, Anm. 314*. 159 Tschudi, Chronicon 12, S. 200 «… in disem krieg selbs gsin und alle ding gesechen u
/Users/programming/PycharmProjects/Find_Bibliography_NEw/data/azk_library/sieber-christian__19.pdf;23;generic;Chronik/Chroniken;\bchronik(?:en)?\b;"32 Abb. 6: Abschrift derFründ-Chronik von Melchior Rupp 1476; Text zum Herbst 1440mitdemin der Texteinrichtung eingebauten Banner von Schwyz"
/Users/programming/PycharmProjects/Find_Bibliography_NEw/data/azk_library/sieber-christian__19.pdf;24;work;Fründ (Hans Fründ);\bfr[üu]nd\b;Emil Spiess den Zürichkrieg in deutlicher Anlehnung an Tschudi und Fründ in Schwyz auch noch auf die Bühne gebracht: In seinem eindrücklich
/Users/programming/PycharmProjects/Find_Bibliography_NEw/data/azk_library/sieber-christian__19.pdf;24;work;Fründ (Hans Fründ);\bfr[üu]nd\b;yzerkönig» gemeint ist wiederum Ital Reding) hat auch Landschreiber Fründ seinen Auftritt und liest auf Befehl von Reding aus verschiedenen
/Users/programming/PycharmProjects/Find_Bibliography_NEw/data/azk_library/sieber-christian__19.pdf;24;work;Fründ (Hans Fründ);\bfr[üu]nd\b;Erbe streitig machen.168 Selbst den Sprung ins 21. Jahrhundert hat Fründ geschafft: Die auf älteren Regesten von Josef Schneller 1801–1879)
/Users/programming/PycharmProjects/Find_Bibliography_NEw/data/azk_library/sieber-christian__19.pdf;24;work;Fründ (Hans Fründ);\bfr[üu]nd\b;änkungen gegen sie mit Worten und Werken …» – nicht anders also als Fründ, der das Dokument vor über 500 Jahren auf dem Etzelpass in Empfang
/Users/programming/PycharmProjects/Find_Bibliography_NEw/data/azk_library/sieber-christian__19.pdf;24;work;Fründ (Hans Fründ);\bfr[üu]nd\b;"ker). 168 Kamer, Schwyzerkönig, bes. S. 32, 61f., 114 Auftritte von Fründ); vgl. dazu die Würdigung bei Bättig, Paul Kamer, S. 79–90."
/Users/programming/PycharmProjects/Find_Bibliography_NEw/data/azk_library/sieber-christian__19.pdf;24;work;Schilling (Diebold Schilling, Berner/Luzerner Chronik);diebold\s+schilling;1485) unter besonderer Berücksichtigung der Illustrationen in Diebold Schillings Grosser Burgunderchronik in Zürich, Diss. Zürich, Bern 1971
/Users/programming/PycharmProjects/Find_Bibliography_NEw/data/azk_library/sieber-christian__19.pdf;24;work;Tschudi (Aegidius Tschudi, Chronicon Helveticum);aegidius\s+tschudi;«vil zuo vil parthyisch» bezeichnet), 165 was – abgesehen von Aegidius Tschudi – bis ins 19. Jahrhundert mehrheitlich übernommen wurde.166 E
/Users/programming/PycharmProjects/Find_Bibliography_NEw/data/azk_library/sieber-christian__19.pdf;24;work;Tschudi (Aegidius Tschudi, Chronicon Helveticum);\btschudi\b;zuo vil parthyisch» bezeichnet), 165 was – abgesehen von Aegidius Tschudi – bis ins 19. Jahrhundert mehrheitlich übernommen wurde.166 Eine
/Users/programming/PycharmProjects/Find_Bibliography_NEw/data/azk_library/sieber-christian__19.pdf;24;work;Tschudi (Aegidius Tschudi, Chronicon Helveticum);\btschudi\b;tschlehrers Emil Spiess den Zürichkrieg in deutlicher Anlehnung an Tschudi und Fründ in Schwyz auch noch auf die Bühne gebracht: In seinem e
/Users/programming/PycharmProjects/Find_Bibliography_NEw/data/azk_library/sieber-christian__19.pdf;24;work;Bullinger (Heinrich Bullinger);\bbullinger\b;33 Bullinger hat die Chronik in dieser Form, in der sie ihm in einer Abschrift des Zürcher Pfarrers Rudolf Güder von 1532 zur Verfügung stan
/Users/programming/PycharmProjects/Find_Bibliography_NEw/data/azk_library/sieber-christian__19.pdf;24;generic;Chronik/Chroniken;\bchronik(?:en)?\b;33 Bullinger hat die Chronik in dieser Form, in der sie ihm in einer Abschrift des Zürcher Pfarrers Rudolf Güder von 1532 zur Verfügung stan
/Users/programming/PycharmProjects/Find_Bibliography_NEw/data/azk_library/sieber-christian__19.pdf;24;generic;Chronik/Chroniken;\bchronik(?:en)?\b;onsarchivar Christian Immanuel Kind 1818–1884)167 im Jahr 1875 die Chronik im Auftrag der Allgemeinen Geschichtforschenden Gesellschaft der
/Users/programming/PycharmProjects/Find_Bibliography_NEw/data/azk_library/sieber-christian__19.pdf;24;generic;Chronik/Chroniken;\bchronik(?:en)?\b;ortgeführt vonTraugottBautz, Bd. 1ff., Hamm u. a. 1975ff. Bodmer, Chroniken Bodmer Jean-Pierre, Chroniken und Chronisten im Spätmittelalter,
/Users/programming/PycharmProjects/Find_Bibliography_NEw/data/azk_library/sieber-christian__19.pdf;24;generic;Chronik/Chroniken;\bchronik(?:en)?\b;d. 1ff., Hamm u. a. 1975ff. Bodmer, Chroniken Bodmer Jean-Pierre, Chroniken und Chronisten im Spätmittelalter, Bern 1976 Monographien zur Sc
/Users/programming/PycharmProjects/Find_Bibliography_NEw/data/azk_library/sieber-christian__19.pdf;24;generic;Chronist/Chronisten;\bchronist(?:en)?\b;. a. 1975ff. Bodmer, Chroniken Bodmer Jean-Pierre, Chroniken und Chronisten im Spätmittelalter, Bern 1976 Monographien zur Schweizer Geschic
/Users/programming/PycharmProjects/Find_Bibliography_NEw/data/azk_library/sieber-christian__19.pdf;25;work;Fründ (Hans Fründ);\bfr[üu]nd\b;aus der nordwestlichen Schweiz, Bd. 1, Solothurn 1857, S. 281–760. Fründ, Chronik Die Chronikdes HansFründ, Landschreiber zu Schwytz, hrsg.
/Users/programming/PycharmProjects/Find_Bibliography_NEw/data/azk_library/sieber-christian__19.pdf;25;work;Fründ (Hans Fründ);\bfr[üu]nd\b;dschreiber zu Schwytz, hrsg.von Christian Immanuel Kind, Chur 1875. Fründ, Rapport Fründ Hans, Rapportsurla chasse aux sorciers et aux sorci
/Users/programming/PycharmProjects/Find_Bibliography_NEw/data/azk_library/sieber-christian__19.pdf;25;work;Fründ (Hans Fründ);\bfr[üu]nd\b;chwytz, hrsg.von Christian Immanuel Kind, Chur 1875. Fründ, Rapport Fründ Hans, Rapportsurla chasse aux sorciers et aux sorcières menée dès
/Users/programming/PycharmProjects/Find_Bibliography_NEw/data/azk_library/sieber-christian__19.pdf;25;work;Zürcher Stadtchronik;chronik\s+der\s+stadt\s+z[üu]rich;v zu Schwyz von Paul Hilber, Erlenbach bei Zürich [1937]. Chronik der Stadt Zürich Chronik der Stadt Zürich, hrsg.von Johannes Dierauer, Bas
/Users/programming/PycharmProjects/Find_Bibliography_NEw/data/azk_library/sieber-christian__19.pdf;25;work;Zürcher Stadtchronik;chronik\s+der\s+stadt\s+z[üu]rich;er, Erlenbach bei Zürich [1937]. Chronik der Stadt Zürich Chronik der Stadt Zürich, hrsg.von Johannes Dierauer, Basel1900 Quellen zur Schwei
/Users/programming/PycharmProjects/Find_Bibliography_NEw/data/azk_library/sieber-christian__19.pdf;25;work;Zürcher Stadtchronik;z[üu]rcher\s+stadtchronik;e, 26), S. 23–98. Gamper, Stadtchroniken Gamper Rudolf, Die Zürcher Stadtchroniken und ihre Ausbreitung in die Ostschweiz,Zürich 1984 Mittei
/Users/programming/PycharmProjects/Find_Bibliography_NEw/data/azk_library/sieber-christian__19.pdf;25;series;QSG (Quellen zur Schweizer Geschichte);quellen\s+zur\s+schweizer\s+geschichte;r Stadt Zürich, hrsg.von Johannes Dierauer, Basel1900 Quellen zur Schweizer Geschichte, 18). CMD-CH 3 Katalog der datierten Handschriften in
/Users/programming/PycharmProjects/Find_Bibliography_NEw/data/azk_library/sieber-christian__19.pdf;25;series;QSG (Quellen zur Schweizer Geschichte);quellen\s+zur\s+schweizer\s+geschichte;ch den innerschweizerischenJahrzeitbüchern, Basel1940 Quellen zur Schweizer Geschichte NF, Abt. II: Akten, Bd. 3). HLS Historisches Lexikon
/Users/programming/PycharmProjects/Find_Bibliography_NEw/data/azk_library/sieber-christian__19.pdf;25;generic;Chronik/Chroniken;\bchronik(?:en)?\b;riefarchiv zu Schwyz von Paul Hilber, Erlenbach bei Zürich [1937]. Chronik der Stadt Zürich Chronik der Stadt Zürich, hrsg.von Johannes Dier
/Users/programming/PycharmProjects/Find_Bibliography_NEw/data/azk_library/sieber-christian__19.pdf;25;generic;Chronik/Chroniken;\bchronik(?:en)?\b;Paul Hilber, Erlenbach bei Zürich [1937]. Chronik der Stadt Zürich Chronik der Stadt Zürich, hrsg.von Johannes Dierauer, Basel1900 Quellen z
/Users/programming/PycharmProjects/Find_Bibliography_NEw/data/azk_library/sieber-christian__19.pdf;25;generic;Chronik/Chroniken;\bchronik(?:en)?\b;nordwestlichen Schweiz, Bd. 1, Solothurn 1857, S. 281–760. Fründ, Chronik Die Chronikdes HansFründ, Landschreiber zu Schwytz, hrsg.von Chri
/Users/programming/PycharmProjects/Find_Bibliography_NEw/data/azk_library/sieber-christian__19.pdf;25;generic;Jahrbuch/Jahrbücher;jahrb[üu]ch(?:er|e)?\b;en Bestimmung und zur Abfassung eines Weistums, in: Alemannisches Jahrbuch 1976/78, S. 183–204. HBLS Historisch-Biographisches Lexikon der S
/Users/programming/PycharmProjects/Find_Bibliography_NEw/data/azk_library/sieber-christian__19.pdf;26;work;Fründ (Hans Fründ);hans\s+fr[üu]nd;ch/Frauenfeld 1850. Kümmerli, Fründs Chronik Kümmerli Friedrich, Hans Fründs Chronik des alten Zürichkrieges als deutsches Sprachdenkmal,in:
/Users/programming/PycharmProjects/Find_Bibliography_NEw/data/azk_library/sieber-christian__19.pdf;26;work;Fründ (Hans Fründ);\bfr[üu]nd(?:s)?\s+chronik;xt, hrsg.von Martin Kothing, Zürich/Frauenfeld 1850. Kümmerli, Fründs Chronik Kümmerli Friedrich, Hans Fründs Chronik des alten Zürichkriege
/Users/programming/PycharmProjects/Find_Bibliography_NEw/data/azk_library/sieber-christian__19.pdf;26;work;Fründ (Hans Fründ);\bfr[üu]nd(?:s)?\s+chronik;enfeld 1850. Kümmerli, Fründs Chronik Kümmerli Friedrich, Hans Fründs Chronik des alten Zürichkrieges als deutsches Sprachdenkmal,in:MHVS 68
/Users/programming/PycharmProjects/Find_Bibliography_NEw/data/azk_library/sieber-christian__19.pdf;26;work;Fründ (Hans Fründ);\bfr[üu]nd\b;XI–XXVII. Kind, Einleitung Kind Christian Immanuel, Einleitung, in: Fründ, Chronik, S. I–XXII. Klingenberger Chronik Die Klingenberger Chron
/Users/programming/PycharmProjects/Find_Bibliography_NEw/data/azk_library/sieber-christian__19.pdf;26;work;Tschachtlan (Benedikt Tschachtlan);\btschachtlan\b;als deutsches Sprachdenkmal,in:MHVS 68 1976), S.97–104. Ladner, Tschachtlan-Chronik Ladner Pascal, Die Tschachtlan-Chronik als Geschichtswe
/Users/programming/PycharmProjects/Find_Bibliography_NEw/data/azk_library/sieber-christian__19.pdf;26;work;Tschachtlan (Benedikt Tschachtlan);\btschachtlan\b;1976), S.97–104. Ladner, Tschachtlan-Chronik Ladner Pascal, Die Tschachtlan-Chronik als Geschichtswerk, in: Tschachtlan, Bilderchronik, S.
/Users/programming/PycharmProjects/Find_Bibliography_NEw/data/azk_library/sieber-christian__19.pdf;26;work;Tschachtlan (Benedikt Tschachtlan);\btschachtlan\b;k Ladner Pascal, Die Tschachtlan-Chronik als Geschichtswerk, in: Tschachtlan, Bilderchronik, S. 77–84. Landolt, Finanzen LandoltOliver. «Non
/Users/programming/PycharmProjects/Find_Bibliography_NEw/data/azk_library/sieber-christian__19.pdf;26;work;Klingenberger Chronik;klingenberger\s+chronik;istian Immanuel, Einleitung, in: Fründ, Chronik, S. I–XXII. Klingenberger Chronik Die Klingenberger Chronik, hrsg. vonAntonHenne, Gotha 1861
/Users/programming/PycharmProjects/Find_Bibliography_NEw/data/azk_library/sieber-christian__19.pdf;26;work;Klingenberger Chronik;klingenberger\s+chronik;g, in: Fründ, Chronik, S. I–XXII. Klingenberger Chronik Die Klingenberger Chronik, hrsg. vonAntonHenne, Gotha 1861. Koller/Meyerhans, Bundes
/Users/programming/PycharmProjects/Find_Bibliography_NEw/data/azk_library/sieber-christian__19.pdf;26;generic;Chronik/Chroniken;\bchronik(?:en)?\b;. Kind, Einleitung Kind Christian Immanuel, Einleitung, in: Fründ, Chronik, S. I–XXII. Klingenberger Chronik Die Klingenberger Chronik, hrsg
/Users/programming/PycharmProjects/Find_Bibliography_NEw/data/azk_library/sieber-christian__19.pdf;26;generic;Chronik/Chroniken;\bchronik(?:en)?\b;Immanuel, Einleitung, in: Fründ, Chronik, S. I–XXII. Klingenberger Chronik Die Klingenberger Chronik, hrsg. vonAntonHenne, Gotha 1861. Kolle
/Users/programming/PycharmProjects/Find_Bibliography_NEw/data/azk_library/sieber-christian__19.pdf;26;generic;Chronik/Chroniken;\bchronik(?:en)?\b;Fründ, Chronik, S. I–XXII. Klingenberger Chronik Die Klingenberger Chronik, hrsg. vonAntonHenne, Gotha 1861. Koller/Meyerhans, Bundesbrief K
/Users/programming/PycharmProjects/Find_Bibliography_NEw/data/azk_library/sieber-christian__19.pdf;26;generic;Chronik/Chroniken;\bchronik(?:en)?\b;hrsg.von Martin Kothing, Zürich/Frauenfeld 1850. Kümmerli, Fründs Chronik Kümmerli Friedrich, Hans Fründs Chronik des alten Zürichkrieges a
/Users/programming/PycharmProjects/Find_Bibliography_NEw/data/azk_library/sieber-christian__19.pdf;26;generic;Chronik/Chroniken;\bchronik(?:en)?\b;eld 1850. Kümmerli, Fründs Chronik Kümmerli Friedrich, Hans Fründs Chronik des alten Zürichkrieges als deutsches Sprachdenkmal,in:MHVS 68 19
/Users/programming/PycharmProjects/Find_Bibliography_NEw/data/azk_library/sieber-christian__19.pdf;26;generic;Chronik/Chroniken;\bchronik(?:en)?\b;ches Sprachdenkmal,in:MHVS 68 1976), S.97–104. Ladner, Tschachtlan-Chronik Ladner Pascal, Die Tschachtlan-Chronik als Geschichtswerk, in: Ts
/Users/programming/PycharmProjects/Find_Bibliography_NEw/data/azk_library/sieber-christian__19.pdf;26;generic;Chronik/Chroniken;\bchronik(?:en)?\b;97–104. Ladner, Tschachtlan-Chronik Ladner Pascal, Die Tschachtlan-Chronik als Geschichtswerk, in: Tschachtlan, Bilderchronik, S. 77–84. Lan
/Users/programming/PycharmProjects/Find_Bibliography_NEw/data/azk_library/sieber-christian__19.pdf;26;generic;Chronik/Chroniken;\bchronik(?:en)?\b;bt. 1: Urkunden, 3 Bde., bearb.von Traugott Schiess u.a., Abt. 3: Chroniken, 4 Bde., bearb. von Hans Georg Wirz u.a., Aarau 1933–1975. Reber
/Users/programming/PycharmProjects/Find_Bibliography_NEw/data/azk_library/sieber-christian__19.pdf;27;work;Fründ (Hans Fründ);hans\s+fr[üu]nd;ettler, Fründs Darstellung Stettler Bernhard,ZurÜberlieferungvon Hans Fründs Darstellung des Alten Zürichkriegs, in:Tschudi, Chronicon 12, S
/Users/programming/PycharmProjects/Find_Bibliography_NEw/data/azk_library/sieber-christian__19.pdf;27;work;Tschudi (Aegidius Tschudi, Chronicon Helveticum);aegidius\s+tschudi;r Christian, Begegnungen auf Distanz. Tschudi und Vadian, in: Aegidius Tschudi und seine Zeit, hg. von Katharina Koller- Weiss und Christian
/Users/programming/PycharmProjects/Find_Bibliography_NEw/data/azk_library/sieber-christian__19.pdf;27;work;Tschudi (Aegidius Tschudi, Chronicon Helveticum);aegidius\s+tschudi;handschriften und Druckwerke mit dokumentarischen Texten, in: Aegidius Tschudi, Chronicon Helveticum, Hilfsmittel, 1. Teil: Verzeichnis der
/Users/programming/PycharmProjects/Find_Bibliography_NEw/data/azk_library/sieber-christian__19.pdf;27;work;Tschudi (Aegidius Tschudi, Chronicon Helveticum);\btschudi\b;el Stebler, in: Zürcher Taschenbuch NF 127 2007), im Druck. Sieber,Tschudi und Vadian Sieber Christian, Begegnungen auf Distanz. Tschudi und
/Users/programming/PycharmProjects/Find_Bibliography_NEw/data/azk_library/sieber-christian__19.pdf;27;work;Tschudi (Aegidius Tschudi, Chronicon Helveticum);\btschudi\b;eber,Tschudi und Vadian Sieber Christian, Begegnungen auf Distanz. Tschudi und Vadian, in: Aegidius Tschudi und seine Zeit, hg. von Katharin
/Users/programming/PycharmProjects/Find_Bibliography_NEw/data/azk_library/sieber-christian__19.pdf;27;work;Tschudi (Aegidius Tschudi, Chronicon Helveticum);\btschudi\b;ristian, Begegnungen auf Distanz. Tschudi und Vadian, in: Aegidius Tschudi und seine Zeit, hg. von Katharina Koller- Weiss und Christian Sie
/Users/programming/PycharmProjects/Find_Bibliography_NEw/data/azk_library/sieber-christian__19.pdf;27;work;Tschudi (Aegidius Tschudi, Chronicon Helveticum);\btschudi\b;107–138. Sieber, Verzeichnis Sieber Christian, Verzeichnis der von Tschudi benützten Archive sowie der Chronikhandschriften und Druckwerke m
/Users/programming/PycharmProjects/Find_Bibliography_NEw/data/azk_library/sieber-christian__19.pdf;27;work;Tschudi (Aegidius Tschudi, Chronicon Helveticum);\btschudi\b;schriften und Druckwerke mit dokumentarischen Texten, in: Aegidius Tschudi, Chronicon Helveticum, Hilfsmittel, 1. Teil: Verzeichnis der Doku
/Users/programming/PycharmProjects/Find_Bibliography_NEw/data/azk_library/sieber-christian__19.pdf;27;work;Tschudi (Aegidius Tschudi, Chronicon Helveticum);\btschudi\b;berlieferungvon Hans Fründs Darstellung des Alten Zürichkriegs, in:Tschudi, Chronicon 12, S. 122*–134*. Stettler, Liquidation Stettler Bernh
/Users/programming/PycharmProjects/Find_Bibliography_NEw/data/azk_library/sieber-christian__19.pdf;27;work;Tschudi (Aegidius Tschudi, Chronicon Helveticum);\btschudi\b;en Zürichkriegs. Der Weg zur neuen Eidgenossenschaft von 1450, in: Tschudi, Chronicon 12, S. 11*–72*. Stettler, Pfäffikon und Wollerau Stett
/Users/programming/PycharmProjects/Find_Bibliography_NEw/data/azk_library/sieber-christian__19.pdf;27;work;Tschudi (Aegidius Tschudi, Chronicon Helveticum);\btschudi\b;vom Alten Zürichkrieg und dessen Platz in der Historiographie, in: Tschudi, Chronicon 12, S. 73*–121*. Stettler, Zürcher Standpunkt Stettler
/Users/programming/PycharmProjects/Find_Bibliography_NEw/data/azk_library/sieber-christian__19.pdf;27;work;Tschudi (Aegidius Tschudi, Chronicon Helveticum);\btschudi\b;1438 als Zeugnis für den Zusammenstoss zweier Rechtskulturen, in: Tschudi, Chronicon 10, S. 17*–62*.
/Users/programming/PycharmProjects/Find_Bibliography_NEw/data/azk_library/sieber-christian__19.pdf;27;work;Tschudi (Aegidius Tschudi, Chronicon Helveticum);chronicon\s+helveticum;uckwerke mit dokumentarischen Texten, in: Aegidius Tschudi, Chronicon Helveticum, Hilfsmittel, 1. Teil: Verzeichnis der Dokumente, Verzeichn
/Users/programming/PycharmProjects/Find_Bibliography_NEw/data/azk_library/sieber-christian__19.pdf;27;work;Bullinger (Heinrich Bullinger);\bbullinger\b;Eremit – Nikolaus von Flüe im Alten Zürichkrieg. Ein Nachtrag zum Bullinger-Jahr), in: Niederhäuser/ Sieber, Neue Zugänge, S. 65–88. Sieber,
/Users/programming/PycharmProjects/Find_Bibliography_NEw/data/azk_library/sieber-christian__19.pdf;27;series;QSG (Quellen zur Schweizer Geschichte);quellen\s+zur\s+schweizer\s+geschichte;nis der Dokumente, Verzeichnis der Lieder, Basel 2001 Quellen zur Schweizer Geschichte NF, Abt. I: Chroniken, Bd. 7/H1), S. 24–151. Sieber-L
/Users/programming/PycharmProjects/Find_Bibliography_NEw/data/azk_library/sieber-christian__19.pdf;27;generic;Chronik/Chroniken;\bchronik(?:en)?\b;r Lieder, Basel 2001 Quellen zur Schweizer Geschichte NF, Abt. I: Chroniken, Bd. 7/H1), S. 24–151. Sieber-Lehmann/Wilhelmi, In Helvetios Sie
/Users/programming/PycharmProjects/Find_Bibliography_NEw/data/azk_library/sieber-christian__19.pdf;27;generic;Chronicon/Chronica;\bchronic(?:on|a|orum)\b;und Druckwerke mit dokumentarischen Texten, in: Aegidius Tschudi, Chronicon Helveticum, Hilfsmittel, 1. Teil: Verzeichnis der Dokumente, Ver
/Users/programming/PycharmProjects/Find_Bibliography_NEw/data/azk_library/sieber-christian__19.pdf;27;generic;Chronicon/Chronica;\bchronic(?:on|a|orum)\b;ngvon Hans Fründs Darstellung des Alten Zürichkriegs, in:Tschudi, Chronicon 12, S. 122*–134*. Stettler, Liquidation Stettler Bernhard, Die L
/Users/programming/PycharmProjects/Find_Bibliography_NEw/data/azk_library/sieber-christian__19.pdf;27;generic;Chronicon/Chronica;\bchronic(?:on|a|orum)\b;riegs. Der Weg zur neuen Eidgenossenschaft von 1450, in: Tschudi, Chronicon 12, S. 11*–72*. Stettler, Pfäffikon und Wollerau Stettler Bernha
/Users/programming/PycharmProjects/Find_Bibliography_NEw/data/azk_library/sieber-christian__19.pdf;27;generic;Chronicon/Chronica;\bchronic(?:on|a|orum)\b;Zürichkrieg und dessen Platz in der Historiographie, in: Tschudi, Chronicon 12, S. 73*–121*. Stettler, Zürcher Standpunkt Stettler Bernhard,
/Users/programming/PycharmProjects/Find_Bibliography_NEw/data/azk_library/sieber-christian__19.pdf;27;generic;Chronicon/Chronica;\bchronic(?:on|a|orum)\b;Zeugnis für den Zusammenstoss zweier Rechtskulturen, in: Tschudi, Chronicon 10, S. 17*–62*.
/Users/programming/PycharmProjects/Find_Bibliography_NEw/data/azk_library/sieber-christian__19.pdf;27;generic;Historia/Historiae;\bhistori[ae]\b;log der kantonalen Gewerbeausstellung 1924, Luzern 1924. Segovia, Historia Segovia Juan de, Historia gestorum generalis synodi Basiliensis,
/Users/programming/PycharmProjects/Find_Bibliography_NEw/data/azk_library/sieber-christian__19.pdf;27;generic;Historia/Historiae;\bhistori[ae]\b;ausstellung 1924, Luzern 1924. Segovia, Historia Segovia Juan de, Historia gestorum generalis synodi Basiliensis, hrsg. von Ernst Birk u.a.,
/Users/programming/PycharmProjects/Find_Bibliography_NEw/data/azk_library/sieber-christian__19.pdf;28;work;Tschachtlan (Benedikt Tschachtlan);\btschachtlan\b;te des Bodensees und seiner Umgebung 112 1994), S. 1–44. Studer, Tschachtlan Studer Gottlieb, Die Chronik von Tschachtlan, in: Archiv des Hi
/Users/programming/PycharmProjects/Find_Bibliography_NEw/data/azk_library/sieber-christian__19.pdf;28;work;Tschachtlan (Benedikt Tschachtlan);\btschachtlan\b;), S. 1–44. Studer, Tschachtlan Studer Gottlieb, Die Chronik von Tschachtlan, in: Archiv des Historischen Vereins des Kantons Bern 6 1867),
/Users/programming/PycharmProjects/Find_Bibliography_NEw/data/azk_library/sieber-christian__19.pdf;28;work;Tschachtlan (Benedikt Tschachtlan);\btschachtlan\b;v des Historischen Vereins des Kantons Bern 6 1867), S. 627–653. Tschachtlan, Bilderchronik Tschachtlans Bilderchronik, Kommentar zur Faksim
/Users/programming/PycharmProjects/Find_Bibliography_NEw/data/azk_library/sieber-christian__19.pdf;28;work;Tschudi (Aegidius Tschudi, Chronicon Helveticum);\btschudi\b;Eidgenossenschaft im Jahr 1442. Erwartungen und Wirklichkeit, in: Tschudi, Chronicon 11, S. 13*–88*. Stettler, Zwanziger Jahre Stettler Ber
/Users/programming/PycharmProjects/Find_Bibliography_NEw/data/azk_library/sieber-christian__19.pdf;28;work;Tschudi (Aegidius Tschudi, Chronicon Helveticum);\btschudi\b;Konsolidierung und eidgenössische Solidarität im Widerstreit, in: Tschudi, Chronicon 9, S. 22*–158*. Studer, Besuch Studer Christoph, «Do d
/Users/programming/PycharmProjects/Find_Bibliography_NEw/data/azk_library/sieber-christian__19.pdf;28;work;Tschudi (Aegidius Tschudi, Chronicon Helveticum);\btschudi\b;fred A. Schmid, Textedition bearb. von Pascal Ladner, Luzern 1988. Tschudi, Chronicon 9–13 Tschudi Aegidius, Chronicon Helveticum, 9.–13. Te
/Users/programming/PycharmProjects/Find_Bibliography_NEw/data/azk_library/sieber-christian__19.pdf;28;work;Tschudi (Aegidius Tschudi, Chronicon Helveticum);\btschudi\b;ion bearb. von Pascal Ladner, Luzern 1988. Tschudi, Chronicon 9–13 Tschudi Aegidius, Chronicon Helveticum, 9.–13. Teil, bearb. von Bernhard
/Users/programming/PycharmProjects/Find_Bibliography_NEw/data/azk_library/sieber-christian__19.pdf;28;work;Tschudi (Aegidius Tschudi, Chronicon Helveticum);chronicon\s+helveticum;ner, Luzern 1988. Tschudi, Chronicon 9–13 Tschudi Aegidius, Chronicon Helveticum, 9.–13. Teil, bearb. von Bernhard Stettler, Basel 1992–2000
/Users/programming/PycharmProjects/Find_Bibliography_NEw/data/azk_library/sieber-christian__19.pdf;28;series;QSG (Quellen zur Schweizer Geschichte);quellen\s+zur\s+schweizer\s+geschichte;. Teil, bearb. von Bernhard Stettler, Basel 1992–2000 Quellen zur Schweizer Geschichte NF, Abt. I: Chroniken, Bd. 7/9–13). UB Appenzell Appe
/Users/programming/PycharmProjects/Find_Bibliography_NEw/data/azk_library/sieber-christian__19.pdf;28;generic;Chronik/Chroniken;\bchronik(?:en)?\b;ebung 112 1994), S. 1–44. Studer, Tschachtlan Studer Gottlieb, Die Chronik von Tschachtlan, in: Archiv des Historischen Vereins des Kantons
/Users/programming/PycharmProjects/Find_Bibliography_NEw/data/azk_library/sieber-christian__19.pdf;28;generic;Chronik/Chroniken;\bchronik(?:en)?\b;ler, Basel 1992–2000 Quellen zur Schweizer Geschichte NF, Abt. I: Chroniken, Bd. 7/9–13). UB Appenzell Appenzeller Urkundenbuch, bearb. von
/Users/programming/PycharmProjects/Find_Bibliography_NEw/data/azk_library/sieber-christian__19.pdf;28;generic;Chronicon/Chronica;\bchronic(?:on|a|orum)\b;enschaft im Jahr 1442. Erwartungen und Wirklichkeit, in: Tschudi, Chronicon 11, S. 13*–88*. Stettler, Zwanziger Jahre Stettler Bernhard, Die
/Users/programming/PycharmProjects/Find_Bibliography_NEw/data/azk_library/sieber-christian__19.pdf;28;generic;Chronicon/Chronica;\bchronic(?:on|a|orum)\b;erung und eidgenössische Solidarität im Widerstreit, in: Tschudi, Chronicon 9, S. 22*–158*. Studer, Besuch Studer Christoph, «Do der kúng hi
/Users/programming/PycharmProjects/Find_Bibliography_NEw/data/azk_library/sieber-christian__19.pdf;28;generic;Chronicon/Chronica;\bchronic(?:on|a|orum)\b;hmid, Textedition bearb. von Pascal Ladner, Luzern 1988. Tschudi, Chronicon 9–13 Tschudi Aegidius, Chronicon Helveticum, 9.–13. Teil, bearb.
/Users/programming/PycharmProjects/Find_Bibliography_NEw/data/azk_library/sieber-christian__19.pdf;28;generic;Chronicon/Chronica;\bchronic(?:on|a|orum)\b;al Ladner, Luzern 1988. Tschudi, Chronicon 9–13 Tschudi Aegidius, Chronicon Helveticum, 9.–13. Teil, bearb. von Bernhard Stettler, Basel 199
/Users/programming/PycharmProjects/Find_Bibliography_NEw/data/azk_library/sieber-christian__19.pdf;28;generic;Jahrbuch/Jahrbücher;jahrb[üu]ch(?:er|e)?\b;humanisten in der Luzerner Stadtkanzlei des 15. Jahrhunderts, in: Jahrbuch der Historischen Gesellschaft Luzern 18 2000), S. 2–44. Weber, Be
/Users/programming/PycharmProjects/Find_Bibliography_NEw/data/azk_library/sieber-christian__19.pdf;28;generic;Chronist/Chronisten;\bchronist(?:en)?\b;New York 1978–2004. Wanner, Schreiber Wanner Konrad. Schreiber, Chronisten und Frühhumanisten in der Luzerner Stadtkanzlei des 15. Jahrhund
/Users/programming/PycharmProjects/Find_Bibliography_NEw/data/azk_library/bihrer-andreas__5.pdf;2;generic;Chronist/Chronisten;\bchronist(?:en)?\b;ierte der Hewener selbst, zum ersten Mal seit 40 Jahren, wie den Chronisten auffiel. Als letzter Konstanzer Ordinarius hatte Heinrichs Gross
/Users/programming/PycharmProjects/Find_Bibliography_NEw/data/azk_library/bihrer-andreas__5.pdf;3;generic;Chronik/Chroniken;\bchronik(?:en)?\b;"ins Spiel; anhand der genauen Beschreibungen in zeitgendssischen Chroniken und der dort tiberlieferten Dokumente kann das Vorgehen des Bisc"
/Users/programming/PycharmProjects/Find_Bibliography_NEw/data/azk_library/bihrer-andreas__5.pdf;4;work;Tschudi (Aegidius Tschudi, Chronicon Helveticum);aegidius\s+tschudi;idgendssischen als «der boeB frid» bezeichnet, auch wenn erst Aegidius Tschudi explizit den Bischof, der «Frieden sucht um jeden Preis», fii
/Users/programming/PycharmProjects/Find_Bibliography_NEw/data/azk_library/bihrer-andreas__5.pdf;4;work;Tschudi (Aegidius Tschudi, Chronicon Helveticum);\btschudi\b;ndssischen als «der boeB frid» bezeichnet, auch wenn erst Aegidius Tschudi explizit den Bischof, der «Frieden sucht um jeden Preis», fiir da
/Users/programming/PycharmProjects/Find_Bibliography_NEw/data/azk_library/bihrer-andreas__5.pdf;6;generic;Chronist/Chronisten;\bchronist(?:en)?\b;en Orten, er ging also ein Biindnis mit ihnen ein. Ein Uberlinger Chronist hielt die Entscheidung Heinrichs auf eindriickliche Weise fest: «
/Users/programming/PycharmProjects/Find_Bibliography_NEw/data/azk_library/bihrer-andreas__5.pdf;8;generic;Chronik/Chroniken;\bchronik(?:en)?\b;ozial- und Kulturgeschichte, Beromiinster 1976, 30 f., 316. 2 Vgl. Chronik des Gebhard Dacher, in: Das alte Konstanz in Schrift und Stift. D
/Users/programming/PycharmProjects/Find_Bibliography_NEw/data/azk_library/bihrer-andreas__5.pdf;8;generic;Chronik/Chroniken;\bchronik(?:en)?\b;s Gebhard Dacher, in: Das alte Konstanz in Schrift und Stift. Die Chroniken der Stadt Konstanz, hg. von Philipp Ruppert, Konstanz 1891, 191-
/Users/programming/PycharmProjects/Find_Bibliography_NEw/data/azk_library/bihrer-andreas__5.pdf;8;generic;Chronik/Chroniken;\bchronik(?:en)?\b;StadtA Konstanz,A 18), Bd. 1,fol. 140 r, gegen Constanzer Bisthums-Chronik von Christoph Schulthaiss, hg. von Johann Marmor, in: FDA 8 (1874
/Users/programming/PycharmProjects/Find_Bibliography_NEw/data/azk_library/bihrer-andreas__5.pdf;8;generic;Chronik/Chroniken;\bchronik(?:en)?\b;"thaiss, Collectaneen (wie oben), fol. 140 r-141 1; Ders., Bisthums-Chronik (wie oben), 58-60; Gregor Mangolt: Konstanzer Stadtchronik, Redak"
/Users/programming/PycharmProjects/Find_Bibliography_NEw/data/azk_library/bihrer-andreas__5.pdf;8;generic;Annales/Annalen;\bannal(?:es|en)\b;Omnibus Germaniae Episcopatibus Epitomes: Tomus Primus. Continens Annales Archiepiscopatus Moguntini ac duodecim aliorum Episcopatuum, qui
/Users/programming/PycharmProjects/Find_Bibliography_NEw/data/azk_library/bihrer-andreas__5.pdf;8;generic;Stadtchronik (generisch);\bstadt\s*chronik\b;"Bisthums-Chronik (wie oben), 58-60; Gregor Mangolt: Konstanzer Stadtchronik, Redaktion B (ZBZ, Ms. A 83), fol. 39 v; Jacob Merck: Chronick"
/Users/programming/PycharmProjects/Find_Bibliography_NEw/data/azk_library/bihrer-andreas__5.pdf;9;work;Tschudi (Aegidius Tschudi, Chronicon Helveticum);\btschudi\b;"6, Nr. 8495. Vgl. die Schilderung in: Klingenberger Chronik, 255; Tschudi, Bd. 10, 160. EA, Bd. 2, Beilage Nr. 15."
/Users/programming/PycharmProjects/Find_Bibliography_NEw/data/azk_library/bihrer-andreas__5.pdf;9;work;Klingenberger Chronik;klingenberger\s+chronik;"Nr. 213 = URStAZ, Bd. 6, Nr. 8495. Vgl. die Schilderung in: Klingenberger Chronik, 255; Tschudi, Bd. 10, 160. EA, Bd. 2, Beilage Nr. 15."
/Users/programming/PycharmProjects/Find_Bibliography_NEw/data/azk_library/bihrer-andreas__5.pdf;9;generic;Chronik/Chroniken;\bchronik(?:en)?\b;"= URStAZ, Bd. 6, Nr. 8495. Vgl. die Schilderung in: Klingenberger Chronik, 255; Tschudi, Bd. 10, 160. EA, Bd. 2, Beilage Nr. 15."
/Users/programming/PycharmProjects/Find_Bibliography_NEw/data/azk_library/bihrer-andreas__5.pdf;9;generic;Jahrbuch/Jahrbücher;jahrb[üu]ch(?:er|e)?\b;dzesansynoden im Mittelalter und in der Neuzeit, in: Rottenburger Jahrbuch fiir Kirchengeschichte 5 (1986), 53-70, hier 57-59. Zum Miinsterb
/Users/programming/PycharmProjects/Find_Bibliography_NEw/data/azk_library/bihrer-andreas__5.pdf;10;work;Edlibach (Gerold Edlibach);\bedlibach\b;wer.» Tschudi, Bd. 11, 190. Vgl. Klingenberger Chronik, 327, bzw. Edlibach, 43, oder Johannes Stumpf: Gemeiner loblicher Eydgnoschafft Stett
/Users/programming/PycharmProjects/Find_Bibliography_NEw/data/azk_library/bihrer-andreas__5.pdf;10;work;Stumpf (Johannes Stumpf);johannes\s+stumpf;190. Vgl. Klingenberger Chronik, 327, bzw. Edlibach, 43, oder Johannes Stumpf: Gemeiner loblicher Eydgnoschafft Stetten, Landen und Vélcker
/Users/programming/PycharmProjects/Find_Bibliography_NEw/data/azk_library/bihrer-andreas__5.pdf;10;work;Stumpf (Johannes Stumpf);\bstumpf\b;Vgl. Klingenberger Chronik, 327, bzw. Edlibach, 43, oder Johannes Stumpf: Gemeiner loblicher Eydgnoschafft Stetten, Landen und Vélckeren Ch
/Users/programming/PycharmProjects/Find_Bibliography_NEw/data/azk_library/bihrer-andreas__5.pdf;10;work;Tschudi (Aegidius Tschudi, Chronicon Helveticum);\btschudi\b;"gust Bernoulli, Leipzig 1895, 201-325, hier 244 f. Friind, 152 f.; Tschudi, Bd. 11, 161; REC, Bd. 4, Nr. 10780-10781. Zur Vermittlertatigkei"
/Users/programming/PycharmProjects/Find_Bibliography_NEw/data/azk_library/bihrer-andreas__5.pdf;10;work;Tschudi (Aegidius Tschudi, Chronicon Helveticum);\btschudi\b;"wie Anm. 1), 776. Klingenberger Chronik, 325-327; Friind, 163-168; Tschudi, Bd. 11, 181-200. Ein ausfiihrlicher Vergleich der Geschichtsschr"
/Users/programming/PycharmProjects/Find_Bibliography_NEw/data/azk_library/bihrer-andreas__5.pdf;10;work;Tschudi (Aegidius Tschudi, Chronicon Helveticum);\btschudi\b;ch der Geschichtsschreiber bei Bernhard Stettler: [Kommentar], in: Tschudi, Bd. 11, 192-194. Der Abdruck des Waffenstillstands im Wortlaut b
/Users/programming/PycharmProjects/Find_Bibliography_NEw/data/azk_library/bihrer-andreas__5.pdf;10;work;Tschudi (Aegidius Tschudi, Chronicon Helveticum);\btschudi\b;Abdruck des Waffenstillstands im Wortlaut bei Friind, 163-168, und Tschudi, Bd. 11, 193-201, nach der Originalurkunde, wieder in EA, Bd. 2,
/Users/programming/PycharmProjects/Find_Bibliography_NEw/data/azk_library/bihrer-andreas__5.pdf;10;work;Tschudi (Aegidius Tschudi, Chronicon Helveticum);\btschudi\b;rmehren. Freundliche Mitteilung von Andre Gutmann, Freiburg i. Br. Tschudi schliesst aus der Urkunde tiberdies, dass Heinrich seine Autorita
/Users/programming/PycharmProjects/Find_Bibliography_NEw/data/azk_library/bihrer-andreas__5.pdf;10;work;Tschudi (Aegidius Tschudi, Chronicon Helveticum);\btschudi\b;s ein tibelmégender krancker herr zuo inen in das veld komen wer.» Tschudi, Bd. 11, 190. Vgl. Klingenberger Chronik, 327, bzw. Edlibach, 43,
/Users/programming/PycharmProjects/Find_Bibliography_NEw/data/azk_library/bihrer-andreas__5.pdf;10;work;Tschudi (Aegidius Tschudi, Chronicon Helveticum);\btschudi\b;"tanzer Bischofs vgl.: Klingenberger Chronik, 334; Friind, 171-185; Tschudi, Bd. 11, 229-246; EA, Bd. 2, Nr.273 = REC, Bd. 4, Nr. 10910; URSt"
/Users/programming/PycharmProjects/Find_Bibliography_NEw/data/azk_library/bihrer-andreas__5.pdf;10;work;Tschudi (Aegidius Tschudi, Chronicon Helveticum);\btschudi\b;"043, 11069, 11186, 11194, 11203, 11228, 11241. EA, Bd. 2, Nr. 363; Tschudi, Bd. 12, 177-181 = REC, Bd. 4, Nr. 11413. EA, Bd. 2, Nr. 320b = R"
/Users/programming/PycharmProjects/Find_Bibliography_NEw/data/azk_library/bihrer-andreas__5.pdf;10;work;Klingenberger Chronik;klingenberger\s+chronik;"lvetia Sacra 1,1 (wie Anm. 1), 195; Gatz (wie Anm. 1), 776. Klingenberger Chronik, 325-327; Friind, 163-168; Tschudi, Bd. 11, 181-200. Ein a"
/Users/programming/PycharmProjects/Find_Bibliography_NEw/data/azk_library/bihrer-andreas__5.pdf;10;work;Klingenberger Chronik;klingenberger\s+chronik;zuo inen in das veld komen wer.» Tschudi, Bd. 11, 190. Vgl. Klingenberger Chronik, 327, bzw. Edlibach, 43, oder Johannes Stumpf: Gemeiner lo
/Users/programming/PycharmProjects/Find_Bibliography_NEw/data/azk_library/bihrer-andreas__5.pdf;10;work;Klingenberger Chronik;klingenberger\s+chronik;"Tag und zur fiihrenden Rolle des Konstanzer Bischofs vgl.: Klingenberger Chronik, 334; Friind, 171-185; Tschudi, Bd. 11, 229-246; EA, Bd. 2"
/Users/programming/PycharmProjects/Find_Bibliography_NEw/data/azk_library/bihrer-andreas__5.pdf;10;work;Klingenberger Chronik;klingenberger\s+chronik;ick bei Niederstatter (wie Anm. 12),251-256. Das Zitat nach Klingenberger Chronik, 334. Der Chronist fiigte hinzu: «Darumb ich darvon nit vi
/Users/programming/PycharmProjects/Find_Bibliography_NEw/data/azk_library/bihrer-andreas__5.pdf;10;series;Basler Chroniken (Reihe);\bbasler\s+chroniken\b;25 26 27 28 29 Die Chronik Henmann Offenburgs. 1413-1445, in: Basler Chroniken, Bd. 5, bearb. von August Bernoulli, Leipzig 1895, 201-325, h
/Users/programming/PycharmProjects/Find_Bibliography_NEw/data/azk_library/bihrer-andreas__5.pdf;10;generic;Chronik/Chroniken;\bchronik(?:en)?\b;15 16 17 18 19 20 21. 22 23 24 25 26 27 28 29 Die Chronik Henmann Offenburgs. 1413-1445, in: Basler Chroniken, Bd. 5, bearb. von August Bern
/Users/programming/PycharmProjects/Find_Bibliography_NEw/data/azk_library/bihrer-andreas__5.pdf;10;generic;Chronik/Chroniken;\bchronik(?:en)?\b;26 27 28 29 Die Chronik Henmann Offenburgs. 1413-1445, in: Basler Chroniken, Bd. 5, bearb. von August Bernoulli, Leipzig 1895, 201-325, hier
/Users/programming/PycharmProjects/Find_Bibliography_NEw/data/azk_library/bihrer-andreas__5.pdf;10;generic;Chronik/Chroniken;\bchronik(?:en)?\b;"Sacra 1,1 (wie Anm. 1), 195; Gatz (wie Anm. 1), 776. Klingenberger Chronik, 325-327; Friind, 163-168; Tschudi, Bd. 11, 181-200. Ein ausfiihr"
/Users/programming/PycharmProjects/Find_Bibliography_NEw/data/azk_library/bihrer-andreas__5.pdf;10;generic;Chronik/Chroniken;\bchronik(?:en)?\b;n in das veld komen wer.» Tschudi, Bd. 11, 190. Vgl. Klingenberger Chronik, 327, bzw. Edlibach, 43, oder Johannes Stumpf: Gemeiner loblicher
/Users/programming/PycharmProjects/Find_Bibliography_NEw/data/azk_library/bihrer-andreas__5.pdf;10;generic;Chronik/Chroniken;\bchronik(?:en)?\b;"d zur fiihrenden Rolle des Konstanzer Bischofs vgl.: Klingenberger Chronik, 334; Friind, 171-185; Tschudi, Bd. 11, 229-246; EA, Bd. 2, Nr.27"
/Users/programming/PycharmProjects/Find_Bibliography_NEw/data/azk_library/bihrer-andreas__5.pdf;10;generic;Chronik/Chroniken;\bchronik(?:en)?\b;Niederstatter (wie Anm. 12),251-256. Das Zitat nach Klingenberger Chronik, 334. Der Chronist fiigte hinzu: «Darumb ich darvon nit vil schri
/Users/programming/PycharmProjects/Find_Bibliography_NEw/data/azk_library/bihrer-andreas__5.pdf;10;generic;Chronist/Chronisten;\bchronist(?:en)?\b;Anm. 12),251-256. Das Zitat nach Klingenberger Chronik, 334. Der Chronist fiigte hinzu: «Darumb ich darvon nit vil schrib.» Bischof Heinric
/Users/programming/PycharmProjects/Find_Bibliography_NEw/data/azk_library/bihrer-andreas__5.pdf;11;work;Tschudi (Aegidius Tschudi, Chronicon Helveticum);\btschudi\b;. URStAZ, Bd. 6, Nr. 9016, und Bernhard Stettler: [Kommentar], in: Tschudi, Bd. 11,237. Zu Anna von Hewen kiinftig die Arbeit von Barbara Va
/Users/programming/PycharmProjects/Find_Bibliography_NEw/data/azk_library/bihrer-andreas__5.pdf;11;generic;Chronist/Chronisten;\bchronist(?:en)?\b;Hermann Rennefahrt, Aarau 1955, 482-485, Nr. 171a. Ein Uberlinger Chronist des fiinfzehnten Jahrhunderts, hg. von Philipp Ruppert, in: Ders.
/Users/programming/PycharmProjects/Find_Bibliography_NEw/data/azk_library/bihrer-andreas__5.pdf;11;generic;Chronist/Chronisten;\bchronist(?:en)?\b;Konstanz 1888, 96-132, hier 103. Zur spateren Erwahnung bei dem Chronisten Georg Han vg]. Helmut Maurer: Schweizer und Schwaben. Ihre Begeg
/Users/programming/PycharmProjects/Find_Bibliography_NEw/data/azk_library/bihrer-andreas__5.pdf;12;generic;Stadtchronik (generisch);\bstadt\s*chronik\b;at ouch selbs vyl ungluck gestifft.» Gregor Mangolt: Konstanzer Stadtchronik, Redaktion A (StadtA Konstanz, A I 3), fol. 18 v. Heinrich «nah
/Users/programming/PycharmProjects/Find_Bibliography_NEw/data/azk_library/bihrer-andreas__5.pdf;12;generic;Chronist/Chronisten;\bchronist(?:en)?\b;155 r, und Bruschius (wie Anm. 2), fol. 49 r-49 v, der Konstanzer Chronist Gregor Mangolt spitzte diese Deutung in der Mitte des 16. Jahrhun
/Users/programming/PycharmProjects/Find_Bibliography_NEw/data/azk_library/bosshard-werner__14.pdf;4;work;Brennwald (Johann/Johannes Brennwald);\bbrennwald\b;eben und nussbém, das mans absluog.»'® Auch der Chronist Heinrich Brennwald bringt drei Nachrichten zum Untersuchungszeitraum, jedoch stimme
/Users/programming/PycharmProjects/Find_Bibliography_NEw/data/azk_library/bosshard-werner__14.pdf;4;generic;Chronik/Chroniken;\bchronik(?:en)?\b;ationen nur sp§rlich fliessen, sind wir darauf angewiesen, in den Chroniken nach médglichen 4usseren Bedrohungen zu suchen, die die Bevolker
/Users/programming/PycharmProjects/Find_Bibliography_NEw/data/azk_library/bosshard-werner__14.pdf;4;generic;Stadtchronik (generisch);\bstadt\s*chronik\b;ng Ziirichs veranlasst haben kénnten zu testieren. Die Ziircher Stadtchronik behandelt in zwei Passagen den Zeitraum zwischen 1428 und 1438.
/Users/programming/PycharmProjects/Find_Bibliography_NEw/data/azk_library/bosshard-werner__14.pdf;4;generic;Stadtchronik (generisch);\bstadt\s*chronik\b;itraum, jedoch stimmen sie nur teilweise mit denjenigen aus der Stadtchronik tiberein. So greift er den kalten Winter 1431/32 ebenfalls auf:
/Users/programming/PycharmProjects/Find_Bibliography_NEw/data/azk_library/bosshard-werner__14.pdf;4;generic;Chronist/Chronisten;\bchronist(?:en)?\b;und tierli, und reben und nussbém, das mans absluog.»'® Auch der Chronist Heinrich Brennwald bringt drei Nachrichten zum Untersuchungszeitr
/Users/programming/PycharmProjects/Find_Bibliography_NEw/data/azk_library/bosshard-werner__14.pdf;5;generic;Chronik/Chroniken;\bchronik(?:en)?\b;Winter 1431/32, vor allem aber mit dem Pestjahr 1434 sind in den Chroniken zwei Ereignisse tiberliefert, die ein Hochschnellen der Gemiacht
/Users/programming/PycharmProjects/Find_Bibliography_NEw/data/azk_library/bosshard-werner__14.pdf;5;generic;Chronik/Chroniken;\bchronik(?:en)?\b;s in anderen Jahren steht er allein da. Es liegt nahe, die in den Chroniken beschriebene Pest mit diesem Juli 1434 zu verkniipfen und nicht,
/Users/programming/PycharmProjects/Find_Bibliography_NEw/data/azk_library/bosshard-werner__14.pdf;5;generic;Chronik/Chroniken;\bchronik(?:en)?\b;ist zu unterstreichen, dass wir just im Winter 1431/32, der laut Chroniken besonders hart gewesen sein soll, eine vergleichsweise geringe T
/Users/programming/PycharmProjects/Find_Bibliography_NEw/data/azk_library/bosshard-werner__14.pdf;11;work;Brennwald (Johann/Johannes Brennwald);\bbrennwald\b;1900, 191. Chronik der Stadt Ziirich (wie Anm. 9), 192. Heinrich Brennwald, Schweizerchronik, hg. von Rudolf Luginbiihl (QSG, N. FE, Abt. I
/Users/programming/PycharmProjects/Find_Bibliography_NEw/data/azk_library/bosshard-werner__14.pdf;11;work;Brennwald (Johann/Johannes Brennwald);\bbrennwald\b;Rudolf Luginbiihl (QSG, N. FE, Abt. I/1), Bd.2, Basel 1910, 502. Brennwald (wie Anm. 11), 502. Brennwald (wie Anm. 11), 503. Koch (wie Anm.
/Users/programming/PycharmProjects/Find_Bibliography_NEw/data/azk_library/bosshard-werner__14.pdf;11;work;Brennwald (Johann/Johannes Brennwald);\bbrennwald\b;, Abt. I/1), Bd.2, Basel 1910, 502. Brennwald (wie Anm. 11), 502. Brennwald (wie Anm. 11), 503. Koch (wie Anm. 8), 119-121. Jacques Chiffole
/Users/programming/PycharmProjects/Find_Bibliography_NEw/data/azk_library/bosshard-werner__14.pdf;11;series;QSG (Quellen zur Schweizer Geschichte);\bqsg\b;wes brachend.» Chronik der Stadt Ziirich, hg. von Johannes Dierauer (QSG 18), Basel 1900, 191. Chronik der Stadt Ziirich (wie Anm. 9), 192.
/Users/programming/PycharmProjects/Find_Bibliography_NEw/data/azk_library/bosshard-werner__14.pdf;11;series;QSG (Quellen zur Schweizer Geschichte);\bqsg\b;92. Heinrich Brennwald, Schweizerchronik, hg. von Rudolf Luginbiihl (QSG, N. FE, Abt. I/1), Bd.2, Basel 1910, 502. Brennwald (wie Anm. 11),
/Users/programming/PycharmProjects/Find_Bibliography_NEw/data/azk_library/bosshard-werner__14.pdf;11;generic;Chronik/Chroniken;\bchronik(?:en)?\b;schad in disem land an bémen, die von swere des snewes brachend.» Chronik der Stadt Ziirich, hg. von Johannes Dierauer (QSG 18), Basel 1900
/Users/programming/PycharmProjects/Find_Bibliography_NEw/data/azk_library/bosshard-werner__14.pdf;11;generic;Chronik/Chroniken;\bchronik(?:en)?\b;tadt Ziirich, hg. von Johannes Dierauer (QSG 18), Basel 1900, 191. Chronik der Stadt Ziirich (wie Anm. 9), 192. Heinrich Brennwald, Schweize
/Users/programming/PycharmProjects/Find_Bibliography_NEw/data/azk_library/sutter-pascale__3.pdf;2;work;Klingenberger Chronik;klingenberger\s+chronik;ging gleichzeitig ein Biindnis mit Ziirich ein.'* Nach der Klingenberger Chronik zu schliessen, waren nicht alle Rapperswiler erfreut tiber
/Users/programming/PycharmProjects/Find_Bibliography_NEw/data/azk_library/sutter-pascale__3.pdf;2;generic;Chronik/Chroniken;\bchronik(?:en)?\b;leichzeitig ein Biindnis mit Ziirich ein.'* Nach der Klingenberger Chronik zu schliessen, waren nicht alle Rapperswiler erfreut tiber das Bi
/Users/programming/PycharmProjects/Find_Bibliography_NEw/data/azk_library/sutter-pascale__3.pdf;3;work;Schodoler (Werner Schodoler);werner\s+schodoler;"ten Rapperswiler Truppen Hurden. (Eidgendéssische Chronik des Werner Schodoler von 1514, Bd. 2, fol. 60 v; StadtA Bremgarten; Ausschnitt aus"
/Users/programming/PycharmProjects/Find_Bibliography_NEw/data/azk_library/sutter-pascale__3.pdf;3;work;Schodoler (Werner Schodoler);\bschodoler\b;"Rapperswiler Truppen Hurden. (Eidgendéssische Chronik des Werner Schodoler von 1514, Bd. 2, fol. 60 v; StadtA Bremgarten; Ausschnitt aus: S"
/Users/programming/PycharmProjects/Find_Bibliography_NEw/data/azk_library/sutter-pascale__3.pdf;3;work;Klingenberger Chronik;klingenberger\s+chronik;l war man auf der Hut und riistete zum Krieg. | Gemiass der Klingenberger Chronik wurde Ludwig Meyer als Hauptmann des KOonigs auf der Rappe
/Users/programming/PycharmProjects/Find_Bibliography_NEw/data/azk_library/sutter-pascale__3.pdf;3;generic;Chronik/Chroniken;\bchronik(?:en)?\b;"ennen und verwiisten Rapperswiler Truppen Hurden. (Eidgendéssische Chronik des Werner Schodoler von 1514, Bd. 2, fol. 60 v; StadtA Bremgarte"
/Users/programming/PycharmProjects/Find_Bibliography_NEw/data/azk_library/sutter-pascale__3.pdf;3;generic;Chronik/Chroniken;\bchronik(?:en)?\b;an auf der Hut und riistete zum Krieg. | Gemiass der Klingenberger Chronik wurde Ludwig Meyer als Hauptmann des KOonigs auf der Rapperswiler
/Users/programming/PycharmProjects/Find_Bibliography_NEw/data/azk_library/sutter-pascale__3.pdf;4;work;Klingenberger Chronik;klingenberger\s+chronik;zuwerben und die laufenden Kriegskosten zu decken. Nach der Klingenberger Chronik verstarkten noch vor dem Kriegsausbruch 400 Manner aus der
/Users/programming/PycharmProjects/Find_Bibliography_NEw/data/azk_library/sutter-pascale__3.pdf;4;work;Klingenberger Chronik;klingenberger\s+chronik;essung stand und wehrten sich tapfer, wie der Verfasser der Klingenberger Chronik stolz berichtet. Zum Verdruss der Schwyzer und Glarner rii
/Users/programming/PycharmProjects/Find_Bibliography_NEw/data/azk_library/sutter-pascale__3.pdf;4;generic;Chronik/Chroniken;\bchronik(?:en)?\b;n und die laufenden Kriegskosten zu decken. Nach der Klingenberger Chronik verstarkten noch vor dem Kriegsausbruch 400 Manner aus der Grafsc
/Users/programming/PycharmProjects/Find_Bibliography_NEw/data/azk_library/sutter-pascale__3.pdf;4;generic;Chronik/Chroniken;\bchronik(?:en)?\b;stand und wehrten sich tapfer, wie der Verfasser der Klingenberger Chronik stolz berichtet. Zum Verdruss der Schwyzer und Glarner riickte ei
/Users/programming/PycharmProjects/Find_Bibliography_NEw/data/azk_library/sutter-pascale__3.pdf;5;work;Schodoler (Werner Schodoler);werner\s+schodoler;"irich und Osterreich geschlossen. (Eidgendssische Chronik des Werner Schodoler von 1514, Bd. 2, fol. 76 v; StadtA Bremgarten; Ausschnitt aus"
/Users/programming/PycharmProjects/Find_Bibliography_NEw/data/azk_library/sutter-pascale__3.pdf;5;work;Schodoler (Werner Schodoler);\bschodoler\b;"ch und Osterreich geschlossen. (Eidgendssische Chronik des Werner Schodoler von 1514, Bd. 2, fol. 76 v; StadtA Bremgarten; Ausschnitt aus: S"
/Users/programming/PycharmProjects/Find_Bibliography_NEw/data/azk_library/sutter-pascale__3.pdf;5;generic;Chronik/Chroniken;\bchronik(?:en)?\b;"d Glarus sowie Ziirich und Osterreich geschlossen. (Eidgendssische Chronik des Werner Schodoler von 1514, Bd. 2, fol. 76 v; StadtA Bremgarte"
/Users/programming/PycharmProjects/Find_Bibliography_NEw/data/azk_library/sutter-pascale__3.pdf;9;work;Schodoler (Werner Schodoler);werner\s+schodoler;"on einer Kugel tédlich getroffen. (Eidgendssische Chronik des Werner Schodoler von 1514, Bd. 2, fol. 121 v; StadtA Bremgarten; Ausschnitt au"
/Users/programming/PycharmProjects/Find_Bibliography_NEw/data/azk_library/sutter-pascale__3.pdf;9;work;Schodoler (Werner Schodoler);\bschodoler\b;"einer Kugel tédlich getroffen. (Eidgendssische Chronik des Werner Schodoler von 1514, Bd. 2, fol. 121 v; StadtA Bremgarten; Ausschnitt aus:"
/Users/programming/PycharmProjects/Find_Bibliography_NEw/data/azk_library/sutter-pascale__3.pdf;9;generic;Chronik/Chroniken;\bchronik(?:en)?\b;"n Hans ab Yberg von einer Kugel tédlich getroffen. (Eidgendssische Chronik des Werner Schodoler von 1514, Bd. 2, fol. 121 v; StadtA Bremgart"
/Users/programming/PycharmProjects/Find_Bibliography_NEw/data/azk_library/sutter-pascale__3.pdf;10;work;Tschudi (Aegidius Tschudi, Chronicon Helveticum);\btschudi\b;"forschenden Gesellschaft zu Ziirich, in: MAGZ 6/5 (1849), 232-235; Tschudi, Bd. 6, 150-152, 265-269; vgl. die stidtische Jahrzeit im Jahrzei"
/Users/programming/PycharmProjects/Find_Bibliography_NEw/data/azk_library/sutter-pascale__3.pdf;10;generic;Chronik/Chroniken;\bchronik(?:en)?\b;agerung aller eidgendssischen Orte stand. Ludwig Ettmiiller (Hg.): Chronik von Rapperswil von 1000 bis zum Jahre 1388, nach einer von Matthd
/Users/programming/PycharmProjects/Find_Bibliography_NEw/data/azk_library/sutter-pascale__3.pdf;11;work;Tschudi (Aegidius Tschudi, Chronicon Helveticum);\btschudi\b;"dtA Rapperswil, A II 122, C112; StALU, Akten A1, F1, Schachtel 63. Tschudi, Bd. 11, 43 f.; Niederstiatter (wie Anm. 2), 113,119 f., 157. Zum"
/Users/programming/PycharmProjects/Find_Bibliography_NEw/data/azk_library/sutter-pascale__3.pdf;11;work;Tschudi (Aegidius Tschudi, Chronicon Helveticum);\btschudi\b;"on Weesen 1388 erobert hatten, zuriickzuerhalten. EA, Bd.2, Nr.241;Tschudi, Bd. 6, 265-267, Bd. 10, 360 f., Bd. 12,53, 200; Xaver Rickenmann"
/Users/programming/PycharmProjects/Find_Bibliography_NEw/data/azk_library/sutter-pascale__3.pdf;11;work;Tschudi (Aegidius Tschudi, Chronicon Helveticum);\btschudi\b;"24.1;TLA Innsbruck, Sigmundiana 4b.55.176; Thommen, Bd. 4, Nr. 163;Tschudi, Bd. 13/1, 102, Anm. 56. Meile-Huber (wie Anm. 9), 113 f. Dem Auf"
/Users/programming/PycharmProjects/Find_Bibliography_NEw/data/azk_library/sutter-pascale__3.pdf;11;work;Klingenberger Chronik;klingenberger\s+chronik;". StALU, Akten Al, F1, Schachtel 63; StAZ, A 176.1, Nr. 31. Klingenberger Chronik, 289. StadtA Rapperswil, A XXXIIa 1b 2,A XXXVII 11. Vgl. a"
/Users/programming/PycharmProjects/Find_Bibliography_NEw/data/azk_library/sutter-pascale__3.pdf;11;work;Klingenberger Chronik;klingenberger\s+chronik;", F1, Schachtel 63; Niederstatter (wie Anm. 2), 167; 369 f. Klingenberger Chronik, 295; Niederstatter (wie Anm. 2), 186. URStAZ, Bd. 6, Nr."
/Users/programming/PycharmProjects/Find_Bibliography_NEw/data/azk_library/sutter-pascale__3.pdf;11;work;Klingenberger Chronik;klingenberger\s+chronik;"ter (wie Anm. 2), 186. URStAZ, Bd. 6, Nr. 8859, 8868, 8879. Klingenberger Chronik, 299; Niederstatter (wie Anm. 2), 192 f. StadtA Rapperswil"
/Users/programming/PycharmProjects/Find_Bibliography_NEw/data/azk_library/sutter-pascale__3.pdf;11;work;Klingenberger Chronik;klingenberger\s+chronik;"atter (wie Anm. 2), 192 f. StadtA Rapperswil, A XIIla 26 1. Klingenberger Chronik, 303; Niederstatter (wie Anm. 2), 199. Klingenberger Chron"
/Users/programming/PycharmProjects/Find_Bibliography_NEw/data/azk_library/sutter-pascale__3.pdf;11;work;Klingenberger Chronik;klingenberger\s+chronik;"lingenberger Chronik, 303; Niederstatter (wie Anm. 2), 199. Klingenberger Chronik, 303; Niederstéatter (wie Anm. 2), 197 und 200. Vgl. auch"
/Users/programming/PycharmProjects/Find_Bibliography_NEw/data/azk_library/sutter-pascale__3.pdf;11;work;Klingenberger Chronik;klingenberger\s+chronik;"nm. 2), 201-203; URStAZ, Bd. 6, Nr. 8917, 8918, 8920, 8929. Klingenberger Chronik, 315, 323 f.,326; Niederstatter (wie Anm. 2), 213 £,, 224,"
/Users/programming/PycharmProjects/Find_Bibliography_NEw/data/azk_library/sutter-pascale__3.pdf;11;work;Klingenberger Chronik;klingenberger\s+chronik;"; URStAZ, Bd. 6, Nr. 9001. StadtA Rapperswil, A XIIla 26 2. Klingenberger Chronik, 329 f. StadtA Rapperswil, A XXXIIb 2 14. Niederstatter (w"
/Users/programming/PycharmProjects/Find_Bibliography_NEw/data/azk_library/sutter-pascale__3.pdf;11;work;Klingenberger Chronik;klingenberger\s+chronik;"4 (21. Juli 1445), Urk 233/3394 (27. Marz 1446). Vgl. auch: Klingenberger Chronik, 315; Niederstatter (wie Anm. 2), 224. StadtA Rapperswil,"
/Users/programming/PycharmProjects/Find_Bibliography_NEw/data/azk_library/sutter-pascale__3.pdf;11;generic;Chronik/Chroniken;\bchronik(?:en)?\b;", Akten Al, F1, Schachtel 63; StAZ, A 176.1, Nr. 31. Klingenberger Chronik, 289. StadtA Rapperswil, A XXXIIa 1b 2,A XXXVII 11. Vgl. auch: Ni"
/Users/programming/PycharmProjects/Find_Bibliography_NEw/data/azk_library/sutter-pascale__3.pdf;11;generic;Chronik/Chroniken;\bchronik(?:en)?\b;"chachtel 63; Niederstatter (wie Anm. 2), 167; 369 f. Klingenberger Chronik, 295; Niederstatter (wie Anm. 2), 186. URStAZ, Bd. 6, Nr. 8859, 8"
/Users/programming/PycharmProjects/Find_Bibliography_NEw/data/azk_library/sutter-pascale__3.pdf;11;generic;Chronik/Chroniken;\bchronik(?:en)?\b;"e Anm. 2), 186. URStAZ, Bd. 6, Nr. 8859, 8868, 8879. Klingenberger Chronik, 299; Niederstatter (wie Anm. 2), 192 f. StadtA Rapperswil, A XII"
/Users/programming/PycharmProjects/Find_Bibliography_NEw/data/azk_library/sutter-pascale__3.pdf;11;generic;Chronik/Chroniken;\bchronik(?:en)?\b;"wie Anm. 2), 192 f. StadtA Rapperswil, A XIIla 26 1. Klingenberger Chronik, 303; Niederstatter (wie Anm. 2), 199. Klingenberger Chronik, 303"
/Users/programming/PycharmProjects/Find_Bibliography_NEw/data/azk_library/sutter-pascale__3.pdf;11;generic;Chronik/Chroniken;\bchronik(?:en)?\b;"erger Chronik, 303; Niederstatter (wie Anm. 2), 199. Klingenberger Chronik, 303; Niederstéatter (wie Anm. 2), 197 und 200. Vgl. auch URStAZ,"
/Users/programming/PycharmProjects/Find_Bibliography_NEw/data/azk_library/sutter-pascale__3.pdf;11;generic;Chronik/Chroniken;\bchronik(?:en)?\b;"201-203; URStAZ, Bd. 6, Nr. 8917, 8918, 8920, 8929. Klingenberger Chronik, 315, 323 f.,326; Niederstatter (wie Anm. 2), 213 £,, 224, 234-23"
/Users/programming/PycharmProjects/Find_Bibliography_NEw/data/azk_library/sutter-pascale__3.pdf;11;generic;Chronik/Chroniken;\bchronik(?:en)?\b;Z, Bd. 6, Nr. 9001. StadtA Rapperswil, A XIIla 26 2. Klingenberger Chronik, 329 f. StadtA Rapperswil, A XXXIIb 2 14. Niederstatter (wie Anm.
/Users/programming/PycharmProjects/Find_Bibliography_NEw/data/azk_library/sutter-pascale__3.pdf;11;generic;Chronik/Chroniken;\bchronik(?:en)?\b;"Juli 1445), Urk 233/3394 (27. Marz 1446). Vgl. auch: Klingenberger Chronik, 315; Niederstatter (wie Anm. 2), 224. StadtA Rapperswil, A II 12"
/Users/programming/PycharmProjects/Find_Bibliography_NEw/data/azk_library/sutter-pascale__3.pdf;12;work;Tschudi (Aegidius Tschudi, Chronicon Helveticum);\btschudi\b;"Heimatmuseums 14), Rapperswil 1993, 131; Thommen, Bd. 4, Nr. 198; Tschudi, Bd. 13/1, 88 f., 102, Anm. 56. StadtA Rapperswil, Bd. A 23, 29-3"
/Users/programming/PycharmProjects/Find_Bibliography_NEw/data/azk_library/sutter-pascale__3.pdf;12;work;Tschudi (Aegidius Tschudi, Chronicon Helveticum);\btschudi\b;nbuch Abtei Sanct Gallen (wie Anm. 56), Bd. 6, Nr. 6132. Vgl. dazu Tschudi, Bd. 13/1, 104, Anm. 56. StALU, Akten A1, F1, Rapperswil, Schacht
/Users/programming/PycharmProjects/Find_Bibliography_NEw/data/azk_library/sutter-pascale__3.pdf;12;work;Tschudi (Aegidius Tschudi, Chronicon Helveticum);\btschudi\b;"wil, A XXXIIb 2 20; EA, Bd. 2, Nr. 463, aber auch Nr. 478 und 493; Tschudi, Bd. 13/1, 101 f. StALU, Akten A1, F1, Rapperswil, Schachtel 399."
/Users/programming/PycharmProjects/Find_Bibliography_NEw/data/azk_library/sutter-pascale__3.pdf;12;work;Tschudi (Aegidius Tschudi, Chronicon Helveticum);\btschudi\b;", Schachtel 399. TLA Innsbruck, Sigmundiana 4b.55.203, fol. 451 r; Tschudi, Bd. 13/1, 142-144. Vgl. dazu EA, Bd. 2, Nr. 493; Rolf Kohn: Unge"
/Users/programming/PycharmProjects/Find_Bibliography_NEw/data/azk_library/sutter-pascale__3.pdf;13;work;Tschudi (Aegidius Tschudi, Chronicon Helveticum);\btschudi\b;"4. Vgl.StadtA Rapperswil, A III 1 5a; StASZ, Akten 1, 431, Nr. 3; Tschudi, Bd. 13/2, 260, Anm. 137; Elsener (wie Anm. 45), 9 £; Meile-Huber"
/Users/programming/PycharmProjects/Find_Bibliography_NEw/data/azk_library/sutter-pascale__3.pdf;13;series;QSG (Quellen zur Schweizer Geschichte);\bqsg\b;Dokumente zur Geschichte des Biirgermeisters Hans Waldmann, 2 Bande (QSG,N.F, Abt. II/1), Basel 1911-1913, Bd.2, 368. — Als Stadtschreiber p
/Users/programming/PycharmProjects/Find_Bibliography_NEw/data/azk_library/stettler-bernhard__8.pdf;1;work;Klingenberger Chronik;klingenberger\s+chronik;Die Darstellung des Alten Ziirichkriegs in der sogenannten Klingenberger Chronik zeichnet sich durch ntichternen Realismus aus. Ihr ungenan
/Users/programming/PycharmProjects/Find_Bibliography_NEw/data/azk_library/stettler-bernhard__8.pdf;1;generic;Chronik/Chroniken;\bchronik(?:en)?\b;immer wieder mit Stolz verweist. Seine «nach und nach» entstandene Chronik ist insofern einzigartig, als nur in ihr die Ereignisse von 1436-
/Users/programming/PycharmProjects/Find_Bibliography_NEw/data/azk_library/stettler-bernhard__8.pdf;1;generic;Chronik/Chroniken;\bchronik(?:en)?\b;rstellung des Alten Ziirichkriegs in der sogenannten Klingenberger Chronik zeichnet sich durch ntichternen Realismus aus. Ihr ungenannter Ve
/Users/programming/PycharmProjects/Find_Bibliography_NEw/data/azk_library/stettler-bernhard__8.pdf;2;work;Stumpf (Johannes Stumpf);johannes\s+stumpf;e Textseite zum Alten Ziirichkrieg in der Schweizerchronik von Johannes Stumpf mit dem Tod von Graf Friedrich VII. von Toggenburg am 30. Apr
/Users/programming/PycharmProjects/Find_Bibliography_NEw/data/azk_library/stettler-bernhard__8.pdf;2;work;Stumpf (Johannes Stumpf);johannes\s+stumpf;ige im Druck zugangliche Darstellung des Alten Ziirichkriegs. (Johannes Stumpf: Gemeiner loblicher Eydgnoschafft Stetten, Landen und Vélcker
/Users/programming/PycharmProjects/Find_Bibliography_NEw/data/azk_library/stettler-bernhard__8.pdf;2;work;Stumpf (Johannes Stumpf);\bstumpf\b;tseite zum Alten Ziirichkrieg in der Schweizerchronik von Johannes Stumpf mit dem Tod von Graf Friedrich VII. von Toggenburg am 30. April 14
/Users/programming/PycharmProjects/Find_Bibliography_NEw/data/azk_library/stettler-bernhard__8.pdf;2;work;Stumpf (Johannes Stumpf);\bstumpf\b;m Druck zugangliche Darstellung des Alten Ziirichkriegs. (Johannes Stumpf: Gemeiner loblicher Eydgnoschafft Stetten, Landen und Vélckeren Ch
/Users/programming/PycharmProjects/Find_Bibliography_NEw/data/azk_library/stettler-bernhard__8.pdf;2;work;Stumpf (Johannes Stumpf);stumpfs?\s+chronik;rechts das Wappen des Ziircher Biirgermeisters Rudolf Stiissi. Stumpfs Chronik blieb, von der summarischen Darstellung bei Etterlin abgesehe
/Users/programming/PycharmProjects/Find_Bibliography_NEw/data/azk_library/stettler-bernhard__8.pdf;2;work;Klingenberger Chronik;klingenberger\s+chronik;g.” Es fallt auf, dass aus der Stadt Ztirich weder eine der Klingenberger Chronik ebenbiirtige noch eine Hans Friinds Bericht entsprechende,
/Users/programming/PycharmProjects/Find_Bibliography_NEw/data/azk_library/stettler-bernhard__8.pdf;2;work;Etterlin (Petermann Etterlin);\betterlin\b;issi. Stumpfs Chronik blieb, von der summarischen Darstellung bei Etterlin abgesehen, lange Zeit die einzige im Druck zugangliche Darstellun
/Users/programming/PycharmProjects/Find_Bibliography_NEw/data/azk_library/stettler-bernhard__8.pdf;2;generic;Chronik/Chroniken;\bchronik(?:en)?\b;fallt auf, dass aus der Stadt Ztirich weder eine der Klingenberger Chronik ebenbiirtige noch eine Hans Friinds Bericht entsprechende, durchg
/Users/programming/PycharmProjects/Find_Bibliography_NEw/data/azk_library/stettler-bernhard__8.pdf;2;generic;Chronik/Chroniken;\bchronik(?:en)?\b;Grund dafiir. Die um 1450 von einem anonymen Verfasser redigierte Chronik der Stadt Ziirich setzt erst mit dem Jahr 1443 ein. Ihren Detailk
/Users/programming/PycharmProjects/Find_Bibliography_NEw/data/azk_library/stettler-bernhard__8.pdf;2;generic;Chronik/Chroniken;\bchronik(?:en)?\b;ts das Wappen des Ziircher Biirgermeisters Rudolf Stiissi. Stumpfs Chronik blieb, von der summarischen Darstellung bei Etterlin abgesehen, l
/Users/programming/PycharmProjects/Find_Bibliography_NEw/data/azk_library/stettler-bernhard__8.pdf;4;generic;Chronik/Chroniken;\bchronik(?:en)?\b;richfreundlichen Stadt Konstanz weiss in seiner um 1470 verfassten Chronik nur einschubweise vom Alten Ziirichkrieg zu berichten, kann aber
/Users/programming/PycharmProjects/Find_Bibliography_NEw/data/azk_library/stettler-bernhard__8.pdf;5;generic;Chronik/Chroniken;\bchronik(?:en)?\b;itte der 1450er Jahre entstandenen anonymen Basler Fortsetzung der Chronik von Jakob Twinger von Konigshofen wird der Ziirichkrieg unter dem
/Users/programming/PycharmProjects/Find_Bibliography_NEw/data/azk_library/stettler-bernhard__8.pdf;5;generic;Chronik/Chroniken;\bchronik(?:en)?\b;die Mitte der 1440er Jahre begonnene und dann laufend fortgesetzte Chronik des Baslers Erhard von Appenwiler geschrieben. Der Ziirichkrieg k
/Users/programming/PycharmProjects/Find_Bibliography_NEw/data/azk_library/stettler-bernhard__8.pdf;5;generic;Chronik/Chroniken;\bchronik(?:en)?\b;450.’ Die um 1470 entstandene anonyme Strassburger Fortsetzung der Chronik K6nigshofens bringt einen detailreichen Bericht tiber die krieger
/Users/programming/PycharmProjects/Find_Bibliography_NEw/data/azk_library/stettler-bernhard__8.pdf;6;work;Tschachtlan (Benedikt Tschachtlan);\btschachtlan\b;ggebend dafiir war Bern. Der Berner Venner und Ratsherr Bendicht Tschachtlan stiitzte sich bei der Redaktion seiner 1470 abgeschlossenen Ges
/Users/programming/PycharmProjects/Find_Bibliography_NEw/data/azk_library/stettler-bernhard__8.pdf;6;work;Tschachtlan (Benedikt Tschachtlan);\btschachtlan\b;und rechtspriichen mit guotten eren behuoben und erobrett hant.» Tschachtlan beendigte seine Darstellung des Ziirichkriegs entsprechend sein
/Users/programming/PycharmProjects/Find_Bibliography_NEw/data/azk_library/stettler-bernhard__8.pdf;6;work;Justinger (Konrad Justinger);konrad\s+justinger;croneck der statt Bern», und das war fiir ihn die Chronik von Konrad Justinger, sowie fiir den Ziirichkrieg auf eine «andre geloubsame gesch
/Users/programming/PycharmProjects/Find_Bibliography_NEw/data/azk_library/stettler-bernhard__8.pdf;6;work;Justinger (Konrad Justinger);\bjustinger\b;neck der statt Bern», und das war fiir ihn die Chronik von Konrad Justinger, sowie fiir den Ziirichkrieg auf eine «andre geloubsame geschrif
/Users/programming/PycharmProjects/Find_Bibliography_NEw/data/azk_library/stettler-bernhard__8.pdf;6;work;Klingenberger Chronik;klingenberger\s+chronik;reprasentiert in viel weniger geschlossener Form durch die Klingenberger Chronik, die bereits 1444 abbricht, und die Ziircher Stadtchronik,
/Users/programming/PycharmProjects/Find_Bibliography_NEw/data/azk_library/stettler-bernhard__8.pdf;6;generic;Chronik/Chroniken;\bchronik(?:en)?\b;entiert in viel weniger geschlossener Form durch die Klingenberger Chronik, die bereits 1444 abbricht, und die Ziircher Stadtchronik, die in
/Users/programming/PycharmProjects/Find_Bibliography_NEw/data/azk_library/stettler-bernhard__8.pdf;6;generic;Chronik/Chroniken;\bchronik(?:en)?\b;auf «die rechte croneck der statt Bern», und das war fiir ihn die Chronik von Konrad Justinger, sowie fiir den Ziirichkrieg auf eine «andre
/Users/programming/PycharmProjects/Find_Bibliography_NEw/data/azk_library/stettler-bernhard__8.pdf;6;generic;Chronik/Chroniken;\bchronik(?:en)?\b;irichkrieg auf eine «andre geloubsame geschrift», und dies war die Chronik von Hans Friind. Aus Tschachtlans Sicht hatte das Thema Ziirichkr
/Users/programming/PycharmProjects/Find_Bibliography_NEw/data/azk_library/stettler-bernhard__8.pdf;6;generic;Stadtchronik (generisch);\bstadt\s*chronik\b;ngenberger Chronik, die bereits 1444 abbricht, und die Ziircher Stadtchronik, die in véllig anderer Art erst 1443 einsetzt. In welcher Weise
/Users/programming/PycharmProjects/Find_Bibliography_NEw/data/azk_library/stettler-bernhard__8.pdf;7;work;Schilling (Diebold Schilling, Berner/Luzerner Chronik);diebold\s+schilling;ésung. Die vom Berner Rat begutachtete «amtliche» Chronik des Diebold Schilling bringt praktisch den Tschachtlanschen Text. Valerius Anshelm
/Users/programming/PycharmProjects/Find_Bibliography_NEw/data/azk_library/stettler-bernhard__8.pdf;7;work;Schilling (Diebold Schilling, Berner/Luzerner Chronik);diebold\s+schilling;"untersucht. Er kannte aber mindestens die Berner Chronik des Diebold Schilling und somit die Friindsche Chronik; doch stand er dieser kriti"
/Users/programming/PycharmProjects/Find_Bibliography_NEw/data/azk_library/stettler-bernhard__8.pdf;7;work;Schilling (Diebold Schilling, Berner/Luzerner Chronik);\bschilling\b;g. Die vom Berner Rat begutachtete «amtliche» Chronik des Diebold Schilling bringt praktisch den Tschachtlanschen Text. Valerius Anshelm hin
/Users/programming/PycharmProjects/Find_Bibliography_NEw/data/azk_library/stettler-bernhard__8.pdf;7;work;Schilling (Diebold Schilling, Berner/Luzerner Chronik);\bschilling\b;"ersucht. Er kannte aber mindestens die Berner Chronik des Diebold Schilling und somit die Friindsche Chronik; doch stand er dieser kritisch"
/Users/programming/PycharmProjects/Find_Bibliography_NEw/data/azk_library/stettler-bernhard__8.pdf;7;work;Edlibach (Gerold Edlibach);gerold\s+edlibach;s tiberbriickt worden war - meldete sich eine Ziircher Stimme: Gerold Edlibach. Er dachte durchaus eidgenéssisch, suchte aber auch Ziirichs
/Users/programming/PycharmProjects/Find_Bibliography_NEw/data/azk_library/stettler-bernhard__8.pdf;7;work;Edlibach (Gerold Edlibach);gerold\s+edlibach;amit die nach 1450 abgebrochene Ziircher Tradition wieder auf. Gerold Edlibach, Stiefsohn von Hans Waldmann, Ratsherr und Seckelmeister, wag
/Users/programming/PycharmProjects/Find_Bibliography_NEw/data/azk_library/stettler-bernhard__8.pdf;7;work;Edlibach (Gerold Edlibach);\bedlibach\b;berbriickt worden war - meldete sich eine Ziircher Stimme: Gerold Edlibach. Er dachte durchaus eidgenéssisch, suchte aber auch Ziirichs Stan
/Users/programming/PycharmProjects/Find_Bibliography_NEw/data/azk_library/stettler-bernhard__8.pdf;7;work;Edlibach (Gerold Edlibach);\bedlibach\b;die nach 1450 abgebrochene Ziircher Tradition wieder auf. Gerold Edlibach, Stiefsohn von Hans Waldmann, Ratsherr und Seckelmeister, wagte e
/Users/programming/PycharmProjects/Find_Bibliography_NEw/data/azk_library/stettler-bernhard__8.pdf;7;work;Edlibach (Gerold Edlibach);\bedlibach\b;«vor s6mlichen grossen tétlichen krieg zu ewigen zitten htiete». Edlibach war sich bewusst, was der Konflikt zwischen Ziirich und Schwyz, d
/Users/programming/PycharmProjects/Find_Bibliography_NEw/data/azk_library/stettler-bernhard__8.pdf;7;work;Edlibach (Gerold Edlibach);\bedlibach\b;guotz kommen, dz sy arm warend, und begert mencklicher fridens». Edlibach wollte nicht alte Wunden aufreissen. Er tiberging vieles, «da von
/Users/programming/PycharmProjects/Find_Bibliography_NEw/data/azk_library/stettler-bernhard__8.pdf;7;work;Edlibach (Gerold Edlibach);\bedlibach\b;be beiden Parteien «die schwentz zusammen gestrickt [gekniipft]». Edlibach ausserte sich auch zu den Schiedsverhandlungen der Jahre 1446 und
/Users/programming/PycharmProjects/Find_Bibliography_NEw/data/azk_library/stettler-bernhard__8.pdf;7;work;Valerius Anshelm;valerius\s+anshelm;Diebold Schilling bringt praktisch den Tschachtlanschen Text. Valerius Anshelm hingegen war bei der Abfassung seines nach 1529 entstandenen
/Users/programming/PycharmProjects/Find_Bibliography_NEw/data/azk_library/stettler-bernhard__8.pdf;7;work;Valerius Anshelm;\banshelm\b;old Schilling bringt praktisch den Tschachtlanschen Text. Valerius Anshelm hingegen war bei der Abfassung seines nach 1529 entstandenen Gesc
/Users/programming/PycharmProjects/Find_Bibliography_NEw/data/azk_library/stettler-bernhard__8.pdf;7;work;Berner Chronik (allg.);\bberner\s+chronik\b;"n bis anhin noch nie untersucht. Er kannte aber mindestens die Berner Chronik des Diebold Schilling und somit die Friindsche Chronik; doch s"
/Users/programming/PycharmProjects/Find_Bibliography_NEw/data/azk_library/stettler-bernhard__8.pdf;7;generic;Chronik/Chroniken;\bchronik(?:en)?\b;ans politischer Lésung. Die vom Berner Rat begutachtete «amtliche» Chronik des Diebold Schilling bringt praktisch den Tschachtlanschen Text.
/Users/programming/PycharmProjects/Find_Bibliography_NEw/data/azk_library/stettler-bernhard__8.pdf;7;generic;Chronik/Chroniken;\bchronik(?:en)?\b;Ziirichkriegs — mdglicherweise das urspriingliche Anliegen seiner Chronik — und schloss diese am 20. Marz 1486 ab. Der erste und ausfiihrli
/Users/programming/PycharmProjects/Find_Bibliography_NEw/data/azk_library/stettler-bernhard__8.pdf;7;generic;Chronik/Chroniken;\bchronik(?:en)?\b;"is anhin noch nie untersucht. Er kannte aber mindestens die Berner Chronik des Diebold Schilling und somit die Friindsche Chronik; doch stan"
/Users/programming/PycharmProjects/Find_Bibliography_NEw/data/azk_library/stettler-bernhard__8.pdf;7;generic;Chronik/Chroniken;\bchronik(?:en)?\b;"die Berner Chronik des Diebold Schilling und somit die Friindsche Chronik; doch stand er dieser kritisch gegeniiber und erklarte in anderem"
/Users/programming/PycharmProjects/Find_Bibliography_NEw/data/azk_library/stettler-bernhard__8.pdf;7;generic;Chronik/Chroniken;\bkr?onik(?:en)?\b;er mehr als einen «verktirzten durchgang einer loblichen stat Bern kronik vom anfang bis zum end des burgundischen kriegs, haltend 286 jare»
/Users/programming/PycharmProjects/Find_Bibliography_NEw/data/azk_library/stettler-bernhard__8.pdf;7;generic;Chronist/Chronisten;\bchronist(?:en)?\b;, was der Konflikt zwischen Ziirich und Schwyz, den er als erster Chronist als «alten Ziirichkrieg» bezeichnete, fiir die Eidgenossenschaft
/Users/programming/PycharmProjects/Find_Bibliography_NEw/data/azk_library/stettler-bernhard__8.pdf;8;work;Edlibach (Gerold Edlibach);\bedlibach\b;ete die Klingenberger Chronik, vor allem aber die Darstellung von Edlibach samt den darin enthaltenen Dokumenten (die Chronik von Friind dag
/Users/programming/PycharmProjects/Find_Bibliography_NEw/data/azk_library/stettler-bernhard__8.pdf;8;work;Klingenberger Chronik;klingenberger\s+chronik;r Ziircher Uberlieferung bestimmt. Brennwald verwendete die Klingenberger Chronik, vor allem aber die Darstellung von Edlibach samt den dari
/Users/programming/PycharmProjects/Find_Bibliography_NEw/data/azk_library/stettler-bernhard__8.pdf;8;work;Brennwald (Johann/Johannes Brennwald);\bbrennwald\b;lassen betadigen [vereinbaren].»¥ Der Embracher Chorherr Heinrich Brennwald stellte um 1510 die Schweizer Geschichte auf eine grundsatzlich
/Users/programming/PycharmProjects/Find_Bibliography_NEw/data/azk_library/stettler-bernhard__8.pdf;8;work;Brennwald (Johann/Johannes Brennwald);\bbrennwald\b;keit eidgendssischer Solidaritaét betont hatte, wurde diese durch Brennwald erstmals auf historische Wurzeln zurtickgefiihrt. Zudem war Bren
/Users/programming/PycharmProjects/Find_Bibliography_NEw/data/azk_library/stettler-bernhard__8.pdf;8;work;Brennwald (Johann/Johannes Brennwald);\bbrennwald\b;nwald erstmals auf historische Wurzeln zurtickgefiihrt. Zudem war Brennwald darauf bedacht, den einzelnen Orten in einem Aufriss ihrer Gesch
/Users/programming/PycharmProjects/Find_Bibliography_NEw/data/azk_library/stettler-bernhard__8.pdf;8;work;Brennwald (Johann/Johannes Brennwald);\bbrennwald\b;st inhaltlich weitgehend von der Ziircher Uberlieferung bestimmt. Brennwald verwendete die Klingenberger Chronik, vor allem aber die Darstel
/Users/programming/PycharmProjects/Find_Bibliography_NEw/data/azk_library/stettler-bernhard__8.pdf;8;work;Etterlin (Petermann Etterlin);petermann\s+etterlin;herischer Uberlieferung verlor seine Bedeutung. Der Luzerner Petermann Etterlin erGrterte in seiner 1507 erschienenen «Kronica von der lobli
/Users/programming/PycharmProjects/Find_Bibliography_NEw/data/azk_library/stettler-bernhard__8.pdf;8;work;Etterlin (Petermann Etterlin);\betterlin\b;cher Uberlieferung verlor seine Bedeutung. Der Luzerner Petermann Etterlin erGrterte in seiner 1507 erschienenen «Kronica von der loblichen
/Users/programming/PycharmProjects/Find_Bibliography_NEw/data/azk_library/stettler-bernhard__8.pdf;8;work;Etterlin (Petermann Etterlin);\betterlin\b;n muofent, dann das [als wenn] sy mit einanderen solten kriegen.» Etterlin wollte sich die Finger nicht verbrennen und konzentrierte sich in
/Users/programming/PycharmProjects/Find_Bibliography_NEw/data/azk_library/stettler-bernhard__8.pdf;8;work;Etterlin (Petermann Etterlin);\betterlin\b;sars «Bellum Gallicum» mit den Helvetiern beginnen liess. Wahrend Etterlin bloss die Niitzlichkeit eidgendssischer Solidaritaét betont hatte
/Users/programming/PycharmProjects/Find_Bibliography_NEw/data/azk_library/stettler-bernhard__8.pdf;8;generic;Chronik/Chroniken;\bchronik(?:en)?\b;her Uberlieferung bestimmt. Brennwald verwendete die Klingenberger Chronik, vor allem aber die Darstellung von Edlibach samt den darin entha
/Users/programming/PycharmProjects/Find_Bibliography_NEw/data/azk_library/stettler-bernhard__8.pdf;8;generic;Chronik/Chroniken;\bchronik(?:en)?\b;arstellung von Edlibach samt den darin enthaltenen Dokumenten (die Chronik von Friind dagegen war ihm nicht bekannt) und bereicherte diesen
/Users/programming/PycharmProjects/Find_Bibliography_NEw/data/azk_library/stettler-bernhard__8.pdf;8;generic;Chronist/Chronisten;\bchronist(?:en)?\b;verloren und konnte somit leidenschaftslos behandelt werden. Die Chronisten um 1500 wandten ihren Blick auf die Gesamteidgenossenschaft und
/Users/programming/PycharmProjects/Find_Bibliography_NEw/data/azk_library/stettler-bernhard__8.pdf;9;work;Stumpf (Johannes Stumpf);johannes\s+stumpf;itung des Themas unter Neugewichtung der Quellen war gekommen. Johannes Stumpf war damals gewissermassen der Geschichtsschreiber vom Dienst.
/Users/programming/PycharmProjects/Find_Bibliography_NEw/data/azk_library/stettler-bernhard__8.pdf;9;work;Stumpf (Johannes Stumpf);\bstumpf\b;des Themas unter Neugewichtung der Quellen war gekommen. Johannes Stumpf war damals gewissermassen der Geschichtsschreiber vom Dienst. In s
/Users/programming/PycharmProjects/Find_Bibliography_NEw/data/azk_library/stettler-bernhard__8.pdf;9;work;Brennwald (Johann/Johannes Brennwald);\bbrennwald\b;"Ziirich und ander eignossen tiber einander verhazt [aufhetzte]». Brennwald schloss seine Darstellung mit dem Anlass vom Jahr 1446; von der"
/Users/programming/PycharmProjects/Find_Bibliography_NEw/data/azk_library/stettler-bernhard__8.pdf;9;work;Bullinger (Heinrich Bullinger);heinrich\s+bullinger;hm geistig tiberlegen waren, insbesondere durch den Antistes Heinrich Bullinger, der sich neben seiner Amtstatigkeit mit unermiidlicher Kraf
/Users/programming/PycharmProjects/Find_Bibliography_NEw/data/azk_library/stettler-bernhard__8.pdf;9;work;Bullinger (Heinrich Bullinger);heinrich\s+bullinger;politischen Konsequenzen des Zweiten Kappeler Kriegs hatten Heinrich Bullinger, seit 1529 Pfarrer in Bremgarten, in existentielle Gefahr ge
/Users/programming/PycharmProjects/Find_Bibliography_NEw/data/azk_library/stettler-bernhard__8.pdf;9;work;Bullinger (Heinrich Bullinger);\bbullinger\b;eistig tiberlegen waren, insbesondere durch den Antistes Heinrich Bullinger, der sich neben seiner Amtstatigkeit mit unermiidlicher Kraft um
/Users/programming/PycharmProjects/Find_Bibliography_NEw/data/azk_library/stettler-bernhard__8.pdf;9;work;Bullinger (Heinrich Bullinger);\bbullinger\b;itischen Konsequenzen des Zweiten Kappeler Kriegs hatten Heinrich Bullinger, seit 1529 Pfarrer in Bremgarten, in existentielle Gefahr gebrac
/Users/programming/PycharmProjects/Find_Bibliography_NEw/data/azk_library/stettler-bernhard__8.pdf;9;work;Bullinger (Heinrich Bullinger);\bbullinger\b;r dramatischen Entwicklung in den Gemeinen Herrschaften verfasste Bullinger 1532 einen «Radtschlag wie man moége vor kriegen sin und der fii
/Users/programming/PycharmProjects/Find_Bibliography_NEw/data/azk_library/stettler-bernhard__8.pdf;9;work;Bullinger (Heinrich Bullinger);\bbullinger\b;litat der Ziirichkriegsthematik schlaglichtartig beleuchtet wird. Bullinger befasste sich mit dem Wesen der Eidgenossenschaft an dessen heik
/Users/programming/PycharmProjects/Find_Bibliography_NEw/data/azk_library/stettler-bernhard__8.pdf;9;work;Bullinger (Heinrich Bullinger);\bbullinger\b;hlussspruch im Alten Ziirichkrieg habe dies beispielhaft gezeigt. Bullinger vertrat in diesem Ratschlag offen eine Extremposition, von der e
/Users/programming/PycharmProjects/Find_Bibliography_NEw/data/azk_library/stettler-bernhard__8.pdf;9;work;Bullinger (Heinrich Bullinger);\bbullinger\b;r sich aber immer wieder mit dem Alten Ziirichkrieg. 1568 schloss Bullinger seine «Historia gemeiner loblicher eydgnoschafft» ab. Das zweiba
/Users/programming/PycharmProjects/Find_Bibliography_NEw/data/azk_library/stettler-bernhard__8.pdf;9;generic;Historia/Historiae;\bhistori[ae]\b;wieder mit dem Alten Ziirichkrieg. 1568 schloss Bullinger seine «Historia gemeiner loblicher eydgnoschafft» ab. Das zweibandige Werk tragt
/Users/programming/PycharmProjects/Find_Bibliography_NEw/data/azk_library/stettler-bernhard__8.pdf;10;work;Stumpf (Johannes Stumpf);johannes\s+stumpf;ieg sind jedenfalls neben Bullingers Darstellung noch jene von Johannes Stumpf und Hans Fiissli beigebunden sowie eine umfangreiche Sammlung
/Users/programming/PycharmProjects/Find_Bibliography_NEw/data/azk_library/stettler-bernhard__8.pdf;10;work;Stumpf (Johannes Stumpf);\bstumpf\b;Abb. 5: Brennende Burgen und Siedlungen in der offenen Landschaft. Stumpf illustriert mit diesem Holzschnitt nicht nur den Alten Ziirichkrie
/Users/programming/PycharmProjects/Find_Bibliography_NEw/data/azk_library/stettler-bernhard__8.pdf;10;work;Stumpf (Johannes Stumpf);\bstumpf\b;et ihn mehrfach bei der Beschreibung von Kriegen. (Holzschnitt in: Stumpf, Chronik, wie Abb. 4, Bd. 2, fol. 430 v) richkrieg sind jedenfalls
/Users/programming/PycharmProjects/Find_Bibliography_NEw/data/azk_library/stettler-bernhard__8.pdf;10;work;Stumpf (Johannes Stumpf);\bstumpf\b;ind jedenfalls neben Bullingers Darstellung noch jene von Johannes Stumpf und Hans Fiissli beigebunden sowie eine umfangreiche Sammlung von
/Users/programming/PycharmProjects/Find_Bibliography_NEw/data/azk_library/stettler-bernhard__8.pdf;10;work;Bullinger (Heinrich Bullinger);\bbullinger\b;acht ursach des ersten Ziirych kriegs» ersichtlich werden sollte. Bullinger selbst verfasste zum Ziirichkrieg nur eine Zusammenfassung, «ein
/Users/programming/PycharmProjects/Find_Bibliography_NEw/data/azk_library/stettler-bernhard__8.pdf;10;work;Bullinger (Heinrich Bullinger);\bbullinger\b;ch kriegs», die um 1540 verfasst worden war. Die «Epitome» konnte Bullinger aber erst schreiben, nachdem er die Dokumentensammlung «uf den b
/Users/programming/PycharmProjects/Find_Bibliography_NEw/data/azk_library/stettler-bernhard__8.pdf;10;work;Bullinger (Heinrich Bullinger);\bbullinger\b;n Ziircher Standpunkt vertritt. Der Standpunkt der Gegenseite war Bullinger ebenfalls bekannt, da eine Abschrift der Friindschen Chronik aus
/Users/programming/PycharmProjects/Find_Bibliography_NEw/data/azk_library/stettler-bernhard__8.pdf;10;work;Bullinger (Heinrich Bullinger);\bbullinger\b;sen parth gerichtet».'® Aufgrund all dieser Materialien verfasste Bullinger 1572-1574 die einschlagigen Abschnitte in seiner Gesamtdarstellu
/Users/programming/PycharmProjects/Find_Bibliography_NEw/data/azk_library/stettler-bernhard__8.pdf;10;generic;Chronik/Chroniken;\bchronik(?:en)?\b;ehrfach bei der Beschreibung von Kriegen. (Holzschnitt in: Stumpf, Chronik, wie Abb. 4, Bd. 2, fol. 430 v) richkrieg sind jedenfalls neben B
/Users/programming/PycharmProjects/Find_Bibliography_NEw/data/azk_library/stettler-bernhard__8.pdf;10;generic;Chronik/Chroniken;\bchronik(?:en)?\b;war Bullinger ebenfalls bekannt, da eine Abschrift der Friindschen Chronik aus dem Besitz von Werner Steiner an ihn tibergegangen war. Er ta
/Users/programming/PycharmProjects/Find_Bibliography_NEw/data/azk_library/stettler-bernhard__8.pdf;10;generic;Chronik/Chroniken;\bchronik(?:en)?\b;zum Bericht tiber den Ziirichkrieg beklagte er sich erneut liber Chroniken, in denen «ettlichs gar partyesch und alein uff der Schwytzern g
/Users/programming/PycharmProjects/Find_Bibliography_NEw/data/azk_library/stettler-bernhard__8.pdf;10;generic;Historia/Historiae;\bhistori[ae]\b;iente ihm die dem ersten Band beigebundene Abschrift von Stumpfs «Historia des allten tédtlichen sibeniarigen Ziirych kriegs», die um 1540 v
/Users/programming/PycharmProjects/Find_Bibliography_NEw/data/azk_library/stettler-bernhard__8.pdf;10;generic;Historia/Historiae;\bhistori[ae]\b;m krieg noch in zwey trucken verwaret habend», in die Stumpfsche «Historia» mittels Verweisen, Glossen und Beilagen eingearbeitet hatte. Die
/Users/programming/PycharmProjects/Find_Bibliography_NEw/data/azk_library/stettler-bernhard__8.pdf;11;work;Stumpf (Johannes Stumpf);johannes\s+stumpf;acht eigenlich und allt namen ist».1” Der in Bruchsal geborene Johannes Stumpf, der vom Johanniterorden zum reformierten Glauben iibergetret
/Users/programming/PycharmProjects/Find_Bibliography_NEw/data/azk_library/stettler-bernhard__8.pdf;11;work;Stumpf (Johannes Stumpf);\bstumpf\b;r zweifellos allgemeine Kriegserfahrungen wieder. (Holzschnitt in: Stumpf, Chronik, wie Abb. 4, Bd. 2, fol. 444 v) ktindigte an, er wolle in
/Users/programming/PycharmProjects/Find_Bibliography_NEw/data/azk_library/stettler-bernhard__8.pdf;11;work;Stumpf (Johannes Stumpf);\bstumpf\b;eigenlich und allt namen ist».1” Der in Bruchsal geborene Johannes Stumpf, der vom Johanniterorden zum reformierten Glauben iibergetreten un
/Users/programming/PycharmProjects/Find_Bibliography_NEw/data/azk_library/stettler-bernhard__8.pdf;11;work;Bullinger (Heinrich Bullinger);heinrich\s+bullinger;rer geworden war, gehdrte zum Kreis der Geschichtsfreunde um Heinrich Bullinger. Bereits in den 1530er und frithen 1540er Jahren redigierte
/Users/programming/PycharmProjects/Find_Bibliography_NEw/data/azk_library/stettler-bernhard__8.pdf;11;work;Bullinger (Heinrich Bullinger);\bbullinger\b;andern an diesen Kriegen beteiligt habe. Aus dieser Sicht gewann Bullinger Distanz zum Geschehen. Ital Reding war nun nur noch «grimmig uff
/Users/programming/PycharmProjects/Find_Bibliography_NEw/data/azk_library/stettler-bernhard__8.pdf;11;work;Bullinger (Heinrich Bullinger);\bbullinger\b;die «bescheidenheit» vergessen. Seinen eigenen Bericht beschloss Bullinger in einem Anflug von Versohnlichkeit mit der Feststellung, dass m
/Users/programming/PycharmProjects/Find_Bibliography_NEw/data/azk_library/stettler-bernhard__8.pdf;11;work;Bullinger (Heinrich Bullinger);\bbullinger\b;geworden war, gehdrte zum Kreis der Geschichtsfreunde um Heinrich Bullinger. Bereits in den 1530er und frithen 1540er Jahren redigierte er m
/Users/programming/PycharmProjects/Find_Bibliography_NEw/data/azk_library/stettler-bernhard__8.pdf;11;generic;Chronik/Chroniken;\bchronik(?:en)?\b;llos allgemeine Kriegserfahrungen wieder. (Holzschnitt in: Stumpf, Chronik, wie Abb. 4, Bd. 2, fol. 444 v) ktindigte an, er wolle in dieser
/Users/programming/PycharmProjects/Find_Bibliography_NEw/data/azk_library/stettler-bernhard__8.pdf;11;generic;Chronik/Chroniken;\bchronik(?:en)?\b;wahnt in Form einer Abschrift Eingang in Bullingers Eidgendssische Chronik. Stumpfs Bericht basiert weitgehend auf Ziircher Quellen (auch Fe
/Users/programming/PycharmProjects/Find_Bibliography_NEw/data/azk_library/stettler-bernhard__8.pdf;12;work;Edlibach (Gerold Edlibach);\bedlibach\b;ste Stumpf nicht mehr, als er tiber die Chronik von Brennwald aus Edlibach bis zum Jahr 1447 erfahren konnte.® In seiner 1548 im Druck ersch
/Users/programming/PycharmProjects/Find_Bibliography_NEw/data/azk_library/stettler-bernhard__8.pdf;12;work;Stumpf (Johannes Stumpf);\bstumpf\b;statt Ziirich» attestiert. Vom Weg zum endgiiltigen Frieden wusste Stumpf nicht mehr, als er tiber die Chronik von Brennwald aus Edlibach bi
/Users/programming/PycharmProjects/Find_Bibliography_NEw/data/azk_library/stettler-bernhard__8.pdf;12;work;Stumpf (Johannes Stumpf);\bstumpf\b;te.® In seiner 1548 im Druck erschienenen Schweizerchronik widmete Stumpf vier Kapitel dem Alten Ziirichkrieg. Es handelt sich um einen zusa
/Users/programming/PycharmProjects/Find_Bibliography_NEw/data/azk_library/stettler-bernhard__8.pdf;12;work;Stumpf (Johannes Stumpf);\bstumpf\b;essen Verfasser mit Dokumenten arbeitete. Es stammt aber nicht von Stumpf, sondern ist tiber ganze Abschnitte hinweg eine wortliche Abschrif
/Users/programming/PycharmProjects/Find_Bibliography_NEw/data/azk_library/stettler-bernhard__8.pdf;12;work;Stumpf (Johannes Stumpf);\bstumpf\b;ade die Ereignisse der dramatischen Phase von 1443-1445 wurden von Stumpf verfasst. Dabei bemiihte er sich noch mehr als spater Bullinger um
/Users/programming/PycharmProjects/Find_Bibliography_NEw/data/azk_library/stettler-bernhard__8.pdf;12;work;Stumpf (Johannes Stumpf);\bstumpf\b;st im Waffenstillstand von 1446. Die Schuld am Ziirichkrieg suchte Stumpf nicht zuletzt beim Adel und bei Osterreich, welche die Eidgenossen
/Users/programming/PycharmProjects/Find_Bibliography_NEw/data/azk_library/stettler-bernhard__8.pdf;12;work;Brennwald (Johann/Johannes Brennwald);\bbrennwald\b;en Frieden wusste Stumpf nicht mehr, als er tiber die Chronik von Brennwald aus Edlibach bis zum Jahr 1447 erfahren konnte.® In seiner 1548
/Users/programming/PycharmProjects/Find_Bibliography_NEw/data/azk_library/stettler-bernhard__8.pdf;12;work;Bullinger (Heinrich Bullinger);\bbullinger\b;von Stumpf verfasst. Dabei bemiihte er sich noch mehr als spater Bullinger um Versdhnlichkeit, wurde doch auch den altglaubigen Orten je ei
/Users/programming/PycharmProjects/Find_Bibliography_NEw/data/azk_library/stettler-bernhard__8.pdf;12;generic;Chronik/Chroniken;\bchronik(?:en)?\b;um endgiiltigen Frieden wusste Stumpf nicht mehr, als er tiber die Chronik von Brennwald aus Edlibach bis zum Jahr 1447 erfahren konnte.® In
/Users/programming/PycharmProjects/Find_Bibliography_NEw/data/azk_library/stettler-bernhard__8.pdf;12;generic;Chronik/Chroniken;\bchronik(?:en)?\b;enden Uberblick, gewissermassen die Klammer fiir die in der ganzen Chronik verteilten Einzelbeitrage, die zufolge der historisch-topographis
/Users/programming/PycharmProjects/Find_Bibliography_NEw/data/azk_library/stettler-bernhard__8.pdf;12;generic;Chronik/Chroniken;\bchronik(?:en)?\b;h den altglaubigen Orten je ein Dedikationsexemplar der gedruckten Chronik tiberreicht. Provokative Dokumente wurden durch Andeutungen erset
/Users/programming/PycharmProjects/Find_Bibliography_NEw/data/azk_library/stettler-bernhard__8.pdf;13;work;Edlibach (Gerold Edlibach);gerold\s+edlibach;ischer Seite schwanken zwischen 16 bei Hans Friind und 170 bei Gerold Edlibach. (Holzschnitt in: Stumpf, Chronik, wie Abb. 4, Bd. 2, fol. 14
/Users/programming/PycharmProjects/Find_Bibliography_NEw/data/azk_library/stettler-bernhard__8.pdf;13;work;Edlibach (Gerold Edlibach);\bedlibach\b;er Seite schwanken zwischen 16 bei Hans Friind und 170 bei Gerold Edlibach. (Holzschnitt in: Stumpf, Chronik, wie Abb. 4, Bd. 2, fol. 142 v)
/Users/programming/PycharmProjects/Find_Bibliography_NEw/data/azk_library/stettler-bernhard__8.pdf;13;work;Stumpf (Johannes Stumpf);\bstumpf\b;n 16 bei Hans Friind und 170 bei Gerold Edlibach. (Holzschnitt in: Stumpf, Chronik, wie Abb. 4, Bd. 2, fol. 142 v) Landfrieden in ihren Rech
/Users/programming/PycharmProjects/Find_Bibliography_NEw/data/azk_library/stettler-bernhard__8.pdf;13;work;Klingenberger Chronik;klingenberger\s+chronik;tihrungen stiitzte er sich hauptsachlich auf eine Kopie der Klingenberger Chronik, die er voriibergehend ausleihen konnte. Ganz in ihrem Sin
/Users/programming/PycharmProjects/Find_Bibliography_NEw/data/azk_library/stettler-bernhard__8.pdf;13;generic;Chronik/Chroniken;\bchronik(?:en)?\b;Hans Friind und 170 bei Gerold Edlibach. (Holzschnitt in: Stumpf, Chronik, wie Abb. 4, Bd. 2, fol. 142 v) Landfrieden in ihren Rechten wied
/Users/programming/PycharmProjects/Find_Bibliography_NEw/data/azk_library/stettler-bernhard__8.pdf;13;generic;Chronik/Chroniken;\bchronik(?:en)?\b;uck dieser wechselvollen Entwicklung verfasste Vadian seine Grosse Chronik der Abte von St. Gallen und widmete darin dem Alten Ziirichkrieg
/Users/programming/PycharmProjects/Find_Bibliography_NEw/data/azk_library/stettler-bernhard__8.pdf;13;generic;Chronik/Chroniken;\bchronik(?:en)?\b;en stiitzte er sich hauptsachlich auf eine Kopie der Klingenberger Chronik, die er voriibergehend ausleihen konnte. Ganz in ihrem Sinn halt
/Users/programming/PycharmProjects/Find_Bibliography_NEw/data/azk_library/stettler-bernhard__8.pdf;14;work;Stumpf (Johannes Stumpf);johannes\s+stumpf;er in Kontakt, und die Auffassungen Vadians waren ihm bekannt. Johannes Stumpf hatte er bei seiner Tatigkeit beraten und mit Quellenmaterial
/Users/programming/PycharmProjects/Find_Bibliography_NEw/data/azk_library/stettler-bernhard__8.pdf;14;work;Stumpf (Johannes Stumpf);\bstumpf\b;Kontakt, und die Auffassungen Vadians waren ihm bekannt. Johannes Stumpf hatte er bei seiner Tatigkeit beraten und mit Quellenmaterial unte
/Users/programming/PycharmProjects/Find_Bibliography_NEw/data/azk_library/stettler-bernhard__8.pdf;14;work;Stumpf (Johannes Stumpf);\bstumpf\b;e — Bild vom Ziirichkrieg, das nach den Arbeiten von Bullinger und Stumpf sowie von Vadian nicht mehr haltbar war, unter Beriicksichtigung d
/Users/programming/PycharmProjects/Find_Bibliography_NEw/data/azk_library/stettler-bernhard__8.pdf;14;work;Stumpf (Johannes Stumpf);\bstumpf\b;g darf also als das Gegenstitick zu den Arbeiten von Bullinger und Stumpf sowie von Vadian bezeichnet werden — Gegenstiick zuhanden der altg
/Users/programming/PycharmProjects/Find_Bibliography_NEw/data/azk_library/stettler-bernhard__8.pdf;14;work;Tschudi (Aegidius Tschudi, Chronicon Helveticum);aegidius\s+tschudi;hkeit getragen. Der Glarner Politiker und Geschichtsschreiber Aegidius Tschudi war mit Stumpfs Schweizerchronik bestens vertraut, mit Bullin
/Users/programming/PycharmProjects/Find_Bibliography_NEw/data/azk_library/stettler-bernhard__8.pdf;14;work;Tschudi (Aegidius Tschudi, Chronicon Helveticum);\btschudi\b;t getragen. Der Glarner Politiker und Geschichtsschreiber Aegidius Tschudi war mit Stumpfs Schweizerchronik bestens vertraut, mit Bullinger
/Users/programming/PycharmProjects/Find_Bibliography_NEw/data/azk_library/stettler-bernhard__8.pdf;14;work;Tschudi (Aegidius Tschudi, Chronicon Helveticum);\btschudi\b;ullinger konnte Einblick nehmen in verschiedene seiner Werke. Aber Tschudi war ein tiberzeugter Altglaubiger, weshalb die Gelehrtenkontakte
/Users/programming/PycharmProjects/Find_Bibliography_NEw/data/azk_library/stettler-bernhard__8.pdf;14;work;Tschudi (Aegidius Tschudi, Chronicon Helveticum);\btschudi\b;rschattete Thema des Alten Ziirichkriegs betrafen. Beweggrund fiir Tschudi, sich in den 1550er Jahren mit dieser Thematik zu befassen, waren
/Users/programming/PycharmProjects/Find_Bibliography_NEw/data/azk_library/stettler-bernhard__8.pdf;14;work;Tschudi (Aegidius Tschudi, Chronicon Helveticum);\btschudi\b;den ihm vertrauten Luzerner Stadtschreiber Zacharias Bletz verrat Tschudi seine Parteilichkeit, indem er bei der Aufzahlung seiner Vorlagen
/Users/programming/PycharmProjects/Find_Bibliography_NEw/data/azk_library/stettler-bernhard__8.pdf;14;work;Tschudi (Aegidius Tschudi, Chronicon Helveticum);\btschudi\b;e. Wie Bullinger auf Ziircher Seite die Friindsche Chronik, so zog Tschudi die Klingenberger und die Ziircher Stadtchronik sowie die Dokumen
/Users/programming/PycharmProjects/Find_Bibliography_NEw/data/azk_library/stettler-bernhard__8.pdf;14;work;Brennwald (Johann/Johannes Brennwald);\bbrennwald\b;trotz aller Nivellierung auch bei Petermann Etterlin und Heinrich Brennwald noch immer im Vordergrund. Mit Stumpfs gedruckter Schweizerchron
/Users/programming/PycharmProjects/Find_Bibliography_NEw/data/azk_library/stettler-bernhard__8.pdf;14;work;Bullinger (Heinrich Bullinger);heinrich\s+bullinger;Tatigkeit beraten und mit Quellenmaterial untersttitzt, und Heinrich Bullinger konnte Einblick nehmen in verschiedene seiner Werke. Aber Ts
/Users/programming/PycharmProjects/Find_Bibliography_NEw/data/azk_library/stettler-bernhard__8.pdf;14;work;Bullinger (Heinrich Bullinger);\bbullinger\b;us Tschudi war mit Stumpfs Schweizerchronik bestens vertraut, mit Bullinger stand er in Kontakt, und die Auffassungen Vadians waren ihm beka
/Users/programming/PycharmProjects/Find_Bibliography_NEw/data/azk_library/stettler-bernhard__8.pdf;14;work;Bullinger (Heinrich Bullinger);\bbullinger\b;igkeit beraten und mit Quellenmaterial untersttitzt, und Heinrich Bullinger konnte Einblick nehmen in verschiedene seiner Werke. Aber Tschud
/Users/programming/PycharmProjects/Find_Bibliography_NEw/data/azk_library/stettler-bernhard__8.pdf;14;work;Bullinger (Heinrich Bullinger);\bbullinger\b;ich Friindsche — Bild vom Ziirichkrieg, das nach den Arbeiten von Bullinger und Stumpf sowie von Vadian nicht mehr haltbar war, unter Beriic
/Users/programming/PycharmProjects/Find_Bibliography_NEw/data/azk_library/stettler-bernhard__8.pdf;14;work;Bullinger (Heinrich Bullinger);\bbullinger\b;is Darstellung darf also als das Gegenstitick zu den Arbeiten von Bullinger und Stumpf sowie von Vadian bezeichnet werden — Gegenstiick zuha
/Users/programming/PycharmProjects/Find_Bibliography_NEw/data/azk_library/stettler-bernhard__8.pdf;14;work;Bullinger (Heinrich Bullinger);\bbullinger\b;rchiven hatte, aber ohne Gelehrtengespraich auskommen musste. Wie Bullinger auf Ziircher Seite die Friindsche Chronik, so zog Tschudi die Kl
/Users/programming/PycharmProjects/Find_Bibliography_NEw/data/azk_library/stettler-bernhard__8.pdf;14;work;Etterlin (Petermann Etterlin);petermann\s+etterlin;eidgendssische Sicht stand trotz aller Nivellierung auch bei Petermann Etterlin und Heinrich Brennwald noch immer im Vordergrund. Mit Stumpf
/Users/programming/PycharmProjects/Find_Bibliography_NEw/data/azk_library/stettler-bernhard__8.pdf;14;work;Etterlin (Petermann Etterlin);\betterlin\b;ndssische Sicht stand trotz aller Nivellierung auch bei Petermann Etterlin und Heinrich Brennwald noch immer im Vordergrund. Mit Stumpfs ged
/Users/programming/PycharmProjects/Find_Bibliography_NEw/data/azk_library/stettler-bernhard__8.pdf;14;generic;Chronik/Chroniken;\bchronik(?:en)?\b;e Parteilichkeit, indem er bei der Aufzahlung seiner Vorlagen die Chroniken «an unserm teil» jenen «an der widerparth» gegentiberstellte. Ts
/Users/programming/PycharmProjects/Find_Bibliography_NEw/data/azk_library/stettler-bernhard__8.pdf;14;generic;Chronik/Chroniken;\bchronik(?:en)?\b;auskommen musste. Wie Bullinger auf Ziircher Seite die Friindsche Chronik, so zog Tschudi die Klingenberger und die Ziircher Stadtchronik s
/Users/programming/PycharmProjects/Find_Bibliography_NEw/data/azk_library/stettler-bernhard__8.pdf;14;generic;Stadtchronik (generisch);\bstadt\s*chronik\b;sche Chronik, so zog Tschudi die Klingenberger und die Ziircher Stadtchronik sowie die Dokumente auch der Gegenpartei heran. Diese Quellen v
/Users/programming/PycharmProjects/Find_Bibliography_NEw/data/azk_library/stettler-bernhard__8.pdf;15;work;Schilling (Diebold Schilling, Berner/Luzerner Chronik);diebold\s+schilling;"Abfassung hatte Stettler die Chroniken von Konrad Justinger, Diebold Schilling und Valerius Anshelm kopiert; zudem verwendete er Dokumente"
/Users/programming/PycharmProjects/Find_Bibliography_NEw/data/azk_library/stettler-bernhard__8.pdf;15;work;Schilling (Diebold Schilling, Berner/Luzerner Chronik);\bschilling\b;"assung hatte Stettler die Chroniken von Konrad Justinger, Diebold Schilling und Valerius Anshelm kopiert; zudem verwendete er Dokumente aus"
/Users/programming/PycharmProjects/Find_Bibliography_NEw/data/azk_library/stettler-bernhard__8.pdf;15;work;Justinger (Konrad Justinger);konrad\s+justinger;"erhielt. Vor deren Abfassung hatte Stettler die Chroniken von Konrad Justinger, Diebold Schilling und Valerius Anshelm kopiert; zudem verwen"
/Users/programming/PycharmProjects/Find_Bibliography_NEw/data/azk_library/stettler-bernhard__8.pdf;15;work;Justinger (Konrad Justinger);\bjustinger\b;"ielt. Vor deren Abfassung hatte Stettler die Chroniken von Konrad Justinger, Diebold Schilling und Valerius Anshelm kopiert; zudem verwendet"
/Users/programming/PycharmProjects/Find_Bibliography_NEw/data/azk_library/stettler-bernhard__8.pdf;15;work;Tschudi (Aegidius Tschudi, Chronicon Helveticum);\btschudi\b;Bemerkenswert ist, dass Tschudi trotz abweichender Auffassungen in Ziirich nicht in Ungnade fiel. Der Ziircher Gelehrte Josias Simler schatz
/Users/programming/PycharmProjects/Find_Bibliography_NEw/data/azk_library/stettler-bernhard__8.pdf;15;work;Tschudi (Aegidius Tschudi, Chronicon Helveticum);\btschudi\b;icht in Ungnade fiel. Der Ziircher Gelehrte Josias Simler schatzte Tschudi als Geschichtsschreiber sehr hoch ein und hatte einen wesentliche
/Users/programming/PycharmProjects/Find_Bibliography_NEw/data/azk_library/stettler-bernhard__8.pdf;15;work;Tschudi (Aegidius Tschudi, Chronicon Helveticum);\btschudi\b;seiner Schweizerchronik von 1568 schrieb, hatte Geltung auch fiir Tschudi.¥ Weder Bullingers Darstellung noch jene von Tschudi und Vadian w
/Users/programming/PycharmProjects/Find_Bibliography_NEw/data/azk_library/stettler-bernhard__8.pdf;15;work;Tschudi (Aegidius Tschudi, Chronicon Helveticum);\btschudi\b;ung auch fiir Tschudi.¥ Weder Bullingers Darstellung noch jene von Tschudi und Vadian wurden zu Lebzeiten der Verfasser gedruckt und fanden
/Users/programming/PycharmProjects/Find_Bibliography_NEw/data/azk_library/stettler-bernhard__8.pdf;15;work;Valerius Anshelm;valerius\s+anshelm;"ler die Chroniken von Konrad Justinger, Diebold Schilling und Valerius Anshelm kopiert; zudem verwendete er Dokumente aus dem Berner Archiv."
/Users/programming/PycharmProjects/Find_Bibliography_NEw/data/azk_library/stettler-bernhard__8.pdf;15;work;Valerius Anshelm;\banshelm\b;"die Chroniken von Konrad Justinger, Diebold Schilling und Valerius Anshelm kopiert; zudem verwendete er Dokumente aus dem Berner Archiv. Ste"
/Users/programming/PycharmProjects/Find_Bibliography_NEw/data/azk_library/stettler-bernhard__8.pdf;15;work;Bullinger (Heinrich Bullinger);\bbullinger\b;mopylen gleich.” Grund ftir diese Verséhnlichkeit diirfte wie bei Bullinger die innere und 4ussere politische Entwicklung der 1570er Jahre g
/Users/programming/PycharmProjects/Find_Bibliography_NEw/data/azk_library/stettler-bernhard__8.pdf;15;work;Bullinger (Heinrich Bullinger);\bbullinger\b;und 4ussere politische Entwicklung der 1570er Jahre gewesen sein. Bullinger verfasste seine Schweizerchronik «von wagen mines geliepten vatt
/Users/programming/PycharmProjects/Find_Bibliography_NEw/data/azk_library/stettler-bernhard__8.pdf;15;work;Bullinger (Heinrich Bullinger);\bbullinger\b;ssend sich also an, dz einer enderung groBlich zuo besorgen». Was Bullinger im Vorwort zu seiner Schweizerchronik von 1568 schrieb, hatte Ge
/Users/programming/PycharmProjects/Find_Bibliography_NEw/data/azk_library/stettler-bernhard__8.pdf;15;generic;Chronik/Chroniken;\bchronik(?:en)?\b;zwei Jahrhunderte lang die einzige gedruckte gesamtschweizerische Chronik bleiben. Das Nachleben der spatmittelalterlich-friihneuzeitlichen
/Users/programming/PycharmProjects/Find_Bibliography_NEw/data/azk_library/stettler-bernhard__8.pdf;15;generic;Chronik/Chroniken;\bchronik(?:en)?\b;hweitzer Chronic» erhielt. Vor deren Abfassung hatte Stettler die Chroniken von Konrad Justinger, Diebold Schilling und Valerius Anshelm kop
/Users/programming/PycharmProjects/Find_Bibliography_NEw/data/azk_library/stettler-bernhard__8.pdf;16;work;Schilling (Diebold Schilling, Berner/Luzerner Chronik);diebold\s+schilling;oder weniger die Auffassungen von Hans Friind (die ihm tiber Diebold Schilling bekannt waren), umgedeutet auf reformierte Orthodoxie. Fiir
/Users/programming/PycharmProjects/Find_Bibliography_NEw/data/azk_library/stettler-bernhard__8.pdf;16;work;Schilling (Diebold Schilling, Berner/Luzerner Chronik);\bschilling\b;r weniger die Auffassungen von Hans Friind (die ihm tiber Diebold Schilling bekannt waren), umgedeutet auf reformierte Orthodoxie. Fiir Stet
/Users/programming/PycharmProjects/Find_Bibliography_NEw/data/azk_library/stettler-bernhard__8.pdf;16;work;Tschudi (Aegidius Tschudi, Chronicon Helveticum);aegidius\s+tschudi;hte des Alten Ziirichkriegs.* Von diesem Aufbruch konnte auch Aegidius Tschudis Werk profitieren. 1734-1736 wurde sein «Chronicon Helveticum
/Users/programming/PycharmProjects/Find_Bibliography_NEw/data/azk_library/stettler-bernhard__8.pdf;16;work;Tschudi (Aegidius Tschudi, Chronicon Helveticum);chronicon\s+helveticum;h Aegidius Tschudis Werk profitieren. 1734-1736 wurde sein «Chronicon Helveticum» in zwei Banden in Basel gedruckt, ediert von Johann Rudolf
/Users/programming/PycharmProjects/Find_Bibliography_NEw/data/azk_library/stettler-bernhard__8.pdf;16;work;Bullinger (Heinrich Bullinger);\bbullinger\b;Ziirichkriegs erhielt damit — verglichen mit den ungedruckten von Bullinger und Vadian — einen einmaligen Bekanntheitsgrad. Mit ihrem Materi
/Users/programming/PycharmProjects/Find_Bibliography_NEw/data/azk_library/stettler-bernhard__8.pdf;16;series;QSG (Quellen zur Schweizer Geschichte);quellen\s+zur\s+schweizer\s+geschichte;1735 im «Thesaurus Historiae Helveticae» ausgewahlte Quellen zur Schweizer Geschichte herausgegeben, darunter das Schwyzer Kapitel aus Feli
/Users/programming/PycharmProjects/Find_Bibliography_NEw/data/azk_library/stettler-bernhard__8.pdf;16;generic;Chronicon/Chronica;\bchronic(?:on|a|orum)\b;te auch Aegidius Tschudis Werk profitieren. 1734-1736 wurde sein «Chronicon Helveticum» in zwei Banden in Basel gedruckt, ediert von Johann
/Users/programming/PycharmProjects/Find_Bibliography_NEw/data/azk_library/stettler-bernhard__8.pdf;16;generic;Historia/Historiae;\bhistori[ae]\b;seine Quellensammlung «Historische und critische Beytrage zu der Historie der Eidsgenossen» erschien, weist darauf hin, dass Lauffer an ein
/Users/programming/PycharmProjects/Find_Bibliography_NEw/data/azk_library/stettler-bernhard__8.pdf;17;work;Stumpf (Johannes Stumpf);\bstumpf\b;rswil zu durchbrechen und die Stadt zu versorgen. (Holzschnitt in: Stumpf, Chronik, wie Abb. 4, Bd. 2, fol. 431 r) tat. Johannes von Miiller
/Users/programming/PycharmProjects/Find_Bibliography_NEw/data/azk_library/stettler-bernhard__8.pdf;17;generic;Chronik/Chroniken;\bchronik(?:en)?\b;durchbrechen und die Stadt zu versorgen. (Holzschnitt in: Stumpf, Chronik, wie Abb. 4, Bd. 2, fol. 431 r) tat. Johannes von Miiller wandte
/Users/programming/PycharmProjects/Find_Bibliography_NEw/data/azk_library/stettler-bernhard__8.pdf;18;work;Tschudi (Aegidius Tschudi, Chronicon Helveticum);aegidius\s+tschudi;ein leid» gewesen sei. In dieser Hinsicht sah sich Miller bei Aegidius Tschudi bestatigt. Die von Tschudi postulierte «erberkeit» als Trager
/Users/programming/PycharmProjects/Find_Bibliography_NEw/data/azk_library/stettler-bernhard__8.pdf;18;work;Tschudi (Aegidius Tschudi, Chronicon Helveticum);\btschudi\b;leid» gewesen sei. In dieser Hinsicht sah sich Miller bei Aegidius Tschudi bestatigt. Die von Tschudi postulierte «erberkeit» als Tragerin a
/Users/programming/PycharmProjects/Find_Bibliography_NEw/data/azk_library/stettler-bernhard__8.pdf;18;work;Tschudi (Aegidius Tschudi, Chronicon Helveticum);\btschudi\b;r Hinsicht sah sich Miller bei Aegidius Tschudi bestatigt. Die von Tschudi postulierte «erberkeit» als Tragerin alteidgendssischer Tugend tr
/Users/programming/PycharmProjects/Find_Bibliography_NEw/data/azk_library/stettler-bernhard__8.pdf;18;work;Tschudi (Aegidius Tschudi, Chronicon Helveticum);\btschudi\b;nderts dagegen setzte sich grundsatzlich und zum Teil vehement von Tschudi ab, wobei sie aber die Kritik allzusehr auf Materielles konzentri
/Users/programming/PycharmProjects/Find_Bibliography_NEw/data/azk_library/stettler-bernhard__8.pdf;18;work;Tschudi (Aegidius Tschudi, Chronicon Helveticum);chronicon\s+helveticum;n «Geschichten Schweizerischer Eidgenossenschaft» lebt das «Chronicon Helveticum» fort. Die wissenschaftliche Geschichtsschreibung des 19. J
/Users/programming/PycharmProjects/Find_Bibliography_NEw/data/azk_library/stettler-bernhard__8.pdf;18;generic;Chronicon/Chronica;\bchronic(?:on|a|orum)\b;In den «Geschichten Schweizerischer Eidgenossenschaft» lebt das «Chronicon Helveticum» fort. Die wissenschaftliche Geschichtsschreibung des
/Users/programming/PycharmProjects/Find_Bibliography_NEw/data/azk_library/stettler-bernhard__8.pdf;19;work;Tschachtlan (Benedikt Tschachtlan);\btschachtlan\b;eiben an Gers), und Bd. 2, Nr. 35-36 (Hilfegesuche). 10 Bendicht Tschachtlan: Berner Chronik bis zum Jahr 1470/71, hg. von Pascal Ladner, in
/Users/programming/PycharmProjects/Find_Bibliography_NEw/data/azk_library/stettler-bernhard__8.pdf;19;work;Edlibach (Gerold Edlibach);\bedlibach\b;ner Chronik, hg. von Emil Blésch, Bd. 1, Bern 1884, 53 Anm. a. 12 Edlibach, 1-105. 13 Petermann Etterlin: Kronica von der loblichen Eydtgnos
/Users/programming/PycharmProjects/Find_Bibliography_NEw/data/azk_library/stettler-bernhard__8.pdf;19;work;Tschudi (Aegidius Tschudi, Chronicon Helveticum);aegidius\s+tschudi;rvorgegangene Bild von Hans Friind in der Ausgestaltung durch Aegidius Tschudi aus analoger Bewusstseinslage mit aktualisierter Interpretati
/Users/programming/PycharmProjects/Find_Bibliography_NEw/data/azk_library/stettler-bernhard__8.pdf;19;work;Tschudi (Aegidius Tschudi, Chronicon Helveticum);aegidius\s+tschudi;druck eines Teils der Einleitung zu Bd. 12 der Neuedition von Aegidius Tschudis Schweizerchronik (Bernhard Stettler: Der Platz von Tschudis
/Users/programming/PycharmProjects/Find_Bibliography_NEw/data/azk_library/stettler-bernhard__8.pdf;19;work;Tschudi (Aegidius Tschudi, Chronicon Helveticum);\btschudi\b;gegangene Bild von Hans Friind in der Ausgestaltung durch Aegidius Tschudi aus analoger Bewusstseinslage mit aktualisierter Interpretation w
/Users/programming/PycharmProjects/Find_Bibliography_NEw/data/azk_library/stettler-bernhard__8.pdf;19;work;Tschudi (Aegidius Tschudi, Chronicon Helveticum);\btschudi\b;sich aber vom Bild des 19. Jahrhunderts — und damit von Friind und Tschudi — erst in neuester Zeit zu lésen.* Anmerkungen * Uberarbeiteter u
/Users/programming/PycharmProjects/Find_Bibliography_NEw/data/azk_library/stettler-bernhard__8.pdf;19;work;Tschudi (Aegidius Tschudi, Chronicon Helveticum);\btschudi\b;is Darstellung in der Historiographie des Alten Ziirichkriegs, in: Tschudi, Bd. 12, 88*-116*), wo die Quellen und die Literatur vollumfangli
/Users/programming/PycharmProjects/Find_Bibliography_NEw/data/azk_library/stettler-bernhard__8.pdf;19;work;Tschudi (Aegidius Tschudi, Chronicon Helveticum);\btschudi\b;ieferung von Hans Friinds Darstellung des Alten Ziirichkriegs, in: Tschudi, Bd. 12, 122*-134*. 2 Klingenberger Chronik, 226-337. — Eine Neue
/Users/programming/PycharmProjects/Find_Bibliography_NEw/data/azk_library/stettler-bernhard__8.pdf;19;work;Klingenberger Chronik;klingenberger\s+chronik;des Alten Ziirichkriegs, in: Tschudi, Bd. 12, 122*-134*. 2 Klingenberger Chronik, 226-337. — Eine Neuedition der unter dem Namen «Klingenbe
/Users/programming/PycharmProjects/Find_Bibliography_NEw/data/azk_library/stettler-bernhard__8.pdf;19;work;Klingenberger Chronik;klingenberger\s+chronik;er Chronik, 226-337. — Eine Neuedition der unter dem Namen «Klingenberger Chronik» bekannten, mutmasslich aber vom Rapperswiler Stadtschreib
/Users/programming/PycharmProjects/Find_Bibliography_NEw/data/azk_library/stettler-bernhard__8.pdf;19;work;Valerius Anshelm;valerius\s+anshelm;A 120 der Zentralbibliothek Ziirich, Luzern 1988, 290-407. 11 Valerius Anshelm: Berner Chronik, hg. von Emil Blésch, Bd. 1, Bern 1884, 53 An
/Users/programming/PycharmProjects/Find_Bibliography_NEw/data/azk_library/stettler-bernhard__8.pdf;19;work;Valerius Anshelm;\banshelm\b;0 der Zentralbibliothek Ziirich, Luzern 1988, 290-407. 11 Valerius Anshelm: Berner Chronik, hg. von Emil Blésch, Bd. 1, Bern 1884, 53 Anm. a
/Users/programming/PycharmProjects/Find_Bibliography_NEw/data/azk_library/stettler-bernhard__8.pdf;19;work;Etterlin (Petermann Etterlin);petermann\s+etterlin;Blésch, Bd. 1, Bern 1884, 53 Anm. a. 12 Edlibach, 1-105. 13 Petermann Etterlin: Kronica von der loblichen Eydtgnoschaft, jr harkomen und su
/Users/programming/PycharmProjects/Find_Bibliography_NEw/data/azk_library/stettler-bernhard__8.pdf;19;work;Etterlin (Petermann Etterlin);\betterlin\b;ch, Bd. 1, Bern 1884, 53 Anm. a. 12 Edlibach, 1-105. 13 Petermann Etterlin: Kronica von der loblichen Eydtgnoschaft, jr harkomen und sust se
/Users/programming/PycharmProjects/Find_Bibliography_NEw/data/azk_library/stettler-bernhard__8.pdf;19;work;Berner Chronik (allg.);\bberner\s+chronik\b;und Bd. 2, Nr. 35-36 (Hilfegesuche). 10 Bendicht Tschachtlan: Berner Chronik bis zum Jahr 1470/71, hg. von Pascal Ladner, in: Kommentar zur
/Users/programming/PycharmProjects/Find_Bibliography_NEw/data/azk_library/stettler-bernhard__8.pdf;19;work;Berner Chronik (allg.);\bberner\s+chronik\b;bibliothek Ziirich, Luzern 1988, 290-407. 11 Valerius Anshelm: Berner Chronik, hg. von Emil Blésch, Bd. 1, Bern 1884, 53 Anm. a. 12 Edlibach
/Users/programming/PycharmProjects/Find_Bibliography_NEw/data/azk_library/stettler-bernhard__8.pdf;19;series;QSG (Quellen zur Schweizer Geschichte);\bqsg\b;tgrundlage). 3 Chronik der Stadt Ziirich, hg. von Johannes Dierauer (QSG 18), Basel 1900, 212-225. 4 Felix Hemmerli: De nobilitate et rustic
/Users/programming/PycharmProjects/Find_Bibliography_NEw/data/azk_library/stettler-bernhard__8.pdf;19;series;Basler Chroniken (Reihe);\bbasler\s+chroniken\b;des Jakob Twinger von K6nigshofen, hg. von August Bernoulli (Basler Chroniken 4), Basel 1890, 427 und 445 ff. 7 Erhard von Appenwiler, Chro
/Users/programming/PycharmProjects/Find_Bibliography_NEw/data/azk_library/stettler-bernhard__8.pdf;19;series;Basler Chroniken (Reihe);\bbasler\s+chroniken\b;. 7 Erhard von Appenwiler, Chronik, hg. von August Bernoulli (Basler Chroniken 4), Basel 1890, 254 ff. 8 Strassburger Fortsetzung des Jakob
/Users/programming/PycharmProjects/Find_Bibliography_NEw/data/azk_library/stettler-bernhard__8.pdf;19;generic;Chronik/Chroniken;\bchronik(?:en)?\b;ten Ziirichkriegs, in: Tschudi, Bd. 12, 122*-134*. 2 Klingenberger Chronik, 226-337. — Eine Neuedition der unter dem Namen «Klingenberger Ch
/Users/programming/PycharmProjects/Find_Bibliography_NEw/data/azk_library/stettler-bernhard__8.pdf;19;generic;Chronik/Chroniken;\bchronik(?:en)?\b;nik, 226-337. — Eine Neuedition der unter dem Namen «Klingenberger Chronik» bekannten, mutmasslich aber vom Rapperswiler Stadtschreiber Eber
/Users/programming/PycharmProjects/Find_Bibliography_NEw/data/azk_library/stettler-bernhard__8.pdf;19;generic;Chronik/Chroniken;\bchronik(?:en)?\b;ch aber vom Rapperswiler Stadtschreiber Eberhard Wiiest verfassten Chronik ist in Vorbereitung (mit ZBZ, Ms. A 78, als Textgrundlage). 3 Chr
/Users/programming/PycharmProjects/Find_Bibliography_NEw/data/azk_library/stettler-bernhard__8.pdf;19;generic;Chronik/Chroniken;\bchronik(?:en)?\b;onik ist in Vorbereitung (mit ZBZ, Ms. A 78, als Textgrundlage). 3 Chronik der Stadt Ziirich, hg. von Johannes Dierauer (QSG 18), Basel 1900
/Users/programming/PycharmProjects/Find_Bibliography_NEw/data/azk_library/stettler-bernhard__8.pdf;19;generic;Chronik/Chroniken;\bchronik(?:en)?\b;us [Strassburg Joh. Priiss d. A. um 1500], fol. 129 +141 v. 5 Die Chroniken der Stadt Konstanz, hg. von Philipp Ruppert, Bd. 1, Konstanz 189
/Users/programming/PycharmProjects/Find_Bibliography_NEw/data/azk_library/stettler-bernhard__8.pdf;19;generic;Chronik/Chroniken;\bchronik(?:en)?\b;s Jakob Twinger von K6nigshofen, hg. von August Bernoulli (Basler Chroniken 4), Basel 1890, 427 und 445 ff. 7 Erhard von Appenwiler, Chronik
/Users/programming/PycharmProjects/Find_Bibliography_NEw/data/azk_library/stettler-bernhard__8.pdf;19;generic;Chronik/Chroniken;\bchronik(?:en)?\b;Chroniken 4), Basel 1890, 427 und 445 ff. 7 Erhard von Appenwiler, Chronik, hg. von August Bernoulli (Basler Chroniken 4), Basel 1890, 254 f
/Users/programming/PycharmProjects/Find_Bibliography_NEw/data/azk_library/stettler-bernhard__8.pdf;19;generic;Chronik/Chroniken;\bchronik(?:en)?\b;Erhard von Appenwiler, Chronik, hg. von August Bernoulli (Basler Chroniken 4), Basel 1890, 254 ff. 8 Strassburger Fortsetzung des Jakob Twi
/Users/programming/PycharmProjects/Find_Bibliography_NEw/data/azk_library/stettler-bernhard__8.pdf;19;generic;Chronik/Chroniken;\bchronik(?:en)?\b;d Bd. 2, Nr. 35-36 (Hilfegesuche). 10 Bendicht Tschachtlan: Berner Chronik bis zum Jahr 1470/71, hg. von Pascal Ladner, in: Kommentar zur Fa
/Users/programming/PycharmProjects/Find_Bibliography_NEw/data/azk_library/stettler-bernhard__8.pdf;19;generic;Chronik/Chroniken;\bchronik(?:en)?\b;liothek Ziirich, Luzern 1988, 290-407. 11 Valerius Anshelm: Berner Chronik, hg. von Emil Blésch, Bd. 1, Bern 1884, 53 Anm. a. 12 Edlibach, 1
/Users/programming/PycharmProjects/Find_Bibliography_NEw/data/azk_library/stettler-bernhard__8.pdf;20;work;Stumpf (Johannes Stumpf);johannes\s+stumpf;att Ziirych sachen VIII biiecher, ZBZ, Ms. Car. C 44, 125-370. Johannes Stumpf: Schweizerchronik, ZBZ, Ms. A 41, 373-569. Johannes Stumpf: G
/Users/programming/PycharmProjects/Find_Bibliography_NEw/data/azk_library/stettler-bernhard__8.pdf;20;work;Stumpf (Johannes Stumpf);johannes\s+stumpf;70. Johannes Stumpf: Schweizerchronik, ZBZ, Ms. A 41, 373-569. Johannes Stumpf: Gemeiner loblicher Eydgnoschafft Stetten, Landen und Vélcker
/Users/programming/PycharmProjects/Find_Bibliography_NEw/data/azk_library/stettler-bernhard__8.pdf;20;work;Stumpf (Johannes Stumpf);\bstumpf\b;iirych sachen VIII biiecher, ZBZ, Ms. Car. C 44, 125-370. Johannes Stumpf: Schweizerchronik, ZBZ, Ms. A 41, 373-569. Johannes Stumpf: Gemein
/Users/programming/PycharmProjects/Find_Bibliography_NEw/data/azk_library/stettler-bernhard__8.pdf;20;work;Stumpf (Johannes Stumpf);\bstumpf\b;ohannes Stumpf: Schweizerchronik, ZBZ, Ms. A 41, 373-569. Johannes Stumpf: Gemeiner loblicher Eydgnoschafft Stetten, Landen und Vélckeren Ch
/Users/programming/PycharmProjects/Find_Bibliography_NEw/data/azk_library/stettler-bernhard__8.pdf;20;work;Tschudi (Aegidius Tschudi, Chronicon Helveticum);aegidius\s+tschudi;eytraége zu der Historie der Eidsgenossen etc., Ztirich 1739. Aegidius Tschudi: Chronicon Helveticum, hg. von Johann R. Iselin, Bd. 2, Basel
/Users/programming/PycharmProjects/Find_Bibliography_NEw/data/azk_library/stettler-bernhard__8.pdf;20;work;Tschudi (Aegidius Tschudi, Chronicon Helveticum);\btschudi\b;"inger, Bd. 2: Chronik der Abte, St. Gallen 1877, 40-83 und 87-130. Tschudi, Bande 10-12 passim; besonders Bernhard Stettler: Tschudis Darste"
/Users/programming/PycharmProjects/Find_Bibliography_NEw/data/azk_library/stettler-bernhard__8.pdf;20;work;Tschudi (Aegidius Tschudi, Chronicon Helveticum);\btschudi\b;aége zu der Historie der Eidsgenossen etc., Ztirich 1739. Aegidius Tschudi: Chronicon Helveticum, hg. von Johann R. Iselin, Bd. 2, Basel 173
/Users/programming/PycharmProjects/Find_Bibliography_NEw/data/azk_library/stettler-bernhard__8.pdf;20;work;Tschudi (Aegidius Tschudi, Chronicon Helveticum);chronicon\s+helveticum;orie der Eidsgenossen etc., Ztirich 1739. Aegidius Tschudi: Chronicon Helveticum, hg. von Johann R. Iselin, Bd. 2, Basel 1736, 212-558. Joha
/Users/programming/PycharmProjects/Find_Bibliography_NEw/data/azk_library/stettler-bernhard__8.pdf;20;work;Brennwald (Johann/Johannes Brennwald);\bbrennwald\b;42 14 15 16 17 18 19 20 21 22 23 24 25 26 27 28 29 30 Heinrich Brennwald: Schweizerchronik, hg. von Rudolf Luginbiihl (QSG,N. EF, Abt. I/1),
/Users/programming/PycharmProjects/Find_Bibliography_NEw/data/azk_library/stettler-bernhard__8.pdf;20;work;Bullinger (Heinrich Bullinger);heinrich\s+bullinger;Luginbiihl (QSG,N. EF, Abt. I/1), Bd. 2, Basel 1910, 1-177. Heinrich Bullinger: Radtschlag wie man mége vor kriegen sin und der ftinf orten
/Users/programming/PycharmProjects/Find_Bibliography_NEw/data/azk_library/stettler-bernhard__8.pdf;20;work;Bullinger (Heinrich Bullinger);heinrich\s+bullinger;2, hg. von Johannes Strickler, Bd. 5, Ziirich 1884, Nr. 176. Heinrich Bullinger: Historia gemeiner loblicher eydgnoschafft, ZBZ, Ms. A 14-15
/Users/programming/PycharmProjects/Find_Bibliography_NEw/data/azk_library/stettler-bernhard__8.pdf;20;work;Bullinger (Heinrich Bullinger);heinrich\s+bullinger;berarbeitete Abschrift von Stumpfs «Historia», fol. 240-357. Heinrich Bullinger: Von den Tigurineren und der statt Ziirych sachen VIII biiec
/Users/programming/PycharmProjects/Find_Bibliography_NEw/data/azk_library/stettler-bernhard__8.pdf;20;work;Bullinger (Heinrich Bullinger);\bbullinger\b;inbiihl (QSG,N. EF, Abt. I/1), Bd. 2, Basel 1910, 1-177. Heinrich Bullinger: Radtschlag wie man mége vor kriegen sin und der ftinf orten tyr
/Users/programming/PycharmProjects/Find_Bibliography_NEw/data/azk_library/stettler-bernhard__8.pdf;20;work;Bullinger (Heinrich Bullinger);\bbullinger\b;"g. von Johannes Strickler, Bd. 5, Ziirich 1884, Nr. 176. Heinrich Bullinger: Historia gemeiner loblicher eydgnoschafft, ZBZ, Ms. A 14-15; in"
/Users/programming/PycharmProjects/Find_Bibliography_NEw/data/azk_library/stettler-bernhard__8.pdf;20;work;Bullinger (Heinrich Bullinger);\bbullinger\b;"BZ, Ms. A 14-15; in Ms.A 14: «Epitome», fol. 184-205, und die von Bullinger iiberarbeitete Abschrift von Stumpfs «Historia», fol. 240-357. H"
/Users/programming/PycharmProjects/Find_Bibliography_NEw/data/azk_library/stettler-bernhard__8.pdf;20;work;Bullinger (Heinrich Bullinger);\bbullinger\b;rbeitete Abschrift von Stumpfs «Historia», fol. 240-357. Heinrich Bullinger: Von den Tigurineren und der statt Ziirych sachen VIII biiecher,
/Users/programming/PycharmProjects/Find_Bibliography_NEw/data/azk_library/stettler-bernhard__8.pdf;20;work;Bullinger (Heinrich Bullinger);\bbullinger\b;imler: De republica Helvetiorum libri duo, Ziirich 1576, fol. 58. Bullinger (wie Anm. 16), Ms. A 14, fol. 27. Michael Stettler: Schweitzer C
/Users/programming/PycharmProjects/Find_Bibliography_NEw/data/azk_library/stettler-bernhard__8.pdf;20;series;QSG (Quellen zur Schweizer Geschichte);\bqsg\b;30 Heinrich Brennwald: Schweizerchronik, hg. von Rudolf Luginbiihl (QSG,N. EF, Abt. I/1), Bd. 2, Basel 1910, 1-177. Heinrich Bullinger: Rad
/Users/programming/PycharmProjects/Find_Bibliography_NEw/data/azk_library/stettler-bernhard__8.pdf;20;generic;Chronik/Chroniken;\bchronik(?:en)?\b;]: Deutsche historische Schriften, hg. von Ernst Gétzinger, Bd. 2: Chronik der Abte, St. Gallen 1877, 40-83 und 87-130. Tschudi, Bande 10-12
/Users/programming/PycharmProjects/Find_Bibliography_NEw/data/azk_library/stettler-bernhard__8.pdf;20;generic;Chronicon/Chronica;\bchronic(?:on|a|orum)\b;harias Bletz vom 30. Oktober 1556, in: Renward Cysat: Collectanea Chronica etc., hg. von Josef Schmid, Bd. I/1 (Quellen und Forschungen zur
/Users/programming/PycharmProjects/Find_Bibliography_NEw/data/azk_library/stettler-bernhard__8.pdf;20;generic;Chronicon/Chronica;\bchronic(?:on|a|orum)\b;r Historie der Eidsgenossen etc., Ztirich 1739. Aegidius Tschudi: Chronicon Helveticum, hg. von Johann R. Iselin, Bd. 2, Basel 1736, 212-558
/Users/programming/PycharmProjects/Find_Bibliography_NEw/data/azk_library/stettler-bernhard__8.pdf;20;generic;Historia/Historiae;\bhistori[ae]\b;"nnes Strickler, Bd. 5, Ziirich 1884, Nr. 176. Heinrich Bullinger: Historia gemeiner loblicher eydgnoschafft, ZBZ, Ms. A 14-15; in Ms.A 14: «"
/Users/programming/PycharmProjects/Find_Bibliography_NEw/data/azk_library/stettler-bernhard__8.pdf;20;generic;Historia/Historiae;\bhistori[ae]\b;-205, und die von Bullinger iiberarbeitete Abschrift von Stumpfs «Historia», fol. 240-357. Heinrich Bullinger: Von den Tigurineren und der s
/Users/programming/PycharmProjects/Find_Bibliography_NEw/data/azk_library/stettler-bernhard__8.pdf;20;generic;Historia/Historiae;\bhistori[ae]\b;"n 1737, 62-208; Ders.: Historische und critische Beytraége zu der Historie der Eidsgenossen etc., Ztirich 1739. Aegidius Tschudi: Chronicon"
/Users/programming/PycharmProjects/Find_Bibliography_NEw/data/azk_library/stettler-bernhard__8.pdf;20;generic;Jahrbuch/Jahrbücher;jahrb[üu]ch(?:er|e)?\b;dgenossenschaft zum Reiche bis zum Schwabenkrieg, in: Politisches Jahrbuch der schweizerischen Eidgenossenschaft 5 (1890), 302-616, hier 435
/Users/programming/PycharmProjects/Find_Bibliography_NEw/data/azk_library/jucker-michael__9.pdf;9;work;Etterlin (Petermann Etterlin);\betterlin\b;rns zu einem neuen Produkt führten. Die Luzerner Schreiber Egloff Etterlin und sein Nachfolger Johannes alias Dietrich Sachs waren auf dem d
/Users/programming/PycharmProjects/Find_Bibliography_NEw/data/azk_library/jucker-michael__9.pdf;10;work;Etterlin (Petermann Etterlin);\betterlin\b;sbesondere die diplomatischen Reisen des Luzerner Stadtschreibers Etterlin während des Kriegs waren ausschlaggebend für das Entstehen der Ab
/Users/programming/PycharmProjects/Find_Bibliography_NEw/data/azk_library/jucker-michael__9.pdf;11;work;Tschudi (Aegidius Tschudi, Chronicon Helveticum);\btschudi\b;"rzüglichen und detaillierten Einleitungen von Bernhard Stettier in:Tschudi,Bde. 10-12; nun auch Ders.: Die Eidgenossenschaft im 15. Jahrhund"
/Users/programming/PycharmProjects/Find_Bibliography_NEw/data/azk_library/jucker-michael__9.pdf;12;work;Fründ (Hans Fründ);\bfr[üu]nd\b;esser belegt dies allerdings nur aus der Chronistik von Tschudi und Fründ. Nun auch aktenmässig bezeugt: Deutsche Reichstagsakten unter Kais
/Users/programming/PycharmProjects/Find_Bibliography_NEw/data/azk_library/jucker-michael__9.pdf;12;work;Tschudi (Aegidius Tschudi, Chronicon Helveticum);\btschudi\b;se hin, Segesser belegt dies allerdings nur aus der Chronistik von Tschudi und Fründ. Nun auch aktenmässig bezeugt: Deutsche Reichstagsakten
/Users/programming/PycharmProjects/Find_Bibliography_NEw/data/azk_library/jucker-michael__9.pdf;12;generic;Jahrbuch/Jahrbücher;jahrb[üu]ch(?:er|e)?\b;"Anm. 25); Gedenkschrift 500 Jahre Schlacht bei Dornach 1499-1999 (Jahrbuch für Solothurnische Geschichte 73), Solothurn 1999. 53"
/Users/programming/PycharmProjects/Find_Bibliography_NEw/data/azk_library/frey-stefan__13.pdf;4;generic;Stadtchronik (generisch);\bstadt\s*chronik\b;Empfangs der Ziircher Delegation durch Sigmund in der Ziircher Stadtchronik zum Ausdruck: Der Herrscher, der damit beschaftigt gewesen sei,
/Users/programming/PycharmProjects/Find_Bibliography_NEw/data/azk_library/frey-stefan__13.pdf;8;work;Tschudi (Aegidius Tschudi, Chronicon Helveticum);aegidius\s+tschudi;rich Brennwald oder, ausgepragt und sehr wirkungsmichtig, bei Aegidius Tschudi, der die beiden als «ufstérer und anhetzer zu allem krieg» be
/Users/programming/PycharmProjects/Find_Bibliography_NEw/data/azk_library/frey-stefan__13.pdf;8;work;Tschudi (Aegidius Tschudi, Chronicon Helveticum);\btschudi\b;Brennwald oder, ausgepragt und sehr wirkungsmichtig, bei Aegidius Tschudi, der die beiden als «ufstérer und anhetzer zu allem krieg» bezeic
/Users/programming/PycharmProjects/Find_Bibliography_NEw/data/azk_library/frey-stefan__13.pdf;8;work;Klingenberger Chronik;klingenberger\s+chronik;bar nach dem Alten Ziirichkrieg entstandene Quellen wie die Klingenberger Chronik oder die Chronik von Hans Friind berufen kann. Die Charakt
/Users/programming/PycharmProjects/Find_Bibliography_NEw/data/azk_library/frey-stefan__13.pdf;8;work;Brennwald (Johann/Johannes Brennwald);\bbrennwald\b;huldige findet sich erst spater, etwa in der Chronik von Heinrich Brennwald oder, ausgepragt und sehr wirkungsmichtig, bei Aegidius Tschudi,
/Users/programming/PycharmProjects/Find_Bibliography_NEw/data/azk_library/frey-stefan__13.pdf;8;generic;Chronik/Chroniken;\bchronik(?:en)?\b;h dem Alten Ziirichkrieg entstandene Quellen wie die Klingenberger Chronik oder die Chronik von Hans Friind berufen kann. Die Charakterisier
/Users/programming/PycharmProjects/Find_Bibliography_NEw/data/azk_library/frey-stefan__13.pdf;8;generic;Chronik/Chroniken;\bchronik(?:en)?\b;chkrieg entstandene Quellen wie die Klingenberger Chronik oder die Chronik von Hans Friind berufen kann. Die Charakterisierung von Stiissi u
/Users/programming/PycharmProjects/Find_Bibliography_NEw/data/azk_library/frey-stefan__13.pdf;8;generic;Chronik/Chroniken;\bchronik(?:en)?\b;k eignete) als Hauptschuldige findet sich erst spater, etwa in der Chronik von Heinrich Brennwald oder, ausgepragt und sehr wirkungsmichtig,
/Users/programming/PycharmProjects/Find_Bibliography_NEw/data/azk_library/frey-stefan__13.pdf;9;work;Schodoler (Werner Schodoler);werner\s+schodoler;"den Riickzug der Ziircher deckt. (Eidgendssische Chronik des Werner Schodoler von 1514, Bd. 1, fol. 72 v; StadtA Bremgarten; aus Geschichte"
/Users/programming/PycharmProjects/Find_Bibliography_NEw/data/azk_library/frey-stefan__13.pdf;9;work;Schodoler (Werner Schodoler);\bschodoler\b;"n Riickzug der Ziircher deckt. (Eidgendssische Chronik des Werner Schodoler von 1514, Bd. 1, fol. 72 v; StadtA Bremgarten; aus Geschichte de"
/Users/programming/PycharmProjects/Find_Bibliography_NEw/data/azk_library/frey-stefan__13.pdf;9;series;MGH (allg.);monumenta\s+germaniae\s+historica;"Werner Schnyder, Bd. 1, Ziirich 1937, Nr. 316,357,427; Monumenta Germaniae Historica. Necrologia Germaniae, Bd. 1: Dioeceses Augustensis, C"
/Users/programming/PycharmProjects/Find_Bibliography_NEw/data/azk_library/frey-stefan__13.pdf;9;generic;Chronik/Chroniken;\bchronik(?:en)?\b;"en verteidigt und den Riickzug der Ziircher deckt. (Eidgendssische Chronik des Werner Schodoler von 1514, Bd. 1, fol. 72 v; StadtA Bremgarte"
/Users/programming/PycharmProjects/Find_Bibliography_NEw/data/azk_library/frey-stefan__13.pdf;10;work;Tschudi (Aegidius Tschudi, Chronicon Helveticum);\btschudi\b;Konsolidierung und eidgenéssische Solidaritat im Widerstreit, in: Tschudi, Bd. 9,22*-158*. Chronik der Stadt Ziirich, hg. von Johannes Dier
/Users/programming/PycharmProjects/Find_Bibliography_NEw/data/azk_library/frey-stefan__13.pdf;10;work;Tschudi (Aegidius Tschudi, Chronicon Helveticum);\btschudi\b;1438 als Zeugnis fiir den Zusammenstoss zweier Rechtskulturen, in: Tschudi, Bd. 10, 17*-62*. StAZ, B VI 214, fol. 168 r-169 v. Tschudi, Bd.
/Users/programming/PycharmProjects/Find_Bibliography_NEw/data/azk_library/frey-stefan__13.pdf;10;work;Tschudi (Aegidius Tschudi, Chronicon Helveticum);\btschudi\b;n, in: Tschudi, Bd. 10, 17*-62*. StAZ, B VI 214, fol. 168 r-169 v. Tschudi, Bd. 10, 330 und Anm. 132. Martin Stadler: Das Biindnis zwischen
/Users/programming/PycharmProjects/Find_Bibliography_NEw/data/azk_library/frey-stefan__13.pdf;10;series;QSG (Quellen zur Schweizer Geschichte);\bqsg\b;d. 9,22*-158*. Chronik der Stadt Ziirich, hg. von Johannes Dierauer (QSG 18), Basel 1900, 231 f. Die Urkunden Kaiser Sigmunds (1410-1437), h
/Users/programming/PycharmProjects/Find_Bibliography_NEw/data/azk_library/frey-stefan__13.pdf;10;generic;Chronik/Chroniken;\bchronik(?:en)?\b;néssische Solidaritat im Widerstreit, in: Tschudi, Bd. 9,22*-158*. Chronik der Stadt Ziirich, hg. von Johannes Dierauer (QSG 18), Basel 1900
/Users/programming/PycharmProjects/Find_Bibliography_NEw/data/azk_library/frey-stefan__13.pdf;10;generic;Chronik/Chroniken;\bchronik(?:en)?\b;G 18 (1968), 422-458, hier 427-440. Schandung von Sttissis Leiche: Chronik der Stadt Ziirich (wie Anm. 11), 214. Kundschaft: Theodor von Lie
/Users/programming/PycharmProjects/Find_Bibliography_NEw/data/azk_library/frey-stefan__13.pdf;11;work;Edlibach (Gerold Edlibach);gerold\s+edlibach;"ind dabei meistens nur schematisch wiedergegeben. (Chronik von Gerold Edlibach, Abschrift um 1506; Zentralbibliothek Ziirich, Ms. A 77, fol."
/Users/programming/PycharmProjects/Find_Bibliography_NEw/data/azk_library/frey-stefan__13.pdf;11;work;Edlibach (Gerold Edlibach);\bedlibach\b;ingen konnten, aber Hab und Gut verloren haben. Die Abschrift der Edlibach-Chronik enthialt kiinstlerisch hochstehende, kolorierte Federzeic
/Users/programming/PycharmProjects/Find_Bibliography_NEw/data/azk_library/frey-stefan__13.pdf;11;work;Edlibach (Gerold Edlibach);\bedlibach\b;"dabei meistens nur schematisch wiedergegeben. (Chronik von Gerold Edlibach, Abschrift um 1506; Zentralbibliothek Ziirich, Ms. A 77, fol. 37"
/Users/programming/PycharmProjects/Find_Bibliography_NEw/data/azk_library/frey-stefan__13.pdf;11;work;Edlibach (Gerold Edlibach);chronik\s+von\s+gerold\s+edlibach;"iten sind dabei meistens nur schematisch wiedergegeben. (Chronik von Gerold Edlibach, Abschrift um 1506; Zentralbibliothek Ziirich, Ms. A 77"
/Users/programming/PycharmProjects/Find_Bibliography_NEw/data/azk_library/frey-stefan__13.pdf;11;generic;Chronik/Chroniken;\bchronik(?:en)?\b;nnten, aber Hab und Gut verloren haben. Die Abschrift der Edlibach-Chronik enthialt kiinstlerisch hochstehende, kolorierte Federzeichnungen,
/Users/programming/PycharmProjects/Find_Bibliography_NEw/data/azk_library/frey-stefan__13.pdf;11;generic;Chronik/Chroniken;\bchronik(?:en)?\b;"Begebenheiten sind dabei meistens nur schematisch wiedergegeben. (Chronik von Gerold Edlibach, Abschrift um 1506; Zentralbibliothek Ziirich"
/Users/programming/PycharmProjects/Find_Bibliography_NEw/data/azk_library/frey-stefan__13.pdf;12;work;Edlibach (Gerold Edlibach);gerold\s+edlibach;"eidete Laufer von Uri an einem Stecken befestigt. (Chronik von Gerold Edlibach, Abschrift um 1506; Zentralbibliothek Ziirich, Ms. A 77, fol."
/Users/programming/PycharmProjects/Find_Bibliography_NEw/data/azk_library/frey-stefan__13.pdf;12;work;Edlibach (Gerold Edlibach);gerold\s+edlibach;"die eidgendssischen Truppen durchbrechen konnten. (Chronik von Gerold Edlibach, Abschrift um 1506; Zentralbibliothek Ziirich, Ms. A 77, fol."
/Users/programming/PycharmProjects/Find_Bibliography_NEw/data/azk_library/frey-stefan__13.pdf;12;work;Edlibach (Gerold Edlibach);\bedlibach\b;"te Laufer von Uri an einem Stecken befestigt. (Chronik von Gerold Edlibach, Abschrift um 1506; Zentralbibliothek Ziirich, Ms. A 77, fol.38 v"
/Users/programming/PycharmProjects/Find_Bibliography_NEw/data/azk_library/frey-stefan__13.pdf;12;work;Edlibach (Gerold Edlibach);\bedlibach\b;"eidgendssischen Truppen durchbrechen konnten. (Chronik von Gerold Edlibach, Abschrift um 1506; Zentralbibliothek Ziirich, Ms. A 77, fol. 39"
/Users/programming/PycharmProjects/Find_Bibliography_NEw/data/azk_library/frey-stefan__13.pdf;12;work;Edlibach (Gerold Edlibach);chronik\s+von\s+gerold\s+edlibach;"b gekleidete Laufer von Uri an einem Stecken befestigt. (Chronik von Gerold Edlibach, Abschrift um 1506; Zentralbibliothek Ziirich, Ms. A 77"
/Users/programming/PycharmProjects/Find_Bibliography_NEw/data/azk_library/frey-stefan__13.pdf;12;work;Edlibach (Gerold Edlibach);chronik\s+von\s+gerold\s+edlibach;", die die eidgendssischen Truppen durchbrechen konnten. (Chronik von Gerold Edlibach, Abschrift um 1506; Zentralbibliothek Ziirich, Ms. A 77"
/Users/programming/PycharmProjects/Find_Bibliography_NEw/data/azk_library/frey-stefan__13.pdf;12;generic;Chronik/Chroniken;\bchronik(?:en)?\b;"rz und Gelb gekleidete Laufer von Uri an einem Stecken befestigt. (Chronik von Gerold Edlibach, Abschrift um 1506; Zentralbibliothek Ziirich"
/Users/programming/PycharmProjects/Find_Bibliography_NEw/data/azk_library/frey-stefan__13.pdf;12;generic;Chronik/Chroniken;\bchronik(?:en)?\b;"erkennbar, die die eidgendssischen Truppen durchbrechen konnten. (Chronik von Gerold Edlibach, Abschrift um 1506; Zentralbibliothek Ziirich"
/Users/programming/PycharmProjects/Find_Bibliography_NEw/data/azk_library/frey-stefan__13.pdf;14;work;Edlibach (Gerold Edlibach);gerold\s+edlibach;"das Feldlager der Belagerungstruppen dargestellt. (Chronik von Gerold Edlibach, Abschrift um 1506; Zentralbibliothek Ziirich, Ms. A 77, fol."
/Users/programming/PycharmProjects/Find_Bibliography_NEw/data/azk_library/frey-stefan__13.pdf;14;work;Edlibach (Gerold Edlibach);gerold\s+edlibach;"er Legende am Hinrichtungsort eingefunden hatten. (Chronik von Gerold Edlibach, Abschrift um 1506; Zentralbibliothek Ziirich, Ms. A 77, fol."
/Users/programming/PycharmProjects/Find_Bibliography_NEw/data/azk_library/frey-stefan__13.pdf;14;work;Edlibach (Gerold Edlibach);\bedlibach\b;"Feldlager der Belagerungstruppen dargestellt. (Chronik von Gerold Edlibach, Abschrift um 1506; Zentralbibliothek Ziirich, Ms. A 77, fol. 51"
/Users/programming/PycharmProjects/Find_Bibliography_NEw/data/azk_library/frey-stefan__13.pdf;14;work;Edlibach (Gerold Edlibach);\bedlibach\b;"egende am Hinrichtungsort eingefunden hatten. (Chronik von Gerold Edlibach, Abschrift um 1506; Zentralbibliothek Ziirich, Ms. A 77, fol. 56"
/Users/programming/PycharmProjects/Find_Bibliography_NEw/data/azk_library/frey-stefan__13.pdf;14;work;Edlibach (Gerold Edlibach);chronik\s+von\s+gerold\s+edlibach;"e ist das Feldlager der Belagerungstruppen dargestellt. (Chronik von Gerold Edlibach, Abschrift um 1506; Zentralbibliothek Ziirich, Ms. A 77"
/Users/programming/PycharmProjects/Find_Bibliography_NEw/data/azk_library/frey-stefan__13.pdf;14;work;Edlibach (Gerold Edlibach);chronik\s+von\s+gerold\s+edlibach;"mdss der Legende am Hinrichtungsort eingefunden hatten. (Chronik von Gerold Edlibach, Abschrift um 1506; Zentralbibliothek Ziirich, Ms. A 77"
/Users/programming/PycharmProjects/Find_Bibliography_NEw/data/azk_library/frey-stefan__13.pdf;14;generic;Chronik/Chroniken;\bchronik(?:en)?\b;"Bildhalfte ist das Feldlager der Belagerungstruppen dargestellt. (Chronik von Gerold Edlibach, Abschrift um 1506; Zentralbibliothek Ziirich"
/Users/programming/PycharmProjects/Find_Bibliography_NEw/data/azk_library/frey-stefan__13.pdf;14;generic;Chronik/Chroniken;\bchronik(?:en)?\b;"h zuvor gemdss der Legende am Hinrichtungsort eingefunden hatten. (Chronik von Gerold Edlibach, Abschrift um 1506; Zentralbibliothek Ziirich"
/Users/programming/PycharmProjects/Find_Bibliography_NEw/data/azk_library/frey-stefan__13.pdf;15;work;Edlibach (Gerold Edlibach);gerold\s+edlibach;"vor der Stadt sind kleinere Scharmiitzel im Gang. (Chronik von Gerold Edlibach, Abschrift um 1506; Zentralbibliothek Ziirich, Ms. A 77, fol."
/Users/programming/PycharmProjects/Find_Bibliography_NEw/data/azk_library/frey-stefan__13.pdf;15;work;Edlibach (Gerold Edlibach);\bedlibach\b;"der Stadt sind kleinere Scharmiitzel im Gang. (Chronik von Gerold Edlibach, Abschrift um 1506; Zentralbibliothek Ziirich, Ms. A 77, fol. 60"
/Users/programming/PycharmProjects/Find_Bibliography_NEw/data/azk_library/frey-stefan__13.pdf;15;work;Edlibach (Gerold Edlibach);chronik\s+von\s+gerold\s+edlibach;"Orten vor der Stadt sind kleinere Scharmiitzel im Gang. (Chronik von Gerold Edlibach, Abschrift um 1506; Zentralbibliothek Ziirich, Ms. A 77"
/Users/programming/PycharmProjects/Find_Bibliography_NEw/data/azk_library/frey-stefan__13.pdf;15;generic;Chronik/Chroniken;\bchronik(?:en)?\b;"mehreren Orten vor der Stadt sind kleinere Scharmiitzel im Gang. (Chronik von Gerold Edlibach, Abschrift um 1506; Zentralbibliothek Ziirich"
/Users/programming/PycharmProjects/Find_Bibliography_NEw/data/azk_library/frey-stefan__13.pdf;16;work;Edlibach (Gerold Edlibach);gerold\s+edlibach;"ie Verantwortung fiir den Krieg zugeschoben wird. (Chronik von Gerold Edlibach, Abschrift um 1506; Zentralbibliothek Ziirich, Ms. A 77, fol."
/Users/programming/PycharmProjects/Find_Bibliography_NEw/data/azk_library/frey-stefan__13.pdf;16;work;Edlibach (Gerold Edlibach);\bedlibach\b;"erantwortung fiir den Krieg zugeschoben wird. (Chronik von Gerold Edlibach, Abschrift um 1506; Zentralbibliothek Ziirich, Ms. A 77, fol. 61"
/Users/programming/PycharmProjects/Find_Bibliography_NEw/data/azk_library/frey-stefan__13.pdf;16;work;Edlibach (Gerold Edlibach);chronik\s+von\s+gerold\s+edlibach;"dem die Verantwortung fiir den Krieg zugeschoben wird. (Chronik von Gerold Edlibach, Abschrift um 1506; Zentralbibliothek Ziirich, Ms. A 77"
/Users/programming/PycharmProjects/Find_Bibliography_NEw/data/azk_library/frey-stefan__13.pdf;16;generic;Chronik/Chroniken;\bchronik(?:en)?\b;"rich III., dem die Verantwortung fiir den Krieg zugeschoben wird. (Chronik von Gerold Edlibach, Abschrift um 1506; Zentralbibliothek Ziirich"
/Users/programming/PycharmProjects/Find_Bibliography_NEw/data/azk_library/frey-stefan__13.pdf;17;work;Edlibach (Gerold Edlibach);gerold\s+edlibach;"ffen, Munition und Versorgungsgiiter zu erkennen. (Chronik von Gerold Edlibach, Abschrift um 1506; Zentralbibliothek Ziirich, Ms. A 77, fol."
/Users/programming/PycharmProjects/Find_Bibliography_NEw/data/azk_library/frey-stefan__13.pdf;17;work;Edlibach (Gerold Edlibach);gerold\s+edlibach;"fe und zwei neuer Flosse auf Ziircher Seite fort. (Chronik von Gerold Edlibach, Abschrift um 1506; Zentralbibliothek Ziirich, Ms. A 77, fol."
/Users/programming/PycharmProjects/Find_Bibliography_NEw/data/azk_library/frey-stefan__13.pdf;17;work;Edlibach (Gerold Edlibach);\bedlibach\b;", Munition und Versorgungsgiiter zu erkennen. (Chronik von Gerold Edlibach, Abschrift um 1506; Zentralbibliothek Ziirich, Ms. A 77, fol. 68"
/Users/programming/PycharmProjects/Find_Bibliography_NEw/data/azk_library/frey-stefan__13.pdf;17;work;Edlibach (Gerold Edlibach);\bedlibach\b;"nd zwei neuer Flosse auf Ziircher Seite fort. (Chronik von Gerold Edlibach, Abschrift um 1506; Zentralbibliothek Ziirich, Ms. A 77, fol. 80"
/Users/programming/PycharmProjects/Find_Bibliography_NEw/data/azk_library/frey-stefan__13.pdf;17;work;Edlibach (Gerold Edlibach);chronik\s+von\s+gerold\s+edlibach;"ene Waffen, Munition und Versorgungsgiiter zu erkennen. (Chronik von Gerold Edlibach, Abschrift um 1506; Zentralbibliothek Ziirich, Ms. A 77"
/Users/programming/PycharmProjects/Find_Bibliography_NEw/data/azk_library/frey-stefan__13.pdf;17;work;Edlibach (Gerold Edlibach);chronik\s+von\s+gerold\s+edlibach;"Schiffe und zwei neuer Flosse auf Ziircher Seite fort. (Chronik von Gerold Edlibach, Abschrift um 1506; Zentralbibliothek Ziirich, Ms. A 77"
/Users/programming/PycharmProjects/Find_Bibliography_NEw/data/azk_library/frey-stefan__13.pdf;17;generic;Chronik/Chroniken;\bchronik(?:en)?\b;"tickgelassene Waffen, Munition und Versorgungsgiiter zu erkennen. (Chronik von Gerold Edlibach, Abschrift um 1506; Zentralbibliothek Ziirich"
/Users/programming/PycharmProjects/Find_Bibliography_NEw/data/azk_library/frey-stefan__13.pdf;17;generic;Chronik/Chroniken;\bchronik(?:en)?\b;"zwei neuer Schiffe und zwei neuer Flosse auf Ziircher Seite fort. (Chronik von Gerold Edlibach, Abschrift um 1506; Zentralbibliothek Ziirich"
/Users/programming/PycharmProjects/Find_Bibliography_NEw/data/azk_library/frey-stefan__13.pdf;18;work;Edlibach (Gerold Edlibach);gerold\s+edlibach;"neutralen Instanz im Reich, den Weg zum Frieden. (Chronik von Gerold Edlibach, Abschrift um 1506; Zentralbibliothek Ziirich, Ms. A 77, fol."
/Users/programming/PycharmProjects/Find_Bibliography_NEw/data/azk_library/frey-stefan__13.pdf;18;work;Edlibach (Gerold Edlibach);\bedlibach\b;"tralen Instanz im Reich, den Weg zum Frieden. (Chronik von Gerold Edlibach, Abschrift um 1506; Zentralbibliothek Ziirich, Ms. A 77, fol. 90"
/Users/programming/PycharmProjects/Find_Bibliography_NEw/data/azk_library/frey-stefan__13.pdf;18;work;Edlibach (Gerold Edlibach);chronik\s+von\s+gerold\s+edlibach;"chsten neutralen Instanz im Reich, den Weg zum Frieden. (Chronik von Gerold Edlibach, Abschrift um 1506; Zentralbibliothek Ziirich, Ms. A 77"
/Users/programming/PycharmProjects/Find_Bibliography_NEw/data/azk_library/frey-stefan__13.pdf;18;generic;Chronik/Chroniken;\bchronik(?:en)?\b;"ig, der héchsten neutralen Instanz im Reich, den Weg zum Frieden. (Chronik von Gerold Edlibach, Abschrift um 1506; Zentralbibliothek Ziirich"
/Users/programming/PycharmProjects/Find_Bibliography_NEw/data/azk_library/rigendinger-fritz__2.pdf;4;work;Tschudi (Aegidius Tschudi, Chronicon Helveticum);aegidius\s+tschudi;und vom Schwyzer Landschreiber Hans Friind sowie vom spateren Aegidius Tschudi ausfiihrlich geschildert: Die in der 114
/Users/programming/PycharmProjects/Find_Bibliography_NEw/data/azk_library/rigendinger-fritz__2.pdf;4;work;Tschudi (Aegidius Tschudi, Chronicon Helveticum);\btschudi\b;vom Schwyzer Landschreiber Hans Friind sowie vom spateren Aegidius Tschudi ausfiihrlich geschildert: Die in der 114
/Users/programming/PycharmProjects/Find_Bibliography_NEw/data/azk_library/rigendinger-fritz__2.pdf;4;work;Klingenberger Chronik;klingenberger\s+chronik;leiteten, werden in der zeitgenossischen Chronistik, in der Klingenberger Chronik und vom Schwyzer Landschreiber Hans Friind sowie vom spate
/Users/programming/PycharmProjects/Find_Bibliography_NEw/data/azk_library/rigendinger-fritz__2.pdf;4;generic;Chronik/Chroniken;\bchronik(?:en)?\b;n, werden in der zeitgenossischen Chronistik, in der Klingenberger Chronik und vom Schwyzer Landschreiber Hans Friind sowie vom spateren Aeg
/Users/programming/PycharmProjects/Find_Bibliography_NEw/data/azk_library/rigendinger-fritz__2.pdf;7;work;Bullinger (Heinrich Bullinger);\bbullinger\b;f Kalberer in Ketten weggefiihrt. (Radierung von Johann Balthasar Bullinger im Neujahrsblatt 1747 der Gesellschaft der Constaffler und Feuer
/Users/programming/PycharmProjects/Find_Bibliography_NEw/data/azk_library/rigendinger-fritz__2.pdf;10;work;Tschudi (Aegidius Tschudi, Chronicon Helveticum);\btschudi\b;urden die zwei Stadttore gewaltsam gedffnet. Die Verteidiger, laut Tschudi 600 «starcke landtliit», mussten sich in das Schloss Sargans zuri
/Users/programming/PycharmProjects/Find_Bibliography_NEw/data/azk_library/rigendinger-fritz__2.pdf;13;work;Tschudi (Aegidius Tschudi, Chronicon Helveticum);\btschudi\b;Konsolidierung und eidgendssische Solidaritat im Widerstreit, in: Tschudi, Bd. 9, 22*-158*, hier 137*-140*. Wegelin (wie Anm. 3), Nr. 471-4
/Users/programming/PycharmProjects/Find_Bibliography_NEw/data/azk_library/rigendinger-fritz__2.pdf;13;work;Tschudi (Aegidius Tschudi, Chronicon Helveticum);\btschudi\b;Zitat 232. StAZ, CI, Nr. 1542 (21. Dezember 1436), Entwurf. Druck: Tschudi, Bd. 10, 38-43. Analoger Gegenbrief von Hauptmann und Raten gross
/Users/programming/PycharmProjects/Find_Bibliography_NEw/data/azk_library/rigendinger-fritz__2.pdf;13;work;Tschudi (Aegidius Tschudi, Chronicon Helveticum);\btschudi\b;Werdenberg-Sargans, Neuenburg 1891, Fig. 86) abgeschliffen. Druck: Tschudi, Bd. 10, 59-63, und Urkundensammlung (wie Anm. 5), Bd. 2, Nr. 201
/Users/programming/PycharmProjects/Find_Bibliography_NEw/data/azk_library/rigendinger-fritz__2.pdf;13;work;Tschudi (Aegidius Tschudi, Chronicon Helveticum);\btschudi\b;"iber von Schwyz); StASZ, Urk. 412a (Vidimus 27. Juli 1449). Druck: Tschudi, Bd. 10, 142-148. Dazu ausfiihrlich Klingenberger Chronik, 243-24"
/Users/programming/PycharmProjects/Find_Bibliography_NEw/data/azk_library/rigendinger-fritz__2.pdf;13;work;Tschudi (Aegidius Tschudi, Chronicon Helveticum);\btschudi\b;10, 142-148. Dazu ausfiihrlich Klingenberger Chronik, 243-249, und Tschudi, Bd. 10, 125-133. Zum Sarganser Zug vel. Bernhard Stettler: [Komm
/Users/programming/PycharmProjects/Find_Bibliography_NEw/data/azk_library/rigendinger-fritz__2.pdf;13;work;Tschudi (Aegidius Tschudi, Chronicon Helveticum);\btschudi\b;25-133. Zum Sarganser Zug vel. Bernhard Stettler: [Kommentar], in: Tschudi, Bd. 10, 134 f. Anm. 42 und 43. URStAZ, Bd. 6, Nr. 8264-8265 (5.
/Users/programming/PycharmProjects/Find_Bibliography_NEw/data/azk_library/rigendinger-fritz__2.pdf;13;work;Tschudi (Aegidius Tschudi, Chronicon Helveticum);\btschudi\b;"n, bearb. von Ferdinand Elsener, Aarau 1951, Nr. 9 (2. Marz 1438). Tschudi, Bd. 10, 215-221. Friind, 40. Friind, 42; Tschudi, Bd. 10, 224 f."
/Users/programming/PycharmProjects/Find_Bibliography_NEw/data/azk_library/rigendinger-fritz__2.pdf;13;work;Tschudi (Aegidius Tschudi, Chronicon Helveticum);\btschudi\b;"(2. Marz 1438). Tschudi, Bd. 10, 215-221. Friind, 40. Friind, 42; Tschudi, Bd. 10, 224 f. Urkundliche Evidenz im Kilchberger Friede vom 1."
/Users/programming/PycharmProjects/Find_Bibliography_NEw/data/azk_library/rigendinger-fritz__2.pdf;13;work;Tschudi (Aegidius Tschudi, Chronicon Helveticum);\btschudi\b;ndliche Evidenz im Kilchberger Friede vom 1. Dezember 1440, Druck: Tschudi, Bd. 10, 340-348, hier 341, Zeile 30-32. Friind, 54 (24. Oktober
/Users/programming/PycharmProjects/Find_Bibliography_NEw/data/azk_library/rigendinger-fritz__2.pdf;13;work;Tschudi (Aegidius Tschudi, Chronicon Helveticum);\btschudi\b;"37). Das folgende nach: Klingenberger Chronik, 263; Friind, 55-58; Tschudi, Bd. 10, 292-299. 123"
/Users/programming/PycharmProjects/Find_Bibliography_NEw/data/azk_library/rigendinger-fritz__2.pdf;13;work;Klingenberger Chronik;klingenberger\s+chronik;Glarus 1865-1891, hier Bd. 2, Nr. 198 (22. September 1436). Klingenberger Chronik, 228-235, Zitat 232. StAZ, CI, Nr. 1542 (21. Dezember 1436
/Users/programming/PycharmProjects/Find_Bibliography_NEw/data/azk_library/rigendinger-fritz__2.pdf;13;work;Klingenberger Chronik;klingenberger\s+chronik;i 1449). Druck: Tschudi, Bd. 10, 142-148. Dazu ausfiihrlich Klingenberger Chronik, 243-249, und Tschudi, Bd. 10, 125-133. Zum Sarganser Zug
/Users/programming/PycharmProjects/Find_Bibliography_NEw/data/azk_library/rigendinger-fritz__2.pdf;13;work;Klingenberger Chronik;klingenberger\s+chronik;"gans vgl. oben Anm. 9 (7. Oktober 1437). Das folgende nach: Klingenberger Chronik, 263; Friind, 55-58; Tschudi, Bd. 10, 292-299. 123"
/Users/programming/PycharmProjects/Find_Bibliography_NEw/data/azk_library/rigendinger-fritz__2.pdf;13;generic;Chronik/Chroniken;\bchronik(?:en)?\b;1865-1891, hier Bd. 2, Nr. 198 (22. September 1436). Klingenberger Chronik, 228-235, Zitat 232. StAZ, CI, Nr. 1542 (21. Dezember 1436), Entw
/Users/programming/PycharmProjects/Find_Bibliography_NEw/data/azk_library/rigendinger-fritz__2.pdf;13;generic;Chronik/Chroniken;\bchronik(?:en)?\b;. Druck: Tschudi, Bd. 10, 142-148. Dazu ausfiihrlich Klingenberger Chronik, 243-249, und Tschudi, Bd. 10, 125-133. Zum Sarganser Zug vel. Be
/Users/programming/PycharmProjects/Find_Bibliography_NEw/data/azk_library/rigendinger-fritz__2.pdf;13;generic;Chronik/Chroniken;\bchronik(?:en)?\b;"l. oben Anm. 9 (7. Oktober 1437). Das folgende nach: Klingenberger Chronik, 263; Friind, 55-58; Tschudi, Bd. 10, 292-299. 123"
/Users/programming/PycharmProjects/Find_Bibliography_NEw/data/azk_library/rigendinger-fritz__2.pdf;14;work;Tschachtlan (Benedikt Tschachtlan);\btschachtlan\b;cht der anwesenden Berner Hauptleute in der Chronik von Bendicht Tschachtlan, gedruckt ebd., Anm. 260-264. Zum Schlachtgeschehen ausfiihrlic
/Users/programming/PycharmProjects/Find_Bibliography_NEw/data/azk_library/rigendinger-fritz__2.pdf;14;work;Tschachtlan (Benedikt Tschachtlan);\btschachtlan\b;: [Kommentar], in: Tschudi, Bd. 11, 422, Anm. 212 (nach Bendicht Tschachtlan). Thommen, Bd. 4, Nr. 64 (16. November 1446) und 70 (14. Februa
/Users/programming/PycharmProjects/Find_Bibliography_NEw/data/azk_library/rigendinger-fritz__2.pdf;14;work;Tschudi (Aegidius Tschudi, Chronicon Helveticum);\btschudi\b;"1600 (11. November 1440). Klingenberger Chronik, 273; Friind, 73; Tschudi, Bd. 10, 322. Tschudi, Bd. 10, 340-348 (Kilchberger Friede vom 1."
/Users/programming/PycharmProjects/Find_Bibliography_NEw/data/azk_library/rigendinger-fritz__2.pdf;14;work;Tschudi (Aegidius Tschudi, Chronicon Helveticum);\btschudi\b;"40). Klingenberger Chronik, 273; Friind, 73; Tschudi, Bd. 10, 322. Tschudi, Bd. 10, 340-348 (Kilchberger Friede vom 1. Dezember 1440), hier"
/Users/programming/PycharmProjects/Find_Bibliography_NEw/data/azk_library/rigendinger-fritz__2.pdf;14;work;Tschudi (Aegidius Tschudi, Chronicon Helveticum);\btschudi\b;» Zum Kilchberger Frieden vgl. Bernhard Stettler: [Kommentar], in: Tschudi, Bd. 10, 348 f., Anm. 136. StAZ, C I, Nr. 609 (19. November 1442)
/Users/programming/PycharmProjects/Find_Bibliography_NEw/data/azk_library/rigendinger-fritz__2.pdf;14;work;Tschudi (Aegidius Tschudi, Chronicon Helveticum);\btschudi\b;"(Rapperswil). URStAZ, Bd. 6, Nr. 8889-8894 (13. Marz 1443). Druck: Tschudi, Bd. 11, 345 f. (30. November 1444; Original fehlt). Tschudi, Bd."
/Users/programming/PycharmProjects/Find_Bibliography_NEw/data/azk_library/rigendinger-fritz__2.pdf;14;work;Tschudi (Aegidius Tschudi, Chronicon Helveticum);\btschudi\b;"ruck: Tschudi, Bd. 11, 345 f. (30. November 1444; Original fehlt). Tschudi, Bd. 11, 346 f. Graf Wilhelm als Hauptmann zu Walenstadt in TLA I"
/Users/programming/PycharmProjects/Find_Bibliography_NEw/data/azk_library/rigendinger-fritz__2.pdf;14;work;Tschudi (Aegidius Tschudi, Chronicon Helveticum);\btschudi\b;ptember 1460, inseriert im Schreiben vom 12. Oktober 1460), Druck: Tschudi, Bd. 13/1, 150, Zeile 12. Eine weisse, rot bewehrte Gans in Schwa
/Users/programming/PycharmProjects/Find_Bibliography_NEw/data/azk_library/rigendinger-fritz__2.pdf;14;work;Tschudi (Aegidius Tschudi, Chronicon Helveticum);\btschudi\b;", Basel 1951, 344 und 346 (Abbildung); HLS, Bd. 1,393 (Abbildung). Tschudi, Bd. 11, 353 f. Friind, 257-260; Tschudi, Bd. 11, 416-418. Friind"
/Users/programming/PycharmProjects/Find_Bibliography_NEw/data/azk_library/rigendinger-fritz__2.pdf;14;work;Tschudi (Aegidius Tschudi, Chronicon Helveticum);\btschudi\b;"S, Bd. 1,393 (Abbildung). Tschudi, Bd. 11, 353 f. Friind, 257-260; Tschudi, Bd. 11, 416-418. Friind, 261. Friind, 260-264, sowie der Bericht"
/Users/programming/PycharmProjects/Find_Bibliography_NEw/data/azk_library/rigendinger-fritz__2.pdf;14;work;Tschudi (Aegidius Tschudi, Chronicon Helveticum);\btschudi\b;Bd. 1, Heft 2, Bern 1935, 92-94. Zur Darstellung der Schlacht bei Tschudi vgl. Bernhard Stettler: [Kommentar], in: Tschudi, Bd. 11, 422 £,
/Users/programming/PycharmProjects/Find_Bibliography_NEw/data/azk_library/rigendinger-fritz__2.pdf;14;work;Tschudi (Aegidius Tschudi, Chronicon Helveticum);\btschudi\b;der Schlacht bei Tschudi vgl. Bernhard Stettler: [Kommentar], in: Tschudi, Bd. 11, 422 £, Anm. 212. Friind, 264. Bernhard Stettler: [Kommen
/Users/programming/PycharmProjects/Find_Bibliography_NEw/data/azk_library/rigendinger-fritz__2.pdf;14;work;Tschudi (Aegidius Tschudi, Chronicon Helveticum);\btschudi\b;422 £, Anm. 212. Friind, 264. Bernhard Stettler: [Kommentar], in: Tschudi, Bd. 11, 422, Anm. 212 (nach Bendicht Tschachtlan). Thommen, Bd.
/Users/programming/PycharmProjects/Find_Bibliography_NEw/data/azk_library/rigendinger-fritz__2.pdf;14;work;Klingenberger Chronik;klingenberger\s+chronik;"is [Lebensmittel] in unser schloss Sangans gekoufft haben». Klingenberger Chronik, 264; Friind, 56. StAZ, C I, Nr. 1600 (11. November 1440)."
/Users/programming/PycharmProjects/Find_Bibliography_NEw/data/azk_library/rigendinger-fritz__2.pdf;14;work;Klingenberger Chronik;klingenberger\s+chronik;", 264; Friind, 56. StAZ, C I, Nr. 1600 (11. November 1440). Klingenberger Chronik, 273; Friind, 73; Tschudi, Bd. 10, 322. Tschudi, Bd. 10, 3"
/Users/programming/PycharmProjects/Find_Bibliography_NEw/data/azk_library/rigendinger-fritz__2.pdf;14;generic;Chronik/Chroniken;\bchronik(?:en)?\b;"ensmittel] in unser schloss Sangans gekoufft haben». Klingenberger Chronik, 264; Friind, 56. StAZ, C I, Nr. 1600 (11. November 1440). Klinge"
/Users/programming/PycharmProjects/Find_Bibliography_NEw/data/azk_library/rigendinger-fritz__2.pdf;14;generic;Chronik/Chroniken;\bchronik(?:en)?\b;"Friind, 56. StAZ, C I, Nr. 1600 (11. November 1440). Klingenberger Chronik, 273; Friind, 73; Tschudi, Bd. 10, 322. Tschudi, Bd. 10, 340-348"
/Users/programming/PycharmProjects/Find_Bibliography_NEw/data/azk_library/rigendinger-fritz__2.pdf;14;generic;Chronik/Chroniken;\bchronik(?:en)?\b;260-264, sowie der Bericht der anwesenden Berner Hauptleute in der Chronik von Bendicht Tschachtlan, gedruckt ebd., Anm. 260-264. Zum Schlac
/Users/programming/PycharmProjects/Find_Bibliography_NEw/data/azk_library/speck-dieter__6.pdf;10;generic;Chronik/Chroniken;\bchronik(?:en)?\b;eu oder singular, so spricht beispielsweise Jacob Unrest in seiner Chronik tiber den Ziirichkrieg davon, dass «Hertzog Albrecht sich aines g
/Users/programming/PycharmProjects/Find_Bibliography_NEw/data/azk_library/speck-dieter__6.pdf;13;generic;Jahrbuch/Jahrbücher;jahrb[üu]ch(?:er|e)?\b;"3-25; Erwin M. Auer: Die Siegel Albrechts VI. von Osterreich, in: Jahrbuch des Vereines fiir Geschichte der Stadt Wien 15/16 (1959/60), 107-"
/Users/programming/PycharmProjects/Find_Bibliography_NEw/data/azk_library/speck-dieter__6.pdf;14;series;Basler Chroniken (Reihe);\bbasler\s+chroniken\b;"des régions de Thann-Guebwiller (1958/60), 58-77, bes. 75 f.; Basler Chroniken, Bd. 4, hg. von August Bernoulli, Leipzig 1890, bes. 58-59 (R"
/Users/programming/PycharmProjects/Find_Bibliography_NEw/data/azk_library/speck-dieter__6.pdf;14;series;MGH (allg.);monumenta\s+germaniae\s+historica;1470) enthalten. Jakob Unrest: Osterreichische Chronik (Monumenta Germaniae Historica SS XI), Weimar 1957, 5. Baum (wie Anm. 6), Teil 1, 34-
/Users/programming/PycharmProjects/Find_Bibliography_NEw/data/azk_library/speck-dieter__6.pdf;14;generic;Chronik/Chroniken;\bchronik(?:en)?\b;"régions de Thann-Guebwiller (1958/60), 58-77, bes. 75 f.; Basler Chroniken, Bd. 4, hg. von August Bernoulli, Leipzig 1890, bes. 58-59 (Rats"
/Users/programming/PycharmProjects/Find_Bibliography_NEw/data/azk_library/speck-dieter__6.pdf;14;generic;Chronik/Chroniken;\bchronik(?:en)?\b;nd St. Gallen (1466-1470) enthalten. Jakob Unrest: Osterreichische Chronik (Monumenta Germaniae Historica SS XI), Weimar 1957, 5. Baum (wie
/Users/programming/PycharmProjects/Find_Bibliography_NEw/data/azk_library/speck-dieter__6.pdf;14;generic;Jahrbuch/Jahrbücher;jahrb[üu]ch(?:er|e)?\b;hts VI. von Osterreich. Codex Ingeram der ehem. Bibliothek Cotta (Jahrbuch der Heraldisch-Genealogischen Gesellschaft Adler, 3. Folge, Bd. 1
/Users/programming/PycharmProjects/Find_Bibliography_NEw/data/azk_library/michael-jucker__9.pdf;9;work;Etterlin (Petermann Etterlin);\betterlin\b;rns zu einem neuen Produkt führten. Die Luzerner Schreiber Egloff Etterlin und sein Nachfolger Johannes alias Dietrich Sachs waren auf dem d
/Users/programming/PycharmProjects/Find_Bibliography_NEw/data/azk_library/michael-jucker__9.pdf;10;work;Etterlin (Petermann Etterlin);\betterlin\b;sbesondere die diplomatischen Reisen des Luzerner Stadtschreibers Etterlin während des Kriegs waren ausschlaggebend für das Entstehen der Ab
/Users/programming/PycharmProjects/Find_Bibliography_NEw/data/azk_library/michael-jucker__9.pdf;11;work;Tschudi (Aegidius Tschudi, Chronicon Helveticum);\btschudi\b;"rzüglichen und detaillierten Einleitungen von Bernhard Stettier in:Tschudi,Bde. 10-12; nun auch Ders.: Die Eidgenossenschaft im 15. Jahrhund"
/Users/programming/PycharmProjects/Find_Bibliography_NEw/data/azk_library/michael-jucker__9.pdf;12;work;Fründ (Hans Fründ);\bfr[üu]nd\b;esser belegt dies allerdings nur aus der Chronistik von Tschudi und Fründ. Nun auch aktenmässig bezeugt: Deutsche Reichstagsakten unter Kais
/Users/programming/PycharmProjects/Find_Bibliography_NEw/data/azk_library/michael-jucker__9.pdf;12;work;Tschudi (Aegidius Tschudi, Chronicon Helveticum);\btschudi\b;se hin, Segesser belegt dies allerdings nur aus der Chronistik von Tschudi und Fründ. Nun auch aktenmässig bezeugt: Deutsche Reichstagsakten
/Users/programming/PycharmProjects/Find_Bibliography_NEw/data/azk_library/michael-jucker__9.pdf;12;generic;Jahrbuch/Jahrbücher;jahrb[üu]ch(?:er|e)?\b;"Anm. 25); Gedenkschrift 500 Jahre Schlacht bei Dornach 1499-1999 (Jahrbuch für Solothurnische Geschichte 73), Solothurn 1999. 53"
/Users/programming/PycharmProjects/Find_Bibliography_NEw/data/azk_library/zahnd-urs-martin__20.pdf;1;work;Fründ (Hans Fründ);hans\s+fr[üu]nd;Frieden weitgehend durchgesetzt hatten, kaum einen Niederschlag. Hans Fründ, der Schwyzer Land schreiber, beendet seine Chronik über den Alt
/Users/programming/PycharmProjects/Find_Bibliography_NEw/data/azk_library/zahnd-urs-martin__20.pdf;1;work;Fründ (Hans Fründ);hans\s+fr[üu]nd;an, der in seiner Darstellung der Jahre 1436 bis 1446 weitgehend Hans Fründ folgt, er wähnt zwar mehrmals den nachmaligen Obmann Heinrich vo
/Users/programming/PycharmProjects/Find_Bibliography_NEw/data/azk_library/zahnd-urs-martin__20.pdf;1;work;Fründ (Hans Fründ);\bfr[üu]nd\b;ieden weitgehend durchgesetzt hatten, kaum einen Niederschlag. Hans Fründ, der Schwyzer Land schreiber, beendet seine Chronik über den Alten
/Users/programming/PycharmProjects/Find_Bibliography_NEw/data/azk_library/zahnd-urs-martin__20.pdf;1;work;Fründ (Hans Fründ);\bfr[üu]nd\b;, der in seiner Darstellung der Jahre 1436 bis 1446 weitgehend Hans Fründ folgt, er wähnt zwar mehrmals den nachmaligen Obmann Heinrich von
/Users/programming/PycharmProjects/Find_Bibliography_NEw/data/azk_library/zahnd-urs-martin__20.pdf;1;work;Tschachtlan (Benedikt Tschachtlan);\btschachtlan\b;dem Jahr 1446 (Konstanzer Friede).7 Der Berner Ratsherr Bendicht Tschachtlan, der in seiner Darstellung der Jahre 1436 bis 1446 weitgehend H
/Users/programming/PycharmProjects/Find_Bibliography_NEw/data/azk_library/zahnd-urs-martin__20.pdf;1;work;Zürcher Stadtchronik;z[üu]rcher\s+stadtchronik;allerdings von den Zürchern. In der zweiten Fortsetzung der Zürcher Stadtchronik wird Heinrich von Bubenbergs Urteil scharf kritisiert10 – e
/Users/programming/PycharmProjects/Find_Bibliography_NEw/data/azk_library/zahnd-urs-martin__20.pdf;1;generic;Chronik/Chroniken;\bchronik(?:en)?\b;ederschlag. Hans Fründ, der Schwyzer Land schreiber, beendet seine Chronik über den Alten Zürichkrieg bereits mit dem Jahr 1446 (Konstanzer
/Users/programming/PycharmProjects/Find_Bibliography_NEw/data/azk_library/zahnd-urs-martin__20.pdf;1;generic;Stadtchronik (generisch);\bstadt\s*chronik\b;rdings von den Zürchern. In der zweiten Fortsetzung der Zürcher Stadtchronik wird Heinrich von Bubenbergs Urteil scharf kritisiert10 – ein K
/Users/programming/PycharmProjects/Find_Bibliography_NEw/data/azk_library/zahnd-urs-martin__20.pdf;5;work;Schilling (Diebold Schilling, Berner/Luzerner Chronik);diebold\s+schilling;echt am Galternbach vom 29. März 1448 gegen die Freiburger. – Diebold Schilling: Spiezer Chronik (um 1485/86), Burgerbibliothek Bern, Mss.h.
/Users/programming/PycharmProjects/Find_Bibliography_NEw/data/azk_library/zahnd-urs-martin__20.pdf;5;work;Schilling (Diebold Schilling, Berner/Luzerner Chronik);\bschilling\b;am Galternbach vom 29. März 1448 gegen die Freiburger. – Diebold Schilling: Spiezer Chronik (um 1485/86), Burgerbibliothek Bern, Mss.h.h.I.
/Users/programming/PycharmProjects/Find_Bibliography_NEw/data/azk_library/zahnd-urs-martin__20.pdf;5;generic;Chronik/Chroniken;\bchronik(?:en)?\b;m 29. März 1448 gegen die Freiburger. – Diebold Schilling: Spiezer Chronik (um 1485/86), Burgerbibliothek Bern, Mss.h.h.I.16, S. 772 [Aussch
/Users/programming/PycharmProjects/Find_Bibliography_NEw/data/azk_library/zahnd-urs-martin__20.pdf;8;work;Tschachtlan (Benedikt Tschachtlan);\btschachtlan\b;der andere über Mellingen in die Zürcher Landschaft. – Bendicht Tschachtlan: Bilderchronik (um 1470), Zentralbibliothek Zürich, Ms. A 120,
/Users/programming/PycharmProjects/Find_Bibliography_NEw/data/azk_library/zahnd-urs-martin__20.pdf;13;work;Tschachtlan (Benedikt Tschachtlan);\btschachtlan\b;den verbündeten Städten Basel und Solothurn belagert. – Bendicht Tschachtlan: Bilderchronik (um 1470), Zentralbibliothek Zürich, Ms. A 120,
/Users/programming/PycharmProjects/Find_Bibliography_NEw/data/azk_library/zahnd-urs-martin__20.pdf;21;work;Zürcher Stadtchronik;chronik\s+der\s+stadt\s+z[üu]rich;juristisch geprüft worden. In der zweiten Fortsetzung der Chronik der Stadt Zürich wird genau dieser Punkt bei der Darstellung des abschlies
/Users/programming/PycharmProjects/Find_Bibliography_NEw/data/azk_library/zahnd-urs-martin__20.pdf;21;generic;Chronik/Chroniken;\bchronik(?:en)?\b;er Seite juristisch geprüft worden. In der zweiten Fortsetzung der Chronik der Stadt Zürich wird genau dieser Punkt bei der Darstellung des
/Users/programming/PycharmProjects/Find_Bibliography_NEw/data/azk_library/zahnd-urs-martin__20.pdf;24;work;Fründ (Hans Fründ);\bfr[üu]nd\b;lten Zürichkrieg. Zürich 2006, 11f. 6 Stettler (wie Anm. 3), 161. 7 Fründ, Hans: Chronik. Hrsg. von Kind, Christian Immanuel. Chur 1875. 8 T
/Users/programming/PycharmProjects/Find_Bibliography_NEw/data/azk_library/zahnd-urs-martin__20.pdf;24;work;Tschachtlan (Benedikt Tschachtlan);\btschachtlan\b;), 361, Kap. 619, Z. 4 (Friedenskonferenz in Baden 22.3.1444). 9 Tschachtlan (wie Anm. 8), 407, Kap. 725, Z. 23 –29. 10 Chronik der Stadt Zü
/Users/programming/PycharmProjects/Find_Bibliography_NEw/data/azk_library/zahnd-urs-martin__20.pdf;24;work;Tschudi (Aegidius Tschudi, Chronicon Helveticum);\btschudi\b;iede 2. Hrsg. von Segesser von, Anton Philipp. Luzern 1863, 859. 2 Tschudi, Aegidius: Chronicon Helveticum 12. Hrsg. von Stettler, Bernhard.
/Users/programming/PycharmProjects/Find_Bibliography_NEw/data/azk_library/zahnd-urs-martin__20.pdf;24;work;Tschudi (Aegidius Tschudi, Chronicon Helveticum);\btschudi\b;"tons Bern 13 (1892), 387– 406; Stettler (wie Anm. 3), 175 –183. 13 Tschudi, Aegidius: Chronicon Helveticum 10. Hrsg. von Stettler, Bernhard."
/Users/programming/PycharmProjects/Find_Bibliography_NEw/data/azk_library/zahnd-urs-martin__20.pdf;24;work;Tschudi (Aegidius Tschudi, Chronicon Helveticum);\btschudi\b;"r (wie Anm. 3), 145 –152; Schaufelberger (wie Anm. 11), 293 – 297; Tschudi 10 (wie Anm. 13), 14 – 349; Berger (wie Anm. 11), 62 –104. 15 Zur"
/Users/programming/PycharmProjects/Find_Bibliography_NEw/data/azk_library/zahnd-urs-martin__20.pdf;24;work;Tschudi (Aegidius Tschudi, Chronicon Helveticum);\btschudi\b;"chiede 2 (wie Anm. 1), 811– 814, Beilage 21 (Friede von Konstanz); Tschudi, Aegidius, Chronicon Helveticum 11. Hrsg. von Stettler, Bernhard."
/Users/programming/PycharmProjects/Find_Bibliography_NEw/data/azk_library/zahnd-urs-martin__20.pdf;24;work;Tschudi (Aegidius Tschudi, Chronicon Helveticum);chronicon\s+helveticum;von, Anton Philipp. Luzern 1863, 859. 2 Tschudi, Aegidius: Chronicon Helveticum 12. Hrsg. von Stettler, Bernhard. Basel 1998, 61*– 64*. 3 S
/Users/programming/PycharmProjects/Find_Bibliography_NEw/data/azk_library/zahnd-urs-martin__20.pdf;24;work;Tschudi (Aegidius Tschudi, Chronicon Helveticum);chronicon\s+helveticum;"406; Stettler (wie Anm. 3), 175 –183. 13 Tschudi, Aegidius: Chronicon Helveticum 10. Hrsg. von Stettler, Bernhard. Basel 1994, 9*– 11*; Stet"
/Users/programming/PycharmProjects/Find_Bibliography_NEw/data/azk_library/zahnd-urs-martin__20.pdf;24;work;Tschudi (Aegidius Tschudi, Chronicon Helveticum);chronicon\s+helveticum;"– 814, Beilage 21 (Friede von Konstanz); Tschudi, Aegidius, Chronicon Helveticum 11. Hrsg. von Stettler, Bernhard. Basel 1996, 13*– 99*, 442"
/Users/programming/PycharmProjects/Find_Bibliography_NEw/data/azk_library/zahnd-urs-martin__20.pdf;24;work;Zürcher Stadtchronik;chronik\s+der\s+stadt\s+z[üu]rich;9 Tschachtlan (wie Anm. 8), 407, Kap. 725, Z. 23 –29. 10 Chronik der Stadt Zürich. Hrsg. von Dierauer, Johannes (= Quellen zur Schweizer Ge
/Users/programming/PycharmProjects/Find_Bibliography_NEw/data/azk_library/zahnd-urs-martin__20.pdf;24;series;QSG (Quellen zur Schweizer Geschichte);quellen\s+zur\s+schweizer\s+geschichte;nik der Stadt Zürich. Hrsg. von Dierauer, Johannes (= Quellen zur Schweizer Geschichte 18). Basel 1900, 223f. 11 Berger, Hans: Der Alte Züri
/Users/programming/PycharmProjects/Find_Bibliography_NEw/data/azk_library/zahnd-urs-martin__20.pdf;24;generic;Chronik/Chroniken;\bchronik(?:en)?\b;eg. Zürich 2006, 11f. 6 Stettler (wie Anm. 3), 161. 7 Fründ, Hans: Chronik. Hrsg. von Kind, Christian Immanuel. Chur 1875. 8 Tschachtlans Bi
/Users/programming/PycharmProjects/Find_Bibliography_NEw/data/azk_library/zahnd-urs-martin__20.pdf;24;generic;Chronik/Chroniken;\bchronik(?:en)?\b;.3.1444). 9 Tschachtlan (wie Anm. 8), 407, Kap. 725, Z. 23 –29. 10 Chronik der Stadt Zürich. Hrsg. von Dierauer, Johannes (= Quellen zur Sch
/Users/programming/PycharmProjects/Find_Bibliography_NEw/data/azk_library/zahnd-urs-martin__20.pdf;24;generic;Chronicon/Chronica;\bchronic(?:on|a|orum)\b;gesser von, Anton Philipp. Luzern 1863, 859. 2 Tschudi, Aegidius: Chronicon Helveticum 12. Hrsg. von Stettler, Bernhard. Basel 1998, 61*– 64
/Users/programming/PycharmProjects/Find_Bibliography_NEw/data/azk_library/zahnd-urs-martin__20.pdf;24;generic;Chronicon/Chronica;\bchronic(?:on|a|orum)\b;"387– 406; Stettler (wie Anm. 3), 175 –183. 13 Tschudi, Aegidius: Chronicon Helveticum 10. Hrsg. von Stettler, Bernhard. Basel 1994, 9*– 11*"
/Users/programming/PycharmProjects/Find_Bibliography_NEw/data/azk_library/zahnd-urs-martin__20.pdf;24;generic;Chronicon/Chronica;\bchronic(?:on|a|orum)\b;"), 811– 814, Beilage 21 (Friede von Konstanz); Tschudi, Aegidius, Chronicon Helveticum 11. Hrsg. von Stettler, Bernhard. Basel 1996, 13*– 99"
/Users/programming/PycharmProjects/Find_Bibliography_NEw/data/azk_library/zahnd-urs-martin__20.pdf;25;work;Tschudi (Aegidius Tschudi, Chronicon Helveticum);\btschudi\b;"er (wie Anm. 3), 164 –179; Schaufelberger (wie Anm. 11), 303 –305; Tschudi 12 (wie Anm. 2), 27*– 64*; Berger (wie Anm. 11), 178 –192; Schnei"
/Users/programming/PycharmProjects/Find_Bibliography_NEw/data/azk_library/zahnd-urs-martin__20.pdf;25;work;Tschudi (Aegidius Tschudi, Chronicon Helveticum);\btschudi\b;"Geschichte 3. Fribourg 1916, 13f.; Feller 1 (wie Anm. 11), 311f.; Tschudi 12 (wie Anm. 2), 60*f.; Zahnd (wie Anm. 18), 113f. 22 Tobler (wie"
/Users/programming/PycharmProjects/Find_Bibliography_NEw/data/azk_library/zahnd-urs-martin__20.pdf;25;work;Tschudi (Aegidius Tschudi, Chronicon Helveticum);\btschudi\b;"Schneider (wie Anm. 12), passim; Feller 1 (wie Anm. 11), 271– 303; Tschudi 10 (wie Anm. 13), 182, Anm. 77; Tschudi 11 (wie Anm. 15), 81, Anm"
/Users/programming/PycharmProjects/Find_Bibliography_NEw/data/azk_library/zahnd-urs-martin__20.pdf;25;work;Tschudi (Aegidius Tschudi, Chronicon Helveticum);\btschudi\b;"1 (wie Anm. 11), 271– 303; Tschudi 10 (wie Anm. 13), 182, Anm. 77; Tschudi 11 (wie Anm. 15), 81, Anm. 30. 23 Tschudi 10 (wie Anm. 13), 55, A"
/Users/programming/PycharmProjects/Find_Bibliography_NEw/data/azk_library/zahnd-urs-martin__20.pdf;25;work;Tschudi (Aegidius Tschudi, Chronicon Helveticum);\btschudi\b;"Anm. 13), 182, Anm. 77; Tschudi 11 (wie Anm. 15), 81, Anm. 30. 23 Tschudi 10 (wie Anm. 13), 55, Anm. 25. 24 Tschudi 10 (wie Anm. 13), 89, A"
/Users/programming/PycharmProjects/Find_Bibliography_NEw/data/azk_library/zahnd-urs-martin__20.pdf;25;work;Tschudi (Aegidius Tschudi, Chronicon Helveticum);\btschudi\b;"nm. 15), 81, Anm. 30. 23 Tschudi 10 (wie Anm. 13), 55, Anm. 25. 24 Tschudi 10 (wie Anm. 13), 89, Anm. 32; 111, Anm. 36; Schneider (wie Anm."
/Users/programming/PycharmProjects/Find_Bibliography_NEw/data/azk_library/zahnd-urs-martin__20.pdf;25;work;Tschudi (Aegidius Tschudi, Chronicon Helveticum);\btschudi\b;"89, Anm. 32; 111, Anm. 36; Schneider (wie Anm. 12), 299 – 303. 25 Tschudi 10 (wie Anm. 13), 113f., Anm. 36; Stettler (wie Anm. 3), 150. 26"
/Users/programming/PycharmProjects/Find_Bibliography_NEw/data/azk_library/zahnd-urs-martin__20.pdf;25;work;Tschudi (Aegidius Tschudi, Chronicon Helveticum);\btschudi\b;"i 10 (wie Anm. 13), 113f., Anm. 36; Stettler (wie Anm. 3), 150. 26 Tschudi 10 (wie Anm. 13), 17*– 62*; 183 –207; Schneider (wie Anm. 12), 30"
/Users/programming/PycharmProjects/Find_Bibliography_NEw/data/azk_library/zahnd-urs-martin__20.pdf;25;work;Tschudi (Aegidius Tschudi, Chronicon Helveticum);\btschudi\b;"ede 2 (wie Anm. 1), 133, Nr. 211; Schneider (wie Anm. 12), 399. 28 Tschudi 10 (wie Anm. 13), 308, Anm. 127; Feller 1 (wie Anm. 11), 275 – 27"
/Users/programming/PycharmProjects/Find_Bibliography_NEw/data/azk_library/zahnd-urs-martin__20.pdf;25;work;Tschudi (Aegidius Tschudi, Chronicon Helveticum);\btschudi\b;"11), 275 – 277. 29 Abschiede 2 (wie Anm. 1), 773 –777, Beilage 12; Tschudi 10 (wie Anm. 13), 337, Anm. 133; Schneider (wie Anm. 12), 311– 31"
/Users/programming/PycharmProjects/Find_Bibliography_NEw/data/azk_library/zahnd-urs-martin__20.pdf;25;work;Tschudi (Aegidius Tschudi, Chronicon Helveticum);\btschudi\b;"wie Anm. 13), 337, Anm. 133; Schneider (wie Anm. 12), 311– 314. 30 Tschudi 10 (wie Anm. 13), 348, Anm. 136; 356, Anm. 140; Berger (wie Anm."
/Users/programming/PycharmProjects/Find_Bibliography_NEw/data/azk_library/zahnd-urs-martin__20.pdf;26;work;Tschudi (Aegidius Tschudi, Chronicon Helveticum);\btschudi\b;"antons Schwyz 83 (1991), 25 –39. 33 Feller 1 (wie Anm. 11), 273f.; Tschudi 10 (wie Anm. 13), 111, Anm. 36; 122, Anm. 38; 182, Anm. 77; Stett"
/Users/programming/PycharmProjects/Find_Bibliography_NEw/data/azk_library/zahnd-urs-martin__20.pdf;26;work;Tschudi (Aegidius Tschudi, Chronicon Helveticum);\btschudi\b;"10, Nr. 145 (Ewiger Bund der Städte Zürich und Bern 22.1.1423). 35 Tschudi 10 (wie Anm. 13), 184, Anm. 77; Feller 1 (wie Anm. 11), 276. 36 T"
/Users/programming/PycharmProjects/Find_Bibliography_NEw/data/azk_library/zahnd-urs-martin__20.pdf;26;work;Tschudi (Aegidius Tschudi, Chronicon Helveticum);\btschudi\b;"di 10 (wie Anm. 13), 184, Anm. 77; Feller 1 (wie Anm. 11), 276. 36 Tschudi 10 (wie Anm. 13), 356, Anm. 140; Tschudi 11 (wie Anm. 15), 81, An"
/Users/programming/PycharmProjects/Find_Bibliography_NEw/data/azk_library/zahnd-urs-martin__20.pdf;26;work;Tschudi (Aegidius Tschudi, Chronicon Helveticum);\btschudi\b;"1 (wie Anm. 11), 276. 36 Tschudi 10 (wie Anm. 13), 356, Anm. 140; Tschudi 11 (wie Anm. 15), 81, Anm. 30; Schneider (wie Anm. 12), 312f.; Be"
/Users/programming/PycharmProjects/Find_Bibliography_NEw/data/azk_library/zahnd-urs-martin__20.pdf;26;work;Tschudi (Aegidius Tschudi, Chronicon Helveticum);\btschudi\b;"00; Feller 1 (wie Anm. 11), 283f.; Berger (wie Anm. 11), 130 –132; Tschudi 11 (wie Anm. 15), 263, Anm. 123; 278, Anm. 129; 285, Anm. 131; 29"
/Users/programming/PycharmProjects/Find_Bibliography_NEw/data/azk_library/zahnd-urs-martin__20.pdf;26;work;Tschudi (Aegidius Tschudi, Chronicon Helveticum);\btschudi\b;"0; Berger (wie Anm. 11), 146 –152; Stettler (wie Anm. 3), 157–160; Tschudi 11 (wie Anm. 15), 312, Anm. 139. 40 Tobler (wie Anm. 16), 404f.;"
/Users/programming/PycharmProjects/Find_Bibliography_NEw/data/azk_library/zahnd-urs-martin__20.pdf;26;work;Tschudi (Aegidius Tschudi, Chronicon Helveticum);\btschudi\b;"40 Tobler (wie Anm. 16), 404f.; Schneider (wie Anm. 12), 337– 345; Tschudi 12 (wie Anm. 2), 13*– 21*. 41 Schneider (wie Anm. 12), 384–387; T"
/Users/programming/PycharmProjects/Find_Bibliography_NEw/data/azk_library/zahnd-urs-martin__20.pdf;26;work;Tschudi (Aegidius Tschudi, Chronicon Helveticum);\btschudi\b;"di 12 (wie Anm. 2), 13*– 21*. 41 Schneider (wie Anm. 12), 384–387; Tschudi 12 (wie Anm. 2), 57*– 64*; Stettler (wie Anm. 3), 175 –179. 42 Fe"
/Users/programming/PycharmProjects/Find_Bibliography_NEw/data/azk_library/zahnd-urs-martin__20.pdf;26;work;Tschudi (Aegidius Tschudi, Chronicon Helveticum);\btschudi\b;"49 –256, Nr. 156 (Bündnis von Bern, Solothurn und Basel 2.3.1441); Tschudi 10 (wie Anm. 13), 358, Anm. 142. 45 Rechtsquellen IV.1 (wie Anm."
/Users/programming/PycharmProjects/Find_Bibliography_NEw/data/azk_library/zahnd-urs-martin__20.pdf;26;work;Tschudi (Aegidius Tschudi, Chronicon Helveticum);\btschudi\b;"g der Freiheiten Berns durch Friedrich III., Freiburg 17.10.1442); Tschudi 11 (wie Anm. 15), 23, Anm. 7; 53, Anm. 17; Feller 1 (wie Anm. 11)"
/Users/programming/PycharmProjects/Find_Bibliography_NEw/data/azk_library/zahnd-urs-martin__20.pdf;26;work;Tschudi (Aegidius Tschudi, Chronicon Helveticum);\btschudi\b;"7; Feller 1 (wie Anm. 11), 278; Berger (wie Anm. 11), 109 –113. 46 Tschudi 11 (wie Anm. 15), 65*– 82*; 81, Anm. 30; 184, Anm. 82; 187, Anm."
/Users/programming/PycharmProjects/Find_Bibliography_NEw/data/azk_library/zahnd-urs-martin__20.pdf;26;work;Tschudi (Aegidius Tschudi, Chronicon Helveticum);\btschudi\b;"nm. 83; Feller 1 (wie Anm. 11), 283; Berger (wie Anm. 11), 195. 47 Tschudi 11 (wie Anm. 15), 393, Anm. 194; Feller 1 (wie Anm. 11), 290f.; S"
/Users/programming/PycharmProjects/Find_Bibliography_NEw/data/azk_library/zahnd-urs-martin__20.pdf;27;work;Tschachtlan (Benedikt Tschachtlan);\btschachtlan\b;"iede 2 (wie Anm. 1), 174, Nr. 273; Tobler (wie Anm. 16), 374. 57 Tschachtlan (wie Anm. 8), 290, Kap. 451; Rechtsquellen IV.1 (wie Anm. 34),"
/Users/programming/PycharmProjects/Find_Bibliography_NEw/data/azk_library/zahnd-urs-martin__20.pdf;27;work;Tschudi (Aegidius Tschudi, Chronicon Helveticum);\btschudi\b;"6), 380f.; 404 – 406, Beilage 18; Berger (wie Anm. 11), 189 – 192; Tschudi 11 (wie Anm. 15), 371, Anm. 175. 61 Actenstücke betreffend die zu"
/Users/programming/PycharmProjects/Find_Bibliography_NEw/data/azk_library/zahnd-urs-martin__20.pdf;27;work;Tschudi (Aegidius Tschudi, Chronicon Helveticum);\btschudi\b;"lage 25; 841– 844, Beilage 26; Schneider (wie Anm. 12), 384 – 387; Tschudi 12 (wie Anm. 2), 33*f., 58f.; Stettler (wie Anm. 3), 177f. 73 Abs"
/Users/programming/PycharmProjects/Find_Bibliography_NEw/data/azk_library/zahnd-urs-martin__20.pdf;27;work;Tschudi (Aegidius Tschudi, Chronicon Helveticum);\btschudi\b;"V.1 (wie Anm. 34), 348, Z. 14; Schneider (wie Anm. 12), 399 – 402; Tschudi 12 (wie Anm. 2), 60*, Anm. 133*. 74 Abschiede 2 (wie Anm. 1), 858"
/Users/programming/PycharmProjects/Find_Bibliography_NEw/data/azk_library/zahnd-urs-martin__20.pdf;27;work;Tschudi (Aegidius Tschudi, Chronicon Helveticum);\btschudi\b;"Abschiede 2 (wie Anm. 1), 859. 76 Stettler (wie Anm. 3), 179 –183; Tschudi 12 (wie Anm. 2), 67*–72*. 77 Chronik der Stadt Zürich (wie Anm. 1"
/Users/programming/PycharmProjects/Find_Bibliography_NEw/data/azk_library/zahnd-urs-martin__20.pdf;27;work;Tschudi (Aegidius Tschudi, Chronicon Helveticum);\btschudi\b;"67*–72*. 77 Chronik der Stadt Zürich (wie Anm. 10), 224, Z. 7–11; Tschudi 12 (wie Anm. 2), 64*– 67*. 78 Quellenwerk zur Entstehung der Schw"
/Users/programming/PycharmProjects/Find_Bibliography_NEw/data/azk_library/zahnd-urs-martin__20.pdf;27;work;Zürcher Stadtchronik;chronik\s+der\s+stadt\s+z[üu]rich;"e Anm. 3), 179 –183; Tschudi 12 (wie Anm. 2), 67*–72*. 77 Chronik der Stadt Zürich (wie Anm. 10), 224, Z. 7–11; Tschudi 12 (wie Anm. 2), 64*"
/Users/programming/PycharmProjects/Find_Bibliography_NEw/data/azk_library/zahnd-urs-martin__20.pdf;27;generic;Chronik/Chroniken;\bchronik(?:en)?\b;"ttler (wie Anm. 3), 179 –183; Tschudi 12 (wie Anm. 2), 67*–72*. 77 Chronik der Stadt Zürich (wie Anm. 10), 224, Z. 7–11; Tschudi 12 (wie Anm"
/Users/programming/PycharmProjects/Find_Bibliography_NEw/data/azk_library/zahnd-urs-martin__20.pdf;28;work;Tschudi (Aegidius Tschudi, Chronicon Helveticum);\btschudi\b;Hrsg. von Beer, Ellen J. et al. Bern 2003, 2. Aufl., 330 – 348. 81 Tschudi 12 (wie Anm. 2), 61*, Anm. 136*. 82 Rechtsquellen IV.1 (wie Anm.
/Users/programming/PycharmProjects/Find_Bibliography_NEw/data/azk_library/niederhauser-peter__4.pdf;2;work;Stumpf (Johannes Stumpf);johannes\s+stumpf;nutz hoch beschwart.»? Unverbliimt wies der Ziircher Chronist Johannes Stumpf in der Mitte des 16. Jahrhunderts auf das Schicksal Winterthu
/Users/programming/PycharmProjects/Find_Bibliography_NEw/data/azk_library/niederhauser-peter__4.pdf;2;work;Stumpf (Johannes Stumpf);\bstumpf\b;hoch beschwart.»? Unverbliimt wies der Ziircher Chronist Johannes Stumpf in der Mitte des 16. Jahrhunderts auf das Schicksal Winterthurs im
/Users/programming/PycharmProjects/Find_Bibliography_NEw/data/azk_library/niederhauser-peter__4.pdf;2;work;Stumpf (Johannes Stumpf);\bstumpf\b;d Verluste erlitt, trotzdem aber tapfer zu Habsburg hielt. Der von Stumpf so gelobte Einsatz von Ehre, Gut und Blut war keineswegs selbstver
/Users/programming/PycharmProjects/Find_Bibliography_NEw/data/azk_library/niederhauser-peter__4.pdf;2;generic;Chronik/Chroniken;\bchronik(?:en)?\b;thurer Chorherr Laurenz Bosshart sich in seiner um 1530 verfassten Chronik lange als unbeteiligter Kommentator der Ereignisse zeigt. Erst zu
/Users/programming/PycharmProjects/Find_Bibliography_NEw/data/azk_library/niederhauser-peter__4.pdf;2;generic;Chronist/Chronisten;\bchronist(?:en)?\b;und gemeinen nutz hoch beschwart.»? Unverbliimt wies der Ziircher Chronist Johannes Stumpf in der Mitte des 16. Jahrhunderts auf das Schicks
/Users/programming/PycharmProjects/Find_Bibliography_NEw/data/azk_library/niederhauser-peter__4.pdf;3;generic;Chronist/Chronisten;\bchronist(?:en)?\b;einer Herrschaft Osterrich» — mit diesem knappen Eintrag ging der Chronist Bosshart auf ein Ereignis ein, das fiir die Geschichte Winterthur
/Users/programming/PycharmProjects/Find_Bibliography_NEw/data/azk_library/niederhauser-peter__4.pdf;5;work;Stumpf (Johannes Stumpf);\bstumpf\b;nen die Vorgange im Herbst 1442 und die Bemerkungen des Chronisten Stumpf tiber die Opfer Winterthurs zugunsten Osterreichs in einem neuen L
/Users/programming/PycharmProjects/Find_Bibliography_NEw/data/azk_library/niederhauser-peter__4.pdf;5;work;Stumpf (Johannes Stumpf);\bstumpf\b;te wie Rapperswil, Diessenhofen und Winterthur zu tragen, die — so Stumpf —im Alten Ziirichkrieg und in den folgenden Jahren Ehre, Gut und B
/Users/programming/PycharmProjects/Find_Bibliography_NEw/data/azk_library/niederhauser-peter__4.pdf;5;generic;Chronist/Chronisten;\bchronist(?:en)?\b;e erscheinen die Vorgange im Herbst 1442 und die Bemerkungen des Chronisten Stumpf tiber die Opfer Winterthurs zugunsten Osterreichs in eine
/Users/programming/PycharmProjects/Find_Bibliography_NEw/data/azk_library/niederhauser-peter__4.pdf;7;work;Schilling (Diebold Schilling, Berner/Luzerner Chronik);\bschilling\b;sen), von Eiern, Schmalz und Salz, Spezereien (fiir 2 1/2 Pfund 2 Schilling von Elli Spenglerin), vor allem aber von Wein. Der Altschultheis
/Users/programming/PycharmProjects/Find_Bibliography_NEw/data/azk_library/niederhauser-peter__4.pdf;8;work;Tschachtlan (Benedikt Tschachtlan);\btschachtlan\b;"n des Freiherrn von Raron gerieten. (Berner Chronik des Bendicht Tschachtlan, 1470; Handschrift A 120 der Zentralbibliothek Ziirich, Faksimi"
/Users/programming/PycharmProjects/Find_Bibliography_NEw/data/azk_library/niederhauser-peter__4.pdf;8;work;Berner Chronik (allg.);\bberner\s+chronik\b;"inen Hinterhalt der Truppen des Freiherrn von Raron gerieten. (Berner Chronik des Bendicht Tschachtlan, 1470; Handschrift A 120 der Zentralb"
/Users/programming/PycharmProjects/Find_Bibliography_NEw/data/azk_library/niederhauser-peter__4.pdf;8;generic;Chronik/Chroniken;\bchronik(?:en)?\b;"n Hinterhalt der Truppen des Freiherrn von Raron gerieten. (Berner Chronik des Bendicht Tschachtlan, 1470; Handschrift A 120 der Zentralbibl"
/Users/programming/PycharmProjects/Find_Bibliography_NEw/data/azk_library/niederhauser-peter__4.pdf;13;work;Stumpf (Johannes Stumpf);\bstumpf\b;u vergessen, nahm Winterthur, so die Sicht des Ziircher Chronisten Stumpf, seither «an eer und guot nit wenig» zu, durch Ziirich «gnaedigkli
/Users/programming/PycharmProjects/Find_Bibliography_NEw/data/azk_library/niederhauser-peter__4.pdf;13;generic;Chronist/Chronisten;\bchronist(?:en)?\b;standig zu vergessen, nahm Winterthur, so die Sicht des Ziircher Chronisten Stumpf, seither «an eer und guot nit wenig» zu, durch Ziirich «g
/Users/programming/PycharmProjects/Find_Bibliography_NEw/data/azk_library/niederhauser-peter__4.pdf;14;work;Stumpf (Johannes Stumpf);johannes\s+stumpf;nke Christian Sieber fiir die kritische Durchsicht des Textes. Johannes Stumpf: Gemeiner loblicher Eydgnoschafft Stetten, Landen und Vélcker
/Users/programming/PycharmProjects/Find_Bibliography_NEw/data/azk_library/niederhauser-peter__4.pdf;14;work;Stumpf (Johannes Stumpf);\bstumpf\b;hristian Sieber fiir die kritische Durchsicht des Textes. Johannes Stumpf: Gemeiner loblicher Eydgnoschafft Stetten, Landen und Vélckeren Ch
/Users/programming/PycharmProjects/Find_Bibliography_NEw/data/azk_library/niederhauser-peter__4.pdf;14;work;Tschudi (Aegidius Tschudi, Chronicon Helveticum);\btschudi\b;"burg a. d. L. 1991, 111-129; Einleitung von Bernhard Stettler: in: Tschudi, Bd. 11; kiinftig auch Peter Niederhauser: «Damit si bei dem haus"
/Users/programming/PycharmProjects/Find_Bibliography_NEw/data/azk_library/niederhauser-peter__4.pdf;14;work;Tschudi (Aegidius Tschudi, Chronicon Helveticum);\btschudi\b;"pel, Thommen, Bd. 4, Nr. 15. VII; Privilegienbestatigung fiir Uri, Tschudi, Bd. 11, 47 ff. Hilfsforderung: StAW, Urkunde Nr. 799; Verhandlun"
/Users/programming/PycharmProjects/Find_Bibliography_NEw/data/azk_library/niederhauser-peter__4.pdf;14;work;Klingenberger Chronik;klingenberger\s+chronik;"Bohmer, Regesta Imperii), K6ln/Weimar/Wien 2006 (im Druck). Klingenberger Chronik, 289 f; Urkundenausstellungen in Winterthur: Lehensbestati"
/Users/programming/PycharmProjects/Find_Bibliography_NEw/data/azk_library/niederhauser-peter__4.pdf;14;generic;Chronik/Chroniken;\bchronik(?:en)?\b;en und Vélckeren Chronick etc., Ziirich 1548, Bd. 2, fol. 111. Die Chronik des Laurencius Bosshart von Winterthur, 1185-1532, hg. von Kaspar
/Users/programming/PycharmProjects/Find_Bibliography_NEw/data/azk_library/niederhauser-peter__4.pdf;14;generic;Chronik/Chroniken;\bchronik(?:en)?\b;"Regesta Imperii), K6ln/Weimar/Wien 2006 (im Druck). Klingenberger Chronik, 289 f; Urkundenausstellungen in Winterthur: Lehensbestatigung ft"
/Users/programming/PycharmProjects/Find_Bibliography_NEw/data/azk_library/niederhauser-peter__4.pdf;14;generic;Jahrbuch/Jahrbücher;jahrb[üu]ch(?:er|e)?\b;sich der Eidgenossenschaft zuwandte, in: St. Galler Linthgebiet. Jahrbuch 1981/82, 18-28, hier 23. Siehe auch den Beitrag von Pascale Sutte
/Users/programming/PycharmProjects/Find_Bibliography_NEw/data/azk_library/niederhauser-peter__4.pdf;15;work;Klingenberger Chronik;klingenberger\s+chronik;von Peter Niederhauser im vorliegenden Band. Siehe Anm. 2. Klingenberger Chronik, 260,271 und 274. Vgl. auch die Diskussion tiber die Pliin
/Users/programming/PycharmProjects/Find_Bibliography_NEw/data/azk_library/niederhauser-peter__4.pdf;15;work;Klingenberger Chronik;klingenberger\s+chronik;"4295; EA, Bd. 2, Nr. 235 und 237, URStAZ, Bd. 6, Nr. 8662. Klingenberger Chronik, 305 und 345. Vgl. auch: URStAZ, Bd. 6, Nr. 8917; Bosshart"
/Users/programming/PycharmProjects/Find_Bibliography_NEw/data/azk_library/niederhauser-peter__4.pdf;15;work;Klingenberger Chronik;klingenberger\s+chronik;"urer Sicht siehe Hauser, in: Bosshart (wie Anm. 3), 354 ff. Klingenberger Chronik, 300, 329 f., 334, 345 und 348; auch URStAZ, Bd. 6, Nr. 90"
/Users/programming/PycharmProjects/Find_Bibliography_NEw/data/azk_library/niederhauser-peter__4.pdf;15;work;Klingenberger Chronik;klingenberger\s+chronik;r. 846. Vgl. auch Hauser, in: Bosshart (wie Anm. 3), 357 f. Klingenberger Chronik, 345. StAW, B 4/1, Nr. 6. URStAZ, Bd. 6, Nr. 8078 (Aarburg
/Users/programming/PycharmProjects/Find_Bibliography_NEw/data/azk_library/niederhauser-peter__4.pdf;15;generic;Chronik/Chroniken;\bchronik(?:en)?\b;ter Niederhauser im vorliegenden Band. Siehe Anm. 2. Klingenberger Chronik, 260,271 und 274. Vgl. auch die Diskussion tiber die Pliinderunge
/Users/programming/PycharmProjects/Find_Bibliography_NEw/data/azk_library/niederhauser-peter__4.pdf;15;generic;Chronik/Chroniken;\bchronik(?:en)?\b;"EA, Bd. 2, Nr. 235 und 237, URStAZ, Bd. 6, Nr. 8662. Klingenberger Chronik, 305 und 345. Vgl. auch: URStAZ, Bd. 6, Nr. 8917; Bosshart (wie A"
/Users/programming/PycharmProjects/Find_Bibliography_NEw/data/azk_library/niederhauser-peter__4.pdf;15;generic;Chronik/Chroniken;\bchronik(?:en)?\b;"cht siehe Hauser, in: Bosshart (wie Anm. 3), 354 ff. Klingenberger Chronik, 300, 329 f., 334, 345 und 348; auch URStAZ, Bd. 6, Nr. 9001, 903"
/Users/programming/PycharmProjects/Find_Bibliography_NEw/data/azk_library/niederhauser-peter__4.pdf;15;generic;Chronik/Chroniken;\bchronik(?:en)?\b;Vgl. auch Hauser, in: Bosshart (wie Anm. 3), 357 f. Klingenberger Chronik, 345. StAW, B 4/1, Nr. 6. URStAZ, Bd. 6, Nr. 8078 (Aarburg), 8321
/Users/programming/PycharmProjects/Find_Bibliography_NEw/data/azk_library/niederhauser-peter__4.pdf;15;generic;Jahrbuch/Jahrbücher;jahrb[üu]ch(?:er|e)?\b;": Kaspar Hauser: Winterthurs Strassburger Schuld (1314-1479), in: Jahrbuch fiir Schweizerische Geschichte 28 (1903), 1-59; Oliver Landolt: D"
/Users/programming/PycharmProjects/Find_Bibliography_NEw/data/azk_library/niederhauser-peter__4.pdf;16;work;Stumpf (Johannes Stumpf);\bstumpf\b;Brugg hingegen konnte 1486 abgelést werden. StAW, Urkunde Nr. 889. Stumpf (wie Anm. 2), fol. 111 v. 153
/Users/programming/PycharmProjects/Find_Bibliography_NEw/data/azk_library/niederhauser-peter__4.pdf;16;work;Tschudi (Aegidius Tschudi, Chronicon Helveticum);\btschudi\b;"alter (Vortrége und Forschungen 49), Stuttgart 2002, 233-273. Vel. Tschudi, Bd. 13, 17*-95*; Bernhard Stettler: Die Eidgenossenschaft im 15."
/Users/programming/PycharmProjects/Find_Bibliography_NEw/data/azk_library/niederhauser-peter__4.pdf;16;generic;Jahrbuch/Jahrbücher;jahrb[üu]ch(?:er|e)?\b;n ...». Juden im spatmittelalterlichen Winterthur, in: Winterthur Jahrbuch 2001, 138-145. Vgl. auch Landolt, 2004 (wie Anm. 35), 437 ff. StA
/Users/programming/PycharmProjects/Find_Bibliography_NEw/data/azk_library/konstantin-m-langmaier__28.pdf;2;series;MGH (allg.);\bmgh\b;Deutschen, Karlmanns und Ludwigs des Jüngeren, bearb. von P. Kehr (= MGH, Diplomata, Die Urkunden der deutschen Karolinger, Bd. 1), Berlin 1
/Users/programming/PycharmProjects/Find_Bibliography_NEw/data/azk_library/konstantin-m-langmaier__28.pdf;8;work;Fründ (Hans Fründ);hans\s+fr[üu]nd;"= Clio Lucernensis, Bd. 2), Zürich 1993, S. 309; Die Chronik des Hans Fründ, Landschreiber zu Schwytz, hrsg. von Christian Immanuel Kind, Ch"
/Users/programming/PycharmProjects/Find_Bibliography_NEw/data/azk_library/konstantin-m-langmaier__28.pdf;8;work;Fründ (Hans Fründ);\bfr[üu]nd\b;"Clio Lucernensis, Bd. 2), Zürich 1993, S. 309; Die Chronik des Hans Fründ, Landschreiber zu Schwytz, hrsg. von Christian Immanuel Kind, Chur"
/Users/programming/PycharmProjects/Find_Bibliography_NEw/data/azk_library/konstantin-m-langmaier__28.pdf;8;generic;Chronik/Chroniken;\bchronik(?:en)?\b;"Opitz u. a. (= Clio Lucernensis, Bd. 2), Zürich 1993, S. 309; Die Chronik des Hans Fründ, Landschreiber zu Schwytz, hrsg. von Christian Imm"
/Users/programming/PycharmProjects/Find_Bibliography_NEw/data/azk_library/konstantin-m-langmaier__28.pdf;12;work;Tschudi (Aegidius Tschudi, Chronicon Helveticum);aegidius\s+tschudi;e Grenzen des Handelns fielen umso mehr bei einer Ade 44 Vgl. Aegidius Tschudi, Chronicon Helveticum, bearb. von Bernhard Stettler (= Quel l
/Users/programming/PycharmProjects/Find_Bibliography_NEw/data/azk_library/konstantin-m-langmaier__28.pdf;12;work;Tschudi (Aegidius Tschudi, Chronicon Helveticum);\btschudi\b;enzen des Handelns fielen umso mehr bei einer Ade 44 Vgl. Aegidius Tschudi, Chronicon Helveticum, bearb. von Bernhard Stettler (= Quel len z
/Users/programming/PycharmProjects/Find_Bibliography_NEw/data/azk_library/konstantin-m-langmaier__28.pdf;12;work;Tschudi (Aegidius Tschudi, Chronicon Helveticum);chronicon\s+helveticum;ns fielen umso mehr bei einer Ade 44 Vgl. Aegidius Tschudi, Chronicon Helveticum, bearb. von Bernhard Stettler (= Quel len zur Schweizer Ges
/Users/programming/PycharmProjects/Find_Bibliography_NEw/data/azk_library/konstantin-m-langmaier__28.pdf;12;generic;Chronik/Chroniken;\bchronik(?:en)?\b;ard Stettler (= Quel len zur Schweizer Geschichte, N. F., 1. Abt. Chroniken, Bd. VII/11), Basel 1996, Teil 11, S. 53*: «Bemerkenswert ist de
/Users/programming/PycharmProjects/Find_Bibliography_NEw/data/azk_library/konstantin-m-langmaier__28.pdf;12;generic;Chronicon/Chronica;\bchronic(?:on|a|orum)\b;Handelns fielen umso mehr bei einer Ade 44 Vgl. Aegidius Tschudi, Chronicon Helveticum, bearb. von Bernhard Stettler (= Quel len zur Schweiz
/Users/programming/PycharmProjects/Find_Bibliography_NEw/data/azk_library/konstantin-m-langmaier__28.pdf;20;work;Klingenberger Chronik;klingenberger\s+chronik;und vom Abt von Einsiedeln vermittelt worden. Vgl. die sog. Klingenberger Chronik des Eberhard Wüst, Stadt schreiber von Rapperswil, bearb.
/Users/programming/PycharmProjects/Find_Bibliography_NEw/data/azk_library/konstantin-m-langmaier__28.pdf;20;generic;Chronik/Chroniken;\bchronik(?:en)?\b;Abt von Einsiedeln vermittelt worden. Vgl. die sog. Klingenberger Chronik des Eberhard Wüst, Stadt schreiber von Rapperswil, bearb. von Ber
/Users/programming/PycharmProjects/Find_Bibliography_NEw/data/azk_library/konstantin-m-langmaier__28.pdf;21;work;Fründ (Hans Fründ);hans\s+fr[üu]nd;"oberung der Stadt Zürich befürch tet wurde; vgl. Die Chronik des Hans Fründ, Landschreiber zu Schwytz, hrsg. von Christian Immanuel Kind, Ch"
/Users/programming/PycharmProjects/Find_Bibliography_NEw/data/azk_library/konstantin-m-langmaier__28.pdf;21;work;Fründ (Hans Fründ);\bfr[üu]nd\b;"erung der Stadt Zürich befürch tet wurde; vgl. Die Chronik des Hans Fründ, Landschreiber zu Schwytz, hrsg. von Christian Immanuel Kind, Chur"
/Users/programming/PycharmProjects/Find_Bibliography_NEw/data/azk_library/konstantin-m-langmaier__28.pdf;21;generic;Chronik/Chroniken;\bchronik(?:en)?\b;"43, als die Eroberung der Stadt Zürich befürch tet wurde; vgl. Die Chronik des Hans Fründ, Landschreiber zu Schwytz, hrsg. von Christian Imm"
/Users/programming/PycharmProjects/Find_Bibliography_NEw/data/azk_library/konstantin-m-langmaier__28.pdf;22;work;Fründ (Hans Fründ);hans\s+fr[üu]nd;"(1895), Sp. 6. 71 Vgl. URZ, Bd. 6 (wie Anm. 50), Nr. 8965, 8966; Hans Fründ, Chronik (wie Anm. 57), S. 158 72 Der Bruder des Konstanzer Bisc"
/Users/programming/PycharmProjects/Find_Bibliography_NEw/data/azk_library/konstantin-m-langmaier__28.pdf;22;work;Fründ (Hans Fründ);\bfr[üu]nd\b;"895), Sp. 6. 71 Vgl. URZ, Bd. 6 (wie Anm. 50), Nr. 8965, 8966; Hans Fründ, Chronik (wie Anm. 57), S. 158 72 Der Bruder des Konstanzer Bischo"
/Users/programming/PycharmProjects/Find_Bibliography_NEw/data/azk_library/konstantin-m-langmaier__28.pdf;22;work;Tschudi (Aegidius Tschudi, Chronicon Helveticum);aegidius\s+tschudi;"Der Bruder des Konstanzer Bischofs Heinrichs von Hewen; vgl. Aegidius Tschudi, Chronicon Helveticum, Teil 11, bearb. von Bernhard Stettler"
/Users/programming/PycharmProjects/Find_Bibliography_NEw/data/azk_library/konstantin-m-langmaier__28.pdf;22;work;Tschudi (Aegidius Tschudi, Chronicon Helveticum);aegidius\s+tschudi;"2; Neumarkt 61; vacat; identisch?). 74 Bleibt zu klären; vgl. Aegidius Tschudi, Chronicon Helveticum, Teil 11, S. 196; Re gesten zur Geschic"
/Users/programming/PycharmProjects/Find_Bibliography_NEw/data/azk_library/konstantin-m-langmaier__28.pdf;22;work;Tschudi (Aegidius Tschudi, Chronicon Helveticum);\btschudi\b;"Bruder des Konstanzer Bischofs Heinrichs von Hewen; vgl. Aegidius Tschudi, Chronicon Helveticum, Teil 11, bearb. von Bernhard Stettler (= Q"
/Users/programming/PycharmProjects/Find_Bibliography_NEw/data/azk_library/konstantin-m-langmaier__28.pdf;22;work;Tschudi (Aegidius Tschudi, Chronicon Helveticum);\btschudi\b;"eumarkt 61; vacat; identisch?). 74 Bleibt zu klären; vgl. Aegidius Tschudi, Chronicon Helveticum, Teil 11, S. 196; Re gesten zur Geschichte"
/Users/programming/PycharmProjects/Find_Bibliography_NEw/data/azk_library/konstantin-m-langmaier__28.pdf;22;work;Tschudi (Aegidius Tschudi, Chronicon Helveticum);chronicon\s+helveticum;"tanzer Bischofs Heinrichs von Hewen; vgl. Aegidius Tschudi, Chronicon Helveticum, Teil 11, bearb. von Bernhard Stettler (= Quellen zur Schwe"
/Users/programming/PycharmProjects/Find_Bibliography_NEw/data/azk_library/konstantin-m-langmaier__28.pdf;22;work;Tschudi (Aegidius Tschudi, Chronicon Helveticum);chronicon\s+helveticum;"t; identisch?). 74 Bleibt zu klären; vgl. Aegidius Tschudi, Chronicon Helveticum, Teil 11, S. 196; Re gesten zur Geschichte der Bischöfe von"
/Users/programming/PycharmProjects/Find_Bibliography_NEw/data/azk_library/konstantin-m-langmaier__28.pdf;22;generic;Chronik/Chroniken;\bchronik(?:en)?\b;". 6. 71 Vgl. URZ, Bd. 6 (wie Anm. 50), Nr. 8965, 8966; Hans Fründ, Chronik (wie Anm. 57), S. 158 72 Der Bruder des Konstanzer Bischofs Heinr"
/Users/programming/PycharmProjects/Find_Bibliography_NEw/data/azk_library/konstantin-m-langmaier__28.pdf;22;generic;Chronik/Chroniken;\bchronik(?:en)?\b;ettler (= Quellen zur Schwei zer Geschichte, Neue Folge, 1. Abt., Chroniken, Bd. VII/11), Basel 1996, S. 83*, 183, 193, 195. 73 Wahrscheinli
/Users/programming/PycharmProjects/Find_Bibliography_NEw/data/azk_library/konstantin-m-langmaier__28.pdf;22;generic;Chronicon/Chronica;\bchronic(?:on|a|orum)\b;"s Konstanzer Bischofs Heinrichs von Hewen; vgl. Aegidius Tschudi, Chronicon Helveticum, Teil 11, bearb. von Bernhard Stettler (= Quellen zur"
/Users/programming/PycharmProjects/Find_Bibliography_NEw/data/azk_library/konstantin-m-langmaier__28.pdf;22;generic;Chronicon/Chronica;\bchronic(?:on|a|orum)\b;"; vacat; identisch?). 74 Bleibt zu klären; vgl. Aegidius Tschudi, Chronicon Helveticum, Teil 11, S. 196; Re gesten zur Geschichte der Bischö"
/Users/programming/PycharmProjects/Find_Bibliography_NEw/data/azk_library/niederhauser-peter__7.pdf;1;work;Tschachtlan (Benedikt Tschachtlan);\btschachtlan\b;"adt mit Waffen und Nahrungsmitteln. (Berner Chronik des Bendicht Tschachtlan, 1470; Handschrift A 120 der Zentralbibliothek Ztirich, Faksimi"
/Users/programming/PycharmProjects/Find_Bibliography_NEw/data/azk_library/niederhauser-peter__7.pdf;1;work;Berner Chronik (allg.);\bberner\s+chronik\b;"swil und versorgten die Stadt mit Waffen und Nahrungsmitteln. (Berner Chronik des Bendicht Tschachtlan, 1470; Handschrift A 120 der Zentralb"
/Users/programming/PycharmProjects/Find_Bibliography_NEw/data/azk_library/niederhauser-peter__7.pdf;1;generic;Chronik/Chroniken;\bchronik(?:en)?\b;"l und versorgten die Stadt mit Waffen und Nahrungsmitteln. (Berner Chronik des Bendicht Tschachtlan, 1470; Handschrift A 120 der Zentralbibl"
/Users/programming/PycharmProjects/Find_Bibliography_NEw/data/azk_library/niederhauser-peter__7.pdf;4;work;Klingenberger Chronik;klingenberger\s+chronik;"d 840 (1444, Zitat). 8 Zu diesem Kriegszug Friind, 219-221; Klingenberger Chronik,344 f; Die Chronik des Laurencius Bosshart von Winterthur"
/Users/programming/PycharmProjects/Find_Bibliography_NEw/data/azk_library/niederhauser-peter__7.pdf;4;generic;Chronik/Chroniken;\bchronik(?:en)?\b;"1444, Zitat). 8 Zu diesem Kriegszug Friind, 219-221; Klingenberger Chronik,344 f; Die Chronik des Laurencius Bosshart von Winterthur 1185-15"
/Users/programming/PycharmProjects/Find_Bibliography_NEw/data/azk_library/niederhauser-peter__7.pdf;4;generic;Chronik/Chroniken;\bchronik(?:en)?\b;"diesem Kriegszug Friind, 219-221; Klingenberger Chronik,344 f; Die Chronik des Laurencius Bosshart von Winterthur 1185-1532, hg. von Kaspar"
/Users/programming/PycharmProjects/Find_Bibliography_NEw/data/azk_library/niederhauser-peter__7.pdf;15;work;Tschudi (Aegidius Tschudi, Chronicon Helveticum);\btschudi\b;arkgrafschaft Burgau, dstlich von Ulm). 84 Zasingen (Elsass), vg]. Tschudi, Bd. 11, 251. 85 Schlitten. 194
/Users/programming/PycharmProjects/Find_Bibliography_NEw/data/azk_library/niederhauser-peter__7.pdf;27;work;Klingenberger Chronik;klingenberger\s+chronik;amit der Angriff auf Wil (SG) von Ende Januar gemeint? Vgl. Klingenberger Chronik, 345. 169 Hans von Bodman, 1445 Hauptmann des Jorgenschild
/Users/programming/PycharmProjects/Find_Bibliography_NEw/data/azk_library/niederhauser-peter__7.pdf;27;generic;Chronik/Chroniken;\bchronik(?:en)?\b;r Angriff auf Wil (SG) von Ende Januar gemeint? Vgl. Klingenberger Chronik, 345. 169 Hans von Bodman, 1445 Hauptmann des Jorgenschilds. 170
/Users/programming/PycharmProjects/Find_Bibliography_NEw/data/azk_library/langmaier-konstantin-m__18.pdf;3;generic;Chronik/Chroniken;\bchronik(?:en)?\b;Reichsstadt Gengenbach im Dreißigjährigen Krieg. Leonard Feinleins Chronik über das Jahr 1643. Von Jonas BECHTOLD . . . . . . . . . . . . .
/Users/programming/PycharmProjects/Find_Bibliography_NEw/data/azk_library/langmaier-konstantin-m__18.pdf;7;work;Tschudi (Aegidius Tschudi, Chronicon Helveticum);aegidius\s+tschudi;"il das von Stettler gründlich kommentierte Monumentalwerk des Aegidius Tschudi ediert zur Verfügung steht (gest. 1572; vergleichbar mit Joha"
/Users/programming/PycharmProjects/Find_Bibliography_NEw/data/azk_library/langmaier-konstantin-m__18.pdf;7;work;Tschudi (Aegidius Tschudi, Chronicon Helveticum);aegidius\s+tschudi;"1572; vergleichbar mit Johannes Aventin), vgl. im Folgenden: Aegidius TSCHUDI, Chronicon Helveticum, Teil 10 u. 11, bearb. von Bernhard STE"
/Users/programming/PycharmProjects/Find_Bibliography_NEw/data/azk_library/langmaier-konstantin-m__18.pdf;7;work;Tschudi (Aegidius Tschudi, Chronicon Helveticum);\btschudi\b;"as von Stettler gründlich kommentierte Monumentalwerk des Aegidius Tschudi ediert zur Verfügung steht (gest. 1572; vergleichbar mit Johannes"
/Users/programming/PycharmProjects/Find_Bibliography_NEw/data/azk_library/langmaier-konstantin-m__18.pdf;7;work;Tschudi (Aegidius Tschudi, Chronicon Helveticum);\btschudi\b;"2; vergleichbar mit Johannes Aventin), vgl. im Folgenden: Aegidius TSCHUDI, Chronicon Helveticum, Teil 10 u. 11, bearb. von Bernhard STETTLE"
/Users/programming/PycharmProjects/Find_Bibliography_NEw/data/azk_library/langmaier-konstantin-m__18.pdf;7;work;Tschudi (Aegidius Tschudi, Chronicon Helveticum);chronicon\s+helveticum;mit Johannes Aventin), vgl. im Folgenden: Aegidius TSCHUDI, Chronicon Helveticum, Teil 10 u. 11, bearb. von Bernhard STETTLER (Quellen zur S
/Users/programming/PycharmProjects/Find_Bibliography_NEw/data/azk_library/langmaier-konstantin-m__18.pdf;7;series;QSG (Quellen zur Schweizer Geschichte);quellen\s+zur\s+schweizer\s+geschichte;veticum, Teil 10 u. 11, bearb. von Bernhard STETTLER (Quellen zur Schweizer Geschichte, N. F., 1. Abt. Chroniken VII/10–11), Basel 1994–1996
/Users/programming/PycharmProjects/Find_Bibliography_NEw/data/azk_library/langmaier-konstantin-m__18.pdf;7;generic;Chronik/Chroniken;\bchronik(?:en)?\b;rnhard STETTLER (Quellen zur Schweizer Geschichte, N. F., 1. Abt. Chroniken VII/10–11), Basel 1994–1996 sowie zahlreiche ältere landes- und
/Users/programming/PycharmProjects/Find_Bibliography_NEw/data/azk_library/langmaier-konstantin-m__18.pdf;7;generic;Chronicon/Chronica;\bchronic(?:on|a|orum)\b;chbar mit Johannes Aventin), vgl. im Folgenden: Aegidius TSCHUDI, Chronicon Helveticum, Teil 10 u. 11, bearb. von Bernhard STETTLER (Quellen
/Users/programming/PycharmProjects/Find_Bibliography_NEw/data/azk_library/langmaier-konstantin-m__18.pdf;10;work;Tschudi (Aegidius Tschudi, Chronicon Helveticum);\btschudi\b;ichen Standpunkt der Parteien vgl. die differenzierte Analyse bei: TSCHUDI (wie Anm. 3) Teil 10, S. 10* ff. 17 Wichtig: Otto SIGG, Spätmitte
/Users/programming/PycharmProjects/Find_Bibliography_NEw/data/azk_library/langmaier-konstantin-m__18.pdf;11;work;Stumpf (Johannes Stumpf);johannes\s+stumpf;escriptio Helvetiae, Fratris Felicis Fabri descriptio Sueviae, Johannes Stumpf, Reisebericht von 1544, hg. von Hermann ESCHER u. a. (Quellen
/Users/programming/PycharmProjects/Find_Bibliography_NEw/data/azk_library/langmaier-konstantin-m__18.pdf;11;work;Stumpf (Johannes Stumpf);\bstumpf\b;ptio Helvetiae, Fratris Felicis Fabri descriptio Sueviae, Johannes Stumpf, Reisebericht von 1544, hg. von Hermann ESCHER u. a. (Quellen zur
/Users/programming/PycharmProjects/Find_Bibliography_NEw/data/azk_library/langmaier-konstantin-m__18.pdf;11;series;QSG (Quellen zur Schweizer Geschichte);quellen\s+zur\s+schweizer\s+geschichte;"Reisebericht von 1544, hg. von Hermann ESCHER u. a. (Quellen zur Schweizer Geschichte, Bd. 6), Basel 1884, S. 156 f.; vgl. auch: StA Zürich"
/Users/programming/PycharmProjects/Find_Bibliography_NEw/data/azk_library/langmaier-konstantin-m__18.pdf;13;generic;Chronik/Chroniken;\bchronik(?:en)?\b;er von Lichtensteig, hg. von Gustav SCHERRER (Kleine Toggenburger Chroniken. Mit Beilagen und Erörterungen), St. Gallen 1874, S. 48. 44 Vgl.
/Users/programming/PycharmProjects/Find_Bibliography_NEw/data/azk_library/langmaier-konstantin-m__18.pdf;14;work;Edlibach (Gerold Edlibach);gerold\s+edlibach;im Mittelalter, hg. von DEMS., Berlin 2001, S. 18 ff. 46 Vgl. Gerold Edlibach’s Chronik, hg. von Johann Martin USTERI (Mitteilungen der ant
/Users/programming/PycharmProjects/Find_Bibliography_NEw/data/azk_library/langmaier-konstantin-m__18.pdf;14;work;Edlibach (Gerold Edlibach);\bedlibach\b;Mittelalter, hg. von DEMS., Berlin 2001, S. 18 ff. 46 Vgl. Gerold Edlibach’s Chronik, hg. von Johann Martin USTERI (Mitteilungen der antiqua
/Users/programming/PycharmProjects/Find_Bibliography_NEw/data/azk_library/langmaier-konstantin-m__18.pdf;14;generic;Chronik/Chroniken;\bchronik(?:en)?\b;r, hg. von DEMS., Berlin 2001, S. 18 ff. 46 Vgl. Gerold Edlibach’s Chronik, hg. von Johann Martin USTERI (Mitteilungen der antiquarischen Ge
/Users/programming/PycharmProjects/Find_Bibliography_NEw/data/azk_library/langmaier-konstantin-m__18.pdf;15;work;Tschudi (Aegidius Tschudi, Chronicon Helveticum);aegidius\s+tschudi;und seinen tieferen Ursachen unterschieden werden muss, vgl. Aegidius TSCHUDI (wie Anm. 3) Teil 10, S. 10. 48 Zu dem inflationär benutzten
/Users/programming/PycharmProjects/Find_Bibliography_NEw/data/azk_library/langmaier-konstantin-m__18.pdf;15;work;Tschudi (Aegidius Tschudi, Chronicon Helveticum);\btschudi\b;seinen tieferen Ursachen unterschieden werden muss, vgl. Aegidius TSCHUDI (wie Anm. 3) Teil 10, S. 10. 48 Zu dem inflationär benutzten Begr
/Users/programming/PycharmProjects/Find_Bibliography_NEw/data/azk_library/langmaier-konstantin-m__18.pdf;17;work;Tschudi (Aegidius Tschudi, Chronicon Helveticum);\btschudi\b;"Huphan, aus Glarus stammte. Vgl. StA Zürich, B VI 215, fol. 38rv; TSCHUDI (wie Anm. 3) Teil 11, S. 236. 59 GILOMEN (wie Anm. 22) S. 339. 60"
/Users/programming/PycharmProjects/Find_Bibliography_NEw/data/azk_library/langmaier-konstantin-m__18.pdf;20;work;Tschudi (Aegidius Tschudi, Chronicon Helveticum);aegidius\s+tschudi;. und 16. Jahrhundert. Die Lieder im Chronicon Helveticum von Aegidius Tschudi (Göppinger Arbeiten zur Germanistik, Nr. 405), Göppingen 1986
/Users/programming/PycharmProjects/Find_Bibliography_NEw/data/azk_library/langmaier-konstantin-m__18.pdf;20;work;Tschudi (Aegidius Tschudi, Chronicon Helveticum);aegidius\s+tschudi;"unde, Bd. 60), Basel 1976, S. 658 ff. (betrifft Schmähungen); Aegidius TSCHUDI, Chronicon Helveticum, Hilfsmittel, 1. Teil, Verzeichnis der"
/Users/programming/PycharmProjects/Find_Bibliography_NEw/data/azk_library/langmaier-konstantin-m__18.pdf;20;work;Tschudi (Aegidius Tschudi, Chronicon Helveticum);\btschudi\b;"u. a. 1998, S. 34 ff.; NIEDER- STÄTTER (wie Anm. 17) S. 103 f. 80 TSCHUDI (wie Anm. 3) Teil 11, S. 174 ff.; Beate RATTAY, Entstehung und Re"
/Users/programming/PycharmProjects/Find_Bibliography_NEw/data/azk_library/langmaier-konstantin-m__18.pdf;20;work;Tschudi (Aegidius Tschudi, Chronicon Helveticum);\btschudi\b;d 16. Jahrhundert. Die Lieder im Chronicon Helveticum von Aegidius Tschudi (Göppinger Arbeiten zur Germanistik, Nr. 405), Göppingen 1986, S.
/Users/programming/PycharmProjects/Find_Bibliography_NEw/data/azk_library/langmaier-konstantin-m__18.pdf;20;work;Tschudi (Aegidius Tschudi, Chronicon Helveticum);\btschudi\b;", Bd. 60), Basel 1976, S. 658 ff. (betrifft Schmähungen); Aegidius TSCHUDI, Chronicon Helveticum, Hilfsmittel, 1. Teil, Verzeichnis der Doku"
/Users/programming/PycharmProjects/Find_Bibliography_NEw/data/azk_library/langmaier-konstantin-m__18.pdf;20;work;Tschudi (Aegidius Tschudi, Chronicon Helveticum);chronicon\s+helveticum;politischer Lyrik im 15. und 16. Jahrhundert. Die Lieder im Chronicon Helveticum von Aegidius Tschudi (Göppinger Arbeiten zur Germanistik, N
/Users/programming/PycharmProjects/Find_Bibliography_NEw/data/azk_library/langmaier-konstantin-m__18.pdf;20;work;Tschudi (Aegidius Tschudi, Chronicon Helveticum);chronicon\s+helveticum;"1976, S. 658 ff. (betrifft Schmähungen); Aegidius TSCHUDI, Chronicon Helveticum, Hilfsmittel, 1. Teil, Verzeichnis der Dokumente, Verzeichn"
/Users/programming/PycharmProjects/Find_Bibliography_NEw/data/azk_library/langmaier-konstantin-m__18.pdf;20;series;QSG (Quellen zur Schweizer Geschichte);quellen\s+zur\s+schweizer\s+geschichte;"Verzeichnis der Lieder, bearb. von Christian SIEBER (Quellen zur Schweizer Geschichte, N.F., 1. Abt. Bd. VII/H1), Basel 2001, S. 261ff.; Ro"
/Users/programming/PycharmProjects/Find_Bibliography_NEw/data/azk_library/langmaier-konstantin-m__18.pdf;20;generic;Chronicon/Chronica;\bchronic(?:on|a|orum)\b;ption politischer Lyrik im 15. und 16. Jahrhundert. Die Lieder im Chronicon Helveticum von Aegidius Tschudi (Göppinger Arbeiten zur Germanis
/Users/programming/PycharmProjects/Find_Bibliography_NEw/data/azk_library/langmaier-konstantin-m__18.pdf;20;generic;Chronicon/Chronica;\bchronic(?:on|a|orum)\b;"Basel 1976, S. 658 ff. (betrifft Schmähungen); Aegidius TSCHUDI, Chronicon Helveticum, Hilfsmittel, 1. Teil, Verzeichnis der Dokumente, Ver"
/Users/programming/PycharmProjects/Find_Bibliography_NEw/data/azk_library/langmaier-konstantin-m__18.pdf;23;work;Tschudi (Aegidius Tschudi, Chronicon Helveticum);\btschudi\b;"latt der Stadtbibliothek Zürich, Nr. 257), Zürich 1901, S. 19 ff.; TSCHUDI (wie Anm. 3) Teil 11, S. 31* f.; SCHLÜER (wie Anm. 19) S. 128; Di"
/Users/programming/PycharmProjects/Find_Bibliography_NEw/data/azk_library/langmaier-konstantin-m__18.pdf;23;work;Tschudi (Aegidius Tschudi, Chronicon Helveticum);\btschudi\b;ichnis bei: FREY, Fromme feste Junker (wie Anm. 28) S. 45. 92 Vgl. TSCHUDI (wie Anm. 3) Teil 11, S. 27*–30*. 93 Hans SCHULTHESS, Die Zunft z
/Users/programming/PycharmProjects/Find_Bibliography_NEw/data/azk_library/langmaier-konstantin-m__18.pdf;23;work;Tschudi (Aegidius Tschudi, Chronicon Helveticum);\btschudi\b;"866, in: Zürcher Taschenbuch, N.F., 57 [auf das Jahr] 1937, S. 12; TSCHUDI (wie Anm. 3) Teil 11, 84 Konstantin Moritz Langmaier"
/Users/programming/PycharmProjects/Find_Bibliography_NEw/data/azk_library/langmaier-konstantin-m__18.pdf;23;work;Zürcher Stadtchronik;chronik\s+der\s+stadt\s+z[üu]rich;Angaben bei FREY (wie Anm. 87) S. 98, Anm. 16. Vgl. auch: Chronik der Stadt Zürich: mit Fortsetzungen, hg. von Johannes DIERAUER (Quellen zu
/Users/programming/PycharmProjects/Find_Bibliography_NEw/data/azk_library/langmaier-konstantin-m__18.pdf;23;series;QSG (Quellen zur Schweizer Geschichte);quellen\s+zur\s+schweizer\s+geschichte;Zürich: mit Fortsetzungen, hg. von Johannes DIERAUER (Quellen zur Schweizer Geschichte, Bd. 18), Basel 1900, S. 231. Zu den Wappenbriefen vg
/Users/programming/PycharmProjects/Find_Bibliography_NEw/data/azk_library/langmaier-konstantin-m__18.pdf;23;generic;Chronik/Chroniken;\bchronik(?:en)?\b;auch die Angaben bei FREY (wie Anm. 87) S. 98, Anm. 16. Vgl. auch: Chronik der Stadt Zürich: mit Fortsetzungen, hg. von Johannes DIERAUER (Q
/Users/programming/PycharmProjects/Find_Bibliography_NEw/data/azk_library/langmaier-konstantin-m__18.pdf;24;work;Tschudi (Aegidius Tschudi, Chronicon Helveticum);\btschudi\b;"e 18 (1968) S. 432 ff. 95 Vgl. NIEDERSTÄTTER (wie Anm. 17) S. 144; TSCHUDI (wie Anm. 3) Teil 11, S. 31*. Heinrich Schwend war für zwei Jahre"
/Users/programming/PycharmProjects/Find_Bibliography_NEw/data/azk_library/langmaier-konstantin-m__18.pdf;24;work;Tschudi (Aegidius Tschudi, Chronicon Helveticum);\btschudi\b;wei Jahre als habsburgischer Vogt von Kyburg eingesetzt worden. 96 TSCHUDI (wie Anm. 3) Teil 11, S. 53*. U. a. Götz Escher und Paul Göldli r
/Users/programming/PycharmProjects/Find_Bibliography_NEw/data/azk_library/langmaier-konstantin-m__18.pdf;24;work;Tschudi (Aegidius Tschudi, Chronicon Helveticum);\btschudi\b;"14. Vgl. in diesem Zusammenhang auch die Anmerkungen von Stettler; TSCHUDI (wie Anm. 3) Teil 11, S. 54*. 85 Terror in der Stadt?"
/Users/programming/PycharmProjects/Find_Bibliography_NEw/data/azk_library/langmaier-konstantin-m__18.pdf;27;work;Tschudi (Aegidius Tschudi, Chronicon Helveticum);\btschudi\b;Wissenschaften 2 (1838) S. 124–154 u. 351–370, hier S. 133 ff. 116 TSCHUDI (wie Anm. 3) Teil 10, S. 339, Anm. 134 (ohne Quellenangabe). 117
/Users/programming/PycharmProjects/Find_Bibliography_NEw/data/azk_library/langmaier-konstantin-m__18.pdf;27;generic;Chronik/Chroniken;\bchronik(?:en)?\b;n und öffentlichkeitswirksam kritisieren. 114 Vgl. Die „Konstanzer Chronik“ Gebhart Dachers: By des Byschoffs zyten volgiengen disz nachgesc
/Users/programming/PycharmProjects/Find_Bibliography_NEw/data/azk_library/langmaier-konstantin-m__18.pdf;31;work;Edlibach (Gerold Edlibach);gerold\s+edlibach;] S. 348). 137 Ähnlich auch die später entstandene Chronik des Gerold Edlibach (vgl. Gerold Edlibach’s Chronik [wie Anm. 46] S. 44: Item uff
/Users/programming/PycharmProjects/Find_Bibliography_NEw/data/azk_library/langmaier-konstantin-m__18.pdf;31;work;Edlibach (Gerold Edlibach);gerold\s+edlibach;auch die später entstandene Chronik des Gerold Edlibach (vgl. Gerold Edlibach’s Chronik [wie Anm. 46] S. 44: Item uff den balmabint wass me
/Users/programming/PycharmProjects/Find_Bibliography_NEw/data/azk_library/langmaier-konstantin-m__18.pdf;31;work;Edlibach (Gerold Edlibach);\bedlibach\b;348). 137 Ähnlich auch die später entstandene Chronik des Gerold Edlibach (vgl. Gerold Edlibach’s Chronik [wie Anm. 46] S. 44: Item uff den
/Users/programming/PycharmProjects/Find_Bibliography_NEw/data/azk_library/langmaier-konstantin-m__18.pdf;31;work;Edlibach (Gerold Edlibach);\bedlibach\b;h die später entstandene Chronik des Gerold Edlibach (vgl. Gerold Edlibach’s Chronik [wie Anm. 46] S. 44: Item uff den balmabint wass meiss
/Users/programming/PycharmProjects/Find_Bibliography_NEw/data/azk_library/langmaier-konstantin-m__18.pdf;31;work;Tschudi (Aegidius Tschudi, Chronicon Helveticum);\btschudi\b;erische Geschichtsforscher 6 (1827) S. 349. 133 Vgl. Anm. 413. 134 TSCHUDI (wie Anm. 3) Teil 11, S. 237, Anm. 107. 135 Wichtig: LOHNER (wie
/Users/programming/PycharmProjects/Find_Bibliography_NEw/data/azk_library/langmaier-konstantin-m__18.pdf;31;work;Tschudi (Aegidius Tschudi, Chronicon Helveticum);\btschudi\b;g 1843, S. 155. Der Fünfte war wohl nicht der Stadtschreiber (vgl. TSCHUDI [wie Anm. 3] Teil 11, S. 235, Anm. 107). Allerdings ist aus einer
/Users/programming/PycharmProjects/Find_Bibliography_NEw/data/azk_library/langmaier-konstantin-m__18.pdf;31;generic;Chronik/Chroniken;\bchronik(?:en)?\b;ER [wie Anm. 132] S. 348). 137 Ähnlich auch die später entstandene Chronik des Gerold Edlibach (vgl. Gerold Edlibach’s Chronik [wie Anm. 46]
/Users/programming/PycharmProjects/Find_Bibliography_NEw/data/azk_library/langmaier-konstantin-m__18.pdf;31;generic;Chronik/Chroniken;\bchronik(?:en)?\b;er entstandene Chronik des Gerold Edlibach (vgl. Gerold Edlibach’s Chronik [wie Anm. 46] S. 44: Item uff den balmabint wass meiss und zörnli
/Users/programming/PycharmProjects/Find_Bibliography_NEw/data/azk_library/langmaier-konstantin-m__18.pdf;31;generic;Chronik/Chroniken;\bchronik(?:en)?\b;"tarp er an statt von rehtem schrecken; vgl. Straszburgische Archiv-Chronik, hg. von Louis SCHNEEGANS / Adam Walther STROBEL, in: Code histor"
/Users/programming/PycharmProjects/Find_Bibliography_NEw/data/azk_library/langmaier-konstantin-m__18.pdf;32;work;Tschachtlan (Benedikt Tschachtlan);\btschachtlan\b;ssern woeltind ze rich und mechtig werden144. 138 Vgl. Benedicht TSCHACHTLAN, Berner Chronik bis zum Jahr 1470/71, bearb. von Pascal LADNER,
/Users/programming/PycharmProjects/Find_Bibliography_NEw/data/azk_library/langmaier-konstantin-m__18.pdf;32;work;Berner Chronik (allg.);\bberner\s+chronik\b;ze rich und mechtig werden144. 138 Vgl. Benedicht TSCHACHTLAN, Berner Chronik bis zum Jahr 1470/71, bearb. von Pascal LADNER, in: Tschachtla
/Users/programming/PycharmProjects/Find_Bibliography_NEw/data/azk_library/langmaier-konstantin-m__18.pdf;32;generic;Chronik/Chroniken;\bchronik(?:en)?\b;rich und mechtig werden144. 138 Vgl. Benedicht TSCHACHTLAN, Berner Chronik bis zum Jahr 1470/71, bearb. von Pascal LADNER, in: Tschachtlans
/Users/programming/PycharmProjects/Find_Bibliography_NEw/data/azk_library/langmaier-konstantin-m__18.pdf;34;work;Fründ (Hans Fründ);hans\s+fr[üu]nd;libach’s Chronik (wie Anm. 46) S. 44. Vgl. auch: Die Chronik des Hans Fründ, Landschreiber zu Schwytz, hg. von Christian Immanuel KIND, Chur
/Users/programming/PycharmProjects/Find_Bibliography_NEw/data/azk_library/langmaier-konstantin-m__18.pdf;34;work;Fründ (Hans Fründ);\bfr[üu]nd\b;bach’s Chronik (wie Anm. 46) S. 44. Vgl. auch: Die Chronik des Hans Fründ, Landschreiber zu Schwytz, hg. von Christian Immanuel KIND, Chur 1
/Users/programming/PycharmProjects/Find_Bibliography_NEw/data/azk_library/langmaier-konstantin-m__18.pdf;34;work;Edlibach (Gerold Edlibach);gerold\s+edlibach;n werden (gemeinsam mit den übrigen vier Angeklagten) [40] 146 Gerold Edlibach’s Chronik (wie Anm. 46) S. 44. Vgl. auch: Die Chronik des Han
/Users/programming/PycharmProjects/Find_Bibliography_NEw/data/azk_library/langmaier-konstantin-m__18.pdf;34;work;Edlibach (Gerold Edlibach);gerold\s+edlibach;asel 1910, S. 103 f. (keine zeitgenössische Chronik). 147 Vgl. Gerold Edlibach’s Chronik(wie Anm. 46) S. 44. 148 Vgl. Zentralbibliothek Züri
/Users/programming/PycharmProjects/Find_Bibliography_NEw/data/azk_library/langmaier-konstantin-m__18.pdf;34;work;Edlibach (Gerold Edlibach);\bedlibach\b;7, geschont. Die Hinrichtung im April 1444 ist in der Chronik des Edlibach bildlich festgehalten148. Gegen Hans Brunner den Älteren sind 14
/Users/programming/PycharmProjects/Find_Bibliography_NEw/data/azk_library/langmaier-konstantin-m__18.pdf;34;work;Edlibach (Gerold Edlibach);\bedlibach\b;rden (gemeinsam mit den übrigen vier Angeklagten) [40] 146 Gerold Edlibach’s Chronik (wie Anm. 46) S. 44. Vgl. auch: Die Chronik des Hans Fr
/Users/programming/PycharmProjects/Find_Bibliography_NEw/data/azk_library/langmaier-konstantin-m__18.pdf;34;work;Edlibach (Gerold Edlibach);\bedlibach\b;1910, S. 103 f. (keine zeitgenössische Chronik). 147 Vgl. Gerold Edlibach’s Chronik(wie Anm. 46) S. 44. 148 Vgl. Zentralbibliothek Zürich,
/Users/programming/PycharmProjects/Find_Bibliography_NEw/data/azk_library/langmaier-konstantin-m__18.pdf;34;series;QSG (Quellen zur Schweizer Geschichte);quellen\s+zur\s+schweizer\s+geschichte;ds Schweizerchronik, Bd. 2, hg. von Rudolf LUGINBÜHL (Quellen zur Schweizer Geschichte, N.F., 1. Abt., Bd. 2), Basel 1910, S. 103 f. (keine
/Users/programming/PycharmProjects/Find_Bibliography_NEw/data/azk_library/langmaier-konstantin-m__18.pdf;34;generic;Chronik/Chroniken;\bchronik(?:en)?\b;der gemain147, geschont. Die Hinrichtung im April 1444 ist in der Chronik des Edlibach bildlich festgehalten148. Gegen Hans Brunner den Ält
/Users/programming/PycharmProjects/Find_Bibliography_NEw/data/azk_library/langmaier-konstantin-m__18.pdf;34;generic;Chronik/Chroniken;\bchronik(?:en)?\b;insam mit den übrigen vier Angeklagten) [40] 146 Gerold Edlibach’s Chronik (wie Anm. 46) S. 44. Vgl. auch: Die Chronik des Hans Fründ, Lands
/Users/programming/PycharmProjects/Find_Bibliography_NEw/data/azk_library/langmaier-konstantin-m__18.pdf;34;generic;Chronik/Chroniken;\bchronik(?:en)?\b;146 Gerold Edlibach’s Chronik (wie Anm. 46) S. 44. Vgl. auch: Die Chronik des Hans Fründ, Landschreiber zu Schwytz, hg. von Christian Imman
/Users/programming/PycharmProjects/Find_Bibliography_NEw/data/azk_library/langmaier-konstantin-m__18.pdf;34;generic;Chronik/Chroniken;\bchronik(?:en)?\b;.F., 1. Abt., Bd. 2), Basel 1910, S. 103 f. (keine zeitgenössische Chronik). 147 Vgl. Gerold Edlibach’s Chronik(wie Anm. 46) S. 44. 148 Vgl.
/Users/programming/PycharmProjects/Find_Bibliography_NEw/data/azk_library/langmaier-konstantin-m__18.pdf;34;generic;Chronik/Chroniken;\bchronik(?:en)?\b;103 f. (keine zeitgenössische Chronik). 147 Vgl. Gerold Edlibach’s Chronik(wie Anm. 46) S. 44. 148 Vgl. Zentralbibliothek Zürich, Ms. A 75,
/Users/programming/PycharmProjects/Find_Bibliography_NEw/data/azk_library/langmaier-konstantin-m__18.pdf;41;work;Bullinger (Heinrich Bullinger);heinrich\s+bullinger;nid159 in gefangnussii, hat er [...]iii160 [späterer Vermerk Heinrich Bullingers161:] ze Ostern 1444 [fol. 1r] [Haupthand:] Item man sol nac
/Users/programming/PycharmProjects/Find_Bibliography_NEw/data/azk_library/langmaier-konstantin-m__18.pdf;41;work;Bullinger (Heinrich Bullinger);heinrich\s+bullinger;den zeitüblichen Mitteln „erfragt“ wurde. Vgl. Anm. 312. 161 Heinrich Bullinger (1504–1575), Schweizer Reformator. 162 Uneinigkeit, vgl. Sch
/Users/programming/PycharmProjects/Find_Bibliography_NEw/data/azk_library/langmaier-konstantin-m__18.pdf;41;work;Bullinger (Heinrich Bullinger);\bbullinger\b;zeitüblichen Mitteln „erfragt“ wurde. Vgl. Anm. 312. 161 Heinrich Bullinger (1504–1575), Schweizer Reformator. 162 Uneinigkeit, vgl. Schweiz
/Users/programming/PycharmProjects/Find_Bibliography_NEw/data/azk_library/langmaier-konstantin-m__18.pdf;43;work;Tschudi (Aegidius Tschudi, Chronicon Helveticum);\btschudi\b;Teilnehmer verschiedener Krönungsfahrten. Vgl. die Anmerkungen in: TSCHUDI (wie Anm. 3) Teil 10, S. 331f. (dort weiterführende Angaben). Vgl
/Users/programming/PycharmProjects/Find_Bibliography_NEw/data/azk_library/langmaier-konstantin-m__18.pdf;45;work;Fründ (Hans Fründ);hans\s+fr[üu]nd;"März 1444). Vgl. Gerold Edlibach’s Chronik (wie Anm. 46) S. 44; Hans Fründ Chronik (wie Anm. 146) S. 171ff.; TSCHUDI (wie Anm. 3) Teil 11,"
/Users/programming/PycharmProjects/Find_Bibliography_NEw/data/azk_library/langmaier-konstantin-m__18.pdf;45;work;Fründ (Hans Fründ);\bfr[üu]nd(?:s)?\s+chronik;"1444). Vgl. Gerold Edlibach’s Chronik (wie Anm. 46) S. 44; Hans Fründ Chronik (wie Anm. 146) S. 171ff.; TSCHUDI (wie Anm. 3) Teil 11, S. 223"
/Users/programming/PycharmProjects/Find_Bibliography_NEw/data/azk_library/langmaier-konstantin-m__18.pdf;45;work;Fründ (Hans Fründ);\bfr[üu]nd\b;"ärz 1444). Vgl. Gerold Edlibach’s Chronik (wie Anm. 46) S. 44; Hans Fründ Chronik (wie Anm. 146) S. 171ff.; TSCHUDI (wie Anm. 3) Teil 11, S."
/Users/programming/PycharmProjects/Find_Bibliography_NEw/data/azk_library/langmaier-konstantin-m__18.pdf;45;work;Edlibach (Gerold Edlibach);gerold\s+edlibach;"d vorwarf (u. a. auch auf dem Tag zu Baden im März 1444). Vgl. Gerold Edlibach’s Chronik (wie Anm. 46) S. 44; Hans Fründ Chronik (wie Anm. 1"
/Users/programming/PycharmProjects/Find_Bibliography_NEw/data/azk_library/langmaier-konstantin-m__18.pdf;45;work;Edlibach (Gerold Edlibach);\bedlibach\b;"rwarf (u. a. auch auf dem Tag zu Baden im März 1444). Vgl. Gerold Edlibach’s Chronik (wie Anm. 46) S. 44; Hans Fründ Chronik (wie Anm. 146)"
/Users/programming/PycharmProjects/Find_Bibliography_NEw/data/azk_library/langmaier-konstantin-m__18.pdf;45;work;Tschudi (Aegidius Tschudi, Chronicon Helveticum);\btschudi\b;"(wie Anm. 46) S. 44; Hans Fründ Chronik (wie Anm. 146) S. 171ff.; TSCHUDI (wie Anm. 3) Teil 11, S. 223 ff.; NIEDERSTÄTTER (wie Anm. 17) S."
/Users/programming/PycharmProjects/Find_Bibliography_NEw/data/azk_library/langmaier-konstantin-m__18.pdf;45;generic;Chronik/Chroniken;\bchronik(?:en)?\b;"a. auch auf dem Tag zu Baden im März 1444). Vgl. Gerold Edlibach’s Chronik (wie Anm. 46) S. 44; Hans Fründ Chronik (wie Anm. 146) S. 171ff.;"
/Users/programming/PycharmProjects/Find_Bibliography_NEw/data/azk_library/langmaier-konstantin-m__18.pdf;45;generic;Chronik/Chroniken;\bchronik(?:en)?\b;"4). Vgl. Gerold Edlibach’s Chronik (wie Anm. 46) S. 44; Hans Fründ Chronik (wie Anm. 146) S. 171ff.; TSCHUDI (wie Anm. 3) Teil 11, S. 223 ff"
/Users/programming/PycharmProjects/Find_Bibliography_NEw/data/azk_library/langmaier-konstantin-m__18.pdf;45;generic;Chronik/Chroniken;\bchronik(?:en)?\b;enfalls vollzogen wurde (vgl. etwa: Franz Joseph MONE, Speierische Chronik (1406 bis 1476), in: Quellensammlung zur badischen Landesgeschich
/Users/programming/PycharmProjects/Find_Bibliography_NEw/data/azk_library/langmaier-konstantin-m__18.pdf;46;work;Fründ (Hans Fründ);hans\s+fr[üu]nd;"dia OPITZ u. a. (Clio Lucernensis, Bd. 2), Zürich 1993, S. 309; Hans Fründ, Chronik (wie Anm. 146) S. 163 ff. 212 Vgl. Anm. 178. 213 Obst,"
/Users/programming/PycharmProjects/Find_Bibliography_NEw/data/azk_library/langmaier-konstantin-m__18.pdf;46;work;Fründ (Hans Fründ);\bfr[üu]nd\b;"a OPITZ u. a. (Clio Lucernensis, Bd. 2), Zürich 1993, S. 309; Hans Fründ, Chronik (wie Anm. 146) S. 163 ff. 212 Vgl. Anm. 178. 213 Obst, vg"
/Users/programming/PycharmProjects/Find_Bibliography_NEw/data/azk_library/langmaier-konstantin-m__18.pdf;46;generic;Chronik/Chroniken;\bchronik(?:en)?\b;"u. a. (Clio Lucernensis, Bd. 2), Zürich 1993, S. 309; Hans Fründ, Chronik (wie Anm. 146) S. 163 ff. 212 Vgl. Anm. 178. 213 Obst, vgl. Schwe"
/Users/programming/PycharmProjects/Find_Bibliography_NEw/data/azk_library/langmaier-konstantin-m__18.pdf;47;generic;Chronik/Chroniken;\bchronik(?:en)?\b;"f. 222 Die Parole der prohabsburgischen Partei, vgl. Hans Fründ, Chronik (wie Anm. 146) S. 93 f.; Joseph SEEMÜLLER, Friedrichs III. Aachen"
/Users/programming/PycharmProjects/Find_Bibliography_NEw/data/azk_library/langmaier-konstantin-m__18.pdf;47;generic;Jahrbuch/Jahrbücher;jahrb[üu]ch(?:er|e)?\b;Spotte ...“ Der Habsburger Pfau – ein kurioser Wappenträger, in: Jahrbuch des Kunsthistorischen Museums Wien 13/14 (2011/12) S. 77–103. Der
/Users/programming/PycharmProjects/Find_Bibliography_NEw/data/azk_library/langmaier-konstantin-m__18.pdf;50;work;Justinger (Konrad Justinger);konrad\s+justinger;"56 Zunftmeister der Zürcher Schiffsleute; vgl. Kathrin JOST, Konrad Justinger (ca. 1365–1438): Chronist und Finanzmann in Berns grosser Zei"
/Users/programming/PycharmProjects/Find_Bibliography_NEw/data/azk_library/langmaier-konstantin-m__18.pdf;50;work;Justinger (Konrad Justinger);\bjustinger\b;"Zunftmeister der Zürcher Schiffsleute; vgl. Kathrin JOST, Konrad Justinger (ca. 1365–1438): Chronist und Finanzmann in Berns grosser Zeit ("
/Users/programming/PycharmProjects/Find_Bibliography_NEw/data/azk_library/langmaier-konstantin-m__18.pdf;50;work;Tschudi (Aegidius Tschudi, Chronicon Helveticum);\btschudi\b;"rs Vater (vgl. URZ, Bd. 6, Nr. 9015 bzw. Anm. 248). 252 Vgl. u. a. TSCHUDI (wie Anm. 3) Teil 10, S. 57; Teil 11, S. 224; URZ, Bd. 6, Nr. 778"
/Users/programming/PycharmProjects/Find_Bibliography_NEw/data/azk_library/langmaier-konstantin-m__18.pdf;50;generic;Chronist/Chronisten;\bchronist(?:en)?\b;"chiffsleute; vgl. Kathrin JOST, Konrad Justinger (ca. 1365–1438): Chronist und Finanzmann in Berns grosser Zeit (VuF, Sonderbände, Bd. 56),"
/Users/programming/PycharmProjects/Find_Bibliography_NEw/data/azk_library/langmaier-konstantin-m__18.pdf;54;work;Tschudi (Aegidius Tschudi, Chronicon Helveticum);\btschudi\b;"Z, Bd. 7, Nr. 9235, 9754, 10039, 10174, 10203, 10358 (identisch?); TSCHUDI (wie Anm. 3) Teil 11, S. 54*. 294 =Aufwiegler, hier wohl im Sinne"
/Users/programming/PycharmProjects/Find_Bibliography_NEw/data/azk_library/langmaier-konstantin-m__18.pdf;57;work;Tschudi (Aegidius Tschudi, Chronicon Helveticum);\btschudi\b;tikon, Bd. 2 (1885) Sp. 1281. Zum Tag von Baden vgl. Anm. 413 bzw. TSCHUDI (wie Anm. 3) Teil 11, S. 226. 327 =geschehe, vgl. Schweizerisches
/Users/programming/PycharmProjects/Find_Bibliography_NEw/data/azk_library/langmaier-konstantin-m__18.pdf;59;work;Tschudi (Aegidius Tschudi, Chronicon Helveticum);\btschudi\b;genossen. 352 Nämlich im Höllenfeuer, vgl. die Interpretation bei: TSCHUDI (wie Anm. 3) Teil 10, S. 332. 353 Vgl. Anm. 275. 354 =in der Quer
/Users/programming/PycharmProjects/Find_Bibliography_NEw/data/azk_library/langmaier-konstantin-m__18.pdf;60;work;Tschudi (Aegidius Tschudi, Chronicon Helveticum);\btschudi\b;auf Warnungen des Feindes durch Brunner und seine Mitverschwörer: TSCHUDI (wie Anm. 3) Teil 11, S. 109 f. 372 =anzuhören, verhören, vgl. Sc
/Users/programming/PycharmProjects/Find_Bibliography_NEw/data/azk_library/langmaier-konstantin-m__18.pdf;62;work;Tschudi (Aegidius Tschudi, Chronicon Helveticum);\btschudi\b;"l. GRIMM, Bd. 2, Sp. 256. 385 =U elman Trinkler; ein Beiname; vgl. TSCHUDI (wie Anm. 3) Teil 11, S. 233. (Trinklers Erben befanden sich 1444"
/Users/programming/PycharmProjects/Find_Bibliography_NEw/data/azk_library/langmaier-konstantin-m__18.pdf;63;work;Klingenberger Chronik;klingenberger\s+chronik;"iligt (gemeinsam mit dem Konstanzer Bischof); vgl. Die sog. Klingenberger Chronik des Eberhard Wüst, Stadtschreiber von Rapperswil, bearb. v"
/Users/programming/PycharmProjects/Find_Bibliography_NEw/data/azk_library/langmaier-konstantin-m__18.pdf;63;generic;Chronik/Chroniken;\bchronik(?:en)?\b;"gemeinsam mit dem Konstanzer Bischof); vgl. Die sog. Klingenberger Chronik des Eberhard Wüst, Stadtschreiber von Rapperswil, bearb. von Bern"
/Users/programming/PycharmProjects/Find_Bibliography_NEw/data/azk_library/langmaier-konstantin-m__18.pdf;64;work;Tschudi (Aegidius Tschudi, Chronicon Helveticum);\btschudi\b;"zu Baden präsent gewesen. Vgl. NIEDERSTÄTTER (wie Anm. 17) S. 252; TSCHUDI (wie Anm. 3) Teil 11, S. 227 f. (mit weiterführenden Hinweisen);"
/Users/programming/PycharmProjects/Find_Bibliography_NEw/data/azk_library/langmaier-konstantin-m__18.pdf;68;work;Tschudi (Aegidius Tschudi, Chronicon Helveticum);\btschudi\b;Sp. 1604. 458 Vgl. Anm. 206. 459 =Hans Iberg, Vogt zu Baden, vgl. TSCHUDI (wie Anm. 3) Teil 11, S. 140 f. u. 236. 460 =Ehrenwort, vgl. Schw
/Users/programming/PycharmProjects/Find_Bibliography_NEw/data/azk_library/langmaier-konstantin-m__18.pdf;71;work;Tschudi (Aegidius Tschudi, Chronicon Helveticum);\btschudi\b;"damit der Vater des Effinger gemeint ist oder der des Boten, vgl. TSCHUDI (wie Anm. 3) Teil 11, S. 236; möglicherweise ein Sohn des oben ge"
/Users/programming/PycharmProjects/Find_Bibliography_NEw/data/azk_library/langmaier-konstantin-m__18.pdf;74;work;Tschudi (Aegidius Tschudi, Chronicon Helveticum);\btschudi\b;"e Anm. 118) S. 7–52; CURSCHELLAS (wie Anm. 118) S. 1–144. 535 Vgl. TSCHUDI (wie Anm. 3) Teil 11, S. 226 f. 536 =es wäre zu befürchten, vgl."
/Users/programming/PycharmProjects/Find_Bibliography_NEw/data/azk_library/langmaier-konstantin-m__18.pdf;78;work;Edlibach (Gerold Edlibach);\bedlibach\b;AZ, B VI 215 f. 39r. Die bildliche Darstellung in der Chronik des Edlibach ist daher richtig. Dort werden nur Trinkler und Meisen hingericht
/Users/programming/PycharmProjects/Find_Bibliography_NEw/data/azk_library/langmaier-konstantin-m__18.pdf;78;generic;Chronik/Chroniken;\bchronik(?:en)?\b;. 581 Vgl. StAZ, B VI 215 f. 39r. Die bildliche Darstellung in der Chronik des Edlibach ist daher richtig. Dort werden nur Trinkler und Meis
/Users/programming/PycharmProjects/Find_Bibliography_NEw/data/azk_library/sieber-christian__11.pdf;2;work;Schilling (Diebold Schilling, Berner/Luzerner Chronik);\bschilling\b;r Bevélkerung von Freienbach erlaubt, sich gegen einen Lohn von 5 Schilling pro Leiche, dem damals tiblichen Totengrabertarif, an der Arbeit
/Users/programming/PycharmProjects/Find_Bibliography_NEw/data/azk_library/sieber-christian__11.pdf;3;generic;Chronik/Chroniken;\bchronik(?:en)?\b;ecken und ftihrte dabei ein Kriegstagebuch, das er spater zu einer Chronik umarbeitete.* Fiir das erste Gefecht bei Freienbach am 22. Mai 14
/Users/programming/PycharmProjects/Find_Bibliography_NEw/data/azk_library/sieber-christian__11.pdf;5;work;Bullinger (Heinrich Bullinger);heinrich\s+bullinger;ochen auf, die man den Gefallenen von 1443 zuwies,” und auch Heinrich Bullinger sah 1512 als achtjahriger Knabe in der Nahe seiner Heimatsta
/Users/programming/PycharmProjects/Find_Bibliography_NEw/data/azk_library/sieber-christian__11.pdf;5;work;Bullinger (Heinrich Bullinger);\bbullinger\b;n auf, die man den Gefallenen von 1443 zuwies,” und auch Heinrich Bullinger sah 1512 als achtjahriger Knabe in der Nahe seiner Heimatstadt B
/Users/programming/PycharmProjects/Find_Bibliography_NEw/data/azk_library/sieber-christian__11.pdf;7;work;Edlibach (Gerold Edlibach);gerold\s+edlibach;n der Hand, die um Gnade flehten, wie es der Ziircher Chronist Gerold Edlibach aufgrund von Augenzeugenberichten eindrticklich beschreibt. A
/Users/programming/PycharmProjects/Find_Bibliography_NEw/data/azk_library/sieber-christian__11.pdf;7;work;Edlibach (Gerold Edlibach);\bedlibach\b;r Hand, die um Gnade flehten, wie es der Ziircher Chronist Gerold Edlibach aufgrund von Augenzeugenberichten eindrticklich beschreibt. Am Sc
/Users/programming/PycharmProjects/Find_Bibliography_NEw/data/azk_library/sieber-christian__11.pdf;7;generic;Chronist/Chronisten;\bchronist(?:en)?\b;en Kindern an der Hand, die um Gnade flehten, wie es der Ziircher Chronist Gerold Edlibach aufgrund von Augenzeugenberichten eindrticklich b
/Users/programming/PycharmProjects/Find_Bibliography_NEw/data/azk_library/sieber-christian__11.pdf;8;work;Klingenberger Chronik;klingenberger\s+chronik;nur noch die Tiirschlésser rauben kénnen, heisst es in der Klingenberger Chronik tiberspitzt. Andernorts wurden Familien auseinandergerisse
/Users/programming/PycharmProjects/Find_Bibliography_NEw/data/azk_library/sieber-christian__11.pdf;8;generic;Chronik/Chroniken;\bchronik(?:en)?\b;ch die Tiirschlésser rauben kénnen, heisst es in der Klingenberger Chronik tiberspitzt. Andernorts wurden Familien auseinandergerissen, wie
/Users/programming/PycharmProjects/Find_Bibliography_NEw/data/azk_library/sieber-christian__11.pdf;8;generic;Chronist/Chronisten;\bchronist(?:en)?\b;. Andernorts wurden Familien auseinandergerissen, wie es derselbe Chronist und Augenzeuge dramatisch schildert: «Und aber ainer sin bruoder,
/Users/programming/PycharmProjects/Find_Bibliography_NEw/data/azk_library/sieber-christian__11.pdf;9;work;Edlibach (Gerold Edlibach);\bedlibach\b;als «byderb liit», die «sich mit den Eidgnossen bewartent». Nach Edlibach sollen die Griininger sogar dafiir verantwortlich gewesen sein, d
/Users/programming/PycharmProjects/Find_Bibliography_NEw/data/azk_library/sieber-christian__11.pdf;10;work;Klingenberger Chronik;klingenberger\s+chronik;reits auf die andere Seite der Limmat fliichteten. Laut der Klingenberger Chronik war die Stadt in jenem Moment so gefahrdet wie nie zuvor i
/Users/programming/PycharmProjects/Find_Bibliography_NEw/data/azk_library/sieber-christian__11.pdf;10;generic;Chronik/Chroniken;\bchronik(?:en)?\b;uf die andere Seite der Limmat fliichteten. Laut der Klingenberger Chronik war die Stadt in jenem Moment so gefahrdet wie nie zuvor in ihrem
/Users/programming/PycharmProjects/Find_Bibliography_NEw/data/azk_library/sieber-christian__11.pdf;10;generic;Stadtchronik (generisch);\bstadt\s*chronik\b;aber ernsthaft etwas auszurichten. Leicht spéttisch notiert die Stadtchronik, dass bei der Beschiessung lediglich ein Priester und eine alte
/Users/programming/PycharmProjects/Find_Bibliography_NEw/data/azk_library/sieber-christian__11.pdf;13;generic;Chronik/Chroniken;\bchronik(?:en)?\b;menschliche Leid. Selbst Landschreiber Friind klagt am Ende seiner Chronik, dass der Krieg viele Frauen und Kinder zu Witwen und Waisen gema
/Users/programming/PycharmProjects/Find_Bibliography_NEw/data/azk_library/sieber-christian__11.pdf;14;work;Edlibach (Gerold Edlibach);gerold\s+edlibach;r begrebte by der kilchen Uster habend». Spater liess Landvogt Gerold Edlibach eine neue Gedenkkapelle errrichten, und noch im Jahr 1543 erh
/Users/programming/PycharmProjects/Find_Bibliography_NEw/data/azk_library/sieber-christian__11.pdf;14;work;Edlibach (Gerold Edlibach);gerold\s+edlibach;en Krieg wachgehalten: Der eben erwahnte Landvogt und Chronist Gerold Edlibach (1454-1530) kannte ihn 77
/Users/programming/PycharmProjects/Find_Bibliography_NEw/data/azk_library/sieber-christian__11.pdf;14;work;Edlibach (Gerold Edlibach);\bedlibach\b;grebte by der kilchen Uster habend». Spater liess Landvogt Gerold Edlibach eine neue Gedenkkapelle errrichten, und noch im Jahr 1543 erhielt
/Users/programming/PycharmProjects/Find_Bibliography_NEw/data/azk_library/sieber-christian__11.pdf;14;work;Edlibach (Gerold Edlibach);\bedlibach\b;rieg wachgehalten: Der eben erwahnte Landvogt und Chronist Gerold Edlibach (1454-1530) kannte ihn 77
/Users/programming/PycharmProjects/Find_Bibliography_NEw/data/azk_library/sieber-christian__11.pdf;14;generic;Gesta/Acta;\bacta\b;lebten aber noch. Sie legten die Kriegsjahre im wértlichen Sinn «ad acta», indem sie das ganze Aktenmaterial im Archiv deponierten.® Ein off
/Users/programming/PycharmProjects/Find_Bibliography_NEw/data/azk_library/sieber-christian__11.pdf;14;generic;Chronist/Chronisten;\bchronist(?:en)?\b;nnerung an den Krieg wachgehalten: Der eben erwahnte Landvogt und Chronist Gerold Edlibach (1454-1530) kannte ihn 77
/Users/programming/PycharmProjects/Find_Bibliography_NEw/data/azk_library/sieber-christian__11.pdf;15;work;Edlibach (Gerold Edlibach);\bedlibach\b;ie nicht unterdessen verschriftlicht wurden, wie eben im Fall von Edlibach, Fabri und Bullinger. Heinrich Bullinger verdanken wir auch einig
/Users/programming/PycharmProjects/Find_Bibliography_NEw/data/azk_library/sieber-christian__11.pdf;15;work;Bullinger (Heinrich Bullinger);heinrich\s+bullinger;zeitlebens von seiner Kindheit im Krieg gepragt, und selbst Heinrich Bullinger (1504-1575) hérte als junger Knabe aufmerksam seiner Grossmu
/Users/programming/PycharmProjects/Find_Bibliography_NEw/data/azk_library/sieber-christian__11.pdf;15;work;Bullinger (Heinrich Bullinger);heinrich\s+bullinger;wurden, wie eben im Fall von Edlibach, Fabri und Bullinger. Heinrich Bullinger verdanken wir auch einige Kriegserinnerungen aus anderen Zii
/Users/programming/PycharmProjects/Find_Bibliography_NEw/data/azk_library/sieber-christian__11.pdf;15;work;Bullinger (Heinrich Bullinger);\bbullinger\b;tlebens von seiner Kindheit im Krieg gepragt, und selbst Heinrich Bullinger (1504-1575) hérte als junger Knabe aufmerksam seiner Grossmutter
/Users/programming/PycharmProjects/Find_Bibliography_NEw/data/azk_library/sieber-christian__11.pdf;15;work;Bullinger (Heinrich Bullinger);\bbullinger\b;verschriftlicht wurden, wie eben im Fall von Edlibach, Fabri und Bullinger. Heinrich Bullinger verdanken wir auch einige Kriegserinnerungen
/Users/programming/PycharmProjects/Find_Bibliography_NEw/data/azk_library/sieber-christian__11.pdf;15;work;Bullinger (Heinrich Bullinger);\bbullinger\b;den, wie eben im Fall von Edlibach, Fabri und Bullinger. Heinrich Bullinger verdanken wir auch einige Kriegserinnerungen aus anderen Ziirche
/Users/programming/PycharmProjects/Find_Bibliography_NEw/data/azk_library/sieber-christian__11.pdf;16;work;Bullinger (Heinrich Bullinger);\bbullinger\b;remit — Nikolaus von Fliie im Alten Ziirichkrieg Ein Nachtrag zum Bullinger-Jahr Robert Durrer (1867-1934), Staatsarchivar von Nidwalden, ha
/Users/programming/PycharmProjects/Find_Bibliography_NEw/data/azk_library/sieber-christian__11.pdf;17;work;Stumpf (Johannes Stumpf);johannes\s+stumpf;Historia des allten tédtlichen sibenjarigen Ziirychkriegs» von Johannes Stumpf, von der Bullinger durch Rudolf Giider eine Abschrift herstel
/Users/programming/PycharmProjects/Find_Bibliography_NEw/data/azk_library/sieber-christian__11.pdf;17;work;Stumpf (Johannes Stumpf);\bstumpf\b;ria des allten tédtlichen sibenjarigen Ziirychkriegs» von Johannes Stumpf, von der Bullinger durch Rudolf Giider eine Abschrift herstellen l
/Users/programming/PycharmProjects/Find_Bibliography_NEw/data/azk_library/sieber-christian__11.pdf;17;work;Bullinger (Heinrich Bullinger);heinrich\s+bullinger;von Fltie am Alten Ziirichkrieg und zu deren Interpretation. Heinrich Bullinger nun tiberliefert — was bisher tibersehen wurde — in seiner «
/Users/programming/PycharmProjects/Find_Bibliography_NEw/data/azk_library/sieber-christian__11.pdf;17;work;Bullinger (Heinrich Bullinger);\bbullinger\b;Fltie am Alten Ziirichkrieg und zu deren Interpretation. Heinrich Bullinger nun tiberliefert — was bisher tibersehen wurde — in seiner «Eidg
/Users/programming/PycharmProjects/Find_Bibliography_NEw/data/azk_library/sieber-christian__11.pdf;17;work;Bullinger (Heinrich Bullinger);\bbullinger\b;dtlichen sibenjarigen Ziirychkriegs» von Johannes Stumpf, von der Bullinger durch Rudolf Giider eine Abschrift herstellen liess, die er dann
/Users/programming/PycharmProjects/Find_Bibliography_NEw/data/azk_library/sieber-christian__11.pdf;17;work;Bullinger (Heinrich Bullinger);\bbullinger\b;imm Ziirychkrieg zuo Cappell hatte gehulffen iibel hu8 halten.»* Bullinger hatte also, mutmasslich wahrend seiner Zeit als Schulmeister im
/Users/programming/PycharmProjects/Find_Bibliography_NEw/data/azk_library/sieber-christian__11.pdf;17;generic;Chronik/Chroniken;\bchronik(?:en)?\b;iefert — was bisher tibersehen wurde — in seiner «Eidgendéssischen Chronik» von 1568, die im Abschnitt tiber den Alten Zitirichkrieg noch st
/Users/programming/PycharmProjects/Find_Bibliography_NEw/data/azk_library/sieber-christian__11.pdf;17;generic;Historia/Historiae;\bhistori[ae]\b;3. Sie findet sich als eigenhandige Randbemerkung Bullingers zur «Historia des allten tédtlichen sibenjarigen Ziirychkriegs» von Johannes St
/Users/programming/PycharmProjects/Find_Bibliography_NEw/data/azk_library/sieber-christian__11.pdf;18;work;Bullinger (Heinrich Bullinger);heinrich\s+bullinger;ber vergoldet (Durchmesser 42,9 mm), und Bildnismedaille von Heinrich Bullinger, 1566, Silber (Durchmesser 41,5 mm: Schweizerisches Landesmu
/Users/programming/PycharmProjects/Find_Bibliography_NEw/data/azk_library/sieber-christian__11.pdf;18;work;Bullinger (Heinrich Bullinger);\bbullinger\b;vergoldet (Durchmesser 42,9 mm), und Bildnismedaille von Heinrich Bullinger, 1566, Silber (Durchmesser 41,5 mm: Schweizerisches Landesmuseum
/Users/programming/PycharmProjects/Find_Bibliography_NEw/data/azk_library/sieber-christian__11.pdf;18;work;Bullinger (Heinrich Bullinger);\bbullinger\b;iir die Eidgenossen ebenfalls ein potentielles Angriffsziel war.” Bullinger beschaftigte sich intensiv mit der Geschichte des Klosters Kappe
/Users/programming/PycharmProjects/Find_Bibliography_NEw/data/azk_library/sieber-christian__11.pdf;18;work;Bullinger (Heinrich Bullinger);\bbullinger\b;nen Beobachtungen zur Geschichte des Alten Ziirichkriegs, wie sie Bullinger als Historiker systematisch und sein Leben lang sammelte.” Als i
/Users/programming/PycharmProjects/Find_Bibliography_NEw/data/azk_library/sieber-christian__11.pdf;19;work;Stumpf (Johannes Stumpf);johannes\s+stumpf;dgnoschafft, ZBZ, Ms. A 14-15, hier Ms. A 14, fol. 328 v (nach Johannes Stumpf), und Ms. A 15, 51 (aus «alten Ziirych chroniken»), 107 f. (n
/Users/programming/PycharmProjects/Find_Bibliography_NEw/data/azk_library/sieber-christian__11.pdf;19;work;Stumpf (Johannes Stumpf);\bstumpf\b;chafft, ZBZ, Ms. A 14-15, hier Ms. A 14, fol. 328 v (nach Johannes Stumpf), und Ms. A 15, 51 (aus «alten Ziirych chroniken»), 107 f. (nach H
/Users/programming/PycharmProjects/Find_Bibliography_NEw/data/azk_library/sieber-christian__11.pdf;19;work;Tschudi (Aegidius Tschudi, Chronicon Helveticum);\btschudi\b;"ieferung von Hans Friinds Darstellung des Alten Ziirichkriegs, in: Tschudi, Bd. 12, 122*-134*; Friind, 224: «ich han je nach und nach die sa"
/Users/programming/PycharmProjects/Find_Bibliography_NEw/data/azk_library/sieber-christian__11.pdf;19;work;Bullinger (Heinrich Bullinger);heinrich\s+bullinger;"d, 251-256; URStAZ, Bd. 6, Nr. 9121 sowie Nr. 8098 (Banner); Heinrich Bullinger: Historia gemeiner loblicher eydgnoschafft, ZBZ, Ms. A 14-15"
/Users/programming/PycharmProjects/Find_Bibliography_NEw/data/azk_library/sieber-christian__11.pdf;19;work;Bullinger (Heinrich Bullinger);\bbullinger\b;31 in der Schlacht von Kappel gefallen, noch am Leben war.)” Wenn Bullinger die Nachricht spater nicht in seine Tigurinerchronik tibernahm,
/Users/programming/PycharmProjects/Find_Bibliography_NEw/data/azk_library/sieber-christian__11.pdf;19;work;Bullinger (Heinrich Bullinger);\bbullinger\b;richt allenfalls méglich gewesen wire, lag weder im Interesse von Bullinger noch der Reformierten im allgemeinen. In der Bilanz kann deshalb
/Users/programming/PycharmProjects/Find_Bibliography_NEw/data/azk_library/sieber-christian__11.pdf;19;work;Bullinger (Heinrich Bullinger);\bbullinger\b;allgemeinen. In der Bilanz kann deshalb festgehalten werden, dass Bullinger die Nachricht wohl zuverlassig, das heisst ohne Verfalschung dur
/Users/programming/PycharmProjects/Find_Bibliography_NEw/data/azk_library/sieber-christian__11.pdf;19;work;Bullinger (Heinrich Bullinger);\bbullinger\b;"51-256; URStAZ, Bd. 6, Nr. 9121 sowie Nr. 8098 (Banner); Heinrich Bullinger: Historia gemeiner loblicher eydgnoschafft, ZBZ, Ms. A 14-15, hi"
/Users/programming/PycharmProjects/Find_Bibliography_NEw/data/azk_library/sieber-christian__11.pdf;19;generic;Chronik/Chroniken;\bchronik(?:en)?\b;"28 v (nach Johannes Stumpf), und Ms. A 15, 51 (aus «alten Ziirych chroniken»), 107 f. (nach Hans Fiiessli); StAZ, G I 96, fol. 258 r—v (9. A"
/Users/programming/PycharmProjects/Find_Bibliography_NEw/data/azk_library/sieber-christian__11.pdf;19;generic;Historia/Historiae;\bhistori[ae]\b;"tAZ, Bd. 6, Nr. 9121 sowie Nr. 8098 (Banner); Heinrich Bullinger: Historia gemeiner loblicher eydgnoschafft, ZBZ, Ms. A 14-15, hier Ms. A 14"
/Users/programming/PycharmProjects/Find_Bibliography_NEw/data/azk_library/sieber-christian__11.pdf;20;work;Edlibach (Gerold Edlibach);\bedlibach\b;"Erlenbach am 13. Oktober 1444 mit 27 Toten, «die gezelt wurdent»; Edlibach, 67, bringt das Gefecht zum 6. Oktober 1445, aber nahezu iiberein"
/Users/programming/PycharmProjects/Find_Bibliography_NEw/data/azk_library/sieber-christian__11.pdf;20;work;Edlibach (Gerold Edlibach);\bedlibach\b;"ohannes Dierauer (QSG 18), Basel 1900, 213 (St. Jakob: 150 Tote); Edlibach, 38, 43 (Hirzel: 300 Tote, St. Jakob: 160 Tote); AnzSG 1 (1859),"
/Users/programming/PycharmProjects/Find_Bibliography_NEw/data/azk_library/sieber-christian__11.pdf;20;work;Klingenberger Chronik;klingenberger\s+chronik;"rund 150 Namen und einer Zahl von rund 850 Pferden, ferner Klingenberger Chronik, 314 (rund 500 Pferde); URStAZ, Bd. 6, Nr. 8904, 8907, 902"
/Users/programming/PycharmProjects/Find_Bibliography_NEw/data/azk_library/sieber-christian__11.pdf;20;work;Klingenberger Chronik;klingenberger\s+chronik;, N. F. 7 (1896), 377 (Zitat). Weitere Gefallenenzahlen in: Klingenberger Chronik, 304 f£., 307, 320 (Freienbach: 42 Tote, Hirzel: 250-300 T
/Users/programming/PycharmProjects/Find_Bibliography_NEw/data/azk_library/sieber-christian__11.pdf;20;work;Klingenberger Chronik;klingenberger\s+chronik;"ich, Ziirich 1846, 269 (St. Jakob nach Hemmerli: 151 Tote); Klingenberger Chronik, 322, Anm. ww (St. Jakob: 140 Tote gemiass Stiftsbibliothe"
/Users/programming/PycharmProjects/Find_Bibliography_NEw/data/azk_library/sieber-christian__11.pdf;20;work;Brennwald (Johann/Johannes Brennwald);\bbrennwald\b;akkriegs: www.iraqbodycount.org. Vgl. namentlich die bei Heinrich Brennwald: Schweizerchronik, hg. von Rudolf Luginbiihl (QSG, N. F, Abt. I/
/Users/programming/PycharmProjects/Find_Bibliography_NEw/data/azk_library/sieber-christian__11.pdf;20;work;Bullinger (Heinrich Bullinger);heinrich\s+bullinger;), 34 (Kilchberg) bzw. 16 (Horgen) Gefallene zu verzeichnen. Heinrich Bullinger: Reformationsgeschichte, hg. von Johann Jakob Hottinger und
/Users/programming/PycharmProjects/Find_Bibliography_NEw/data/azk_library/sieber-christian__11.pdf;20;work;Bullinger (Heinrich Bullinger);\bbullinger\b;". Gallen, Cod. 630). StAZ, F IIa 241, fol. 45 v-46 v (Kiisnacht); Bullinger (wie Anm. 2), Ms. A 15, 34 f. (Kilchberg); StAZ, F IIc 39a, Inne"
/Users/programming/PycharmProjects/Find_Bibliography_NEw/data/azk_library/sieber-christian__11.pdf;20;work;Bullinger (Heinrich Bullinger);\bbullinger\b;4 (Kilchberg) bzw. 16 (Horgen) Gefallene zu verzeichnen. Heinrich Bullinger: Reformationsgeschichte, hg. von Johann Jakob Hottinger und Hans
/Users/programming/PycharmProjects/Find_Bibliography_NEw/data/azk_library/sieber-christian__11.pdf;20;series;QSG (Quellen zur Schweizer Geschichte);\bqsg\b;bei Heinrich Brennwald: Schweizerchronik, hg. von Rudolf Luginbiihl (QSG, N. F, Abt. I/1), Bd. 2, Basel 1910, 77-83 iiberlieferte Liste mit
/Users/programming/PycharmProjects/Find_Bibliography_NEw/data/azk_library/sieber-christian__11.pdf;20;series;QSG (Quellen zur Schweizer Geschichte);\bqsg\b;"hl: 145 Tote); Chronik der Stadt Ziirich, hg. von Johannes Dierauer (QSG 18), Basel 1900, 213 (St. Jakob: 150 Tote); Edlibach, 38, 43 (Hirze"
/Users/programming/PycharmProjects/Find_Bibliography_NEw/data/azk_library/sieber-christian__11.pdf;20;series;QSG (Quellen zur Schweizer Geschichte);\bqsg\b;"den innerschweizerischen Jahrzeitbiichern, hg. von Rudolf Henggeler (QSG,N. F, Abt. II/3), Basel 1940, 293; REC, Bd. 4, Nr. 11512. Chronik d"
/Users/programming/PycharmProjects/Find_Bibliography_NEw/data/azk_library/sieber-christian__11.pdf;20;series;MGH (allg.);monumenta\s+germaniae\s+historica;Hans Heinrich Végeli, Bd. 3, Frauenfeld 1840, 147-150. Monumenta Germaniae Historica. Necrologia Germaniae, Bd. 1: Dioeceses Augustensis, C
/Users/programming/PycharmProjects/Find_Bibliography_NEw/data/azk_library/sieber-christian__11.pdf;20;generic;Chronik/Chroniken;\bchronik(?:en)?\b;"50 Namen und einer Zahl von rund 850 Pferden, ferner Klingenberger Chronik, 314 (rund 500 Pferde); URStAZ, Bd. 6, Nr. 8904, 8907, 9021. Vegi"
/Users/programming/PycharmProjects/Find_Bibliography_NEw/data/azk_library/sieber-christian__11.pdf;20;generic;Chronik/Chroniken;\bchronik(?:en)?\b;7 (1896), 377 (Zitat). Weitere Gefallenenzahlen in: Klingenberger Chronik, 304 f£., 307, 320 (Freienbach: 42 Tote, Hirzel: 250-300 Tote, St
/Users/programming/PycharmProjects/Find_Bibliography_NEw/data/azk_library/sieber-christian__11.pdf;20;generic;Chronik/Chroniken;\bchronik(?:en)?\b;": 42 Tote, Hirzel: 250-300 Tote, St. Jakob an der Sihl: 145 Tote); Chronik der Stadt Ziirich, hg. von Johannes Dierauer (QSG 18), Basel 1900"
/Users/programming/PycharmProjects/Find_Bibliography_NEw/data/azk_library/sieber-christian__11.pdf;20;generic;Chronik/Chroniken;\bchronik(?:en)?\b;"irich 1846, 269 (St. Jakob nach Hemmerli: 151 Tote); Klingenberger Chronik, 322, Anm. ww (St. Jakob: 140 Tote gemiass Stiftsbibliothek St. G"
/Users/programming/PycharmProjects/Find_Bibliography_NEw/data/azk_library/sieber-christian__11.pdf;20;generic;Chronik/Chroniken;\bchronik(?:en)?\b;"ler (QSG,N. F, Abt. II/3), Basel 1940, 293; REC, Bd. 4, Nr. 11512. Chronik der Stadt Ziirich (wie Anm. 12), 220. STASZ, Urk. 464 (zuginglich"
/Users/programming/PycharmProjects/Find_Bibliography_NEw/data/azk_library/sieber-christian__11.pdf;20;generic;Chronik/Chroniken;\bchronik(?:en)?\b;"mmlung»); Friind, 132. Friind, 263. Friind, 138 f. Paul Schweizer: Chronik von einem Sohn des Bannerherrn Hans Schwyzer, in: Zwingliana 3 (1"
/Users/programming/PycharmProjects/Find_Bibliography_NEw/data/azk_library/sieber-christian__11.pdf;21;work;Edlibach (Gerold Edlibach);\bedlibach\b;"6, Nr. 8193, 8938. Klingenberger Chronik, 309 f.; Friind, 144 £; Edlibach, 39; vgl. auch URStAZ, Bd. 6, Nr. 7328. Klingenberger Chronik, 31"
/Users/programming/PycharmProjects/Find_Bibliography_NEw/data/azk_library/sieber-christian__11.pdf;21;work;Edlibach (Gerold Edlibach);\bedlibach\b;"Bd. 6, Nr. 7328. Klingenberger Chronik, 310-312; Friind, 145-147; Edlibach, 39 f.; URStAZ, Bd. 6, Nr. 8985; StAZ, A 29.1, Mappe 3a (friiher"
/Users/programming/PycharmProjects/Find_Bibliography_NEw/data/azk_library/sieber-christian__11.pdf;21;work;Edlibach (Gerold Edlibach);\bedlibach\b;"Friind, 188-192; Chronik der Stadt Ziirich (wie Anm. 12), 214 f.; Edlibach, 45-53; Thuner Missive (wie Anm. 5), 355-366, Nr. 28-34; URStAZ,"
/Users/programming/PycharmProjects/Find_Bibliography_NEw/data/azk_library/sieber-christian__11.pdf;21;work;Edlibach (Gerold Edlibach);\bedlibach\b;"ermann Rennefahrt, Aarau 1971, Nr. 339, 393 f.; Friind, 190. Vel. Edlibach, 40: «rouben oder brennen und alles, dz zu kriegschen sachen gehé"
/Users/programming/PycharmProjects/Find_Bibliography_NEw/data/azk_library/sieber-christian__11.pdf;21;work;Edlibach (Gerold Edlibach);\bedlibach\b;". Friind, 139 £., 144, 146; Klingenberger Chronik, 308, 309, 312; Edlibach, 38; StALU, Urk 231/3328, 7-9, 18 (vgl. dazu unten Anm. 46) = Lie"
/Users/programming/PycharmProjects/Find_Bibliography_NEw/data/azk_library/sieber-christian__11.pdf;21;work;Edlibach (Gerold Edlibach);\bedlibach\b;". 28; URStAZ, Bd. 6, Nr. 9015, 9019. Friind, 213 f. (Zitat), 244; Edlibach, 45. Vgl. ausfiihrlicher Christian Sieber: Krieg und Frieden in d"
/Users/programming/PycharmProjects/Find_Bibliography_NEw/data/azk_library/sieber-christian__11.pdf;21;work;Tschudi (Aegidius Tschudi, Chronicon Helveticum);\btschudi\b;"0, hier 361, Anm. ***, und von Bernhard Stettler: [Kommentar], in: Tschudi, Bd. 11, 148 f. Anm. 64. Friind, 188-192; Chronik der Stadt Ziiri"
/Users/programming/PycharmProjects/Find_Bibliography_NEw/data/azk_library/sieber-christian__11.pdf;21;work;Klingenberger Chronik;klingenberger\s+chronik;"derhauser (wie Anm. 15), 41. URStAZ, Bd. 6, Nr. 8193, 8938. Klingenberger Chronik, 309 f.; Friind, 144 £; Edlibach, 39; vgl. auch URStAZ, Bd"
/Users/programming/PycharmProjects/Find_Bibliography_NEw/data/azk_library/sieber-christian__11.pdf;21;work;Klingenberger Chronik;klingenberger\s+chronik;"nd, 144 £; Edlibach, 39; vgl. auch URStAZ, Bd. 6, Nr. 7328. Klingenberger Chronik, 310-312; Friind, 145-147; Edlibach, 39 f.; URStAZ, Bd. 6,"
/Users/programming/PycharmProjects/Find_Bibliography_NEw/data/azk_library/sieber-christian__11.pdf;21;work;Klingenberger Chronik;klingenberger\s+chronik;"ehért». Friind, bes. 140, 152, 156 f., 159 (Zitat; a4hnlich Klingenberger Chronik, 320), 188 f., 192, 200-202, 213 f., 222, 233 £., 236, 238"
/Users/programming/PycharmProjects/Find_Bibliography_NEw/data/azk_library/sieber-christian__11.pdf;21;work;Klingenberger Chronik;klingenberger\s+chronik;"00-202, 213 f., 222, 233 £., 236, 238, 240, 244; erginzend: Klingenberger Chronik, 326; Thuner Missive (wie Anm. 5), 442, Nr. 84; URStAZ, Bd"
/Users/programming/PycharmProjects/Find_Bibliography_NEw/data/azk_library/sieber-christian__11.pdf;21;work;Klingenberger Chronik;klingenberger\s+chronik;"5), 442, Nr. 84; URStAZ, Bd. 6, Nr. 8912, 9052, 9061, 9071. Klingenberger Chronik, 310, 315 (mit Zitat), 316, 320, 322 £,, 330, 336; URStAZ,"
/Users/programming/PycharmProjects/Find_Bibliography_NEw/data/azk_library/sieber-christian__11.pdf;21;work;Klingenberger Chronik;klingenberger\s+chronik;"30, 336; URStAZ, Bd. 6, Nr. 8930. Friind, 139 £., 144, 146; Klingenberger Chronik, 308, 309, 312; Edlibach, 38; StALU, Urk 231/3328, 7-9, 18"
/Users/programming/PycharmProjects/Find_Bibliography_NEw/data/azk_library/sieber-christian__11.pdf;21;work;Klingenberger Chronik;klingenberger\s+chronik;"onaueramt), 161 f. (Hongg, mit Zitat, dazu iibereinstimmend Klingenberger Chronik, 323). Friind, 146; Thuner Missive (wie Anm. 5), 356 f., N"
/Users/programming/PycharmProjects/Find_Bibliography_NEw/data/azk_library/sieber-christian__11.pdf;21;work;Bullinger (Heinrich Bullinger);\bbullinger\b;tgeschichte und Stadtebau in Ziirich 7), Ziirich 2005, bes. 14 f. Bullinger (wie Anm. 2), Ms. A 14, fol. 327 r. Bullinger (wie Anm. 13), Bd.
/Users/programming/PycharmProjects/Find_Bibliography_NEw/data/azk_library/sieber-christian__11.pdf;21;work;Bullinger (Heinrich Bullinger);\bbullinger\b;ch 2005, bes. 14 f. Bullinger (wie Anm. 2), Ms. A 14, fol. 327 r. Bullinger (wie Anm. 13), Bd. 3, 142. 1405 erhielt ein Priester von der Sta
/Users/programming/PycharmProjects/Find_Bibliography_NEw/data/azk_library/sieber-christian__11.pdf;21;generic;Chronik/Chroniken;\bchronik(?:en)?\b;"er (wie Anm. 15), 41. URStAZ, Bd. 6, Nr. 8193, 8938. Klingenberger Chronik, 309 f.; Friind, 144 £; Edlibach, 39; vgl. auch URStAZ, Bd. 6, Nr"
/Users/programming/PycharmProjects/Find_Bibliography_NEw/data/azk_library/sieber-christian__11.pdf;21;generic;Chronik/Chroniken;\bchronik(?:en)?\b;"£; Edlibach, 39; vgl. auch URStAZ, Bd. 6, Nr. 7328. Klingenberger Chronik, 310-312; Friind, 145-147; Edlibach, 39 f.; URStAZ, Bd. 6, Nr. 89"
/Users/programming/PycharmProjects/Find_Bibliography_NEw/data/azk_library/sieber-christian__11.pdf;21;generic;Chronik/Chroniken;\bchronik(?:en)?\b;"[Kommentar], in: Tschudi, Bd. 11, 148 f. Anm. 64. Friind, 188-192; Chronik der Stadt Ziirich (wie Anm. 12), 214 f.; Edlibach, 45-53; Thuner"
/Users/programming/PycharmProjects/Find_Bibliography_NEw/data/azk_library/sieber-christian__11.pdf;21;generic;Chronik/Chroniken;\bchronik(?:en)?\b;"Friind, bes. 140, 152, 156 f., 159 (Zitat; a4hnlich Klingenberger Chronik, 320), 188 f., 192, 200-202, 213 f., 222, 233 £., 236, 238, 240,"
/Users/programming/PycharmProjects/Find_Bibliography_NEw/data/azk_library/sieber-christian__11.pdf;21;generic;Chronik/Chroniken;\bchronik(?:en)?\b;"213 f., 222, 233 £., 236, 238, 240, 244; erginzend: Klingenberger Chronik, 326; Thuner Missive (wie Anm. 5), 442, Nr. 84; URStAZ, Bd. 6, Nr"
/Users/programming/PycharmProjects/Find_Bibliography_NEw/data/azk_library/sieber-christian__11.pdf;21;generic;Chronik/Chroniken;\bchronik(?:en)?\b;", Nr. 84; URStAZ, Bd. 6, Nr. 8912, 9052, 9061, 9071. Klingenberger Chronik, 310, 315 (mit Zitat), 316, 320, 322 £,, 330, 336; URStAZ, Bd. 6,"
/Users/programming/PycharmProjects/Find_Bibliography_NEw/data/azk_library/sieber-christian__11.pdf;21;generic;Chronik/Chroniken;\bchronik(?:en)?\b;"; URStAZ, Bd. 6, Nr. 8930. Friind, 139 £., 144, 146; Klingenberger Chronik, 308, 309, 312; Edlibach, 38; StALU, Urk 231/3328, 7-9, 18 (vgl."
/Users/programming/PycharmProjects/Find_Bibliography_NEw/data/azk_library/sieber-christian__11.pdf;21;generic;Chronik/Chroniken;\bchronik(?:en)?\b;"mt), 161 f. (Hongg, mit Zitat, dazu iibereinstimmend Klingenberger Chronik, 323). Friind, 146; Thuner Missive (wie Anm. 5), 356 f., Nr. 28;"
/Users/programming/PycharmProjects/Find_Bibliography_NEw/data/azk_library/sieber-christian__11.pdf;22;work;Tschudi (Aegidius Tschudi, Chronicon Helveticum);\btschudi\b;"ophilen Taschenbiicher 64), 2. Aufl., Dortmund 1979, fol. 282 r—v. Tschudi, Bd. 11, 246-248 (mit Anm. 117) und 354-356; REC, Bd. 4, Nr. 1089"
/Users/programming/PycharmProjects/Find_Bibliography_NEw/data/azk_library/sieber-christian__11.pdf;22;work;Tschudi (Aegidius Tschudi, Chronicon Helveticum);\btschudi\b;"eindearchive, KGA Fiallanden I A 4 (10. Oktober 1455) (Fallanden); Tschudi, Bd. 12, 62 f. (Héngg, wo von 1703 bis 1819 eine Gedenktafel an d"
/Users/programming/PycharmProjects/Find_Bibliography_NEw/data/azk_library/sieber-christian__11.pdf;22;work;Klingenberger Chronik;klingenberger\s+chronik;"6, Nr. 9070; StAZ, W 13 AG 7c, Nr. I, 17 (5. Oktober 1448). Klingenberger Chronik, 320; URStAZ, Bd. 6, Nr. 9016 (Fraumiinster), 8949-8954; S"
/Users/programming/PycharmProjects/Find_Bibliography_NEw/data/azk_library/sieber-christian__11.pdf;22;work;Klingenberger Chronik;klingenberger\s+chronik;"949-8954; StAZ, A 29.1, Mappe 3 (1446 Fasnacht, Bewachung). Klingenberger Chronik, 318 f.; Friind, 155 f., 200-202; Chronik der Stadt Ziiric"
/Users/programming/PycharmProjects/Find_Bibliography_NEw/data/azk_library/sieber-christian__11.pdf;22;work;Klingenberger Chronik;klingenberger\s+chronik;lich ftir die Kirche von Elgg vor, ware dann aber (aufgrund Klingenberger Chronik, 272, und URStAZ, Bd. 6, Nr. 8662) ins Jahr 1440 zu datier
/Users/programming/PycharmProjects/Find_Bibliography_NEw/data/azk_library/sieber-christian__11.pdf;22;work;Klingenberger Chronik;klingenberger\s+chronik;"-68, 78-81; Chronik der Stadt Ziirich (wie Anm. 12),214 f.; Klingenberger Chronik,309, 312 f.; Thuner Missive (wie Anm. 5), 365, Nr. 34; REC"
/Users/programming/PycharmProjects/Find_Bibliography_NEw/data/azk_library/sieber-christian__11.pdf;22;work;Brennwald (Johann/Johannes Brennwald);\bbrennwald\b;"nd seine Mitglieder im Mittelalter, Ziirich 1997, 61 und Anm. 50; Brennwald (wie Anm. 7), Bd. 2, 182; StAZ, CII7, Nr. 144 (28. Januar 1446;"
/Users/programming/PycharmProjects/Find_Bibliography_NEw/data/azk_library/sieber-christian__11.pdf;22;generic;Chronik/Chroniken;\bchronik(?:en)?\b;"9070; StAZ, W 13 AG 7c, Nr. I, 17 (5. Oktober 1448). Klingenberger Chronik, 320; URStAZ, Bd. 6, Nr. 9016 (Fraumiinster), 8949-8954; StAZ, A"
/Users/programming/PycharmProjects/Find_Bibliography_NEw/data/azk_library/sieber-christian__11.pdf;22;generic;Chronik/Chroniken;\bchronik(?:en)?\b;"4; StAZ, A 29.1, Mappe 3 (1446 Fasnacht, Bewachung). Klingenberger Chronik, 318 f.; Friind, 155 f., 200-202; Chronik der Stadt Ziirich (wie"
/Users/programming/PycharmProjects/Find_Bibliography_NEw/data/azk_library/sieber-christian__11.pdf;22;generic;Chronik/Chroniken;\bchronik(?:en)?\b;"ewachung). Klingenberger Chronik, 318 f.; Friind, 155 f., 200-202; Chronik der Stadt Ziirich (wie Anm. 12), 213,215 f£.; URStAZ, Bd. 6, Nr."
/Users/programming/PycharmProjects/Find_Bibliography_NEw/data/azk_library/sieber-christian__11.pdf;22;generic;Chronik/Chroniken;\bchronik(?:en)?\b;ir die Kirche von Elgg vor, ware dann aber (aufgrund Klingenberger Chronik, 272, und URStAZ, Bd. 6, Nr. 8662) ins Jahr 1440 zu datieren. Vgl
/Users/programming/PycharmProjects/Find_Bibliography_NEw/data/azk_library/sieber-christian__11.pdf;22;generic;Chronik/Chroniken;\bchronik(?:en)?\b;mierte Kirche Elgg. Renovation 2003-2004, [Elgg 2004], 15, 45. Die Chronik der Stadt Ziirich (wie Anm. 12), 215 zahlt 26, Hemmerli (wie Anm.
/Users/programming/PycharmProjects/Find_Bibliography_NEw/data/azk_library/sieber-christian__11.pdf;22;generic;Chronik/Chroniken;\bchronik(?:en)?\b;"138 r = Sieber-Lehmann/Wilhelmi (wie Anm. 34), 62 £,,66-68, 78-81; Chronik der Stadt Ziirich (wie Anm. 12),214 f.; Klingenberger Chronik,309"
/Users/programming/PycharmProjects/Find_Bibliography_NEw/data/azk_library/sieber-christian__11.pdf;22;generic;Chronik/Chroniken;\bchronik(?:en)?\b;"-81; Chronik der Stadt Ziirich (wie Anm. 12),214 f.; Klingenberger Chronik,309, 312 f.; Thuner Missive (wie Anm. 5), 365, Nr. 34; REC, Bd. 4"
/Users/programming/PycharmProjects/Find_Bibliography_NEw/data/azk_library/sieber-christian__11.pdf;23;work;Edlibach (Gerold Edlibach);\bedlibach\b;"rblatter von Uster 1 (1914), 3-14, 19-29, 37-46, hier 39 (Zitat). Edlibach, 40, 54, 56, 57, 95; Rudolf Gamper: Die Ziircher Stadtchroniken u"
/Users/programming/PycharmProjects/Find_Bibliography_NEw/data/azk_library/sieber-christian__11.pdf;23;work;Tschudi (Aegidius Tschudi, Chronicon Helveticum);\btschudi\b;"wie Anm. 38), 304 f. URStAZ, Bd. 6, Nr. 9070. EA, Bd. 2, Nr. 378a; Tschudi, Bd. 11, 273 £; URStAZ, Bd. 6, Nr. 8983. StAZ, CI, Nr. 499 (9. Ju"
/Users/programming/PycharmProjects/Find_Bibliography_NEw/data/azk_library/sieber-christian__11.pdf;23;work;Tschudi (Aegidius Tschudi, Chronicon Helveticum);\btschudi\b;Der Geschichtsschreiber Vadian in seiner Zeit und im Vergleich mit Tschudi und
/Users/programming/PycharmProjects/Find_Bibliography_NEw/data/azk_library/sieber-christian__11.pdf;23;work;Klingenberger Chronik;klingenberger\s+chronik;"Diss., Ziirich 1952, 174 f. Sieber (wie Anm. 37), 54, nach: Klingenberger Chronik, 312 £; Hemmerli (wie Anm. 34), fol. 132 v = Sieber-Lehman"
/Users/programming/PycharmProjects/Find_Bibliography_NEw/data/azk_library/sieber-christian__11.pdf;23;work;Bullinger (Heinrich Bullinger);heinrich\s+bullinger;"Basel 1884, 107-229, hier 136, 156 f., 192-201, 205 f., 214; Heinrich Bullinger: Von den Tigurineren und der statt Ziirych sachen VIII biiec"
/Users/programming/PycharmProjects/Find_Bibliography_NEw/data/azk_library/sieber-christian__11.pdf;23;work;Bullinger (Heinrich Bullinger);\bbullinger\b;"l 1884, 107-229, hier 136, 156 f., 192-201, 205 f., 214; Heinrich Bullinger: Von den Tigurineren und der statt Ziirych sachen VIII biiecher,"
/Users/programming/PycharmProjects/Find_Bibliography_NEw/data/azk_library/sieber-christian__11.pdf;23;series;QSG (Quellen zur Schweizer Geschichte);\bqsg\b;"7), 54; Felix Fabri: Descriptio Sueviae, hg. von Hermann Escher, in: QSG, Bd. 6, Basel 1884, 107-229, hier 136, 156 f., 192-201, 205 f., 214"
/Users/programming/PycharmProjects/Find_Bibliography_NEw/data/azk_library/sieber-christian__11.pdf;23;series;Basler Chroniken (Reihe);\bbasler\s+chroniken\b;"7. Friind, 280; Chronik der Stadt Ziirich (wie Anm. 12), 222; Basler Chroniken, Bd. 5, bearb. von August Bernoulli, Leipzig 1895, 396; StAZ,"
/Users/programming/PycharmProjects/Find_Bibliography_NEw/data/azk_library/sieber-christian__11.pdf;23;generic;Chronik/Chroniken;\bchronik(?:en)?\b;"Ziirich 1952, 174 f. Sieber (wie Anm. 37), 54, nach: Klingenberger Chronik, 312 £; Hemmerli (wie Anm. 34), fol. 132 v = Sieber-Lehmann/Wilhe"
/Users/programming/PycharmProjects/Find_Bibliography_NEw/data/azk_library/sieber-christian__11.pdf;23;generic;Chronik/Chroniken;\bchronik(?:en)?\b;"honung seines Klosters. Vel. URStAZ, Bd. 6, Nr. 9087. Friind, 280; Chronik der Stadt Ziirich (wie Anm. 12), 222; Basler Chroniken, Bd. 5, be"
/Users/programming/PycharmProjects/Find_Bibliography_NEw/data/azk_library/sieber-christian__11.pdf;23;generic;Chronik/Chroniken;\bchronik(?:en)?\b;"Friind, 280; Chronik der Stadt Ziirich (wie Anm. 12), 222; Basler Chroniken, Bd. 5, bearb. von August Bernoulli, Leipzig 1895, 396; StAZ, C"
/Users/programming/PycharmProjects/Find_Bibliography_NEw/data/azk_library/sieber-christian__11.pdf;23;generic;Jahrbuch/Jahrbücher;jahrb[üu]ch(?:er|e)?\b;"993, 309-321; Ders.: Bildersturm im Mittelalter, in: Historisches Jahrbuch Gérres-Gesellschaft 113 (1993), 255-282; Quellenberichte von Guy"
/Users/programming/PycharmProjects/Find_Bibliography_NEw/data/azk_library/sieber-christian__11.pdf;24;work;Schilling (Diebold Schilling, Berner/Luzerner Chronik);\bschilling\b;"on Uster» zur Gedenkfeier vom 28. Mai 1994, 26. Mai 1994; Herbert Schilling: Gedenkgang zur Bluetmatt in Nanikon, in: Jahrbuch Greifensee 7"
/Users/programming/PycharmProjects/Find_Bibliography_NEw/data/azk_library/sieber-christian__11.pdf;24;work;Stumpf (Johannes Stumpf);johannes\s+stumpf;nd Aktensammlung zur Ziircher Dissertation von Attilio Bonomo [Johannes Stumpf der Reformator und Geschichtsschreiber, Genua 1923], Typoskri
/Users/programming/PycharmProjects/Find_Bibliography_NEw/data/azk_library/sieber-christian__11.pdf;24;work;Stumpf (Johannes Stumpf);johannes\s+stumpf;"2, ZBZ, Ms. Z I 103a, 526 f. (Schreiben von Ludwig Lavater an Johannes Stumpf 1556); Bullinger (wie Anm. 2), Ms. A 14, fol. 317 v (ebd., fo"
/Users/programming/PycharmProjects/Find_Bibliography_NEw/data/azk_library/sieber-christian__11.pdf;24;work;Stumpf (Johannes Stumpf);\bstumpf\b;tensammlung zur Ziircher Dissertation von Attilio Bonomo [Johannes Stumpf der Reformator und Geschichtsschreiber, Genua 1923], Typoskript, B
/Users/programming/PycharmProjects/Find_Bibliography_NEw/data/azk_library/sieber-christian__11.pdf;24;work;Stumpf (Johannes Stumpf);\bstumpf\b;"BZ, Ms. Z I 103a, 526 f. (Schreiben von Ludwig Lavater an Johannes Stumpf 1556); Bullinger (wie Anm. 2), Ms. A 14, fol. 317 v (ebd., fol. 30"
/Users/programming/PycharmProjects/Find_Bibliography_NEw/data/azk_library/sieber-christian__11.pdf;24;work;Bullinger (Heinrich Bullinger);\bbullinger\b;69 70 71 72 73 74 Ts 76 77 78 79 80 81 82 Bullinger, in: Vadian als Geschichtsschreiber, hg. von Rudolf Gamper (Vadian-Studien 17), St. Gall
/Users/programming/PycharmProjects/Find_Bibliography_NEw/data/azk_library/sieber-christian__11.pdf;24;work;Bullinger (Heinrich Bullinger);\bbullinger\b;"a, 526 f. (Schreiben von Ludwig Lavater an Johannes Stumpf 1556); Bullinger (wie Anm. 2), Ms. A 14, fol. 317 v (ebd., fol. 302 r, ein Beispi"
/Users/programming/PycharmProjects/Find_Bibliography_NEw/data/azk_library/sieber-christian__11.pdf;24;generic;Jahrbuch/Jahrbücher;jahrb[üu]ch(?:er|e)?\b;"1994; Herbert Schilling: Gedenkgang zur Bluetmatt in Nanikon, in: Jahrbuch Greifensee 7 (1994/95), 18-21; Neue Ziircher Zeitung vom 11. Mai"
/Users/programming/PycharmProjects/Find_Bibliography_NEw/data/azk_library/sieber-christian__11.pdf;25;work;Stumpf (Johannes Stumpf);johannes\s+stumpf;"hronik; Zitat), ferner ebd., Nr. 127, 708-710 (Darstellung bei Johannes Stumpf)."
/Users/programming/PycharmProjects/Find_Bibliography_NEw/data/azk_library/sieber-christian__11.pdf;25;work;Stumpf (Johannes Stumpf);\bstumpf\b;"k; Zitat), ferner ebd., Nr. 127, 708-710 (Darstellung bei Johannes Stumpf)."
/Users/programming/PycharmProjects/Find_Bibliography_NEw/data/azk_library/sieber-christian__11.pdf;25;work;Klingenberger Chronik;klingenberger\s+chronik;"fliichteten. Vg]. Bullinger (wie Anm. 91), 436. Vel. ferner Klingenberger Chronik, 313; Denkschrift (wie Anm. 47), 479; URStAZ, Bd. 6, Nr. 8"
/Users/programming/PycharmProjects/Find_Bibliography_NEw/data/azk_library/sieber-christian__11.pdf;25;work;Bullinger (Heinrich Bullinger);heinrich\s+bullinger;"Memorialtafel; Zitat) und 140 r-141 r (Alter Ziirichkrieg) = Heinrich Bullinger: Annales sive Chronicon coenobii Capell, in: Johann Jakob Si"
/Users/programming/PycharmProjects/Find_Bibliography_NEw/data/azk_library/sieber-christian__11.pdf;25;work;Bullinger (Heinrich Bullinger);\bbullinger\b;n, Text vor Anm. 27. Vgl. oben den Beitrag von Bernhard Stettler. Bullinger (wie Anm. 2), Ms. A 14, fol. 300 v (Gtiders Abschrift von Stumpf
/Users/programming/PycharmProjects/Find_Bibliography_NEw/data/azk_library/sieber-christian__11.pdf;25;work;Bullinger (Heinrich Bullinger);\bbullinger\b;"nd der Abt und der iibrige Konvent nach Ziirich fliichteten. Vg]. Bullinger (wie Anm. 91), 436. Vel. ferner Klingenberger Chronik, 313; Denk"
/Users/programming/PycharmProjects/Find_Bibliography_NEw/data/azk_library/sieber-christian__11.pdf;25;work;Bullinger (Heinrich Bullinger);\bbullinger\b;"rialtafel; Zitat) und 140 r-141 r (Alter Ziirichkrieg) = Heinrich Bullinger: Annales sive Chronicon coenobii Capell, in: Johann Jakob Simler"
/Users/programming/PycharmProjects/Find_Bibliography_NEw/data/azk_library/sieber-christian__11.pdf;25;work;Bullinger (Heinrich Bullinger);\bbullinger\b;in Bullingers Reformationsgeschichte aus den 1560er Jahren, vg]. Bullinger (wie Anm. 13), Bd. 1,91:«[...] dermassen verwiist, das es in 7 j
/Users/programming/PycharmProjects/Find_Bibliography_NEw/data/azk_library/sieber-christian__11.pdf;25;work;Bullinger (Heinrich Bullinger);\bbullinger\b;nd 68-69. Die Namen zum Jahr 1493 in StAZ, E II 437, fol. 144 r = Bullinger (wie Anm. 91), 443: Ulrich Stampfli (Altabt), Johannes Schénenbe
/Users/programming/PycharmProjects/Find_Bibliography_NEw/data/azk_library/sieber-christian__11.pdf;25;generic;Chronik/Chroniken;\bchronik(?:en)?\b;"eten. Vg]. Bullinger (wie Anm. 91), 436. Vel. ferner Klingenberger Chronik, 313; Denkschrift (wie Anm. 47), 479; URStAZ, Bd. 6, Nr. 8418, 88"
/Users/programming/PycharmProjects/Find_Bibliography_NEw/data/azk_library/sieber-christian__11.pdf;25;generic;Chronicon/Chronica;\bchronic(?:on|a|orum)\b;0 r-141 r (Alter Ziirichkrieg) = Heinrich Bullinger: Annales sive Chronicon coenobii Capell, in: Johann Jakob Simler: Sammlung alter und neu
/Users/programming/PycharmProjects/Find_Bibliography_NEw/data/azk_library/sieber-christian__11.pdf;25;generic;Annales/Annalen;\bannal(?:es|en)\b;Zitat) und 140 r-141 r (Alter Ziirichkrieg) = Heinrich Bullinger: Annales sive Chronicon coenobii Capell, in: Johann Jakob Simler: Sammlung
/Users/programming/PycharmProjects/Find_Bibliography_NEw/data/azk_library/sieber-christian__11.pdf;25;generic;Historia/Historiae;\bhistori[ae]\b;wie Anm. 2), Ms. A 14, fol. 300 v (Gtiders Abschrift von Stumpfs «Historia» umfasst fol. 240- 357). StALU, Urk 231/3328, 2 f£. = Liebenau (w
/Users/programming/PycharmProjects/Find_Bibliography_NEw/data/azk_library/heinrich-speich__32.pdf;1;work;Fründ (Hans Fründ);hans\s+fr[üu]nd;captain to his authority, the other was the chancellor of Schwyz Hans Fründ with his quasi-offical chronicle of the Old Zürich war. Soon aft
/Users/programming/PycharmProjects/Find_Bibliography_NEw/data/azk_library/heinrich-speich__32.pdf;1;work;Fründ (Hans Fründ);\bfr[üu]nd\b;ptain to his authority, the other was the chancellor of Schwyz Hans Fründ with his quasi-offical chronicle of the Old Zürich war. Soon after
/Users/programming/PycharmProjects/Find_Bibliography_NEw/data/azk_library/heinrich-speich__32.pdf;1;generic;Chronik/Chroniken;\bchronik(?:en)?\b;und wir üch jetz geschriben hant von der getat. Kriegsordnungen, Chroniken, Berichte und Briefe aus dem Feld. Quellen zum Ragazer Feldzug 1
/Users/programming/PycharmProjects/Find_Bibliography_NEw/data/azk_library/heinrich-speich__32.pdf;2;work;Tschudi (Aegidius Tschudi, Chronicon Helveticum);aegidius\s+tschudi;lten Zürichkrieg und dessen Platz in der Historiographie. In: Aegidius Tschudi, Chronicon Helveticum. Bd. 12. Bearb. von B. Stettler. Bern 1
/Users/programming/PycharmProjects/Find_Bibliography_NEw/data/azk_library/heinrich-speich__32.pdf;2;work;Tschudi (Aegidius Tschudi, Chronicon Helveticum);\btschudi\b;Zürichkrieg und dessen Platz in der Historiographie. In: Aegidius Tschudi, Chronicon Helveticum. Bd. 12. Bearb. von B. Stettler. Bern 1998,
/Users/programming/PycharmProjects/Find_Bibliography_NEw/data/azk_library/heinrich-speich__32.pdf;2;work;Tschudi (Aegidius Tschudi, Chronicon Helveticum);chronicon\s+helveticum;dessen Platz in der Historiographie. In: Aegidius Tschudi, Chronicon Helveticum. Bd. 12. Bearb. von B. Stettler. Bern 1998, S. 1*–121*. 4 A
/Users/programming/PycharmProjects/Find_Bibliography_NEw/data/azk_library/heinrich-speich__32.pdf;2;generic;Chronik/Chroniken;\bchronik(?:en)?\b;und wir üch jetz geschriben hant von der getat. Kriegsordnungen, Chroniken, … ČLÁNKY / ARTICLES Im Februar 1446 zogen etwa 1 100 Eidgenosse
/Users/programming/PycharmProjects/Find_Bibliography_NEw/data/azk_library/heinrich-speich__32.pdf;2;generic;Chronicon/Chronica;\bchronic(?:on|a|orum)\b;eg und dessen Platz in der Historiographie. In: Aegidius Tschudi, Chronicon Helveticum. Bd. 12. Bearb. von B. Stettler. Bern 1998, S. 1*–121
/Users/programming/PycharmProjects/Find_Bibliography_NEw/data/azk_library/heinrich-speich__32.pdf;3;work;Fründ (Hans Fründ);hans\s+fr[üu]nd;Am Augenfälligsten ist dies an der Berufung des Luzerner Bürgers Hans Fründ als Schreiber an die Kanzlei des Länderortes Schwyz im Jahr 1437
/Users/programming/PycharmProjects/Find_Bibliography_NEw/data/azk_library/heinrich-speich__32.pdf;3;work;Fründ (Hans Fründ);hans\s+fr[üu]nd;tadt Zürich bereits in der ersten Konfliktphase ab 1436 bewusst. Hans Fründ war seit 1427 Unterschreiber in Luzern und wechselte als erster
/Users/programming/PycharmProjects/Find_Bibliography_NEw/data/azk_library/heinrich-speich__32.pdf;3;work;Fründ (Hans Fründ);hans\s+fr[üu]nd;chkrieg (1436– 1450) im Spiegel der Biographie von Landschreiber Hans Fründ. Jahrbuch des Historischen Vereins des Kantons Schwyz 98, 2006,
/Users/programming/PycharmProjects/Find_Bibliography_NEw/data/azk_library/heinrich-speich__32.pdf;3;work;Fründ (Hans Fründ);hans\s+fr[üu]nd;yz 98, 2006, S. 11–37. Stettler, Bernhard: Zur Überlieferung von Hans Fründs. Darstellung des Alten Zürichkriegs. In: Aegidius Tschudi, Chro
/Users/programming/PycharmProjects/Find_Bibliography_NEw/data/azk_library/heinrich-speich__32.pdf;3;work;Fründ (Hans Fründ);hans\s+fr[üu]nd;Cod. Sang. 644, ed. von Kind, Christian Emanuel: Die Chronik des Hans Fründ, Chur 1870. Beschreibung in Scarpatetti, Beat Matthias von: Die
/Users/programming/PycharmProjects/Find_Bibliography_NEw/data/azk_library/heinrich-speich__32.pdf;3;work;Fründ (Hans Fründ);\bfr[üu]nd\b;Augenfälligsten ist dies an der Berufung des Luzerner Bürgers Hans Fründ als Schreiber an die Kanzlei des Länderortes Schwyz im Jahr 1437.5
/Users/programming/PycharmProjects/Find_Bibliography_NEw/data/azk_library/heinrich-speich__32.pdf;3;work;Fründ (Hans Fründ);\bfr[üu]nd\b;dt Zürich bereits in der ersten Konfliktphase ab 1436 bewusst. Hans Fründ war seit 1427 Unterschreiber in Luzern und wechselte als erster au
/Users/programming/PycharmProjects/Find_Bibliography_NEw/data/azk_library/heinrich-speich__32.pdf;3;work;Fründ (Hans Fründ);\bfr[üu]nd\b;siertem Schreiber und kaiserlichem Notar Michael Graf gleich.6 Aber Fründ konnte mehr: er war ein begnadeter Tagebuchschreiber und hinterlie
/Users/programming/PycharmProjects/Find_Bibliography_NEw/data/azk_library/heinrich-speich__32.pdf;3;work;Fründ (Hans Fründ);\bfr[üu]nd\b;krieg (1436– 1450) im Spiegel der Biographie von Landschreiber Hans Fründ. Jahrbuch des Historischen Vereins des Kantons Schwyz 98, 2006, S.
/Users/programming/PycharmProjects/Find_Bibliography_NEw/data/azk_library/heinrich-speich__32.pdf;3;work;Fründ (Hans Fründ);\bfr[üu]nd\b;d. Sang. 644, ed. von Kind, Christian Emanuel: Die Chronik des Hans Fründ, Chur 1870. Beschreibung in Scarpatetti, Beat Matthias von: Die Ha
/Users/programming/PycharmProjects/Find_Bibliography_NEw/data/azk_library/heinrich-speich__32.pdf;3;work;Tschudi (Aegidius Tschudi, Chronicon Helveticum);aegidius\s+tschudi;rung von Hans Fründs. Darstellung des Alten Zürichkriegs. In: Aegidius Tschudi, Chronicon Helveticum. Bd. 12, S. 122*–134*. 6 Zu Michael Gra
/Users/programming/PycharmProjects/Find_Bibliography_NEw/data/azk_library/heinrich-speich__32.pdf;3;work;Tschudi (Aegidius Tschudi, Chronicon Helveticum);\btschudi\b;von Hans Fründs. Darstellung des Alten Zürichkriegs. In: Aegidius Tschudi, Chronicon Helveticum. Bd. 12, S. 122*–134*. 6 Zu Michael Graf au
/Users/programming/PycharmProjects/Find_Bibliography_NEw/data/azk_library/heinrich-speich__32.pdf;3;work;Tschudi (Aegidius Tschudi, Chronicon Helveticum);chronicon\s+helveticum;. Darstellung des Alten Zürichkriegs. In: Aegidius Tschudi, Chronicon Helveticum. Bd. 12, S. 122*–134*. 6 Zu Michael Graf auch genannt Stebl
/Users/programming/PycharmProjects/Find_Bibliography_NEw/data/azk_library/heinrich-speich__32.pdf;3;generic;Chronik/Chroniken;\bchronik(?:en)?\b;und wir üch jetz geschriben hant von der getat. Kriegsordnungen, Chroniken, … ČLÁNKY / ARTICLES Die Macht der Feder Im Kontext militärische
/Users/programming/PycharmProjects/Find_Bibliography_NEw/data/azk_library/heinrich-speich__32.pdf;3;generic;Chronik/Chroniken;\bchronik(?:en)?\b;mehr: er war ein begnadeter Tagebuchschreiber und hinterliess eine Chronik, die uns heute als eine der zentralen Informationsquellen zum Alt
/Users/programming/PycharmProjects/Find_Bibliography_NEw/data/azk_library/heinrich-speich__32.pdf;3;generic;Chronik/Chroniken;\bchronik(?:en)?\b;ek St. Gallen Cod. Sang. 644, ed. von Kind, Christian Emanuel: Die Chronik des Hans Fründ, Chur 1870. Beschreibung in Scarpatetti, Beat Matt
/Users/programming/PycharmProjects/Find_Bibliography_NEw/data/azk_library/heinrich-speich__32.pdf;3;generic;Chronicon/Chronica;\bchronic(?:on|a|orum)\b;Fründs. Darstellung des Alten Zürichkriegs. In: Aegidius Tschudi, Chronicon Helveticum. Bd. 12, S. 122*–134*. 6 Zu Michael Graf auch genannt
/Users/programming/PycharmProjects/Find_Bibliography_NEw/data/azk_library/heinrich-speich__32.pdf;3;generic;Jahrbuch/Jahrbücher;jahrb[üu]ch(?:er|e)?\b;36– 1450) im Spiegel der Biographie von Landschreiber Hans Fründ. Jahrbuch des Historischen Vereins des Kantons Schwyz 98, 2006, S. 11–37. S
/Users/programming/PycharmProjects/Find_Bibliography_NEw/data/azk_library/heinrich-speich__32.pdf;4;generic;Chronik/Chroniken;\bchronik(?:en)?\b;und wir üch jetz geschriben hant von der getat. Kriegsordnungen, Chroniken, … ČLÁNKY / ARTICLES kennen wir Aufgebotsrödel und recht präzise
/Users/programming/PycharmProjects/Find_Bibliography_NEw/data/azk_library/heinrich-speich__32.pdf;5;work;Fründ (Hans Fründ);hans\s+fr[üu]nd;n unserem Feldzug nur chronikalisch überliefert. Die Chronik von Hans Fründ ist besonders detailliert und damit –zumindest in diesem Fall- g
/Users/programming/PycharmProjects/Find_Bibliography_NEw/data/azk_library/heinrich-speich__32.pdf;5;work;Fründ (Hans Fründ);\bfr[üu]nd\b;unserem Feldzug nur chronikalisch überliefert. Die Chronik von Hans Fründ ist besonders detailliert und damit –zumindest in diesem Fall- gla
/Users/programming/PycharmProjects/Find_Bibliography_NEw/data/azk_library/heinrich-speich__32.pdf;5;work;Fründ (Hans Fründ);\bfr[üu]nd\b;nders detailliert und damit –zumindest in diesem Fall- glaubwürdig. Fründ berichtet, die Aufgebote der Orte hätten sich in Uznach gesammelt.
/Users/programming/PycharmProjects/Find_Bibliography_NEw/data/azk_library/heinrich-speich__32.pdf;5;work;Fründ (Hans Fründ);\bfr[üu]nd\b;weiteren Verlauf des Zuges sind wir wiederum aus den Chroniken von Fründ und Tschachtlan bestens unterrichtet: die Eidgenossen fuhren per S
/Users/programming/PycharmProjects/Find_Bibliography_NEw/data/azk_library/heinrich-speich__32.pdf;5;work;Fründ (Hans Fründ);\bfr[üu]nd\b;Berner Hauptmanns in der Tschachtlan-Chronik und die Chroniken von Fründ und Brennwald. Die Luzerner Briefe und die Klingenberger Chronik d
/Users/programming/PycharmProjects/Find_Bibliography_NEw/data/azk_library/heinrich-speich__32.pdf;5;work;Tschachtlan (Benedikt Tschachtlan);\btschachtlan\b;en ausführlichen Bericht, der die Basis der Chronik des Bendicht Tschachtlan bildete. Wir stellen fest: Schriftlichkeit im Kriegsalltag war
/Users/programming/PycharmProjects/Find_Bibliography_NEw/data/azk_library/heinrich-speich__32.pdf;5;work;Tschachtlan (Benedikt Tschachtlan);\btschachtlan\b;lauf des Zuges sind wir wiederum aus den Chroniken von Fründ und Tschachtlan bestens unterrichtet: die Eidgenossen fuhren per Schiff bis Qua
/Users/programming/PycharmProjects/Find_Bibliography_NEw/data/azk_library/heinrich-speich__32.pdf;5;work;Tschachtlan (Benedikt Tschachtlan);\btschachtlan\b;. 263–276. Tschudi kannte die Texte des Berner Hauptmanns in der Tschachtlan-Chronik und die Chroniken von Fründ und Brennwald. Die Luzerner
/Users/programming/PycharmProjects/Find_Bibliography_NEw/data/azk_library/heinrich-speich__32.pdf;5;work;Tschudi (Aegidius Tschudi, Chronicon Helveticum);aegidius\s+tschudi;opiae rot VIII), S. 441–443, nach den Urkundenabschriften. 14 Aegidius Tschudi, Chronicon Helveticum. Bd. 11. Bearb. von B. Settler. Bern 19
/Users/programming/PycharmProjects/Find_Bibliography_NEw/data/azk_library/heinrich-speich__32.pdf;5;work;Tschudi (Aegidius Tschudi, Chronicon Helveticum);aegidius\s+tschudi;"enthält, siehe dazu Stettler, Bernhard: Chronicon Helveticum Aegidius Tschudi. Hilfsmittel-Bd. 3; Tschudi- Vademecum: Annäherungen an Aegid"
/Users/programming/PycharmProjects/Find_Bibliography_NEw/data/azk_library/heinrich-speich__32.pdf;5;work;Tschudi (Aegidius Tschudi, Chronicon Helveticum);aegidius\s+tschudi;"chudi. Hilfsmittel-Bd. 3; Tschudi- Vademecum: Annäherungen an Aegidius Tschudi und sein „Chronikon Helveticum.“ Bearb. von B. Stettler. Bern"
/Users/programming/PycharmProjects/Find_Bibliography_NEw/data/azk_library/heinrich-speich__32.pdf;5;work;Tschudi (Aegidius Tschudi, Chronicon Helveticum);\btschudi\b;e rot VIII), S. 441–443, nach den Urkundenabschriften. 14 Aegidius Tschudi, Chronicon Helveticum. Bd. 11. Bearb. von B. Settler. Bern 1996,
/Users/programming/PycharmProjects/Find_Bibliography_NEw/data/azk_library/heinrich-speich__32.pdf;5;work;Tschudi (Aegidius Tschudi, Chronicon Helveticum);\btschudi\b;d StALU, Urk 231/3391. 15 Am ausführlichsten ist hier wiederum die Tschudi-Chronik, die zahlreiche Konjekturen des Chronisten enthält, siehe
/Users/programming/PycharmProjects/Find_Bibliography_NEw/data/azk_library/heinrich-speich__32.pdf;5;work;Tschudi (Aegidius Tschudi, Chronicon Helveticum);\btschudi\b;"hält, siehe dazu Stettler, Bernhard: Chronicon Helveticum Aegidius Tschudi. Hilfsmittel-Bd. 3; Tschudi- Vademecum: Annäherungen an Aegidius"
/Users/programming/PycharmProjects/Find_Bibliography_NEw/data/azk_library/heinrich-speich__32.pdf;5;work;Tschudi (Aegidius Tschudi, Chronicon Helveticum);\btschudi\b;"ernhard: Chronicon Helveticum Aegidius Tschudi. Hilfsmittel-Bd. 3; Tschudi- Vademecum: Annäherungen an Aegidius Tschudi und sein „Chronikon"
/Users/programming/PycharmProjects/Find_Bibliography_NEw/data/azk_library/heinrich-speich__32.pdf;5;work;Tschudi (Aegidius Tschudi, Chronicon Helveticum);\btschudi\b;"i. Hilfsmittel-Bd. 3; Tschudi- Vademecum: Annäherungen an Aegidius Tschudi und sein „Chronikon Helveticum.“ Bearb. von B. Stettler. Bern 200"
/Users/programming/PycharmProjects/Find_Bibliography_NEw/data/azk_library/heinrich-speich__32.pdf;5;work;Tschudi (Aegidius Tschudi, Chronicon Helveticum);\btschudi\b;chreibung der Schweiz. Bd. 1. Basel – Stuttgart 19792, S. 263–276. Tschudi kannte die Texte des Berner Hauptmanns in der Tschachtlan-Chronik
/Users/programming/PycharmProjects/Find_Bibliography_NEw/data/azk_library/heinrich-speich__32.pdf;5;work;Tschudi (Aegidius Tschudi, Chronicon Helveticum);\btschudi\b;rner Briefe und die Klingenberger Chronik dürfen als Korrektive zu Tschudi angesehen werden. 16 Zu den Letzinen siehe Meyer, Werner: Letzima
/Users/programming/PycharmProjects/Find_Bibliography_NEw/data/azk_library/heinrich-speich__32.pdf;5;work;Tschudi (Aegidius Tschudi, Chronicon Helveticum);chronicon\s+helveticum;441–443, nach den Urkundenabschriften. 14 Aegidius Tschudi, Chronicon Helveticum. Bd. 11. Bearb. von B. Settler. Bern 1996, S. 416. und StAL
/Users/programming/PycharmProjects/Find_Bibliography_NEw/data/azk_library/heinrich-speich__32.pdf;5;work;Tschudi (Aegidius Tschudi, Chronicon Helveticum);chronicon\s+helveticum;"uren des Chronisten enthält, siehe dazu Stettler, Bernhard: Chronicon Helveticum Aegidius Tschudi. Hilfsmittel-Bd. 3; Tschudi- Vademecum: An"
/Users/programming/PycharmProjects/Find_Bibliography_NEw/data/azk_library/heinrich-speich__32.pdf;5;work;Klingenberger Chronik;klingenberger\s+chronik;oniken von Fründ und Brennwald. Die Luzerner Briefe und die Klingenberger Chronik dürfen als Korrektive zu Tschudi angesehen werden. 16 Zu d
/Users/programming/PycharmProjects/Find_Bibliography_NEw/data/azk_library/heinrich-speich__32.pdf;5;work;Brennwald (Johann/Johannes Brennwald);\bbrennwald\b;tmanns in der Tschachtlan-Chronik und die Chroniken von Fründ und Brennwald. Die Luzerner Briefe und die Klingenberger Chronik dürfen als Ko
/Users/programming/PycharmProjects/Find_Bibliography_NEw/data/azk_library/heinrich-speich__32.pdf;5;generic;Chronik/Chroniken;\bchronik(?:en)?\b;und wir üch jetz geschriben hant von der getat. Kriegsordnungen, Chroniken, … ČLÁNKY / ARTICLES Wie sich die Aufgebote sammelten und welche
/Users/programming/PycharmProjects/Find_Bibliography_NEw/data/azk_library/heinrich-speich__32.pdf;5;generic;Chronik/Chroniken;\bchronik(?:en)?\b;wurden, ist an unserem Feldzug nur chronikalisch überliefert. Die Chronik von Hans Fründ ist besonders detailliert und damit –zumindest in
/Users/programming/PycharmProjects/Find_Bibliography_NEw/data/azk_library/heinrich-speich__32.pdf;5;generic;Chronik/Chroniken;\bchronik(?:en)?\b;Hauptmann verfasste einen ausführlichen Bericht, der die Basis der Chronik des Bendicht Tschachtlan bildete. Wir stellen fest: Schriftlichke
/Users/programming/PycharmProjects/Find_Bibliography_NEw/data/azk_library/heinrich-speich__32.pdf;5;generic;Chronik/Chroniken;\bchronik(?:en)?\b;ges Über den weiteren Verlauf des Zuges sind wir wiederum aus den Chroniken von Fründ und Tschachtlan bestens unterrichtet: die Eidgenossen
/Users/programming/PycharmProjects/Find_Bibliography_NEw/data/azk_library/heinrich-speich__32.pdf;5;generic;Chronik/Chroniken;\bchronik(?:en)?\b;Urk 231/3391. 15 Am ausführlichsten ist hier wiederum die Tschudi-Chronik, die zahlreiche Konjekturen des Chronisten enthält, siehe dazu St
/Users/programming/PycharmProjects/Find_Bibliography_NEw/data/azk_library/heinrich-speich__32.pdf;5;generic;Chronik/Chroniken;\bchronik(?:en)?\b;Tschudi kannte die Texte des Berner Hauptmanns in der Tschachtlan-Chronik und die Chroniken von Fründ und Brennwald. Die Luzerner Briefe un
/Users/programming/PycharmProjects/Find_Bibliography_NEw/data/azk_library/heinrich-speich__32.pdf;5;generic;Chronik/Chroniken;\bchronik(?:en)?\b;ie Texte des Berner Hauptmanns in der Tschachtlan-Chronik und die Chroniken von Fründ und Brennwald. Die Luzerner Briefe und die Klingenberg
/Users/programming/PycharmProjects/Find_Bibliography_NEw/data/azk_library/heinrich-speich__32.pdf;5;generic;Chronik/Chroniken;\bchronik(?:en)?\b;von Fründ und Brennwald. Die Luzerner Briefe und die Klingenberger Chronik dürfen als Korrektive zu Tschudi angesehen werden. 16 Zu den Letz
/Users/programming/PycharmProjects/Find_Bibliography_NEw/data/azk_library/heinrich-speich__32.pdf;5;generic;Chronicon/Chronica;\bchronic(?:on|a|orum)\b;), S. 441–443, nach den Urkundenabschriften. 14 Aegidius Tschudi, Chronicon Helveticum. Bd. 11. Bearb. von B. Settler. Bern 1996, S. 416. un
/Users/programming/PycharmProjects/Find_Bibliography_NEw/data/azk_library/heinrich-speich__32.pdf;5;generic;Chronicon/Chronica;\bchronic(?:on|a|orum)\b;"onjekturen des Chronisten enthält, siehe dazu Stettler, Bernhard: Chronicon Helveticum Aegidius Tschudi. Hilfsmittel-Bd. 3; Tschudi- Vademec"
/Users/programming/PycharmProjects/Find_Bibliography_NEw/data/azk_library/heinrich-speich__32.pdf;5;generic;Chronist/Chronisten;\bchronist(?:en)?\b;ier wiederum die Tschudi-Chronik, die zahlreiche Konjekturen des Chronisten enthält, siehe dazu Stettler, Bernhard: Chronicon Helveticum Aeg
/Users/programming/PycharmProjects/Find_Bibliography_NEw/data/azk_library/heinrich-speich__32.pdf;6;work;Tschudi (Aegidius Tschudi, Chronicon Helveticum);\btschudi\b;tatsächlich nur „eine streifreis“, also ein Beutezug war. Aus der Tschudi-Chronik wird deutlich, dass bereits in den vorhergehenden Wintern
/Users/programming/PycharmProjects/Find_Bibliography_NEw/data/azk_library/heinrich-speich__32.pdf;6;generic;Chronik/Chroniken;\bchronik(?:en)?\b;und wir üch jetz geschriben hant von der getat. Kriegsordnungen, Chroniken, … ČLÁNKY / ARTICLES des Kampfes bereits von vornherein gekannt
/Users/programming/PycharmProjects/Find_Bibliography_NEw/data/azk_library/heinrich-speich__32.pdf;6;generic;Chronik/Chroniken;\bchronik(?:en)?\b;lich nur „eine streifreis“, also ein Beutezug war. Aus der Tschudi-Chronik wird deutlich, dass bereits in den vorhergehenden Wintern solche
/Users/programming/PycharmProjects/Find_Bibliography_NEw/data/azk_library/heinrich-speich__32.pdf;7;work;Tschachtlan (Benedikt Tschachtlan);\btschachtlan\b;rner Hauptmanns Hans Wanner, welcher in der Chronik des Bendicht Tschachtlan (Zentralbibliothek Zürich, Ms A 120) eingearbeitet wurde. Dazu
/Users/programming/PycharmProjects/Find_Bibliography_NEw/data/azk_library/heinrich-speich__32.pdf;7;work;Tschudi (Aegidius Tschudi, Chronicon Helveticum);\btschudi\b;ast unwilig hie ze beliben wan sy nit ze essen hant […]. 24 Gemäss Tschudi bereits kurz nach dem Abzug der Eidgenossen, den er auf den 4. Ap
/Users/programming/PycharmProjects/Find_Bibliography_NEw/data/azk_library/heinrich-speich__32.pdf;7;generic;Chronik/Chroniken;\bchronik(?:en)?\b;und wir üch jetz geschriben hant von der getat. Kriegsordnungen, Chroniken, … ČLÁNKY / ARTICLES 5. März in Mels hörten, dass sich die 4.000
/Users/programming/PycharmProjects/Find_Bibliography_NEw/data/azk_library/heinrich-speich__32.pdf;7;generic;Chronik/Chroniken;\bchronik(?:en)?\b;sich der Bericht des Berner Hauptmanns Hans Wanner, welcher in der Chronik des Bendicht Tschachtlan (Zentralbibliothek Zürich, Ms A 120) ein
/Users/programming/PycharmProjects/Find_Bibliography_NEw/data/azk_library/heinrich-speich__32.pdf;8;work;Fründ (Hans Fründ);hans\s+fr[üu]nd;hrlich und trotzdem verhalten kritisch zum Feldzug äusserte sich Hans Fründ: Da nu die im Land sahent, dass si nit trostes an inen hattent,
/Users/programming/PycharmProjects/Find_Bibliography_NEw/data/azk_library/heinrich-speich__32.pdf;8;work;Fründ (Hans Fründ);\bfr[üu]nd\b;lich und trotzdem verhalten kritisch zum Feldzug äusserte sich Hans Fründ: Da nu die im Land sahent, dass si nit trostes an inen hattent, un
/Users/programming/PycharmProjects/Find_Bibliography_NEw/data/azk_library/heinrich-speich__32.pdf;8;work;Fründ (Hans Fründ);\bfr[üu]nd\b;sen hinder inen ire habe, und warent vor und nach arm lüte. Während Fründ Kritik an den Glarnern äussert, nimmt der Glarner Tschudi diese in
/Users/programming/PycharmProjects/Find_Bibliography_NEw/data/azk_library/heinrich-speich__32.pdf;8;work;Schilling (Diebold Schilling, Berner/Luzerner Chronik);\bschilling\b;folg auf andere Gründe zurück. Weiter äussern sich die Chronisten Schilling, Brennwald und Schodoler ebenfalls zur Schlacht, sie fehlt in ke
/Users/programming/PycharmProjects/Find_Bibliography_NEw/data/azk_library/heinrich-speich__32.pdf;8;work;Schodoler (Werner Schodoler);\bschodoler\b;rück. Weiter äussern sich die Chronisten Schilling, Brennwald und Schodoler ebenfalls zur Schlacht, sie fehlt in keiner der Chroniken des sp
/Users/programming/PycharmProjects/Find_Bibliography_NEw/data/azk_library/heinrich-speich__32.pdf;8;work;Tschudi (Aegidius Tschudi, Chronicon Helveticum);aegidius\s+tschudi;. 630, S. 298–299. Die Handschrift gehörte im 16. Jahrhundert Aegidius Tschudi. Dazu Scarpatetti, Beat Matthias von: Die Handschriften der S
/Users/programming/PycharmProjects/Find_Bibliography_NEw/data/azk_library/heinrich-speich__32.pdf;8;work;Tschudi (Aegidius Tschudi, Chronicon Helveticum);\btschudi\b;e. Während Fründ Kritik an den Glarnern äussert, nimmt der Glarner Tschudi diese in seiner Chronik wieder zurück und führt den Misserfolg au
/Users/programming/PycharmProjects/Find_Bibliography_NEw/data/azk_library/heinrich-speich__32.pdf;8;work;Tschudi (Aegidius Tschudi, Chronicon Helveticum);\btschudi\b;ind aber weitgehend übereinstimmend. Gleichwohl ergänzte vor allem Tschudi die Ereignisse um Details, wie er dies bei fast allen Feldzügen t
/Users/programming/PycharmProjects/Find_Bibliography_NEw/data/azk_library/heinrich-speich__32.pdf;8;work;Tschudi (Aegidius Tschudi, Chronicon Helveticum);\btschudi\b;0, S. 298–299. Die Handschrift gehörte im 16. Jahrhundert Aegidius Tschudi. Dazu Scarpatetti, Beat Matthias von: Die Handschriften der Stift
/Users/programming/PycharmProjects/Find_Bibliography_NEw/data/azk_library/heinrich-speich__32.pdf;8;work;Brennwald (Johann/Johannes Brennwald);\bbrennwald\b;dere Gründe zurück. Weiter äussern sich die Chronisten Schilling, Brennwald und Schodoler ebenfalls zur Schlacht, sie fehlt in keiner der Ch
/Users/programming/PycharmProjects/Find_Bibliography_NEw/data/azk_library/heinrich-speich__32.pdf;8;series;QSG (Quellen zur Schweizer Geschichte);quellen\s+zur\s+schweizer\s+geschichte;ch Brennwalds Schweizerchronik. Hg. von R. Luginbühl. Quellen zur Schweizer Geschichte. Neue Folge I. Abteilung Chroniken. Bd. II. Heinrich
/Users/programming/PycharmProjects/Find_Bibliography_NEw/data/azk_library/heinrich-speich__32.pdf;8;generic;Chronik/Chroniken;\bchronik(?:en)?\b;und wir üch jetz geschriben hant von der getat. Kriegsordnungen, Chroniken, … ČLÁNKY / ARTICLES Chronikalische Überlieferung Die österreich
/Users/programming/PycharmProjects/Find_Bibliography_NEw/data/azk_library/heinrich-speich__32.pdf;8;generic;Chronik/Chroniken;\bchronik(?:en)?\b;/ ARTICLES Chronikalische Überlieferung Die österreichfreundliche Chronik des Twinger von Königshofen kommentierte lakonisch: und also ents
/Users/programming/PycharmProjects/Find_Bibliography_NEw/data/azk_library/heinrich-speich__32.pdf;8;generic;Chronik/Chroniken;\bchronik(?:en)?\b;nd nam die herrschaft das Land wider in.25 Die kleine Toggenburger Chronik fasste die Schlacht von Ragaz zusammen mit den Worten: Die Schwit
/Users/programming/PycharmProjects/Find_Bibliography_NEw/data/azk_library/heinrich-speich__32.pdf;8;generic;Chronik/Chroniken;\bchronik(?:en)?\b;an den Glarnern äussert, nimmt der Glarner Tschudi diese in seiner Chronik wieder zurück und führt den Misserfolg auf andere Gründe zurück.
/Users/programming/PycharmProjects/Find_Bibliography_NEw/data/azk_library/heinrich-speich__32.pdf;8;generic;Chronik/Chroniken;\bchronik(?:en)?\b;ald und Schodoler ebenfalls zur Schlacht, sie fehlt in keiner der Chroniken des späten 15. und des 16. Jahrhunderts, obwohl die Schlacht sel
/Users/programming/PycharmProjects/Find_Bibliography_NEw/data/azk_library/heinrich-speich__32.pdf;8;generic;Chronik/Chroniken;\bchronik(?:en)?\b;ext wurde eingeleitet mit der Präambel 25 Variante der Königshofen Chronik in Cod. Sang. 630, S. 298–299. Die Handschrift gehörte im 16. Jah
/Users/programming/PycharmProjects/Find_Bibliography_NEw/data/azk_library/heinrich-speich__32.pdf;8;generic;Chronik/Chroniken;\bchronik(?:en)?\b;. Jahrhundert. Wiesbaden 2003, S. 240–241. 26 Kleine Toggenburger Chroniken. Mit Beilagen und Erörterungen. Hg. von G. Scherrer. St. Gallen
/Users/programming/PycharmProjects/Find_Bibliography_NEw/data/azk_library/heinrich-speich__32.pdf;8;generic;Chronik/Chroniken;\bchronik(?:en)?\b;inbühl. Quellen zur Schweizer Geschichte. Neue Folge I. Abteilung Chroniken. Bd. II. Heinrich Brennwalds Schweizerchronik II. Basel 1910, S.
/Users/programming/PycharmProjects/Find_Bibliography_NEw/data/azk_library/heinrich-speich__32.pdf;8;generic;Chronist/Chronisten;\bchronist(?:en)?\b;den Misserfolg auf andere Gründe zurück. Weiter äussern sich die Chronisten Schilling, Brennwald und Schodoler ebenfalls zur Schlacht, sie f
/Users/programming/PycharmProjects/Find_Bibliography_NEw/data/azk_library/heinrich-speich__32.pdf;8;generic;Chronist/Chronisten;\bchronist(?:en)?\b;ise, die Geschichten wucherten. Das ist hier nicht der Fall: die Chronisten hatten ihre spezifischen Vorgänger und Detailquellen, die Darste
/Users/programming/PycharmProjects/Find_Bibliography_NEw/data/azk_library/heinrich-speich__32.pdf;9;work;Tschachtlan (Benedikt Tschachtlan);\btschachtlan\b;25. Abb. Die Schlacht bei Ragaz 1446 in der Chronik des Bendicht Tschachtlan (1470) (Zentralbibliothek Zürich, Ms A 120, S. 929).
/Users/programming/PycharmProjects/Find_Bibliography_NEw/data/azk_library/heinrich-speich__32.pdf;9;generic;Chronik/Chroniken;\bchronik(?:en)?\b;und wir üch jetz geschriben hant von der getat. Kriegsordnungen, Chroniken, … ČLÁNKY / ARTICLES Disen tag hend gmeine landtlüth uffgenommen
/Users/programming/PycharmProjects/Find_Bibliography_NEw/data/azk_library/heinrich-speich__32.pdf;9;generic;Chronik/Chroniken;\bchronik(?:en)?\b;Maur, Schwyz 2001, S. 125. Abb. Die Schlacht bei Ragaz 1446 in der Chronik des Bendicht Tschachtlan (1470) (Zentralbibliothek Zürich, Ms A 1
/Users/programming/PycharmProjects/Find_Bibliography_NEw/data/azk_library/heinrich-speich__32.pdf;10;work;Tschudi (Aegidius Tschudi, Chronicon Helveticum);aegidius\s+tschudi;Jahrzeitbücher. Bd. 1. Bearb. von F. Auf der Maur, S. 124. 30 Aegidius Tschudi, Chronicon Helveticum. Bd. 12, S. 421. 31 Vgl. Egloff, Gregor
/Users/programming/PycharmProjects/Find_Bibliography_NEw/data/azk_library/heinrich-speich__32.pdf;10;work;Tschudi (Aegidius Tschudi, Chronicon Helveticum);\btschudi\b;zeitbücher. Bd. 1. Bearb. von F. Auf der Maur, S. 124. 30 Aegidius Tschudi, Chronicon Helveticum. Bd. 12, S. 421. 31 Vgl. Egloff, Gregor: Ar
/Users/programming/PycharmProjects/Find_Bibliography_NEw/data/azk_library/heinrich-speich__32.pdf;10;work;Tschudi (Aegidius Tschudi, Chronicon Helveticum);chronicon\s+helveticum;1. Bearb. von F. Auf der Maur, S. 124. 30 Aegidius Tschudi, Chronicon Helveticum. Bd. 12, S. 421. 31 Vgl. Egloff, Gregor: Art. Fritschi. In:
/Users/programming/PycharmProjects/Find_Bibliography_NEw/data/azk_library/heinrich-speich__32.pdf;10;generic;Chronik/Chroniken;\bchronik(?:en)?\b;und wir üch jetz geschriben hant von der getat. Kriegsordnungen, Chroniken, … ČLÁNKY / ARTICLES Jahrzeitbücher geriet, wird aus dem älteren
/Users/programming/PycharmProjects/Find_Bibliography_NEw/data/azk_library/heinrich-speich__32.pdf;10;generic;Chronicon/Chronica;\bchronic(?:on|a|orum)\b;. Bd. 1. Bearb. von F. Auf der Maur, S. 124. 30 Aegidius Tschudi, Chronicon Helveticum. Bd. 12, S. 421. 31 Vgl. Egloff, Gregor: Art. Fritsch
/Users/programming/PycharmProjects/Find_Bibliography_NEw/data/azk_library/heinrich-speich__32.pdf;11;work;Fründ (Hans Fründ);hans\s+fr[üu]nd;ie Augenzeugenberichte des Berner Hauptmanns und die Chronik des Hans Fründ in der Folge historiographisch ausgewertet: Der Bericht von Wann
/Users/programming/PycharmProjects/Find_Bibliography_NEw/data/azk_library/heinrich-speich__32.pdf;11;work;Fründ (Hans Fründ);\bfr[üu]nd\b;Augenzeugenberichte des Berner Hauptmanns und die Chronik des Hans Fründ in der Folge historiographisch ausgewertet: Der Bericht von Wanner
/Users/programming/PycharmProjects/Find_Bibliography_NEw/data/azk_library/heinrich-speich__32.pdf;11;work;Tschachtlan (Benedikt Tschachtlan);\btschachtlan\b;lge historiographisch ausgewertet: Der Bericht von Wanner in der Tschachtlan-Chronik, die wiederum Vorbild der wirkmächtigen Berner Chronik
/Users/programming/PycharmProjects/Find_Bibliography_NEw/data/azk_library/heinrich-speich__32.pdf;11;work;Schilling (Diebold Schilling, Berner/Luzerner Chronik);diebold\s+schilling;ik, die wiederum Vorbild der wirkmächtigen Berner Chronik des Diebold Schilling wurde. Fründs Beschreibung wurde durch Tschudi ergänzt und z
/Users/programming/PycharmProjects/Find_Bibliography_NEw/data/azk_library/heinrich-speich__32.pdf;11;work;Schilling (Diebold Schilling, Berner/Luzerner Chronik);\bschilling\b;die wiederum Vorbild der wirkmächtigen Berner Chronik des Diebold Schilling wurde. Fründs Beschreibung wurde durch Tschudi ergänzt und zur 3
/Users/programming/PycharmProjects/Find_Bibliography_NEw/data/azk_library/heinrich-speich__32.pdf;11;work;Tschudi (Aegidius Tschudi, Chronicon Helveticum);\btschudi\b;d Rückhalt für eine dauerhafte Besetzung zu schaffen. Der Chronist Tschudi unterstellt den Beteiligten zwar, mit dieser Intention vorgegange
/Users/programming/PycharmProjects/Find_Bibliography_NEw/data/azk_library/heinrich-speich__32.pdf;11;work;Tschudi (Aegidius Tschudi, Chronicon Helveticum);\btschudi\b;ronik des Diebold Schilling wurde. Fründs Beschreibung wurde durch Tschudi ergänzt und zur 33 Vorarlberger Landesarchiv (ohne Provenienz), U
/Users/programming/PycharmProjects/Find_Bibliography_NEw/data/azk_library/heinrich-speich__32.pdf;11;work;Berner Chronik (allg.);\bberner\s+chronik\b;er Tschachtlan-Chronik, die wiederum Vorbild der wirkmächtigen Berner Chronik des Diebold Schilling wurde. Fründs Beschreibung wurde durch T
/Users/programming/PycharmProjects/Find_Bibliography_NEw/data/azk_library/heinrich-speich__32.pdf;11;generic;Chronik/Chroniken;\bchronik(?:en)?\b;und wir üch jetz geschriben hant von der getat. Kriegsordnungen, Chroniken, … ČLÁNKY / ARTICLES um Konjekturen von lokalen Historiographen.
/Users/programming/PycharmProjects/Find_Bibliography_NEw/data/azk_library/heinrich-speich__32.pdf;11;generic;Chronik/Chroniken;\bchronik(?:en)?\b;wurden auch die Augenzeugenberichte des Berner Hauptmanns und die Chronik des Hans Fründ in der Folge historiographisch ausgewertet: Der Be
/Users/programming/PycharmProjects/Find_Bibliography_NEw/data/azk_library/heinrich-speich__32.pdf;11;generic;Chronik/Chroniken;\bchronik(?:en)?\b;iographisch ausgewertet: Der Bericht von Wanner in der Tschachtlan-Chronik, die wiederum Vorbild der wirkmächtigen Berner Chronik des Diebol
/Users/programming/PycharmProjects/Find_Bibliography_NEw/data/azk_library/heinrich-speich__32.pdf;11;generic;Chronik/Chroniken;\bchronik(?:en)?\b;Tschachtlan-Chronik, die wiederum Vorbild der wirkmächtigen Berner Chronik des Diebold Schilling wurde. Fründs Beschreibung wurde durch Tsch
/Users/programming/PycharmProjects/Find_Bibliography_NEw/data/azk_library/heinrich-speich__32.pdf;11;generic;Chronist/Chronisten;\bchronist(?:en)?\b;genügend Rückhalt für eine dauerhafte Besetzung zu schaffen. Der Chronist Tschudi unterstellt den Beteiligten zwar, mit dieser Intention vo
/Users/programming/PycharmProjects/Find_Bibliography_NEw/data/azk_library/heinrich-speich__32.pdf;12;work;Fründ (Hans Fründ);\bfr[üu]nd\b;geschmückt. Die einzige überlieferte Abschrift des Manuskriptes von Fründ befand sich nämlich später im Besitz von Aegidius Tschudi. Kleiner
/Users/programming/PycharmProjects/Find_Bibliography_NEw/data/azk_library/heinrich-speich__32.pdf;12;work;Tschudi (Aegidius Tschudi, Chronicon Helveticum);aegidius\s+tschudi;nuskriptes von Fründ befand sich nämlich später im Besitz von Aegidius Tschudi. Kleiner Feldzug – grosse Wirkung. Der sogenannte Ragazer Fel
/Users/programming/PycharmProjects/Find_Bibliography_NEw/data/azk_library/heinrich-speich__32.pdf;12;work;Tschudi (Aegidius Tschudi, Chronicon Helveticum);\btschudi\b;riptes von Fründ befand sich nämlich später im Besitz von Aegidius Tschudi. Kleiner Feldzug – grosse Wirkung. Der sogenannte Ragazer Feldzug
/Users/programming/PycharmProjects/Find_Bibliography_NEw/data/azk_library/heinrich-speich__32.pdf;12;generic;Chronik/Chroniken;\bchronik(?:en)?\b;und wir üch jetz geschriben hant von der getat. Kriegsordnungen, Chroniken, … ČLÁNKY / ARTICLES Meistererzählung ausgeschmückt. Die einzige
/Users/programming/PycharmProjects/Find_Bibliography_NEw/data/azk_library/landolt-oliver__10.pdf;5;work;Fründ (Hans Fründ);hans\s+fr[üu]nd;Abb. 10: Notarszeichen des Schwyzer Landschreibers Hans Fründ. Der zweistufige Sockel mit Namenszug trägt als Signetkopf einen von einem Ban
/Users/programming/PycharmProjects/Find_Bibliography_NEw/data/azk_library/landolt-oliver__10.pdf;6;work;Fründ (Hans Fründ);\bfr[üu]nd\b;man sich zunehmend auf Krieg ein. Mit der Einstellung von Johannes Fründ als schwyzerischem Landschreiber im Lauf des Jahres 1437, einem eh
/Users/programming/PycharmProjects/Find_Bibliography_NEw/data/azk_library/landolt-oliver__10.pdf;6;work;Fründ (Hans Fründ);\bfr[üu]nd\b;ten Überlieferung äusserst schmal. Jedenfalls holte sich Schwyz mit Fründ eine Person mit administrativen Kenntnissen von aussen und griff n
/Users/programming/PycharmProjects/Find_Bibliography_NEw/data/azk_library/landolt-oliver__10.pdf;6;work;Klingenberger Chronik;klingenberger\s+chronik;durch die Intervention Berns blockiert wurden.33 Gemäss der Klingenberger Chronik suchten die Schwyzer mittels geheimer Gesandtschaften beim
/Users/programming/PycharmProjects/Find_Bibliography_NEw/data/azk_library/landolt-oliver__10.pdf;6;generic;Chronik/Chroniken;\bchronik(?:en)?\b;ie Intervention Berns blockiert wurden.33 Gemäss der Klingenberger Chronik suchten die Schwyzer mittels geheimer Gesandtschaften beim neugew
/Users/programming/PycharmProjects/Find_Bibliography_NEw/data/azk_library/landolt-oliver__10.pdf;9;work;Tschudi (Aegidius Tschudi, Chronicon Helveticum);aegidius\s+tschudi;nm. 2), 27 f. - In Schwyz kam es gemäss der Überlieferung von Aegidius Tschudi ob dieser territorialpolitischen Niederlage zu Unruhen und zu
/Users/programming/PycharmProjects/Find_Bibliography_NEw/data/azk_library/landolt-oliver__10.pdf;9;work;Tschudi (Aegidius Tschudi, Chronicon Helveticum);\btschudi\b;e Konsolidierung und eidgenössische Solidarität im Widerstreit, in:Tschudi, Bd. 9,22*-158*, hier 148*-156*. 6 Robert Hoppeler, Zürichs Burgr
/Users/programming/PycharmProjects/Find_Bibliography_NEw/data/azk_library/landolt-oliver__10.pdf;9;work;Tschudi (Aegidius Tschudi, Chronicon Helveticum);\btschudi\b;2), 27 f. - In Schwyz kam es gemäss der Überlieferung von Aegidius Tschudi ob dieser territorialpolitischen Niederlage zu Unruhen und zum St
/Users/programming/PycharmProjects/Find_Bibliography_NEw/data/azk_library/landolt-oliver__10.pdf;9;work;Tschudi (Aegidius Tschudi, Chronicon Helveticum);\btschudi\b;itischen Niederlage zu Unruhen und zum Sturz einzelner Ratsherren. Tschudi, Bd. 7,79 f. - Allerdings hatte Schwyz weiterhin besondere Intere
/Users/programming/PycharmProjects/Find_Bibliography_NEw/data/azk_library/landolt-oliver__10.pdf;10;work;Fründ (Hans Fründ);\bfr[üu]nd\b;"iget (wie Anm. 2), 41. 26 StASZ, Urk. 409 vom 2.August 1437 (Druck: Fründ,21 f.); StASZ, Urk. 419 vom 15. Oktober 1438 (Druck: Tschudi, Bd."
/Users/programming/PycharmProjects/Find_Bibliography_NEw/data/azk_library/landolt-oliver__10.pdf;10;work;Fründ (Hans Fründ);\bfr[üu]nd\b;sich die Schwyzer am 21. März 1439 sogar durch ihren Landschreiber Fründ notariell beglaubigen (vgl. Abbildung 10). 27 Zu Johannes Fründ: K
/Users/programming/PycharmProjects/Find_Bibliography_NEw/data/azk_library/landolt-oliver__10.pdf;10;work;Fründ (Hans Fründ);\bfr[üu]nd\b;ber Fründ notariell beglaubigen (vgl. Abbildung 10). 27 Zu Johannes Fründ: Konrad Wanner: Schreiber, Chronisten und Frühhumanisten in der Lu
/Users/programming/PycharmProjects/Find_Bibliography_NEw/data/azk_library/landolt-oliver__10.pdf;10;work;Fründ (Hans Fründ);\bfr[üu]nd\b;ns Schwyz 1548-1798, Schwyz 1906 (Beilage zu MHVS 19), III-XIX.-Vor Fründ nahm Schwyz jeweils den Rapperswiler Stadtschreiber Eberhard Wüst
/Users/programming/PycharmProjects/Find_Bibliography_NEw/data/azk_library/landolt-oliver__10.pdf;10;work;Fründ (Hans Fründ);\bfr[üu]nd\b;"g, Zürich/Frauenfeld 1850,68-72. 30 Klingenberger Chronik, 258-260; Fründ, 24-37. 31 Fründ, 38-57. Siehe unten den Beitrag von Fritz Rigendi"
/Users/programming/PycharmProjects/Find_Bibliography_NEw/data/azk_library/landolt-oliver__10.pdf;10;work;Fründ (Hans Fründ);\bfr[üu]nd\b;"eld 1850,68-72. 30 Klingenberger Chronik, 258-260; Fründ, 24-37. 31 Fründ, 38-57. Siehe unten den Beitrag von Fritz Rigendinger. 32 Wiget (w"
/Users/programming/PycharmProjects/Find_Bibliography_NEw/data/azk_library/landolt-oliver__10.pdf;10;work;Fründ (Hans Fründ);\bfr[üu]nd\b;Mittelalters, hg. von Peter Rück, Marburg a. d. L. 1991,267-293. 37 Fründ, 109,110. 38 Niederstätter (wie Anm. 2), 275-299. 39 Fründ, 24—34,
/Users/programming/PycharmProjects/Find_Bibliography_NEw/data/azk_library/landolt-oliver__10.pdf;10;work;Fründ (Hans Fründ);\bfr[üu]nd\b;-293. 37 Fründ, 109,110. 38 Niederstätter (wie Anm. 2), 275-299. 39 Fründ, 24—34,58-66.Allgemein zum Etzel als Ausgangsort für schwyzerische
/Users/programming/PycharmProjects/Find_Bibliography_NEw/data/azk_library/landolt-oliver__10.pdf;10;work;Fründ (Hans Fründ);\bfr[üu]nd\b;icklung, in: MHVS 87 (1995), 9-21, hier 17. 40 Siehe beispielsweise Fründ, 85.Allgemein zur Burg in Pfäffikon: Paul Wyrsch: Zur Geschichte d
/Users/programming/PycharmProjects/Find_Bibliography_NEw/data/azk_library/landolt-oliver__10.pdf;10;work;Tschudi (Aegidius Tschudi, Chronicon Helveticum);\btschudi\b;Anm. 2), 294. - Landrecht mit Schwyz 1417. StASZ, Urk. 324. Druck: Tschudi, Bd. 8,223-226.- Erneuerung 1428 mit gleichzeitiger Zusicherung d
/Users/programming/PycharmProjects/Find_Bibliography_NEw/data/azk_library/landolt-oliver__10.pdf;10;work;Tschudi (Aegidius Tschudi, Chronicon Helveticum);\btschudi\b;hwyzerischen Herrschaft über die Obermarch. StASZ, Urk. 359. Druck:Tschudi, Bd. 9, 212-216. - Landrecht des Grafen mit Glarus 1419. Ebd., 33
/Users/programming/PycharmProjects/Find_Bibliography_NEw/data/azk_library/landolt-oliver__10.pdf;10;work;Tschudi (Aegidius Tschudi, Chronicon Helveticum);\btschudi\b;975. 20 Berger (wie Anm. 2), 66-74. 21 StASZ, Urk. 405. Siehe auch Tschudi, Bd. 10,130 f. 22 StASZ, Urk. 406 und 412a (Druck: Tschudi, Bd. 1
/Users/programming/PycharmProjects/Find_Bibliography_NEw/data/azk_library/landolt-oliver__10.pdf;10;work;Tschudi (Aegidius Tschudi, Chronicon Helveticum);\btschudi\b;he auch Tschudi, Bd. 10,130 f. 22 StASZ, Urk. 406 und 412a (Druck: Tschudi, Bd. 10,142-148). 23 StASZ, Urk. 415a (Druck: Tschudi, Bd. 10,155
/Users/programming/PycharmProjects/Find_Bibliography_NEw/data/azk_library/landolt-oliver__10.pdf;10;work;Tschudi (Aegidius Tschudi, Chronicon Helveticum);\btschudi\b;412a (Druck: Tschudi, Bd. 10,142-148). 23 StASZ, Urk. 415a (Druck: Tschudi, Bd. 10,155-157). 24 Friedrich Emil Welti: Ein Berner Zinsrodel a
/Users/programming/PycharmProjects/Find_Bibliography_NEw/data/azk_library/landolt-oliver__10.pdf;10;work;Tschudi (Aegidius Tschudi, Chronicon Helveticum);\btschudi\b;"(Druck: Fründ,21 f.); StASZ, Urk. 419 vom 15. Oktober 1438 (Druck: Tschudi, Bd. 10,173 ff.). Diese Urkunde Hessen sich die Schwyzer am 21. M"
/Users/programming/PycharmProjects/Find_Bibliography_NEw/data/azk_library/landolt-oliver__10.pdf;10;work;Tschudi (Aegidius Tschudi, Chronicon Helveticum);\btschudi\b;schreiber Eberhard Wüst für notarielle Beglaubigungen in Anspruch. Tschudi, Bd. 10,175, Anm. 74. 29 StASZ, Urk. 418. Druck in: Das Landbuch
/Users/programming/PycharmProjects/Find_Bibliography_NEw/data/azk_library/landolt-oliver__10.pdf;10;work;Klingenberger Chronik;klingenberger\s+chronik;"t, hg. von Martin Kothing, Zürich/Frauenfeld 1850,68-72. 30 Klingenberger Chronik, 258-260; Fründ, 24-37. 31 Fründ, 38-57. Siehe unten den B"
/Users/programming/PycharmProjects/Find_Bibliography_NEw/data/azk_library/landolt-oliver__10.pdf;10;work;Klingenberger Chronik;klingenberger\s+chronik;Schwyzer zu König Friedrich III. findet sich einzig in der Klingenberger Chronik, 279 ff. 35 EA, Bd. 2,145 f., Nr. 236 und 237. 36 Paul-Joa
/Users/programming/PycharmProjects/Find_Bibliography_NEw/data/azk_library/landolt-oliver__10.pdf;10;generic;Chronik/Chroniken;\bchronik(?:en)?\b;"von Martin Kothing, Zürich/Frauenfeld 1850,68-72. 30 Klingenberger Chronik, 258-260; Fründ, 24-37. 31 Fründ, 38-57. Siehe unten den Beitrag"
/Users/programming/PycharmProjects/Find_Bibliography_NEw/data/azk_library/landolt-oliver__10.pdf;10;generic;Chronik/Chroniken;\bchronik(?:en)?\b;er zu König Friedrich III. findet sich einzig in der Klingenberger Chronik, 279 ff. 35 EA, Bd. 2,145 f., Nr. 236 und 237. 36 Paul-Joachim He
/Users/programming/PycharmProjects/Find_Bibliography_NEw/data/azk_library/landolt-oliver__10.pdf;10;generic;Jahrbuch/Jahrbücher;jahrb[üu]ch(?:er|e)?\b;"der Ältere. Fünfzig Jahre eidgenössischer Geschichte, in: Basler Jahrbuch 1912, 260-292; Urs Huber: Ital Reding der Ältere und seine Zeit,"
/Users/programming/PycharmProjects/Find_Bibliography_NEw/data/azk_library/landolt-oliver__10.pdf;10;generic;Jahrbuch/Jahrbücher;jahrb[üu]ch(?:er|e)?\b;humanisten in der Luzerner Stadtkanzlei des 15. Jahrhunderts, in: Jahrbuch der Historischen Gesellschaft Luzern 18 (2000), 2-44, hier 8-12,1
/Users/programming/PycharmProjects/Find_Bibliography_NEw/data/azk_library/landolt-oliver__10.pdf;10;generic;Chronist/Chronisten;\bchronist(?:en)?\b;. Abbildung 10). 27 Zu Johannes Fründ: Konrad Wanner: Schreiber, Chronisten und Frühhumanisten in der Luzerner Stadtkanzlei des 15. Jahrhund
/Users/programming/PycharmProjects/Find_Bibliography_NEw/data/azk_library/landolt-oliver__10.pdf;11;work;Tschudi (Aegidius Tschudi, Chronicon Helveticum);\btschudi\b;"g für das Selbstverständnis der eidgenössischen Orte (Anhang I),in:Tschudi, Bd. 11,435-441; Ders.: Kriegsführung im Alten Zürichkrieg (Anhan"
/Users/programming/PycharmProjects/Find_Bibliography_NEw/data/azk_library/landolt-oliver__10.pdf;11;series;QSG (Quellen zur Schweizer Geschichte);\bqsg\b;den innerschweizerischen Jahrzeitbüchern, hg. von Rudolf Henggeier (QSG, N.F., Abt. II/3), Basel 1940,69-76,98 f., 102, 103 f., 104 f., 109
/Users/programming/PycharmProjects/Find_Bibliography_NEw/data/azk_library/Chroniken/pdf/Tschudi, Chronicum Helveticum.pdf;7;series;QSG (Quellen zur Schweizer Geschichte);quellen\s+zur\s+schweizer\s+geschichte;> 0 2HH3 QUELLEN ZUR SCHWEIZER GESCHICHTE HERAUSGEGEBEN VON DER ALLGEMEINEN GESCHICHTFOESCHENDEN GESELLSCHAFT DER SCHWEIZ. ERSTER BAND. — —
/Users/programming/PycharmProjects/Find_Bibliography_NEw/data/azk_library/Chroniken/pdf/Tschudi, Chronicum Helveticum.pdf;8;work;Berner Chronik (allg.);\bberner\s+chronik\b;THUKING FRICKARTS T WINGHERR ENS T REIT BENDICHT TSCHACHTLANS BERNER CHRONIK NEBST DEN ZUSÄTZEN DES DIEBOLD SOHILLING HERAUSGEGEBEN I VON PR
/Users/programming/PycharmProjects/Find_Bibliography_NEw/data/azk_library/Chroniken/pdf/Tschudi, Chronicum Helveticum.pdf;8;generic;Chronik/Chroniken;\bchronik(?:en)?\b;UKING FRICKARTS T WINGHERR ENS T REIT BENDICHT TSCHACHTLANS BERNER CHRONIK NEBST DEN ZUSÄTZEN DES DIEBOLD SOHILLING HERAUSGEGEBEN I VON PROF
/Users/programming/PycharmProjects/Find_Bibliography_NEw/data/azk_library/Chroniken/pdf/Tschudi, Chronicum Helveticum.pdf;10;series;QSG (Quellen zur Schweizer Geschichte);quellen\s+zur\s+schweizer\s+geschichte;8. Sept. 1874 in Solothurn beschlossene Sammlung von .Quellen zur Schweizer Geschichte“ eröffnet. Die Herausgabe von Quellenmaterial war bis
/Users/programming/PycharmProjects/Find_Bibliography_NEw/data/azk_library/Chroniken/pdf/Tschudi, Chronicum Helveticum.pdf;11;work;Valerius Anshelm;\banshelm\b;en Lebensjahren*), die er in seiner Vaterstadt Brugg in stiller ■) Anshelm I, 99 f. ») S. 55: „Diß ist die summ einer (des seckelmeisters) r
/Users/programming/PycharmProjects/Find_Bibliography_NEw/data/azk_library/Chroniken/pdf/Tschudi, Chronicum Helveticum.pdf;12;work;Valerius Anshelm;valerius\s+anshelm;it zubrachte und seinen im Jahre 1519 erfolgten Tod berichtet Valerius Anshelm an verschiedenen Orten seiner Chronik.1) Anshelm spricht imme
/Users/programming/PycharmProjects/Find_Bibliography_NEw/data/azk_library/Chroniken/pdf/Tschudi, Chronicum Helveticum.pdf;12;work;Valerius Anshelm;\banshelm\b;ubrachte und seinen im Jahre 1519 erfolgten Tod berichtet Valerius Anshelm an verschiedenen Orten seiner Chronik.1) Anshelm spricht immer mi
/Users/programming/PycharmProjects/Find_Bibliography_NEw/data/azk_library/Chroniken/pdf/Tschudi, Chronicum Helveticum.pdf;12;work;Valerius Anshelm;\banshelm\b;erichtet Valerius Anshelm an verschiedenen Orten seiner Chronik.1) Anshelm spricht immer mit Anerkennung von der Gelehrsamkeit Frickarts, hä
/Users/programming/PycharmProjects/Find_Bibliography_NEw/data/azk_library/Chroniken/pdf/Tschudi, Chronicum Helveticum.pdf;12;work;Valerius Anshelm;\banshelm\b;"der er noch zwei Kinder, Elisabeth und Hieronymus, zeugte. •) Val. Anshelm, B. 1, S. 99, 123, 185, 205, 329, 349, 377; B. 2, 8. 27, 122, 245"
/Users/programming/PycharmProjects/Find_Bibliography_NEw/data/azk_library/Chroniken/pdf/Tschudi, Chronicum Helveticum.pdf;12;generic;Chronik/Chroniken;\bchronik(?:en)?\b;lgten Tod berichtet Valerius Anshelm an verschiedenen Orten seiner Chronik.1) Anshelm spricht immer mit Anerkennung von der Gelehrsamkeit Fr
/Users/programming/PycharmProjects/Find_Bibliography_NEw/data/azk_library/Chroniken/pdf/Tschudi, Chronicum Helveticum.pdf;13;generic;Chronik/Chroniken;\bchronik(?:en)?\b;ein Stück Zeitgeschichte eröffnet, wie ihn keine der gewöhnlichen Chroniken in ihrer einfach die Begebenheiten ohne ihre Motive und ihren in
/Users/programming/PycharmProjects/Find_Bibliography_NEw/data/azk_library/Chroniken/pdf/Tschudi, Chronicum Helveticum.pdf;16;work;Schilling (Diebold Schilling, Berner/Luzerner Chronik);\bschilling\b;ifelhaft dieselbe Hand, von der die Bibliothek eine Abschrift der Schilling’- schen Chronik vom Jahr 1623 besitzt (11 I, 51) und als deren S
/Users/programming/PycharmProjects/Find_Bibliography_NEw/data/azk_library/Chroniken/pdf/Tschudi, Chronicum Helveticum.pdf;16;generic;Chronik/Chroniken;\bchronik(?:en)?\b;Hand, von der die Bibliothek eine Abschrift der Schilling’- schen Chronik vom Jahr 1623 besitzt (11 I, 51) und als deren Schreiber sich am
/Users/programming/PycharmProjects/Find_Bibliography_NEw/data/azk_library/Chroniken/pdf/Tschudi, Chronicum Helveticum.pdf;18;work;Schilling (Diebold Schilling, Berner/Luzerner Chronik);\bschilling\b;ripts sind ') ln den folgenden Publicationen aus Tschach tlan and Schilling, deren Originelhandschriften noch vorhanden sind, glaubte man si
/Users/programming/PycharmProjects/Find_Bibliography_NEw/data/azk_library/Chroniken/pdf/Tschudi, Chronicum Helveticum.pdf;19;work;Justinger (Konrad Justinger);\bjustinger\b;adt-Bibliothek die Nummer H 1, 54 trägt und in meiner Ausgabe der Justinger’schen Chronik S. VIII als Cod. B. näher beschrieben ist. Ihr Tex
/Users/programming/PycharmProjects/Find_Bibliography_NEw/data/azk_library/Chroniken/pdf/Tschudi, Chronicum Helveticum.pdf;19;work;Justinger (Konrad Justinger);\bjustinger\b;anz denselben Charakter, der a. a. O. an Stettler’s Abschrift der Justinger'schen Chronik nachgewiesen worden ist, neuere Rechtschreibung, V
/Users/programming/PycharmProjects/Find_Bibliography_NEw/data/azk_library/Chroniken/pdf/Tschudi, Chronicum Helveticum.pdf;19;generic;Chronik/Chroniken;\bchronik(?:en)?\b;die Nummer H 1, 54 trägt und in meiner Ausgabe der Justinger’schen Chronik S. VIII als Cod. B. näher beschrieben ist. Ihr Text schließt sich
/Users/programming/PycharmProjects/Find_Bibliography_NEw/data/azk_library/Chroniken/pdf/Tschudi, Chronicum Helveticum.pdf;19;generic;Chronik/Chroniken;\bchronik(?:en)?\b;harakter, der a. a. O. an Stettler’s Abschrift der Justinger'schen Chronik nachgewiesen worden ist, neuere Rechtschreibung, Vertauschen vera
/Users/programming/PycharmProjects/Find_Bibliography_NEw/data/azk_library/Chroniken/pdf/Tschudi, Chronicum Helveticum.pdf;20;work;Schilling (Diebold Schilling, Berner/Luzerner Chronik);\bschilling(?:s)?\s+chronik;den ist ohngeacht alles „fleißigen Nachfragens, obwol in des Schillings Chronik „ein nachwährtiger Proceß mit den Edlen beschriben wird „auß
/Users/programming/PycharmProjects/Find_Bibliography_NEw/data/azk_library/Chroniken/pdf/Tschudi, Chronicum Helveticum.pdf;20;generic;Chronik/Chroniken;\bchronik(?:en)?\b;st ohngeacht alles „fleißigen Nachfragens, obwol in des Schillings Chronik „ein nachwährtiger Proceß mit den Edlen beschriben wird „auß Anla
/Users/programming/PycharmProjects/Find_Bibliography_NEw/data/azk_library/Chroniken/pdf/Tschudi, Chronicum Helveticum.pdf;21;work;Schilling (Diebold Schilling, Berner/Luzerner Chronik);\bschilling\b;rgerschaft! zu völligem „stand käme. Zu verwundern ist, daß weder Schilling, „noch Stettier dise so delicaten Seiten zu berühren haben „unte
/Users/programming/PycharmProjects/Find_Bibliography_NEw/data/azk_library/Chroniken/pdf/Tschudi, Chronicum Helveticum.pdf;21;generic;Chronik/Chroniken;\bchronik(?:en)?\b;o delicaten Seiten zu berühren haben „unterstehen dürfen in Ihren Chroniken, sonder lieber selbige „mit Stillschweigen haben übergehen wolle
/Users/programming/PycharmProjects/Find_Bibliography_NEw/data/azk_library/Chroniken/pdf/Tschudi, Chronicum Helveticum.pdf;24;work;Fründ (Hans Fründ);hans\s+fr[üu]nd;usschluß seiner Beschreibung des alten Zürichkrieges, die er dem Hans Fründ abgeborgt hat. Da in Tschachtlan auch der Vertrag aufgenommen is
/Users/programming/PycharmProjects/Find_Bibliography_NEw/data/azk_library/Chroniken/pdf/Tschudi, Chronicum Helveticum.pdf;24;work;Fründ (Hans Fründ);\bfr[üu]nd\b;schluß seiner Beschreibung des alten Zürichkrieges, die er dem Hans Fründ abgeborgt hat. Da in Tschachtlan auch der Vertrag aufgenommen ist,
/Users/programming/PycharmProjects/Find_Bibliography_NEw/data/azk_library/Chroniken/pdf/Tschudi, Chronicum Helveticum.pdf;24;work;Tschachtlan (Benedikt Tschachtlan);\btschachtlan\b;„Quellen zur Schweizer-Geschichte“ die Berner Chronik des Bend. Tschachtlan, Soweit dieselbe nicht bloß Wiederholung, sondern Fortsetzung d
/Users/programming/PycharmProjects/Find_Bibliography_NEw/data/azk_library/Chroniken/pdf/Tschudi, Chronicum Helveticum.pdf;24;work;Tschachtlan (Benedikt Tschachtlan);\btschachtlan\b;alten Zürichkrieges, die er dem Hans Fründ abgeborgt hat. Da in Tschachtlan auch der Vertrag aufgenommen ist, durch den der Streit der Stad
/Users/programming/PycharmProjects/Find_Bibliography_NEw/data/azk_library/Chroniken/pdf/Tschudi, Chronicum Helveticum.pdf;24;work;Schilling (Diebold Schilling, Berner/Luzerner Chronik);diebold\s+schilling;Streites. Die aus Tschachtlans Ueberarbeiter und Fortsetzer, Diebold Schilling, ausgehobenen Parallelabschnitte zu des ersteren Chronik bri
/Users/programming/PycharmProjects/Find_Bibliography_NEw/data/azk_library/Chroniken/pdf/Tschudi, Chronicum Helveticum.pdf;24;work;Schilling (Diebold Schilling, Berner/Luzerner Chronik);\bschilling\b;eites. Die aus Tschachtlans Ueberarbeiter und Fortsetzer, Diebold Schilling, ausgehobenen Parallelabschnitte zu des ersteren Chronik bringen
/Users/programming/PycharmProjects/Find_Bibliography_NEw/data/azk_library/Chroniken/pdf/Tschudi, Chronicum Helveticum.pdf;24;work;Justinger (Konrad Justinger);\bjustinger\b;problematische Deutung desselben controlliren kann. Wie schon bei Justinger, so ist Digitized by Google
/Users/programming/PycharmProjects/Find_Bibliography_NEw/data/azk_library/Chroniken/pdf/Tschudi, Chronicum Helveticum.pdf;24;work;Berner Chronik (allg.);\bberner\s+chronik\b;diesem ersten Bande der „Quellen zur Schweizer-Geschichte“ die Berner Chronik des Bend. Tschachtlan, Soweit dieselbe nicht bloß Wiederholung
/Users/programming/PycharmProjects/Find_Bibliography_NEw/data/azk_library/Chroniken/pdf/Tschudi, Chronicum Helveticum.pdf;24;generic;Chronik/Chroniken;\bchronik(?:en)?\b;sem ersten Bande der „Quellen zur Schweizer-Geschichte“ die Berner Chronik des Bend. Tschachtlan, Soweit dieselbe nicht bloß Wiederholung, s
/Users/programming/PycharmProjects/Find_Bibliography_NEw/data/azk_library/Chroniken/pdf/Tschudi, Chronicum Helveticum.pdf;24;generic;Chronik/Chroniken;\bchronik(?:en)?\b;, Soweit dieselbe nicht bloß Wiederholung, sondern Fortsetzung der Chronik Conr. Justingers ist, und mit Ausschluß seiner Beschreibung des a
/Users/programming/PycharmProjects/Find_Bibliography_NEw/data/azk_library/Chroniken/pdf/Tschudi, Chronicum Helveticum.pdf;24;generic;Chronik/Chroniken;\bchronik(?:en)?\b;t Bern mit den Twingherren seinen Abschluß fand, so gibt uns diese Chronik zugleich eine willkommene Ergänzung der unvollendet gebliebenen F
/Users/programming/PycharmProjects/Find_Bibliography_NEw/data/azk_library/Chroniken/pdf/Tschudi, Chronicum Helveticum.pdf;24;generic;Chronik/Chroniken;\bchronik(?:en)?\b;Diebold Schilling, ausgehobenen Parallelabschnitte zu des ersteren Chronik bringen in ihrer theilweise größeren Ausführlichkeit dazu nicht u
/Users/programming/PycharmProjects/Find_Bibliography_NEw/data/azk_library/Chroniken/pdf/Tschudi, Chronicum Helveticum.pdf;24;generic;Chronist/Chronisten;\bchronist(?:en)?\b;he unten das Vorwort S. 191 ff. Ein Glossar zu allen diesen drei Chronisten war hier um so mehr Bedürfniß, als, namentlich bei Frickart, man
/Users/programming/PycharmProjects/Find_Bibliography_NEw/data/azk_library/Chroniken/pdf/Tschudi, Chronicum Helveticum.pdf;25;work;Tschachtlan (Benedikt Tschachtlan);\btschachtlan\b;für die Wahrheit der Geschichte ersprießliche Controlle fand, so Tschachtlan für den zweiten Freiburger Krieg von 1448 — 53 in dem Tagebuch
/Users/programming/PycharmProjects/Find_Bibliography_NEw/data/azk_library/Chroniken/pdf/Tschudi, Chronicum Helveticum.pdf;25;work;Tschachtlan (Benedikt Tschachtlan);\btschachtlan\b;orden ist, so schien es doch angemessen, dasselbe als Beilage zu Tschachtlan hier nochmals abzudrucken, damit der Geschichtsforscher das erf
/Users/programming/PycharmProjects/Find_Bibliography_NEw/data/azk_library/Chroniken/pdf/Tschudi, Chronicum Helveticum.pdf;25;work;Justinger (Konrad Justinger);\bjustinger\b;er Bereitwilligkeit mit Rath und That zur Seite gestanden. So wie Justinger für seine Darstellung des Krieges zwischen Freiburg und Bern von
/Users/programming/PycharmProjects/Find_Bibliography_NEw/data/azk_library/Chroniken/pdf/Tschudi, Chronicum Helveticum.pdf;25;generic;Tagebuch;\btagebuch\b;Tschachtlan für den zweiten Freiburger Krieg von 1448 — 53 in dem Tagebuch des Johannes Gruyere. Obschon dasselbe bereits im 2. Band der Arc
/Users/programming/PycharmProjects/Find_Bibliography_NEw/data/azk_library/Chroniken/pdf/Tschudi, Chronicum Helveticum.pdf;26;work;Schilling (Diebold Schilling, Berner/Luzerner Chronik);diebold\s+schilling;nik 1121—1170 von Bendicht Tschacbtlan nebst den Zusätzen des Diebold Schilling, herausgegeben durch Prof. G. Studer USO Einleitung 101 Text
/Users/programming/PycharmProjects/Find_Bibliography_NEw/data/azk_library/Chroniken/pdf/Tschudi, Chronicum Helveticum.pdf;26;work;Schilling (Diebold Schilling, Berner/Luzerner Chronik);\bschilling\b;1121—1170 von Bendicht Tschacbtlan nebst den Zusätzen des Diebold Schilling, herausgegeben durch Prof. G. Studer USO Einleitung 101 Text 100
/Users/programming/PycharmProjects/Find_Bibliography_NEw/data/azk_library/Chroniken/pdf/Tschudi, Chronicum Helveticum.pdf;26;work;Berner Chronik (allg.);\bberner\s+chronik\b;t, herausgegeben dnrth Prof. G. Stader 1 Einleitung 3 Text 1!) Berner Chronik 1121—1170 von Bendicht Tschacbtlan nebst den Zusätzen des Dieb
/Users/programming/PycharmProjects/Find_Bibliography_NEw/data/azk_library/Chroniken/pdf/Tschudi, Chronicum Helveticum.pdf;26;series;QSG (Quellen zur Schweizer Geschichte);quellen\s+zur\s+schweizer\s+geschichte;erungen 337 Anhang : Programm fiir die Herausgabe der Quellen zur Schweizer Geschichte 313 Digitized by Google
/Users/programming/PycharmProjects/Find_Bibliography_NEw/data/azk_library/Chroniken/pdf/Tschudi, Chronicum Helveticum.pdf;26;generic;Chronik/Chroniken;\bchronik(?:en)?\b;herausgegeben dnrth Prof. G. Stader 1 Einleitung 3 Text 1!) Berner Chronik 1121—1170 von Bendicht Tschacbtlan nebst den Zusätzen des Diebold
/Users/programming/PycharmProjects/Find_Bibliography_NEw/data/azk_library/Chroniken/pdf/Tschudi, Chronicum Helveticum.pdf;34;work;Justinger (Konrad Justinger);\bjustinger\b;reigebigste empfangen und beherbergt wurde. „Und als nu — erzählt Justinger (S. 220) — der küng und der graf von Saföy von Bern geschieden,
/Users/programming/PycharmProjects/Find_Bibliography_NEw/data/azk_library/Chroniken/pdf/Tschudi, Chronicum Helveticum.pdf;75;work;Justinger (Konrad Justinger);\bjustinger\b;ingend (d. i. par pari non referunt ). 23. St. Q. dennoch. 26. S. Justinger S. 18. Quellen zur Schweizer Geschichte. 4 Digitized by Google
/Users/programming/PycharmProjects/Find_Bibliography_NEw/data/azk_library/Chroniken/pdf/Tschudi, Chronicum Helveticum.pdf;75;series;QSG (Quellen zur Schweizer Geschichte);quellen\s+zur\s+schweizer\s+geschichte;ferunt ). 23. St. Q. dennoch. 26. S. Justinger S. 18. Quellen zur Schweizer Geschichte. 4 Digitized by Google
/Users/programming/PycharmProjects/Find_Bibliography_NEw/data/azk_library/Chroniken/pdf/Tschudi, Chronicum Helveticum.pdf;82;work;Tschachtlan (Benedikt Tschachtlan);\btschachtlan\b;ie rät gefragt, under welchen die nechsten by im warend Bendicht Tschachtlan und Peter Simon, s im folgend die anderen all. Kistler, welcher
/Users/programming/PycharmProjects/Find_Bibliography_NEw/data/azk_library/Chroniken/pdf/Tschudi, Chronicum Helveticum.pdf;87;work;Tschachtlan (Benedikt Tschachtlan);\btschachtlan\b;"rde er’s lassen blyben. Also seiten ouch die zwen nachvolgenden, Tschachtlan und Peter Simon; alle anderen min herren volgetend Kistleren. M"
/Users/programming/PycharmProjects/Find_Bibliography_NEw/data/azk_library/Chroniken/pdf/Tschudi, Chronicum Helveticum.pdf;101;work;Fründ (Hans Fründ);\bfr[üu]nd\b;den. Warumb 4. G. unbetncht 8. G.St. E. trefflichen. 34. A°.l440 s. Fründ’s Chr. S.76. Digilized by Google
/Users/programming/PycharmProjects/Find_Bibliography_NEw/data/azk_library/Chroniken/pdf/Tschudi, Chronicum Helveticum.pdf;139;series;QSG (Quellen zur Schweizer Geschichte);quellen\s+zur\s+schweizer\s+geschichte;noch rechts, so aber das erst ■olt sin, nüt gedacht. Quellen zur Schweizer Geschichte. I. g Digitized by Google
/Users/programming/PycharmProjects/Find_Bibliography_NEw/data/azk_library/Chroniken/pdf/Tschudi, Chronicum Helveticum.pdf;166;work;Justinger (Konrad Justinger);\bjustinger\b;hen hand. 21. G. wenn sy joch — nit achten. 26. St. oder zwergen (Justinger, S. 32). Digilized by Google
/Users/programming/PycharmProjects/Find_Bibliography_NEw/data/azk_library/Chroniken/pdf/Tschudi, Chronicum Helveticum.pdf;168;work;Fründ (Hans Fründ);\bfr[üu]nd\b;"da ussen mit gnieß nit abkon, aber in der statt vertryberid sy ire fründ; darumb sy vil minder on die statt mögend in die harr leben denn d"
/Users/programming/PycharmProjects/Find_Bibliography_NEw/data/azk_library/Chroniken/pdf/Tschudi, Chronicum Helveticum.pdf;171;series;QSG (Quellen zur Schweizer Geschichte);quellen\s+zur\s+schweizer\s+geschichte;. G. Bl. üwerea fryweibeln. 30. G. in der statt sind. Quellen zur Schweizer Geschichte. I. 10 Digilized by Google
/Users/programming/PycharmProjects/Find_Bibliography_NEw/data/azk_library/Chroniken/pdf/Tschudi, Chronicum Helveticum.pdf;182;work;Tschachtlan (Benedikt Tschachtlan);\btschachtlan\b;len ze machen. Und ist zü allem unfal der sekelmeister, Bendicht Tschachtlan und Peter Simon nit im rat gewesen. Und ward schnei uß des schu
/Users/programming/PycharmProjects/Find_Bibliography_NEw/data/azk_library/Chroniken/pdf/Tschudi, Chronicum Helveticum.pdf;203;series;QSG (Quellen zur Schweizer Geschichte);quellen\s+zur\s+schweizer\s+geschichte;rch üweren brieff, treffenlichen siner trüwen danken. Quellen zur Schweizer Geschichte. L 12 Digilized by Google
/Users/programming/PycharmProjects/Find_Bibliography_NEw/data/azk_library/Chroniken/pdf/Tschudi, Chronicum Helveticum.pdf;215;work;Tschachtlan (Benedikt Tschachtlan);\btschachtlan\b;Berner Chronik 1424—1470 von Bendicht Tschachtlan nebst den Zusätzen des Diebold Schilling.
/Users/programming/PycharmProjects/Find_Bibliography_NEw/data/azk_library/Chroniken/pdf/Tschudi, Chronicum Helveticum.pdf;215;work;Schilling (Diebold Schilling, Berner/Luzerner Chronik);diebold\s+schilling;nik 1424—1470 von Bendicht Tschachtlan nebst den Zusätzen des Diebold Schilling.
/Users/programming/PycharmProjects/Find_Bibliography_NEw/data/azk_library/Chroniken/pdf/Tschudi, Chronicum Helveticum.pdf;215;work;Schilling (Diebold Schilling, Berner/Luzerner Chronik);\bschilling\b;1424—1470 von Bendicht Tschachtlan nebst den Zusätzen des Diebold Schilling.
/Users/programming/PycharmProjects/Find_Bibliography_NEw/data/azk_library/Chroniken/pdf/Tschudi, Chronicum Helveticum.pdf;215;work;Berner Chronik (allg.);\bberner\s+chronik\b;Berner Chronik 1424—1470 von Bendicht Tschachtlan nebst den Zusätzen des Diebold Schilling.
/Users/programming/PycharmProjects/Find_Bibliography_NEw/data/azk_library/Chroniken/pdf/Tschudi, Chronicum Helveticum.pdf;215;generic;Chronik/Chroniken;\bchronik(?:en)?\b;Berner Chronik 1424—1470 von Bendicht Tschachtlan nebst den Zusätzen des Diebold Schilling.
/Users/programming/PycharmProjects/Find_Bibliography_NEw/data/azk_library/Chroniken/pdf/Tschudi, Chronicum Helveticum.pdf;216;work;Fründ (Hans Fründ);hans\s+fr[üu]nd;te jenes Kriegs damit begnügt, die ostschweizerische Chronik des Hans Fründ1) einfach auszuschreiben und in Auszug zu bringen, und zwar, nac
/Users/programming/PycharmProjects/Find_Bibliography_NEw/data/azk_library/Chroniken/pdf/Tschudi, Chronicum Helveticum.pdf;216;work;Tschachtlan (Benedikt Tschachtlan);\btschachtlan\b;Vorwort. (Vgl. den Aufsatz „die Chronik von Tschachtlan“ im Archiv des histor. Vereins des Cant. Bern, B. VI, S. 627 ff.) Die Chronik, welch
/Users/programming/PycharmProjects/Find_Bibliography_NEw/data/azk_library/Chroniken/pdf/Tschudi, Chronicum Helveticum.pdf;216;work;Tschachtlan (Benedikt Tschachtlan);\btschachtlan\b;Bern, B. VI, S. 627 ff.) Die Chronik, welche derVenner Bendicht Tschachtlan mit Beihülfe Heinrich Titlingers gegen Ende des XV. Jahrhundert
/Users/programming/PycharmProjects/Find_Bibliography_NEw/data/azk_library/Chroniken/pdf/Tschudi, Chronicum Helveticum.pdf;216;work;Tschachtlan (Benedikt Tschachtlan);\btschachtlan\b;dem vorangeht, ist blos eine Ueberarbeitung Justingers, und was Tschachtlan von sich aus beigefügt oder mit andern, meist verdeutlichenden,
/Users/programming/PycharmProjects/Find_Bibliography_NEw/data/azk_library/Chroniken/pdf/Tschudi, Chronicum Helveticum.pdf;216;work;Tschachtlan (Benedikt Tschachtlan);\btschachtlan\b;m größeren Theil vom alten Zürichkrieg handelt (1436- 1446), hat Tschachtlan nicht ausschließlich bernische Geschichtsquellen benutzt, sonde
/Users/programming/PycharmProjects/Find_Bibliography_NEw/data/azk_library/Chroniken/pdf/Tschudi, Chronicum Helveticum.pdf;216;work;Justinger (Konrad Justinger);\bjustinger\b;h aber davon nur derjenige Theil, der sich als Fortsetzung an die Justinger’schc Chronik anschließt, d. h. der mit dein Jahr 1423 beginnende
/Users/programming/PycharmProjects/Find_Bibliography_NEw/data/azk_library/Chroniken/pdf/Tschudi, Chronicum Helveticum.pdf;216;generic;Chronik/Chroniken;\bchronik(?:en)?\b;Vorwort. (Vgl. den Aufsatz „die Chronik von Tschachtlan“ im Archiv des histor. Vereins des Cant. Bern, B. VI, S. 627 ff.) Die Chronik, welch
/Users/programming/PycharmProjects/Find_Bibliography_NEw/data/azk_library/Chroniken/pdf/Tschudi, Chronicum Helveticum.pdf;216;generic;Chronik/Chroniken;\bchronik(?:en)?\b;Archiv des histor. Vereins des Cant. Bern, B. VI, S. 627 ff.) Die Chronik, welche derVenner Bendicht Tschachtlan mit Beihülfe Heinrich Titl
/Users/programming/PycharmProjects/Find_Bibliography_NEw/data/azk_library/Chroniken/pdf/Tschudi, Chronicum Helveticum.pdf;216;generic;Chronik/Chroniken;\bchronik(?:en)?\b;"ur derjenige Theil, der sich als Fortsetzung an die Justinger’schc Chronik anschließt, d. h. der mit dein Jahr 1423 beginnende Zeitraum; den"
/Users/programming/PycharmProjects/Find_Bibliography_NEw/data/azk_library/Chroniken/pdf/Tschudi, Chronicum Helveticum.pdf;216;generic;Chronik/Chroniken;\bchronik(?:en)?\b;r die Geschichte jenes Kriegs damit begnügt, die ostschweizerische Chronik des Hans Fründ1) einfach auszuschreiben und in Auszug zu bringen,
/Users/programming/PycharmProjects/Find_Bibliography_NEw/data/azk_library/Chroniken/pdf/Tschudi, Chronicum Helveticum.pdf;217;work;Fründ (Hans Fründ);hans\s+fr[üu]nd;hiv mitgetheilten Berichten und Correspondenzen. Die Chronik von Hans Fründ ist im vorigen Jahr (1875) im Auftrag der allgemeinen geschichts
/Users/programming/PycharmProjects/Find_Bibliography_NEw/data/azk_library/Chroniken/pdf/Tschudi, Chronicum Helveticum.pdf;217;work;Fründ (Hans Fründ);\bfr[üu]nd\b;v mitgetheilten Berichten und Correspondenzen. Die Chronik von Hans Fründ ist im vorigen Jahr (1875) im Auftrag der allgemeinen geschichtsfo
/Users/programming/PycharmProjects/Find_Bibliography_NEw/data/azk_library/Chroniken/pdf/Tschudi, Chronicum Helveticum.pdf;217;work;Fründ (Hans Fründ);\bfr[üu]nd\b;"d daher nicht in der Ausführlichkeit beschrieben werden, in der ihn Fründ dargestellt hatte ; daher gibt er mehr einen Auszug aus letzterem,"
/Users/programming/PycharmProjects/Find_Bibliography_NEw/data/azk_library/Chroniken/pdf/Tschudi, Chronicum Helveticum.pdf;217;work;Fründ (Hans Fründ);\bfr[üu]nd\b;ilige Bemerkungen und ändert oder läßt alle Stellen aus, in welchen Fründ in eigener Person von sich spricht, um so die Einheit des Werkes u
/Users/programming/PycharmProjects/Find_Bibliography_NEw/data/azk_library/Chroniken/pdf/Tschudi, Chronicum Helveticum.pdf;217;work;Fründ (Hans Fründ);\bfr[üu]nd\b;demjenigen ab, was Tsehachtlan von seinen Vorgängern, Justinger und Fründ, entlehnt hat, so bleibt als zur Publication geeignet von seiner C
/Users/programming/PycharmProjects/Find_Bibliography_NEw/data/azk_library/Chroniken/pdf/Tschudi, Chronicum Helveticum.pdf;217;work;Justinger (Konrad Justinger);\bjustinger\b;wir nun von demjenigen ab, was Tsehachtlan von seinen Vorgängern, Justinger und Fründ, entlehnt hat, so bleibt als zur Publication geeignet
/Users/programming/PycharmProjects/Find_Bibliography_NEw/data/azk_library/Chroniken/pdf/Tschudi, Chronicum Helveticum.pdf;217;generic;Chronik/Chroniken;\bchronik(?:en)?\b;dem Thunerarchiv mitgetheilten Berichten und Correspondenzen. Die Chronik von Hans Fründ ist im vorigen Jahr (1875) im Auftrag der allgemei
/Users/programming/PycharmProjects/Find_Bibliography_NEw/data/azk_library/Chroniken/pdf/Tschudi, Chronicum Helveticum.pdf;217;generic;Chronik/Chroniken;\bchronik(?:en)?\b;n, und luzernische und freiburgische Chronisten verfuhren mit den Chroniken Justingers und Schillings nicht anders. Ihre Werke galten als Ge
/Users/programming/PycharmProjects/Find_Bibliography_NEw/data/azk_library/Chroniken/pdf/Tschudi, Chronicum Helveticum.pdf;217;generic;Chronik/Chroniken;\bchronik(?:en)?\b;d, entlehnt hat, so bleibt als zur Publication geeignet von seiner Chronik nur so viel übrig, als er aus eigenen Mitteln an historischem Sto
/Users/programming/PycharmProjects/Find_Bibliography_NEw/data/azk_library/Chroniken/pdf/Tschudi, Chronicum Helveticum.pdf;217;generic;Chronist/Chronisten;\bchronist(?:en)?\b;Brauch unter den Historikern, und luzernische und freiburgische Chronisten verfuhren mit den Chroniken Justingers und Schillings nicht ande
/Users/programming/PycharmProjects/Find_Bibliography_NEw/data/azk_library/Chroniken/pdf/Tschudi, Chronicum Helveticum.pdf;218;work;Fründ (Hans Fründ);\bfr[üu]nd\b;zleigehülfen geschöpft, mittheilt, und dann, im Anschluß an den der Fründ’schen Chronik entlehnten alten Zürichkrieg, 2) den Krieg Berns mit
/Users/programming/PycharmProjects/Find_Bibliography_NEw/data/azk_library/Chroniken/pdf/Tschudi, Chronicum Helveticum.pdf;218;work;Tschachtlan (Benedikt Tschachtlan);\btschachtlan\b;lhausen und den Städten Bern und Solothurn, und daran knüpft nun Tschachtlan 8) den Krieg der Eidgenossenschaft mit der Herrschaft Oesterrei
/Users/programming/PycharmProjects/Find_Bibliography_NEw/data/azk_library/Chroniken/pdf/Tschudi, Chronicum Helveticum.pdf;218;work;Tschachtlan (Benedikt Tschachtlan);\btschachtlan\b;ichneten Verhandlungen der beiden Räthe zeigen uns den Venner ‘) Tschachtlan in diesem Streite jeweilen auf Seite des Führers der conservati
/Users/programming/PycharmProjects/Find_Bibliography_NEw/data/azk_library/Chroniken/pdf/Tschudi, Chronicum Helveticum.pdf;218;generic;Chronik/Chroniken;\bchronik(?:en)?\b;geschöpft, mittheilt, und dann, im Anschluß an den der Fründ’schen Chronik entlehnten alten Zürichkrieg, 2) den Krieg Berns mit Freiburg (14
/Users/programming/PycharmProjects/Find_Bibliography_NEw/data/azk_library/Chroniken/pdf/Tschudi, Chronicum Helveticum.pdf;219;work;Tschachtlan (Benedikt Tschachtlan);\btschachtlan\b;sches Stillschweigen. Wie ganz anders Th. Frickart! Und doch hat Tschachtlan nicht etwa, wie einst Justinger, im Auftrag und unter Controlle
/Users/programming/PycharmProjects/Find_Bibliography_NEw/data/azk_library/Chroniken/pdf/Tschudi, Chronicum Helveticum.pdf;219;work;Tschachtlan (Benedikt Tschachtlan);\btschachtlan\b;rt dise croneck geschriben und gemalet durch den fromen Bendicht Tschachtlan, fenner und des rats zu Bern, ouch durch Heinrich Titlinger, sc
/Users/programming/PycharmProjects/Find_Bibliography_NEw/data/azk_library/Chroniken/pdf/Tschudi, Chronicum Helveticum.pdf;219;work;Tschachtlan (Benedikt Tschachtlan);\btschachtlan\b;es buchs“ bezeichnet nicht nothwendig den Verfasser, so daß etwa Tschachtlan nur die Bilder gemalt, Titlinger den Text verfaßt hätte, zumal
/Users/programming/PycharmProjects/Find_Bibliography_NEw/data/azk_library/Chroniken/pdf/Tschudi, Chronicum Helveticum.pdf;219;work;Tschachtlan (Benedikt Tschachtlan);\btschachtlan\b;"verfaßt hätte, zumal die Anfangsworte die Chronik als von Venner Tschachtlan „geschriben und gemalet“ bezeichnen; vielmehr hat es den Ansche"
/Users/programming/PycharmProjects/Find_Bibliography_NEw/data/azk_library/Chroniken/pdf/Tschudi, Chronicum Helveticum.pdf;219;work;Justinger (Konrad Justinger);\bjustinger\b;ders Th. Frickart! Und doch hat Tschachtlan nicht etwa, wie einst Justinger, im Auftrag und unter Controlle seiner Obrigkeit sein Buch gesch
/Users/programming/PycharmProjects/Find_Bibliography_NEw/data/azk_library/Chroniken/pdf/Tschudi, Chronicum Helveticum.pdf;219;generic;Chronik/Chroniken;\bchronik(?:en)?\b;Vorwort. 194 In seiner Chronik, wo er einfach Geschehenes berichtet ohne sich ein Urtheil darüber zu erlauben, fand sich keine Gelegenheit,
/Users/programming/PycharmProjects/Find_Bibliography_NEw/data/azk_library/Chroniken/pdf/Tschudi, Chronicum Helveticum.pdf;219;generic;Chronik/Chroniken;\bchronik(?:en)?\b;"malt, Titlinger den Text verfaßt hätte, zumal die Anfangsworte die Chronik als von Venner Tschachtlan „geschriben und gemalet“ bezeichnen; v"
/Users/programming/PycharmProjects/Find_Bibliography_NEw/data/azk_library/Chroniken/pdf/Tschudi, Chronicum Helveticum.pdf;219;generic;Chronik/Chroniken;\bchronik(?:en)?\b;s zu. Wenn daher die Tradition die ') E» folgt unten am Schluß der Chronik. Digilized by Google
/Users/programming/PycharmProjects/Find_Bibliography_NEw/data/azk_library/Chroniken/pdf/Tschudi, Chronicum Helveticum.pdf;220;work;Tschachtlan (Benedikt Tschachtlan);\btschachtlan\b;in Folio auf ') Von älteren heroischen Geschichtsforschern wurde Tschachtlan auch als Verfasser eines heroischen Zeitregisters von 1451 — 14
/Users/programming/PycharmProjects/Find_Bibliography_NEw/data/azk_library/Chroniken/pdf/Tschudi, Chronicum Helveticum.pdf;220;work;Schilling (Diebold Schilling, Berner/Luzerner Chronik);diebold\s+schilling;chzeitigen Ueberarbeiter und Fortsetzer, dem Gerichtschreiber Diebold Schilling, zu, dessen dreibändige, in Folio auf ') Von älteren heroisc
/Users/programming/PycharmProjects/Find_Bibliography_NEw/data/azk_library/Chroniken/pdf/Tschudi, Chronicum Helveticum.pdf;220;work;Schilling (Diebold Schilling, Berner/Luzerner Chronik);\bschilling\b;itigen Ueberarbeiter und Fortsetzer, dem Gerichtschreiber Diebold Schilling, zu, dessen dreibändige, in Folio auf ') Von älteren heroischen
/Users/programming/PycharmProjects/Find_Bibliography_NEw/data/azk_library/Chroniken/pdf/Tschudi, Chronicum Helveticum.pdf;220;generic;Chronik/Chroniken;\bchronik(?:en)?\b;V orwort. 11)5 Chronik mir unter dem Namen Tscliaehtlans kennt, so dürfte diese Benennung nicht blos der höheren Würde des Venners zu verdan
/Users/programming/PycharmProjects/Find_Bibliography_NEw/data/azk_library/Chroniken/pdf/Tschudi, Chronicum Helveticum.pdf;220;generic;Chronik/Chroniken;\bchronik(?:en)?\b;glichen worden, die sich unter der falschen Aufschrift „Justingers Chronik“ auf der Berner Stadtbibliothek befindet (H X, 34) und über welch
/Users/programming/PycharmProjects/Find_Bibliography_NEw/data/azk_library/Chroniken/pdf/Tschudi, Chronicum Helveticum.pdf;220;generic;Chronik/Chroniken;\bchronik(?:en)?\b;4, S. 61 nachzusehen ist.2) Der offizielle Charakter, welcher der Chronik Tschachtlans abgeht, kommt dagegen in vollem Maße seinem gleichze
/Users/programming/PycharmProjects/Find_Bibliography_NEw/data/azk_library/Chroniken/pdf/Tschudi, Chronicum Helveticum.pdf;221;work;Tschachtlan (Benedikt Tschachtlan);\btschachtlan\b;e Jahre 1191 — 1470 die Arbeiten seiner Vorgänger, Justinger und Tschachtlan, zu Grunde gelegt und namentlich den letzteren bedeutend abgekü
/Users/programming/PycharmProjects/Find_Bibliography_NEw/data/azk_library/Chroniken/pdf/Tschudi, Chronicum Helveticum.pdf;221;work;Tschachtlan (Benedikt Tschachtlan);\btschachtlan\b;r dritte Band, welcher den Rest der von Schilling überarbeiteten Tschachtlan’schen Chronik (bis 1470) und dann seine Fortsetzung derselben b
/Users/programming/PycharmProjects/Find_Bibliography_NEw/data/azk_library/Chroniken/pdf/Tschudi, Chronicum Helveticum.pdf;221;work;Schilling (Diebold Schilling, Berner/Luzerner Chronik);diebold\s+schilling;thält, ist bereits 1743 in einer Folioausgabe mit dem Titel: „Diebold Schillings Beschreibung der Burgundischen Kriege“ anonym zu Bern gedru
/Users/programming/PycharmProjects/Find_Bibliography_NEw/data/azk_library/Chroniken/pdf/Tschudi, Chronicum Helveticum.pdf;221;work;Schilling (Diebold Schilling, Berner/Luzerner Chronik);\bschilling\b;ichen Bibliothek, wo sie (H I, 1) sich gegenwärtig noch befindet. Schilling hat seiner Stadtgeschichte für die Jahre 1191 — 1470 die Arbeite
/Users/programming/PycharmProjects/Find_Bibliography_NEw/data/azk_library/Chroniken/pdf/Tschudi, Chronicum Helveticum.pdf;221;work;Schilling (Diebold Schilling, Berner/Luzerner Chronik);\bschilling\b;) herausgegeben worden. Der dritte Band, welcher den Rest der von Schilling überarbeiteten Tschachtlan’schen Chronik (bis 1470) und dann sei
/Users/programming/PycharmProjects/Find_Bibliography_NEw/data/azk_library/Chroniken/pdf/Tschudi, Chronicum Helveticum.pdf;221;work;Schilling (Diebold Schilling, Berner/Luzerner Chronik);\bschilling\b;Das in sachlicher oder sprachlicher Beziehung Bemerkenswerthe der Schilling’schen Ueberarbeitung seiner beiden Vof- •) S. Haller, Schweizer.
/Users/programming/PycharmProjects/Find_Bibliography_NEw/data/azk_library/Chroniken/pdf/Tschudi, Chronicum Helveticum.pdf;221;work;Justinger (Konrad Justinger);\bjustinger\b;schichte für die Jahre 1191 — 1470 die Arbeiten seiner Vorgänger, Justinger und Tschachtlan, zu Grunde gelegt und namentlich den letzteren b
/Users/programming/PycharmProjects/Find_Bibliography_NEw/data/azk_library/Chroniken/pdf/Tschudi, Chronicum Helveticum.pdf;221;generic;Chronik/Chroniken;\bchronik(?:en)?\b;t geschriebene, mit „me denn 600 köstlicher figuren“ ausgestattete Chronik „uff s. Stephanstag zu wienechten, da man zalt von der gebürt Chr
/Users/programming/PycharmProjects/Find_Bibliography_NEw/data/azk_library/Chroniken/pdf/Tschudi, Chronicum Helveticum.pdf;221;generic;Chronik/Chroniken;\bchronik(?:en)?\b;ern Em. Stier lin und J. R. Wyß unter den Titeln Justingers Berner-Chronik und Tschachtlans Berner-Chronik (Bern, 1819 und 1820) herausgegeb
/Users/programming/PycharmProjects/Find_Bibliography_NEw/data/azk_library/Chroniken/pdf/Tschudi, Chronicum Helveticum.pdf;221;generic;Chronik/Chroniken;\bchronik(?:en)?\b;unter den Titeln Justingers Berner-Chronik und Tschachtlans Berner-Chronik (Bern, 1819 und 1820) herausgegeben worden. Der dritte Band, welc
/Users/programming/PycharmProjects/Find_Bibliography_NEw/data/azk_library/Chroniken/pdf/Tschudi, Chronicum Helveticum.pdf;221;generic;Chronik/Chroniken;\bchronik(?:en)?\b;elcher den Rest der von Schilling überarbeiteten Tschachtlan’schen Chronik (bis 1470) und dann seine Fortsetzung derselben bis 1480 enthält,
/Users/programming/PycharmProjects/Find_Bibliography_NEw/data/azk_library/Chroniken/pdf/Tschudi, Chronicum Helveticum.pdf;221;generic;Stadtchronik (generisch);\bstadt\s*chronik\b;eschenk gemacht und von dieser, nach Beseitigung der bisherigen Stadtchronik Justingers anerkannt und dem Staatsarchiv einverleibt wurde. Vo
/Users/programming/PycharmProjects/Find_Bibliography_NEw/data/azk_library/Chroniken/pdf/Tschudi, Chronicum Helveticum.pdf;222;work;Tschachtlan (Benedikt Tschachtlan);\btschachtlan\b;Vorwort. 197 ganger, Justinger und Tschachtlan, ist mit der Sigle Sch. in den Varianten der neuesten Ausgaben Justingers und Frtlnds, » des
/Users/programming/PycharmProjects/Find_Bibliography_NEw/data/azk_library/Chroniken/pdf/Tschudi, Chronicum Helveticum.pdf;222;work;Tschachtlan (Benedikt Tschachtlan);\btschachtlan\b;d Wyß in seinem Contexte nachgesehen werden. Den Uebelstand, daß Tschachtlan eine ostschweizerische, Bern und seine Interessen nicht vorzugs
/Users/programming/PycharmProjects/Find_Bibliography_NEw/data/azk_library/Chroniken/pdf/Tschudi, Chronicum Helveticum.pdf;222;work;Tschachtlan (Benedikt Tschachtlan);\btschachtlan\b;s verhält es sich in dem dritten Bande mit demjenigen Theile der Tschachtlan’schen Chronik, der in der Ausgabe von Stierlin und Wyß nicht mi
/Users/programming/PycharmProjects/Find_Bibliography_NEw/data/azk_library/Chroniken/pdf/Tschudi, Chronicum Helveticum.pdf;222;work;Tschachtlan (Benedikt Tschachtlan);\btschachtlan\b;t abgedruckt worden ist. Je mehr sich nämlich die Zeiten, welche Tschachtlan beschreibt, dem 7. und 8. Dezennium, d. h. derjenigen Epoche nä
/Users/programming/PycharmProjects/Find_Bibliography_NEw/data/azk_library/Chroniken/pdf/Tschudi, Chronicum Helveticum.pdf;222;work;Tschachtlan (Benedikt Tschachtlan);\btschachtlan\b;ngherrenstreit mit größerer Selbstständigkeit bearbeitet und die Tschachtlan’sche Relation wesentlich erweitert hat, so scheint er diesen Th
/Users/programming/PycharmProjects/Find_Bibliography_NEw/data/azk_library/Chroniken/pdf/Tschudi, Chronicum Helveticum.pdf;222;work;Schilling (Diebold Schilling, Berner/Luzerner Chronik);\bschilling\b;nde Chronik in seine bernische Stadtgeschichte verwebt hat, sucht Schilling dadurch zu verdecken, daß er überall, wo von den Eidgenossen die
/Users/programming/PycharmProjects/Find_Bibliography_NEw/data/azk_library/Chroniken/pdf/Tschudi, Chronicum Helveticum.pdf;222;work;Schilling (Diebold Schilling, Berner/Luzerner Chronik);\bschilling\b;m 7. und 8. Dezennium, d. h. derjenigen Epoche nähern, in welcher Schilling in bernische Staatsdienste trat1) und daselbst Burger wurde, um
/Users/programming/PycharmProjects/Find_Bibliography_NEw/data/azk_library/Chroniken/pdf/Tschudi, Chronicum Helveticum.pdf;222;work;Justinger (Konrad Justinger);\bjustinger\b;Vorwort. 197 ganger, Justinger und Tschachtlan, ist mit der Sigle Sch. in den Varianten der neuesten Ausgaben Justingers und Frtlnds, » des
/Users/programming/PycharmProjects/Find_Bibliography_NEw/data/azk_library/Chroniken/pdf/Tschudi, Chronicum Helveticum.pdf;222;generic;Chronik/Chroniken;\bchronik(?:en)?\b;he, Bern und seine Interessen nicht vorzugsweise berücksichtigende Chronik in seine bernische Stadtgeschichte verwebt hat, sucht Schilling d
/Users/programming/PycharmProjects/Find_Bibliography_NEw/data/azk_library/Chroniken/pdf/Tschudi, Chronicum Helveticum.pdf;222;generic;Chronik/Chroniken;\bchronik(?:en)?\b;gen seiner beiden Vorgänger enthalten die zwei ersten Bände seiner Chronik nicht. Anders verhält es sich in dem dritten Bande mit demjenigen
/Users/programming/PycharmProjects/Find_Bibliography_NEw/data/azk_library/Chroniken/pdf/Tschudi, Chronicum Helveticum.pdf;222;generic;Chronik/Chroniken;\bchronik(?:en)?\b;h in dem dritten Bande mit demjenigen Theile der Tschachtlan’schen Chronik, der in der Ausgabe von Stierlin und Wyß nicht mit abgedruckt wor
/Users/programming/PycharmProjects/Find_Bibliography_NEw/data/azk_library/Chroniken/pdf/Tschudi, Chronicum Helveticum.pdf;223;work;Tschachtlan (Benedikt Tschachtlan);\btschachtlan\b;gleich der fortlaufende Text aus Schilling dem kürzer gehaltenen Tschachtlan’schen beigesetzt, damit die Vergleichung zwischen beiden um so
/Users/programming/PycharmProjects/Find_Bibliography_NEw/data/azk_library/Chroniken/pdf/Tschudi, Chronicum Helveticum.pdf;223;work;Schilling (Diebold Schilling, Berner/Luzerner Chronik);\bschilling\b;waren zu viele. So wurde lieber gleich der fortlaufende Text aus Schilling dem kürzer gehaltenen Tschachtlan’schen beigesetzt, damit die Ve
/Users/programming/PycharmProjects/Find_Bibliography_NEw/data/azk_library/Chroniken/pdf/Tschudi, Chronicum Helveticum.pdf;223;work;Schilling (Diebold Schilling, Berner/Luzerner Chronik);\bschilling\b;ng zwischen beiden um so leichter werde. Wenn nun so alles, worin Schilling von seinen Vorgängern abweicht oder was er vor ihnen voraus hat,
/Users/programming/PycharmProjects/Find_Bibliography_NEw/data/azk_library/Chroniken/pdf/Tschudi, Chronicum Helveticum.pdf;223;work;Schilling (Diebold Schilling, Berner/Luzerner Chronik);\bschilling\b;ge der Herausgeber auf Mittheilung dessen beschränken können, was Schilling als Fortsetzer Tschachtlans geleistet hat und was seine unbestri
/Users/programming/PycharmProjects/Find_Bibliography_NEw/data/azk_library/Chroniken/pdf/Tschudi, Chronicum Helveticum.pdf;225;work;Fründ (Hans Fründ);\bfr[üu]nd(?:s)?\s+chronik;g 270 Kapitel, die lediglich eine abgekürzte Reproduc.tion von Fründs Chronik vom alten Zürichkrieg enthalten. Da wir das Originalwerk, das
/Users/programming/PycharmProjects/Find_Bibliography_NEw/data/azk_library/Chroniken/pdf/Tschudi, Chronicum Helveticum.pdf;225;generic;Chronik/Chroniken;\bchronik(?:en)?\b;70 Kapitel, die lediglich eine abgekürzte Reproduc.tion von Fründs Chronik vom alten Zürichkrieg enthalten. Da wir das Originalwerk, das Tsc
/Users/programming/PycharmProjects/Find_Bibliography_NEw/data/azk_library/Chroniken/pdf/Tschudi, Chronicum Helveticum.pdf;225;generic;Chronik/Chroniken;\bchronik(?:en)?\b;itzen, so wäre ein Abdruck dieses Theils der Tschachi- * Ionischen Chronik ebenso nutzlos, als wenn wir die erste Hälfte seines Werkes, in w
/Users/programming/PycharmProjects/Find_Bibliography_NEw/data/azk_library/Chroniken/pdf/Tschudi, Chronicum Helveticum.pdf;225;generic;Chronik/Chroniken;\bchronik(?:en)?\b;nd sonstigen Abweichungen Tschachtlans von dem Texte jener beiden Chroniken sind in den Ausgaben dieser letzteren *> jeweilen unter dem Text
/Users/programming/PycharmProjects/Find_Bibliography_NEw/data/azk_library/Chroniken/pdf/Tschudi, Chronicum Helveticum.pdf;226;work;Schilling (Diebold Schilling, Berner/Luzerner Chronik);\bschilling\b;si den *> genamsten hertzogen mantend ir vereinung, so si zenamen Schilling. 13. achthalb. 9. Die Zürcher- und Bemerabschrift: by nacht. Dig
/Users/programming/PycharmProjects/Find_Bibliography_NEw/data/azk_library/Chroniken/pdf/Tschudi, Chronicum Helveticum.pdf;227;work;Schilling (Diebold Schilling, Berner/Luzerner Chronik);\bschilling\b;der nyd und der Unwille noch vil grösser zwüschen beiden stetten. Schilling. 13. Das — überein nit tun. 19.20. die von Bern und ander ir eid
/Users/programming/PycharmProjects/Find_Bibliography_NEw/data/azk_library/Chroniken/pdf/Tschudi, Chronicum Helveticum.pdf;228;work;Schilling (Diebold Schilling, Berner/Luzerner Chronik);\bschilling\b;von worten wegen, die si gegen einandern brachten, dardurch alles Schilling. 6. hätte. 19. da ieglicher teil vermeint, ihm werde die brat. 3
/Users/programming/PycharmProjects/Find_Bibliography_NEw/data/azk_library/Chroniken/pdf/Tschudi, Chronicum Helveticum.pdf;230;work;Schilling (Diebold Schilling, Berner/Luzerner Chronik);\bschilling\b;"f, und wurbend und suchtend das beste, das aber nüt helfen mocht. Schilling. 34. Das mocht ouch nüt verfachen und helfen ; dann der herzog v"
/Users/programming/PycharmProjects/Find_Bibliography_NEw/data/azk_library/Chroniken/pdf/Tschudi, Chronicum Helveticum.pdf;232;work;Schilling (Diebold Schilling, Berner/Luzerner Chronik);\bschilling\b;d griffen si an by der Galternen uf der nüwen matten in dem namen Schilling. 6. und hattend wider si grosse hut und wacht in einem u. dem an
/Users/programming/PycharmProjects/Find_Bibliography_NEw/data/azk_library/Chroniken/pdf/Tschudi, Chronicum Helveticum.pdf;234;work;Schilling (Diebold Schilling, Berner/Luzerner Chronik);\bschilling\b;meister Andres. Also was die sach vergebents und ward nüt darus. Schilling. 1. den virtag und crützgang hat man umb der von Friburg willen
/Users/programming/PycharmProjects/Find_Bibliography_NEw/data/azk_library/Chroniken/pdf/Tschudi, Chronicum Helveticum.pdf;235;work;Schilling (Diebold Schilling, Berner/Luzerner Chronik);\bschilling\b;si» uns ir statt, land und lüt, und möchten das, wo es ze schul- Schilling. 22. flirnam, die umb des besten willen underwegen blibent. 2d.
/Users/programming/PycharmProjects/Find_Bibliography_NEw/data/azk_library/Chroniken/pdf/Tschudi, Chronicum Helveticum.pdf;236;work;Schilling (Diebold Schilling, Berner/Luzerner Chronik);\bschilling\b;von Oestrich. Und die alse hotteten an eine hcrrschaft von Oest- Schilling. 6. von allerlei Worten wegen, die einer dem andern verweiss. 33
/Users/programming/PycharmProjects/Find_Bibliography_NEw/data/azk_library/Chroniken/pdf/Tschudi, Chronicum Helveticum.pdf;237;work;Schilling (Diebold Schilling, Berner/Luzerner Chronik);\bschilling\b;das die von Friburg ir alt burgrecht zu denen von Bern schwurend, Schilling. 1. denselben etlichen wurden darumb ir höupter abgeschlagen von
/Users/programming/PycharmProjects/Find_Bibliography_NEw/data/azk_library/Chroniken/pdf/Tschudi, Chronicum Helveticum.pdf;239;work;Schilling (Diebold Schilling, Berner/Luzerner Chronik);\bschilling\b;der krieg verrichtet, und zugend wider herheim in einem manot. a Schilling. 8. gen Bern mit vil lüten. 9. gros zucht und ere mit mqrglichen
/Users/programming/PycharmProjects/Find_Bibliography_NEw/data/azk_library/Chroniken/pdf/Tschudi, Chronicum Helveticum.pdf;240;work;Schilling (Diebold Schilling, Berner/Luzerner Chronik);\bschilling\b;sen mit etzlichen in der statt uneinhälig wurdent und luffend die Schilling. 15. 16. me dann 40 man. 17. me dann 3000 guldin. 18. dann die b
/Users/programming/PycharmProjects/Find_Bibliography_NEw/data/azk_library/Chroniken/pdf/Tschudi, Chronicum Helveticum.pdf;241;work;Schilling (Diebold Schilling, Berner/Luzerner Chronik);\bschilling\b;ab, so was der stoss als vil als umb drissig guldin zu tun da der Schilling. 3. gestillet, das sich die Eidgnossen mussten lassen trucken, d
/Users/programming/PycharmProjects/Find_Bibliography_NEw/data/azk_library/Chroniken/pdf/Tschudi, Chronicum Helveticum.pdf;242;work;Schilling (Diebold Schilling, Berner/Luzerner Chronik);\bschilling\b;essen und trinken, denne si waren hungrig und müd. Also mocht das Schilling. 1. beseheehen, des im der abt nit anred sin, noch wandel darumb
/Users/programming/PycharmProjects/Find_Bibliography_NEw/data/azk_library/Chroniken/pdf/Tschudi, Chronicum Helveticum.pdf;243;work;Schilling (Diebold Schilling, Berner/Luzerner Chronik);\bschilling\b;chzig jar, do zugen die Eidgenossen über den herzog von Oestrich, Schilling. 22. an einem fritag vor mitv. (14. Man). 1 Digitized by Google
/Users/programming/PycharmProjects/Find_Bibliography_NEw/data/azk_library/Chroniken/pdf/Tschudi, Chronicum Helveticum.pdf;244;work;Schilling (Diebold Schilling, Berner/Luzerner Chronik);\bschilling\b;rnkam. 71 In dem jar, do man zalt tusend vierhundert dry und i4S3 Schilling. 8. m. irem zug u. vil erlicher lüten. 14. die frömden mit ir ha
/Users/programming/PycharmProjects/Find_Bibliography_NEw/data/azk_library/Chroniken/pdf/Tschudi, Chronicum Helveticum.pdf;246;work;Tschachtlan (Benedikt Tschachtlan);\btschachtlan\b;von Justinger’s und Tsehachtlan’s Chroniken und ebenso was unter Tschachtlan’s Namen von Stierlin und Wyß 1820 im Bruck erschienen ist. Die
/Users/programming/PycharmProjects/Find_Bibliography_NEw/data/azk_library/Chroniken/pdf/Tschudi, Chronicum Helveticum.pdf;246;work;Schilling (Diebold Schilling, Berner/Luzerner Chronik);\bschilling\b;6 an einem montag zu nacht umb die achte oder umb die nüne ^an'29 Schilling. 10. und hat man ir merglichen und grossen costeu, darzu was ied
/Users/programming/PycharmProjects/Find_Bibliography_NEw/data/azk_library/Chroniken/pdf/Tschudi, Chronicum Helveticum.pdf;246;work;Schilling (Diebold Schilling, Berner/Luzerner Chronik);\bschilling\b;"t. Die folgenden Kapitel (1466 — 1470) sind also noch ungedruckt; Schilling hat sie im dritten Bande seiner Stadtchronik in seine eigene For"
/Users/programming/PycharmProjects/Find_Bibliography_NEw/data/azk_library/Chroniken/pdf/Tschudi, Chronicum Helveticum.pdf;246;work;Justinger (Konrad Justinger);\bjustinger\b;el endigt der zweite Band der Schilling1 sehen Ueberarheitung von Justinger’s und Tsehachtlan’s Chroniken und ebenso was unter Tschachtlan’s
/Users/programming/PycharmProjects/Find_Bibliography_NEw/data/azk_library/Chroniken/pdf/Tschudi, Chronicum Helveticum.pdf;246;generic;Chronik/Chroniken;\bchronik(?:en)?\b;Schilling1 sehen Ueberarheitung von Justinger’s und Tsehachtlan’s Chroniken und ebenso was unter Tschachtlan’s Namen von Stierlin und Wyß 18
/Users/programming/PycharmProjects/Find_Bibliography_NEw/data/azk_library/Chroniken/pdf/Tschudi, Chronicum Helveticum.pdf;246;generic;Stadtchronik (generisch);\bstadt\s*chronik\b;"also noch ungedruckt; Schilling hat sie im dritten Bande seiner Stadtchronik in seine eigene Fortsetzung jener beiden Vorgänger, welche die"
/Users/programming/PycharmProjects/Find_Bibliography_NEw/data/azk_library/Chroniken/pdf/Tschudi, Chronicum Helveticum.pdf;248;work;Schilling (Diebold Schilling, Berner/Luzerner Chronik);\bschilling\b;. Und nach langen dingen so beleih so der zug dazemal underwegen. Schilling. 7. bestimmet, und wart da so vil gearbeit, das. 9. werden solte
/Users/programming/PycharmProjects/Find_Bibliography_NEw/data/azk_library/Chroniken/pdf/Tschudi, Chronicum Helveticum.pdf;249;work;Schilling (Diebold Schilling, Berner/Luzerner Chronik);\bschilling\b;si ütz guts da möchten schaffen. Also von grosser bitt wegen, so Schilling. 5. mit hochem schal und mutwillen vor ir statt. 8. und über das
/Users/programming/PycharmProjects/Find_Bibliography_NEw/data/azk_library/Chroniken/pdf/Tschudi, Chronicum Helveticum.pdf;250;work;Schilling (Diebold Schilling, Berner/Luzerner Chronik);\bschilling\b;geschriben und geordnet von minen herren von Bern hundert knecht, Schilling. 6. wol innen wurdent mit teglichcm anreizen. 10. Kapitel 37 ist
/Users/programming/PycharmProjects/Find_Bibliography_NEw/data/azk_library/Chroniken/pdf/Tschudi, Chronicum Helveticum.pdf;250;work;Schilling (Diebold Schilling, Berner/Luzerner Chronik);\bschilling\b;"wol innen wurdent mit teglichcm anreizen. 10. Kapitel 37 ist von Schilling ausgelassen. 28. hundert knecht ; und was der hundert mannen von"
/Users/programming/PycharmProjects/Find_Bibliography_NEw/data/azk_library/Chroniken/pdf/Tschudi, Chronicum Helveticum.pdf;250;series;QSG (Quellen zur Schweizer Geschichte);quellen\s+zur\s+schweizer\s+geschichte;iclaus zer Kinden, der sich gar wol und erlich hielt. Quellen zur Schweizer Geschichte. L 15 Digitized by Google
/Users/programming/PycharmProjects/Find_Bibliography_NEw/data/azk_library/Chroniken/pdf/Tschudi, Chronicum Helveticum.pdf;251;work;Schilling (Diebold Schilling, Berner/Luzerner Chronik);\bschilling\b;f gesechen möchtend, do scliussen etzlich gesellen vorus hinab 25 Schilling. 9. und kamen am 3. tag gen Mülhusen u. wurden von menglichem ga
/Users/programming/PycharmProjects/Find_Bibliography_NEw/data/azk_library/Chroniken/pdf/Tschudi, Chronicum Helveticum.pdf;252;work;Schilling (Diebold Schilling, Berner/Luzerner Chronik);\bschilling\b;tter hernach gerant untz schier uf die nachhut, das si ir nie ge- Schilling. 1. und wurden doch von den houptlüten gestillet. 17. Da das die
/Users/programming/PycharmProjects/Find_Bibliography_NEw/data/azk_library/Chroniken/pdf/Tschudi, Chronicum Helveticum.pdf;253;work;Schilling (Diebold Schilling, Berner/Luzerner Chronik);\bschilling\b;fand» ouch über viertzig vass win in dem dorf und in dem vorhol' Schilling. 6. und kamen also mit dem roube ungesch. wider heim und teilten
/Users/programming/PycharmProjects/Find_Bibliography_NEw/data/azk_library/Chroniken/pdf/Tschudi, Chronicum Helveticum.pdf;254;work;Schilling (Diebold Schilling, Berner/Luzerner Chronik);\bschilling\b;t hat, und darnach kürzlich, ward das dorf Dudenheim verbrant von Schilling. 14. Vor disen dingen und e die 200 man hinabkament, warent by 3
/Users/programming/PycharmProjects/Find_Bibliography_NEw/data/azk_library/Chroniken/pdf/Tschudi, Chronicum Helveticum.pdf;255;work;Schilling (Diebold Schilling, Berner/Luzerner Chronik);\bschilling\b;"vigenden ward ein ritter erschossen; den zugen die unseren us. In Schilling. 2. Denn si alles ir veche tag und nacht in der statt musten han"
/Users/programming/PycharmProjects/Find_Bibliography_NEw/data/azk_library/Chroniken/pdf/Tschudi, Chronicum Helveticum.pdf;256;work;Schilling (Diebold Schilling, Berner/Luzerner Chronik);\bschilling\b;chen, do warend si gar nach harzu, das man si musst angriffen mit Schilling. 1. das die Eidgenossen angriffen und von den vienden ganz umbge
/Users/programming/PycharmProjects/Find_Bibliography_NEw/data/azk_library/Chroniken/pdf/Tschudi, Chronicum Helveticum.pdf;257;work;Schilling (Diebold Schilling, Berner/Luzerner Chronik);\bschilling\b;as lüt » ouch wol darbi belibend. Und als ir nun gehört hand, wie Schilling. 7. die warten sich gar manlich gegen den vienden und hielten in
/Users/programming/PycharmProjects/Find_Bibliography_NEw/data/azk_library/Chroniken/pdf/Tschudi, Chronicum Helveticum.pdf;260;work;Schilling (Diebold Schilling, Berner/Luzerner Chronik);\bschilling\b;mit beiden panern zugend bald harnach uud namend ouch ein strich Schilling. S. 234,26. Und waren houptlüt von Bern, herr Adrian von Bubenbe
/Users/programming/PycharmProjects/Find_Bibliography_NEw/data/azk_library/Chroniken/pdf/Tschudi, Chronicum Helveticum.pdf;261;work;Fründ (Hans Fründ);\bfr[üu]nd\b;Underwalden, Zug und Glaris kamend ouch schnell, teteud als getrüw fründ und namend ouch ein strich für sich ze brönnen durch das land, all
/Users/programming/PycharmProjects/Find_Bibliography_NEw/data/azk_library/Chroniken/pdf/Tschudi, Chronicum Helveticum.pdf;262;work;Schilling (Diebold Schilling, Berner/Luzerner Chronik);\bschilling\b;ss uf und liess man si abziechen mit ir hab, und nam man das gut, Schilling. 7. Und als man dennocht in der hölzernen statt was, da kament d
/Users/programming/PycharmProjects/Find_Bibliography_NEw/data/azk_library/Chroniken/pdf/Tschudi, Chronicum Helveticum.pdf;262;work;Schilling (Diebold Schilling, Berner/Luzerner Chronik);\bschilling\b;das schön sloss geplünderet und ganz verbrönt. [Zuiatzcapitel in Schilling. \ 48.a Das die anderen Eidgenossen onch miteinander zugen und w
/Users/programming/PycharmProjects/Find_Bibliography_NEw/data/azk_library/Chroniken/pdf/Tschudi, Chronicum Helveticum.pdf;264;work;Schilling (Diebold Schilling, Berner/Luzerner Chronik);\bschilling\b;ab, und verbranntend das schloss Pfaffstatt und was darinnen was. Schilling. 1. Darnach brachen die von Bern mit iren eidgenossen und mitbur
/Users/programming/PycharmProjects/Find_Bibliography_NEw/data/azk_library/Chroniken/pdf/Tschudi, Chronicum Helveticum.pdf;266;work;Schilling (Diebold Schilling, Berner/Luzerner Chronik);\bschilling\b;g. Das »geschrei kam ze stund zu unseren herren in das läger. Die Schilling. 15. die hatten ir hüten uf dem berg, der Stoufen genant, gar mi
/Users/programming/PycharmProjects/Find_Bibliography_NEw/data/azk_library/Chroniken/pdf/Tschudi, Chronicum Helveticum.pdf;266;series;QSG (Quellen zur Schweizer Geschichte);quellen\s+zur\s+schweizer\s+geschichte;n, so hette man inen die recht statt ouch angewunnen. Quellen zur Schweizer Geschichte. 1. 16
/Users/programming/PycharmProjects/Find_Bibliography_NEw/data/azk_library/Chroniken/pdf/Tschudi, Chronicum Helveticum.pdf;267;work;Schilling (Diebold Schilling, Berner/Luzerner Chronik);\bschilling\b;"ner von Murbach, ein wisse paner mit einem swartzen wind ; wand * Schilling. 5. Da man darkam, do hat man kein büchsen, noch anderen züg dar"
/Users/programming/PycharmProjects/Find_Bibliography_NEw/data/azk_library/Chroniken/pdf/Tschudi, Chronicum Helveticum.pdf;268;work;Schilling (Diebold Schilling, Berner/Luzerner Chronik);\bschilling\b;"t hinus körnen; kämend wir hinus uf die wite, und besunders möch- Schilling. 1. die schankt man denen von Friburg von sunder lieb wegen; die"
/Users/programming/PycharmProjects/Find_Bibliography_NEw/data/azk_library/Chroniken/pdf/Tschudi, Chronicum Helveticum.pdf;269;work;Schilling (Diebold Schilling, Berner/Luzerner Chronik);\bschilling\b;end » sich gegen inen ritterlich, und tatend inen so wehe, das si Schilling. 3. Und also dankten die von Bern und Sollotern den Eidgenossen
/Users/programming/PycharmProjects/Find_Bibliography_NEw/data/azk_library/Chroniken/pdf/Tschudi, Chronicum Helveticum.pdf;270;work;Fründ (Hans Fründ);\bfr[üu]nd\b;"ezüget, in irem land uf der wite, und bi inen einer mil wegs nienen fründ noch hilf hattend, so redlichen überwunden hatten; und danketen Go"
/Users/programming/PycharmProjects/Find_Bibliography_NEw/data/azk_library/Chroniken/pdf/Tschudi, Chronicum Helveticum.pdf;270;work;Schilling (Diebold Schilling, Berner/Luzerner Chronik);\bschilling\b;disen Sachen furrer ze tunde wäre. NB. An die t Kapitel schliesst Schilling das Lied: „Wol uf mit richem schalle“ an, s.LüiencronI,550f. mod
/Users/programming/PycharmProjects/Find_Bibliography_NEw/data/azk_library/Chroniken/pdf/Tschudi, Chronicum Helveticum.pdf;271;work;Schilling (Diebold Schilling, Berner/Luzerner Chronik);\bschilling\b;"uch darfiir ze ziechen mit ir paner, und besunder mit dem grossen Schilling. 10. mit inen; dann si hatten vernomen, das ein grosser treffenl"
/Users/programming/PycharmProjects/Find_Bibliography_NEw/data/azk_library/Chroniken/pdf/Tschudi, Chronicum Helveticum.pdf;273;work;Fründ (Hans Fründ);\bfr[üu]nd\b;"rkrieg. H68 1468 Juliilö warend die von Fryburg und ander ir lieben fründ aber bi inen, ouch flirten si mit inen die zwo grossen blichsen; d"
/Users/programming/PycharmProjects/Find_Bibliography_NEw/data/azk_library/Chroniken/pdf/Tschudi, Chronicum Helveticum.pdf;273;work;Schilling (Diebold Schilling, Berner/Luzerner Chronik);\bschilling\b;ungeschaffet abziechen must, oder aber des grössern kumber liden. Schilling. 8. ein stark letze, die si den Eidgenossen zu gegenwere gemacht
/Users/programming/PycharmProjects/Find_Bibliography_NEw/data/azk_library/Chroniken/pdf/Tschudi, Chronicum Helveticum.pdf;275;work;Schilling (Diebold Schilling, Berner/Luzerner Chronik);\bschilling\b;ch ward inen der von Bondorf vänli und ein grosser roub vichs, 15 Schilling. 2. und schickten noch 2000 werlicher mannen mit einem venlin da
/Users/programming/PycharmProjects/Find_Bibliography_NEw/data/azk_library/Chroniken/pdf/Tschudi, Chronicum Helveticum.pdf;276;work;Schilling (Diebold Schilling, Berner/Luzerner Chronik);\bschilling\b;Rins geschlüge, do hat man ein hut über Rin geordnet uf die nacht Schilling. 2. gen Waltzhut und teilten das alles undereinander. 4. da luff
/Users/programming/PycharmProjects/Find_Bibliography_NEw/data/azk_library/Chroniken/pdf/Tschudi, Chronicum Helveticum.pdf;276;work;Schilling (Diebold Schilling, Berner/Luzerner Chronik);\bschilling\b;wurden der ritern etlich von inen ouch erstochen. 11. \Zmatz von Schilling |. Das etlich von Bern von denen von Waltzhut erstochen wurdent.
/Users/programming/PycharmProjects/Find_Bibliography_NEw/data/azk_library/Chroniken/pdf/Tschudi, Chronicum Helveticum.pdf;278;work;Fründ (Hans Fründ);\bfr[üu]nd\b;"st ge- s tan, als es nacht und vinster was, und niemands wüsst, wer fründ oder vind was; denn die unseren hieltend sich vast zesamen und tät"
/Users/programming/PycharmProjects/Find_Bibliography_NEw/data/azk_library/Chroniken/pdf/Tschudi, Chronicum Helveticum.pdf;278;work;Schilling (Diebold Schilling, Berner/Luzerner Chronik);\bschilling\b;en. 27. hette man vertruckt und fiirgezogen. 27. [Zwei Zutälu von Schilling.] Das die statt Waltzhut nützit destminder an allen orten genöti
/Users/programming/PycharmProjects/Find_Bibliography_NEw/data/azk_library/Chroniken/pdf/Tschudi, Chronicum Helveticum.pdf;286;work;Schilling (Diebold Schilling, Berner/Luzerner Chronik);\bschilling\b;sewen und verbrant die statt in grund was in der ringln uren was. Schilling 1. Wann unser lieben frowen oappel und ouoh das beinhus gebuwen
/Users/programming/PycharmProjects/Find_Bibliography_NEw/data/azk_library/Chroniken/pdf/Tschudi, Chronicum Helveticum.pdf;287;work;Schilling (Diebold Schilling, Berner/Luzerner Chronik);\bschilling\b;frevenheit, unehr und bosheit, so mit im fürgenomen und begangen Schilling, i. Wann das heilig sacrament leider us dem münster zu Bern vers
/Users/programming/PycharmProjects/Find_Bibliography_NEw/data/azk_library/Chroniken/pdf/Tschudi, Chronicum Helveticum.pdf;288;work;Schilling (Diebold Schilling, Berner/Luzerner Chronik);\bschilling\b;i# hinflir dester gnädiger, barmherziger und hilflicher in allen Schilling. 9. Das etlioh Ordnungen und Satzungen von des vorgenanten gross
/Users/programming/PycharmProjects/Find_Bibliography_NEw/data/azk_library/Chroniken/pdf/Tschudi, Chronicum Helveticum.pdf;293;work;Schilling (Diebold Schilling, Berner/Luzerner Chronik);\bschilling\b;Sachen gar hert und vil herter denn si aber an inen selbs warend. Schilling. 18. Das min herr von Basel, der m arggraf von Böteln, und ander
/Users/programming/PycharmProjects/Find_Bibliography_NEw/data/azk_library/Chroniken/pdf/Tschudi, Chronicum Helveticum.pdf;299;work;Schilling (Diebold Schilling, Berner/Luzerner Chronik);\bschilling\b;erlichen friheit wol gewalt und macht, ein Ordnung und Satzung in Schilling. 13. am dornstag. 16. lieben fehlt. 17. nempt. 18. 19. für mich
/Users/programming/PycharmProjects/Find_Bibliography_NEw/data/azk_library/Chroniken/pdf/Tschudi, Chronicum Helveticum.pdf;300;work;Schilling (Diebold Schilling, Berner/Luzerner Chronik);\bschilling\b;t unrecht getan, noch also mit mutwillen, als er angezogen wurde, Schilling. 1. und semlich Ordnung unablessig ze haltende gesworen. 9. 10.
/Users/programming/PycharmProjects/Find_Bibliography_NEw/data/azk_library/Chroniken/pdf/Tschudi, Chronicum Helveticum.pdf;301;work;Schilling (Diebold Schilling, Berner/Luzerner Chronik);\bschilling\b;ungen ze sitzen und die ze enderen. Das were aber nach sin ein so Schilling. 4.5. begabet were 5. das man. 6. noch damit. 7. denselben k. fr
/Users/programming/PycharmProjects/Find_Bibliography_NEw/data/azk_library/Chroniken/pdf/Tschudi, Chronicum Helveticum.pdf;302;work;Schilling (Diebold Schilling, Berner/Luzerner Chronik);\bschilling\b;ft und ouch, das er fürbringen wolt, das es vorhin ouch gebrochen Schilling. 1. dann mann. zw. den edlen. 3. darzu kun. u. keis. 8. gesatzte
/Users/programming/PycharmProjects/Find_Bibliography_NEw/data/azk_library/Chroniken/pdf/Tschudi, Chronicum Helveticum.pdf;303;work;Schilling (Diebold Schilling, Berner/Luzerner Chronik);\bschilling\b;nen herren von Bern nit getan, noch, das er trüwete, so hart, als Schilling. 1. gan lassen (falsch ). befalch das ouch. 5. und darzu die o.
/Users/programming/PycharmProjects/Find_Bibliography_NEw/data/azk_library/Chroniken/pdf/Tschudi, Chronicum Helveticum.pdf;304;work;Schilling (Diebold Schilling, Berner/Luzerner Chronik);\bschilling\b;ouch daruf den edlen frouwen ein vorteil und billikeit geben, mit Schilling. 6. gehalten ist. 8. als ouch vor. 14. das er das. 15. u. me dan
/Users/programming/PycharmProjects/Find_Bibliography_NEw/data/azk_library/Chroniken/pdf/Tschudi, Chronicum Helveticum.pdf;305;work;Schilling (Diebold Schilling, Berner/Luzerner Chronik);\bschilling\b;Und von den bürgeren: Hans Schütz Hans Schöni Dietrich Hübschi so Schilling. 2. ouch alle die so das gebr. nach lut der s. 5. ouch selber. 7
/Users/programming/PycharmProjects/Find_Bibliography_NEw/data/azk_library/Chroniken/pdf/Tschudi, Chronicum Helveticum.pdf;306;work;Schilling (Diebold Schilling, Berner/Luzerner Chronik);\bschilling\b;281 Hans Sterrer Rüdi Closs Rudolf Dietrich Cuno Biderbo 5 Peter Schilling Peter Subinger der alt Jost Kässli Hans Hubler Ruf Glücki 10 Han
/Users/programming/PycharmProjects/Find_Bibliography_NEw/data/azk_library/Chroniken/pdf/Tschudi, Chronicum Helveticum.pdf;306;work;Schilling (Diebold Schilling, Berner/Luzerner Chronik);\bschilling\b;n dem vorgenantten gerichtschriber in namen miner gnedigen herren Schilling. 19. Der fünf rittern urkunde, als die ouch mit recht fürgenomme
/Users/programming/PycharmProjects/Find_Bibliography_NEw/data/azk_library/Chroniken/pdf/Tschudi, Chronicum Helveticum.pdf;312;work;Schilling (Diebold Schilling, Berner/Luzerner Chronik);\bschilling\b;"g ; Uber das alles hetten die genanten min frouwen semlich swentz Schilling. 20. ritters u. herren zu Spiez. 22. zu sunderm lobe u. eren. 24"
/Users/programming/PycharmProjects/Find_Bibliography_NEw/data/azk_library/Chroniken/pdf/Tschudi, Chronicum Helveticum.pdf;313;work;Schilling (Diebold Schilling, Berner/Luzerner Chronik);\bschilling\b;orden, das si daran kein benügen könden oder möchten haben. Ge-*> Schilling. 1. frevenlich u. mit e. willen. 4. an zit u. an pfennigen fehlt
/Users/programming/PycharmProjects/Find_Bibliography_NEw/data/azk_library/Chroniken/pdf/Tschudi, Chronicum Helveticum.pdf;314;work;Schilling (Diebold Schilling, Berner/Luzerner Chronik);\bschilling\b;vor : was si in semlichem fürgenomen, darzu hettend si recht, und Schilling. 3. noch nieman anders vermocht. 6. 7. das si darzu vermeinten r
/Users/programming/PycharmProjects/Find_Bibliography_NEw/data/azk_library/Chroniken/pdf/Tschudi, Chronicum Helveticum.pdf;315;work;Schilling (Diebold Schilling, Berner/Luzerner Chronik);\bschilling\b;"ten » min frouwen von Bubenberg ein urkunt; das ward inen erkennt Schilling. 1. u. wer inen. 3. als ouch vor. 4. verwegen. 5. das aber zem r"
/Users/programming/PycharmProjects/Find_Bibliography_NEw/data/azk_library/Chroniken/pdf/Tschudi, Chronicum Helveticum.pdf;318;work;Fründ (Hans Fründ);\bfr[üu]nd\b;s, und besorgeten unser lieben eidgenossen und ander wo unser guten fründ, das noch gross kummer us solichen Sachen vast vorchten, das si si
/Users/programming/PycharmProjects/Find_Bibliography_NEw/data/azk_library/Chroniken/pdf/Tschudi, Chronicum Helveticum.pdf;322;generic;Chronik/Chroniken;\bchronik(?:en)?\b;lgt , steht im Original auf einem beiondern Blatte, das der ganzen Chronik vorangeklebt ist.) — In dem jar als man zalt von der gebürt Chris
/Users/programming/PycharmProjects/Find_Bibliography_NEw/data/azk_library/Chroniken/pdf/Tschudi, Chronicum Helveticum.pdf;323;work;Tschachtlan (Benedikt Tschachtlan);\btschachtlan\b;298 Twingherrenstrait WO und gemalet durch den fromen Bendicht Tschachtlan, fenner und des rats zu Bern, ouch durch Heinrich Titlinger, schr
/Users/programming/PycharmProjects/Find_Bibliography_NEw/data/azk_library/Chroniken/pdf/Tschudi, Chronicum Helveticum.pdf;326;generic;Chronik/Chroniken;\bchronik(?:en)?\b;nie aber de Gruyeria. Johannes Gruyere hat eine kleine lateinische Chronik geschrieben. In dieser Chronik erzählt er den Krieg, den die Savo
/Users/programming/PycharmProjects/Find_Bibliography_NEw/data/azk_library/Chroniken/pdf/Tschudi, Chronicum Helveticum.pdf;326;generic;Chronik/Chroniken;\bchronik(?:en)?\b;Gruyere hat eine kleine lateinische Chronik geschrieben. In dieser Chronik erzählt er den Krieg, den die Savoyer und die Berner gegen Freibu
/Users/programming/PycharmProjects/Find_Bibliography_NEw/data/azk_library/Chroniken/pdf/Tschudi, Chronicum Helveticum.pdf;327;generic;Chronik/Chroniken;\bchronik(?:en)?\b;Savoyen stellen mußten, so sehen wir daraus, daß diese lateinische Chronik in dem Zeiträume zwischen 1448 und 1452 geschrieben worden ist, a
/Users/programming/PycharmProjects/Find_Bibliography_NEw/data/azk_library/Chroniken/pdf/Tschudi, Chronicum Helveticum.pdf;327;generic;Chronik/Chroniken;\bchronik(?:en)?\b;den ist, also gleich nach den Ereignissen. Dieser Umstand gibt der Chronik einen sehr großen historischen Werth, da wir daraus sehen, daß si
/Users/programming/PycharmProjects/Find_Bibliography_NEw/data/azk_library/Chroniken/pdf/Tschudi, Chronicum Helveticum.pdf;327;generic;Chronik/Chroniken;\bchronik(?:en)?\b;och alle in frischem Angedenken waren. Johannes Gruyere fing seine Chronik auf der Seite 43 eines seiner Notar-Register an, aber der betreff
/Users/programming/PycharmProjects/Find_Bibliography_NEw/data/azk_library/Chroniken/pdf/Tschudi, Chronicum Helveticum.pdf;327;generic;Chronik/Chroniken;\bchronik(?:en)?\b;bliotheken. Die älteste Abschrift, die wir von dieser lateinischen Chronik haben, stammt erst aus dem Anfänge des XVIII. Jahrhunderts und rü
/Users/programming/PycharmProjects/Find_Bibliography_NEw/data/azk_library/Chroniken/pdf/Tschudi, Chronicum Helveticum.pdf;327;generic;Chronik/Chroniken;\bchronik(?:en)?\b;r Gady, der ein großer Freund und ein fleißiger Sammler der alten Chroniken war. Diese Abschrift befindet sich heute in dem bischöflichen Ar
/Users/programming/PycharmProjects/Find_Bibliography_NEw/data/azk_library/Chroniken/pdf/Tschudi, Chronicum Helveticum.pdf;327;generic;Chronik/Chroniken;\bchronik(?:en)?\b;von Freiburg. Wir besitzen auch eine deutsche Uebersetzung dieser Chronik. Es ist behauptet worden, daß diese Uebersetzung von Wilhelm Tech
/Users/programming/PycharmProjects/Find_Bibliography_NEw/data/azk_library/Chroniken/pdf/Tschudi, Chronicum Helveticum.pdf;327;generic;Chronik/Chroniken;\bchronik(?:en)?\b;n, die im Bande gar nicht Vorkommen, oder besser gesagt, zu dieser Chronik gar nicht Digitized by Google
/Users/programming/PycharmProjects/Find_Bibliography_NEw/data/azk_library/Chroniken/pdf/Tschudi, Chronicum Helveticum.pdf;328;generic;Chronik/Chroniken;\bchronik(?:en)?\b;mögen auf sein Original gepaßt haben. Der lateinische Text dieser Chronik wurde zum ersten Mal in den Archives de la Sociötd d’Histoire du
/Users/programming/PycharmProjects/Find_Bibliography_NEw/data/azk_library/Chroniken/pdf/Tschudi, Chronicum Helveticum.pdf;348;work;Tschachtlan (Benedikt Tschachtlan);\btschachtlan\b;rg 17a Torman, Simon 281. • Torry (Torrei) 313. Trachselwald 78. Tschachtlan, Bend. 33. 56. 61. 156. Timgen 246. Tnrewächter, Jakob 312. Tur
/Users/programming/PycharmProjects/Find_Bibliography_NEw/data/azk_library/Chroniken/pdf/Tschudi, Chronicum Helveticum.pdf;348;work;Schilling (Diebold Schilling, Berner/Luzerner Chronik);\bschilling\b;Wilb. 291. Schiedsgerichte, wie beschaffen in früherer Zeit 149. Schilling, Pet. 281. v. Schinen, Wem. 247. Schmiedenzunft 131. Schönenberg
/Users/programming/PycharmProjects/Find_Bibliography_NEw/data/azk_library/Chroniken/pdf/Tschudi, Chronicum Helveticum.pdf;352;work;Tschudi (Aegidius Tschudi, Chronicon Helveticum);\btschudi\b;ölte) 38, 26. dallome, dallenme, nutmehr 61, 10. 137, 13 (auch bei Tschudi 11, 139). dannethin, ferner, weiter 1®, 1L darbieten, zur Wahl Vo
/Users/programming/PycharmProjects/Find_Bibliography_NEw/data/azk_library/Chroniken/pdf/Tschudi, Chronicum Helveticum.pdf;361;work;Justinger (Konrad Justinger);\bjustinger\b;"einen wären züchen, sich auf einen Gewährsmann berufen, ib.; vgl. Justinger 187). w a r ne n , ermahnen 172, 14. w a t m a n n , Kaufmann mi"
/Users/programming/PycharmProjects/Find_Bibliography_NEw/data/azk_library/Chroniken/pdf/Tschudi, Chronicum Helveticum.pdf;362;series;QSG (Quellen zur Schweizer Geschichte);quellen\s+zur\s+schweizer\s+geschichte;n Schreibfehler. Seite 32, Zeile 35 l. beschuhen sye. Quellen zur Schweizer Geschichte. I. 23 Digitized by Google
/Users/programming/PycharmProjects/Find_Bibliography_NEw/data/azk_library/Chroniken/pdf/Tschudi, Chronicum Helveticum.pdf;363;work;Justinger (Konrad Justinger);\bjustinger\b;le 10. St. den Kistler. „ 40, „ 17. sindt sy gezwungen. Vgl. dazu Justinger S. 115. „ 40, „ 35. „vermeinet“ ist vielleicht ein Bart. Perf. „
/Users/programming/PycharmProjects/Find_Bibliography_NEw/data/azk_library/Chroniken/pdf/Tschudi, Chronicum Helveticum.pdf;366;work;Schilling (Diebold Schilling, Berner/Luzerner Chronik);\bschilling\b;Gebein) hieß sie wohl, weil sie über dem Beinhaus erbaut war. S. Schilling. So vergäbet die Frau Anna Mutter im Jahr 1515 den 29. September
/Users/programming/PycharmProjects/Find_Bibliography_NEw/data/azk_library/Chroniken/pdf/Tschudi, Chronicum Helveticum.pdf;368;series;QSG (Quellen zur Schweizer Geschichte);quellen\s+zur\s+schweizer\s+geschichte;Anhang, Programm für die Herausgabe der Quellen zur Schweizer Geschichte.*) L 1. Die „Quellen zur Schweizer Geschichte“ enthalten sowohl erz
/Users/programming/PycharmProjects/Find_Bibliography_NEw/data/azk_library/Chroniken/pdf/Tschudi, Chronicum Helveticum.pdf;368;series;QSG (Quellen zur Schweizer Geschichte);quellen\s+zur\s+schweizer\s+geschichte;abe der Quellen zur Schweizer Geschichte.*) L 1. Die „Quellen zur Schweizer Geschichte“ enthalten sowohl erzählendes und beschreibendes als
/Users/programming/PycharmProjects/Find_Bibliography_NEw/data/azk_library/Chroniken/pdf/Tschudi, Chronicum Helveticum.pdf;368;generic;Chronik/Chroniken;\bchronik(?:en)?\b;l erzählendes und beschreibendes als auch urkundliches Material : Chroniken, Denkwürdigkeiten, Briefe, Urkunden, Regesten. 2. Bei der Zusamm
/Users/programming/PycharmProjects/Find_Bibliography_NEw/data/azk_library/Chroniken/pdf/Tschudi, Chronicum Helveticum.pdf;368;generic;Chronik/Chroniken;\bchronik(?:en)?\b;halte etwaniger Beilagen, vgl. §. 9) ein Band ausschließlich fiir Chroniken zu bestimmen, ein anderer für Urkunden, ein dritter für Denkwürd
/Users/programming/PycharmProjects/Find_Bibliography_NEw/data/azk_library/Chroniken/pdf/Tschudi, Chronicum Helveticum.pdf;368;generic;Chronik/Chroniken;\bchronik(?:en)?\b;d falls der jeweilen herauszugebende Band nicht durch eine einzige Chronik, eine einzige Urkundensammlung u. s. w. gefüllt wird, sind solche
/Users/programming/PycharmProjects/Find_Bibliography_NEw/data/azk_library/Chroniken/pdf/Tschudi, Chronicum Helveticum.pdf;369;series;Basler Chroniken (Reihe);\bbasler\s+chroniken\b;im Wesentlichen das Verfahren, welches bei der Herausgabe der Basler Chroniken (veranstaltet durch die historische Gesellschaft zu Basel) ei
/Users/programming/PycharmProjects/Find_Bibliography_NEw/data/azk_library/Chroniken/pdf/Tschudi, Chronicum Helveticum.pdf;369;generic;Chronik/Chroniken;\bchronik(?:en)?\b;Wesentlichen das Verfahren, welches bei der Herausgabe der Basler Chroniken (veranstaltet durch die historische Gesellschaft zu Basel) einge
/Users/programming/PycharmProjects/Find_Bibliography_NEw/data/azk_library/Chroniken/pdf/Tschudi, Chronicum Helveticum.pdf;369;generic;Chronik/Chroniken;\bchronik(?:en)?\b;ft zu Basel) eingeschlagen worden ist, maaßgebend sein. A. 4. Jede Chronik oder Materialiensammlung der vorher bezeichnetcn Art ist mit eine
/Users/programming/PycharmProjects/Find_Bibliography_NEw/data/azk_library/Chroniken/pdf/Tschudi, Chronicum Helveticum.pdf;371;series;Basler Chroniken (Reihe);\bbasler\s+chroniken\b;der Reichstagsacten S. LXXVII ff. und das im ersten Bande der Basler Chroniken S. XII ff. und S. 436 ff. Bemerkte bieten. Wenn es an letzter
/Users/programming/PycharmProjects/Find_Bibliography_NEw/data/azk_library/Chroniken/pdf/Tschudi, Chronicum Helveticum.pdf;371;series;Basler Chroniken (Reihe);\bbasler\s+chroniken\b;rundsätzen, die Weizsäcker a. a. 0. LXXIII darlegt (vgl. auch Basler Chroniken XII). Der Herausgeber, der solche Vereinfachungen für geboten
/Users/programming/PycharmProjects/Find_Bibliography_NEw/data/azk_library/Chroniken/pdf/Tschudi, Chronicum Helveticum.pdf;371;generic;Chronik/Chroniken;\bchronik(?:en)?\b;Reichstagsacten S. LXXVII ff. und das im ersten Bande der Basler Chroniken S. XII ff. und S. 436 ff. Bemerkte bieten. Wenn es an letzterer
/Users/programming/PycharmProjects/Find_Bibliography_NEw/data/azk_library/Chroniken/pdf/Tschudi, Chronicum Helveticum.pdf;371;generic;Chronik/Chroniken;\bchronik(?:en)?\b;dsätzen, die Weizsäcker a. a. 0. LXXIII darlegt (vgl. auch Basler Chroniken XII). Der Herausgeber, der solche Vereinfachungen für geboten er
/Users/programming/PycharmProjects/Find_Bibliography_NEw/data/azk_library/Chroniken/pdf/Tschudi, Chronicum Helveticum.pdf;372;generic;Chronik/Chroniken;\bchronik(?:en)?\b;0) 1. — Hanhart, Erzählungen aus der Schweizergeschichte nach den Chroniken. 4 Bde. in 13 Helten mit 4 Lithogr. Basel 1847. (Ursprünglicher
/Users/programming/PycharmProjects/Find_Bibliography_NEw/data/azk_library/Chroniken/pdf/Tschudi, Chronicum Helveticum.pdf;372;generic;Chronik/Chroniken;\bchronik(?:en)?\b;t Basel 1053. Basel 1854. (Ladenpreis 4. 30) 1.50 Kaplan Kiiebei’s Chronik ans den Zeiten des Burgunderkrieges 1473 — 1479. 2 Tlile. 1855. (
/Users/programming/PycharmProjects/Find_Bibliography_NEw/data/azk_library/Chroniken/pdf/Tschudi, Chronicum Helveticum.pdf;372;generic;Tagebuch;\btagebuch\b;r Wallis. 3 Bande. Sitten 1850—1853. (Ladenpr. In. — ) 0. (iasl’s Tagebuch in Auszügen behandelt von Tryphius. Deutsch und erläutert von Kux
/Users/programming/PycharmProjects/Find_Bibliography_NEw/data/azk_library/Chroniken/pdf/Tschudi, Chronicum Helveticum.pdf;373;generic;Chronik/Chroniken;\bchronik(?:en)?\b;TIHKIMi fRICRARTS TNVlNdHEHHENSTHKir BEM DICHT TSGH.AOHTUNS BKRNEK CHRONIK BEBST DBS ZDS2ETZEN DES DIEBOLD SOHlLLINü . HKHAD80F.6KBKN PROF.
